solid OpenSCAD_Model
  facet normal 0 0 -1
    outer loop
      vertex 34.13080121669438 -34.13080121669438 0
      vertex 34.294678887547555 -33.57340816865155 0
      vertex 34.30913814382321 -33.55836965048599 0
    endloop
  endfacet
  facet normal 0 0 -1
    outer loop
      vertex 34.13080121669438 -34.13080121669438 0
      vertex 34.30913814382321 -33.55836965048599 0
      vertex 35.24836673606764 -33.30278471534311 0
    endloop
  endfacet
  facet normal 0 0 -1
    outer loop
      vertex 35.24836673606764 -33.30278471534311 0
      vertex 35.61464170763075 -32.1692553747333 0
      vertex 35.62975446986786 -32.152248413268985 0
    endloop
  endfacet
  facet normal 0 0 -1
    outer loop
      vertex 34.13080121669438 -34.13080121669438 0
      vertex 35.24836673606764 -33.30278471534311 0
      vertex 42.42640686780214 -42.42640686780214 0
    endloop
  endfacet
  facet normal 0 0 -1
    outer loop
      vertex 35.24836673606764 -33.30278471534311 0
      vertex 35.62975446986786 -32.152248413268985 0
      vertex 42.42640686780214 -42.42640686780214 0
    endloop
  endfacet
  facet normal 0 0 -1
    outer loop
      vertex 35.62975446986786 -32.152248413268985 0
      vertex 36.441450087563055 -31.99139749761412 0
      vertex 42.42640686780214 -42.42640686780214 0
    endloop
  endfacet
  facet normal 0 0 -1
    outer loop
      vertex 36.441450087563055 -31.99139749761412 0
      vertex 36.52865271492871 -31.893265091378478 0
      vertex 42.42640686780214 -42.42640686780214 0
    endloop
  endfacet
  facet normal 0 0 -1
    outer loop
      vertex 36.52865271492871 -31.893265091378478 0
      vertex 36.895543070683765 -30.690909807902443 0
      vertex 42.42640686780214 -42.42640686780214 0
    endloop
  endfacet
  facet normal 0 0 -1
    outer loop
      vertex 36.52865271492871 -31.893265091378478 0
      vertex 36.8796893316015 -30.710227644867935 0
      vertex 36.895543070683765 -30.690909807902443 0
    endloop
  endfacet
  facet normal 0 0 -1
    outer loop
      vertex 37.75261415895294 -30.434568364312902 0
      vertex 38.08787114771613 -29.197792605257913 0
      vertex 38.10456934472173 -29.17573364364743 0
    endloop
  endfacet
  facet normal 0 0 -1
    outer loop
      vertex 36.895543070683765 -30.690909807902443 0
      vertex 37.6693314218415 -30.53604867310381 0
      vertex 42.42640686780214 -42.42640686780214 0
    endloop
  endfacet
  facet normal 0 0 -1
    outer loop
      vertex 37.6693314218415 -30.53604867310381 0
      vertex 37.75261415895294 -30.434568364312902 0
      vertex 42.42640686780214 -42.42640686780214 0
    endloop
  endfacet
  facet normal 0 0 -1
    outer loop
      vertex 37.75261415895294 -30.434568364312902 0
      vertex 38.10456934472173 -29.17573364364743 0
      vertex 42.42640686780214 -42.42640686780214 0
    endloop
  endfacet
  facet normal 0 0 -1
    outer loop
      vertex 38.10456934472173 -29.17573364364743 0
      vertex 38.83912937739507 -29.033615474836534 0
      vertex 42.42640686780214 -42.42640686780214 0
    endloop
  endfacet
  facet normal 0 0 -1
    outer loop
      vertex 42.42640686780214 -42.42640686780214 0
      vertex 38.83912937739507 -29.033615474836534 0
      vertex 39.254990677538885 -27.607955437574656 0
    endloop
  endfacet
  facet normal 0 0 -1
    outer loop
      vertex 42.42640686780214 -42.42640686780214 0
      vertex 39.254990677538885 -27.607955437574656 0
      vertex 39.86367313260523 -27.60889924103589 0
    endloop
  endfacet
  facet normal 0 0 -1
    outer loop
      vertex 42.42640686780214 -42.42640686780214 0
      vertex 39.86367313260523 -27.60889924103589 0
      vertex 39.949040210564945 -27.486414545905493 0
    endloop
  endfacet
  facet normal 0 0 -1
    outer loop
      vertex 42.42640686780214 -42.42640686780214 0
      vertex 39.949040210564945 -27.486414545905493 0
      vertex 40.91685998282209 -26.022573317621696 0
    endloop
  endfacet
  facet normal 0 0 -1
    outer loop
      vertex 38.83912937739507 -29.033615474836534 0
      vertex 39.23732422718495 -27.633303262958343 0
      vertex 39.254990677538885 -27.607955437574656 0
    endloop
  endfacet
  facet normal 0 0 -1
    outer loop
      vertex 42.42640686780214 -42.42640686780214 0
      vertex 40.91685998282209 -26.022573317621696 0
      vertex 41.81872295901844 -24.546662507930495 0
    endloop
  endfacet
  facet normal 0 0 -1
    outer loop
      vertex 42.42640686780214 -42.42640686780214 0
      vertex 41.81872295901844 -24.546662507930495 0
      vertex 41.906956000658596 -24.396122472305482 0
    endloop
  endfacet
  facet normal 0 0 -1
    outer loop
      vertex 39.949040210564945 -27.486414545905493 0
      vertex 40.32627619667345 -26.01792928196918 0
      vertex 40.345060849115704 -25.98858475693001 0
    endloop
  endfacet
  facet normal 0 0 -1
    outer loop
      vertex 39.949040210564945 -27.486414545905493 0
      vertex 40.345060849115704 -25.98858475693001 0
      vertex 40.91685998282209 -26.022573317621696 0
    endloop
  endfacet
  facet normal 0 0 -1
    outer loop
      vertex 40.91685998282209 -26.022573317621696 0
      vertex 41.353047971173474 -24.352559147226565 0
      vertex 41.81872295901844 -24.546662507930495 0
    endloop
  endfacet
  facet normal 0 0 -1
    outer loop
      vertex 41.353047971173474 -24.352559147226565 0
      vertex 41.37313501018491 -24.31828736522549 0
      vertex 41.81872295901844 -24.546662507930495 0
    endloop
  endfacet
  facet normal 0 0 -1
    outer loop
      vertex 42.42640686780214 -42.42640686780214 0
      vertex 41.906956000658596 -24.396122472305482 0
      vertex 42.75017968671918 -22.88594256207508 0
    endloop
  endfacet
  facet normal 0 0 -1
    outer loop
      vertex 42.42640686780214 -42.42640686780214 0
      vertex 42.75017968671918 -22.88594256207508 0
      vertex 43.523943594870495 -21.379147664962975 0
    endloop
  endfacet
  facet normal 0 0 -1
    outer loop
      vertex 42.42640686780214 -42.42640686780214 0
      vertex 43.523943594870495 -21.379147664962975 0
      vertex 43.615718735937826 -21.189934151595164 0
    endloop
  endfacet
  facet normal 0 0 -1
    outer loop
      vertex 42.42640686780214 -42.42640686780214 0
      vertex 43.615718735937826 -21.189934151595164 0
      vertex 44.3297296101104 -19.653923110266334 0
    endloop
  endfacet
  facet normal 0 0 -1
    outer loop
      vertex 42.42640686780214 -42.42640686780214 0
      vertex 44.3297296101104 -19.653923110266334 0
      vertex 44.971421405826604 -18.14300996962787 0
    endloop
  endfacet
  facet normal 0 0 -1
    outer loop
      vertex 41.906956000658596 -24.396122472305482 0
      vertex 42.31605634303066 -22.637656982331407 0
      vertex 42.75017968671918 -22.88594256207508 0
    endloop
  endfacet
  facet normal 0 0 -1
    outer loop
      vertex 42.31605634303066 -22.637656982331407 0
      vertex 42.33767563670618 -22.59721012870867 0
      vertex 42.75017968671918 -22.88594256207508 0
    endloop
  endfacet
  facet normal 0 0 -1
    outer loop
      vertex 42.75017968671918 -22.88594256207508 0
      vertex 43.213816423135846 -20.87304648962114 0
      vertex 43.523943594870495 -21.379147664962975 0
    endloop
  endfacet
  facet normal 0 0 -1
    outer loop
      vertex 42.42640686780214 -42.42640686780214 0
      vertex 44.971421405826604 -18.14300996962787 0
      vertex 45.06716239537441 -17.898393630678434 0
    endloop
  endfacet
  facet normal 0 0 -1
    outer loop
      vertex 42.42640686780214 -42.42640686780214 0
      vertex 45.06716239537441 -17.898393630678434 0
      vertex 45.649041298442064 -16.3634526476409 0
    endloop
  endfacet
  facet normal 0 0 -1
    outer loop
      vertex 42.42640686780214 -42.42640686780214 0
      vertex 45.649041298442064 -16.3634526476409 0
      vertex 46.15678119629126 -14.886646825298953 0
    endloop
  endfacet
  facet normal 0 0 -1
    outer loop
      vertex 42.42640686780214 -42.42640686780214 0
      vertex 46.15678119629126 -14.886646825298953 0
      vertex 46.25627367808385 -14.55866406771796 0
    endloop
  endfacet
  facet normal 0 0 -1
    outer loop
      vertex 42.42640686780214 -42.42640686780214 0
      vertex 46.25627367808385 -14.55866406771796 0
      vertex 46.705643002375595 -13.063063034301498 0
    endloop
  endfacet
  facet normal 0 0 -1
    outer loop
      vertex 42.42640686780214 -42.42640686780214 0
      vertex 46.705643002375595 -13.063063034301498 0
      vertex 47.08105512984792 -11.624407384487688 0
    endloop
  endfacet
  facet normal 0 0 -1
    outer loop
      vertex 42.42640686780214 -42.42640686780214 0
      vertex 47.08105512984792 -11.624407384487688 0
      vertex 47.3816109568494 -10.311786254130004 0
    endloop
  endfacet
  facet normal 0 0 -1
    outer loop
      vertex 43.523943594870495 -21.379147664962975 0
      vertex 43.213816423135846 -20.87304648962114 0
      vertex 43.237260172461966 -20.82471233153736 0
    endloop
  endfacet
  facet normal 0 0 -1
    outer loop
      vertex 43.615718735937826 -21.189934151595164 0
      vertex 44.04494393051644 -19.057573500494364 0
      vertex 44.3297296101104 -19.653923110266334 0
    endloop
  endfacet
  facet normal 0 0 -1
    outer loop
      vertex 44.3297296101104 -19.653923110266334 0
      vertex 44.04494393051644 -19.057573500494364 0
      vertex 44.07059164115577 -18.99893796203645 0
    endloop
  endfacet
  facet normal 0 0 -1
    outer loop
      vertex 44.3297296101104 -19.653923110266334 0
      vertex 44.80815732679741 -17.188557766624463 0
      vertex 44.971421405826604 -18.14300996962787 0
    endloop
  endfacet
  facet normal 0 0 -1
    outer loop
      vertex 44.80815732679741 -17.188557766624463 0
      vertex 44.836514651982824 -17.11610536037696 0
      vertex 44.971421405826604 -18.14300996962787 0
    endloop
  endfacet
  facet normal 0 0 -1
    outer loop
      vertex 45.06716239537441 -17.898393630678434 0
      vertex 45.50227979224048 -15.260860504644599 0
      vertex 45.649041298442064 -16.3634526476409 0
    endloop
  endfacet
  facet normal 0 0 -1
    outer loop
      vertex 45.649041298442064 -16.3634526476409 0
      vertex 45.50227979224048 -15.260860504644599 0
      vertex 45.534041650385596 -15.169267002291809 0
    endloop
  endfacet
  facet normal 0 0 -1
    outer loop
      vertex 42.42640686780214 -42.42640686780214 0
      vertex 47.93113759046443 -7.382808010328089 0
      vertex 49.88817673913757 -33.33421397963764 0
    endloop
  endfacet
  facet normal 0.8422137766047554 -0.5391437234144113 0
    outer loop
      vertex 49.88817673930299 -33.33421397937923 0
      vertex 49.88817673930299 -33.33421397937923 16
      vertex 49.88817673913757 -33.33421397963764 0
    endloop
  endfacet
  facet normal 0 0 -1
    outer loop
      vertex 42.42640686780214 -42.42640686780214 0
      vertex 47.3816109568494 -10.311786254130004 0
      vertex 47.604336738171206 -9.258883763834588 0
    endloop
  endfacet
  facet normal 0 0 -1
    outer loop
      vertex 42.42640686780214 -42.42640686780214 0
      vertex 47.604336738171206 -9.258883763834588 0
      vertex 47.749226441528535 -8.447528293281524 0
    endloop
  endfacet
  facet normal 0 0 -1
    outer loop
      vertex 42.42640686780214 -42.42640686780214 0
      vertex 47.749226441528535 -8.447528293281524 0
      vertex 47.93113759046443 -7.382808010328089 0
    endloop
  endfacet
  facet normal 0 0 -1
    outer loop
      vertex 45.649041298442064 -16.3634526476409 0
      vertex 46.126241040314945 -13.265209147018957 0
      vertex 46.15678119629126 -14.886646825298953 0
    endloop
  endfacet
  facet normal 0 0 -1
    outer loop
      vertex 46.15678119629126 -14.886646825298953 0
      vertex 46.126241040314945 -13.265209147018957 0
      vertex 46.16239981453097 -13.146009643051977 0
    endloop
  endfacet
  facet normal 0 0 -1
    outer loop
      vertex 46.25627367808385 -14.55866406771796 0
      vertex 46.679078968001896 -11.515476343965975 0
      vertex 46.705643002375595 -13.063063034301498 0
    endloop
  endfacet
  facet normal 0 0 -1
    outer loop
      vertex 49.88817673913757 -33.33421397963764 0
      vertex 47.93113759046443 -7.382808010328089 0
      vertex 48.09507473628747 -6.197578209723179 0
    endloop
  endfacet
  facet normal 0 0 -1
    outer loop
      vertex 49.88817673913757 -33.33421397963764 0
      vertex 48.09507473628747 -6.197578209723179 0
      vertex 48.438322226093526 -2.498087322243011 0
    endloop
  endfacet
  facet normal 0 0 -1
    outer loop
      vertex 49.88817673913757 -33.33421397963764 0
      vertex 48.438322226093526 -2.498087322243011 0
      vertex 48.53374585228582 -2.361173490333309 0
    endloop
  endfacet
  facet normal 0 0 -1
    outer loop
      vertex 49.88817673913757 -33.33421397963764 0
      vertex 48.53374585228582 -2.361173490333309 0
      vertex 48.62372069850489 -2.2206189000427825 0
    endloop
  endfacet
  facet normal 0 0 -1
    outer loop
      vertex 49.88817673913757 -33.33421397963764 0
      vertex 48.62372069850489 -2.2206189000427825 0
      vertex 48.708108030059385 -2.0766402763620584 0
    endloop
  endfacet
  facet normal 0 0 -1
    outer loop
      vertex 49.88817673913757 -33.33421397963764 0
      vertex 48.708108030059385 -2.0766402763620584 0
      vertex 48.78677772780056 -1.929459623893074 0
    endloop
  endfacet
  facet normal 0 0 -1
    outer loop
      vertex 49.88817673913757 -33.33421397963764 0
      vertex 48.78677772780056 -1.929459623893074 0
      vertex 48.85960848875659 -1.7793038845340694 0
    endloop
  endfacet
  facet normal 0 0 -1
    outer loop
      vertex 49.88817673913757 -33.33421397963764 0
      vertex 48.85960848875659 -1.7793038845340694 0
      vertex 48.92648801317297 -1.6264045875516315 0
    endloop
  endfacet
  facet normal 0 0 -1
    outer loop
      vertex 49.88817673913757 -33.33421397963764 0
      vertex 48.92648801317297 -1.6264045875516315 0
      vertex 48.98731317767056 -1.470997492579345 0
    endloop
  endfacet
  facet normal 0 0 -1
    outer loop
      vertex 49.88817673913757 -33.33421397963764 0
      vertex 48.98731317767056 -1.470997492579345 0
      vertex 49.0419901942544 -1.3133222260935264 0
    endloop
  endfacet
  facet normal 0 0 -1
    outer loop
      vertex 49.88817673913757 -33.33421397963764 0
      vertex 49.0419901942544 -1.3133222260935264 0
      vertex 49.090434754928 -1.1536219119265656 0
    endloop
  endfacet
  facet normal 0 0 -1
    outer loop
      vertex 49.88817673913757 -33.33421397963764 0
      vertex 49.090434754928 -1.1536219119265656 0
      vertex 49.13257216169013 -0.992142796387598 0
    endloop
  endfacet
  facet normal 0 0 -1
    outer loop
      vertex 49.88817673913757 -33.33421397963764 0
      vertex 49.13257216169013 -0.992142796387598 0
      vertex 49.16833744171373 -0.8291338685685451 0
    endloop
  endfacet
  facet normal 0 0 -1
    outer loop
      vertex 49.88817673913757 -33.33421397963764 0
      vertex 49.16833744171373 -0.8291338685685451 0
      vertex 49.197675447529335 -0.6648464764209812 0
    endloop
  endfacet
  facet normal 0 0 -1
    outer loop
      vertex 49.88817673913757 -33.33421397963764 0
      vertex 49.197675447529335 -0.6648464764209812 0
      vertex 49.220540942058435 -0.49953393919581 0
    endloop
  endfacet
  facet normal 0 0 -1
    outer loop
      vertex 49.88817673913757 -33.33421397963764 0
      vertex 49.220540942058435 -0.49953393919581 0
      vertex 49.2368986683658 -0.33345115684334103 0
    endloop
  endfacet
  facet normal 0 0 -1
    outer loop
      vertex 49.88817673913757 -33.33421397963764 0
      vertex 49.2368986683658 -0.33345115684334103 0
      vertex 49.24672340402307 -0.16685421697604158 0
    endloop
  endfacet
  facet normal 0 0 -1
    outer loop
      vertex 49.88817673913757 -33.33421397963764 0
      vertex 49.24672340402307 -0.16685421697604158 0
      vertex 49.25 0 0
    endloop
  endfacet
  facet normal 0 0 -1
    outer loop
      vertex 49.88817673930299 -33.33421397937923 0
      vertex 49.88817673913757 -33.33421397963764 0
      vertex 55.43277195096016 22.961005941033363 0
    endloop
  endfacet
  facet normal 0 0 -1
    outer loop
      vertex 47.08105512984792 -11.624407384487688 0
      vertex 47.15994113928731 -8.903763701107337 0
      vertex 47.3816109568494 -10.311786254130004 0
    endloop
  endfacet
  facet normal 0 0 -1
    outer loop
      vertex 47.3816109568494 -10.311786254130004 0
      vertex 47.15994113928731 -8.903763701107337 0
      vertex 47.21329869718245 -8.604971271483771 0
    endloop
  endfacet
  facet normal 0 0 -1
    outer loop
      vertex 47.3816109568494 -10.311786254130004 0
      vertex 47.56808609955667 -6.358988238886724 0
      vertex 47.604336738171206 -9.258883763834588 0
    endloop
  endfacet
  facet normal 0 0 -1
    outer loop
      vertex 47.749226441528535 -8.447528293281524 0
      vertex 47.902884518864184 -6.091054469904565 0
      vertex 47.93113759046443 -7.382808010328089 0
    endloop
  endfacet
  facet normal 0 0 -1
    outer loop
      vertex 47.604336738171206 -9.258883763834588 0
      vertex 47.56808609955667 -6.358988238886724 0
      vertex 47.63910146322571 -5.845562651910923 0
    endloop
  endfacet
  facet normal 0 0 -1
    outer loop
      vertex 48.09507473628747 -6.197578209723179 0
      vertex 48.04545942503105 -2.9633355084686177 0
      vertex 48.12087066510166 -2.8849031685150024 0
    endloop
  endfacet
  facet normal 0 0 -1
    outer loop
      vertex 48.09507473628747 -6.197578209723179 0
      vertex 48.12087066510166 -2.8849031685150024 0
      vertex 48.23172535380013 -2.7601542054032806 0
    endloop
  endfacet
  facet normal 0 0 -1
    outer loop
      vertex 48.09507473628747 -6.197578209723179 0
      vertex 48.23172535380013 -2.7601542054032806 0
      vertex 48.33759695624317 -2.6311492845667943 0
    endloop
  endfacet
  facet normal 0 0 -1
    outer loop
      vertex 48.09507473628747 -6.197578209723179 0
      vertex 48.33759695624317 -2.6311492845667943 0
      vertex 48.438322226093526 -2.498087322243011 0
    endloop
  endfacet
  facet normal 0 0 -1
    outer loop
      vertex 49.88817673930299 -33.33421397937923 0
      vertex 58.8471168205142 11.705419324338436 0
      vertex 55.43277195096016 -22.961005941033363 0
    endloop
  endfacet
  facet normal 0 0 -1
    outer loop
      vertex 55.43277195096016 -22.961005941033363 0
      vertex 60 0 0
      vertex 58.8471168205142 -11.705419324338436 0
    endloop
  endfacet
  facet normal 0 0 -1
    outer loop
      vertex 55.43277195096016 -22.961005941033363 0
      vertex 58.8471168205142 11.705419324338436 0
      vertex 60 0 0
    endloop
  endfacet
  facet normal 0 0 1
    outer loop
      vertex 33.941125496954285 -33.941125496954285 16
      vertex 42.42640686780214 -42.42640686780214 16
      vertex 35.24748045291291 -32.582435785581204 16
    endloop
  endfacet
  facet normal 0 0 1
    outer loop
      vertex 35.24748045291291 -32.582435785581204 16
      vertex 42.42640686780214 -42.42640686780214 16
      vertex 36.49948634880148 -31.173506319848816 16
    endloop
  endfacet
  facet normal 0 0 1
    outer loop
      vertex 36.49948634880148 -31.173506319848816 16
      vertex 42.42640686780214 -42.42640686780214 16
      vertex 37.69521268227576 -29.71650956687203 16
    endloop
  endfacet
  facet normal 0 0 1
    outer loop
      vertex 37.69521268227576 -29.71650956687203 16
      vertex 42.42640686780214 -42.42640686780214 16
      vertex 38.83281572999748 -28.21369211003871 16
    endloop
  endfacet
  facet normal 0 0 1
    outer loop
      vertex 42.42640686780214 -42.42640686780214 16
      vertex 39.91054139052217 -26.667371184940905 16
      vertex 38.83281572999748 -28.21369211003871 16
    endloop
  endfacet
  facet normal 0 0 1
    outer loop
      vertex 42.42640686780214 -42.42640686780214 16
      vertex 49.88817673913757 -33.33421397963764 16
      vertex 39.91054139052217 -26.667371184940905 16
    endloop
  endfacet
  facet normal 0 0 1
    outer loop
      vertex 39.91054139052217 -26.667371184940905 16
      vertex 49.88817673913757 -33.33421397963764 16
      vertex 40.92672788899643 -25.079931106365542 16
    endloop
  endfacet
  facet normal 0 0 1
    outer loop
      vertex 40.92672788899643 -25.079931106365542 16
      vertex 49.88817673913757 -33.33421397963764 16
      vertex 41.87980833949426 -23.453819591853836 16
    endloop
  endfacet
  facet normal 0 0 1
    outer loop
      vertex 41.87980833949426 -23.453819591853836 16
      vertex 49.88817673913757 -33.33421397963764 16
      vertex 42.76831316104166 -21.791543987498248 16
    endloop
  endfacet
  facet normal 0 0 1
    outer loop
      vertex 42.76831316104166 -21.791543987498248 16
      vertex 49.88817673913757 -33.33421397963764 16
      vertex 43.5908723436039 -20.095667401796547 16
    endloop
  endfacet
  facet normal 0.8422137766047554 -0.5391437234144113 0
    outer loop
      vertex 49.88817673913757 -33.33421397963764 0
      vertex 49.88817673930299 -33.33421397937923 16
      vertex 49.88817673913757 -33.33421397963764 16
    endloop
  endfacet
  facet normal 0 0 1
    outer loop
      vertex 43.5908723436039 -20.095667401796547 16
      vertex 49.88817673913757 -33.33421397963764 16
      vertex 44.34621756054176 -18.36880475352431 16
    endloop
  endfacet
  facet normal 0 0 1
    outer loop
      vertex 44.34621756054176 -18.36880475352431 16
      vertex 49.88817673913757 -33.33421397963764 16
      vertex 45.03318412427924 -16.613618739719662 16
    endloop
  endfacet
  facet normal 0 0 1
    outer loop
      vertex 45.03318412427924 -16.613618739719662 16
      vertex 49.88817673913757 -33.33421397963764 16
      vertex 45.65071278216737 -14.832815729997474 16
    endloop
  endfacet
  facet normal 0 0 1
    outer loop
      vertex 49.88817673930299 -33.33421397937923 16
      vertex 49.25 0 16
      vertex 49.88817673913757 -33.33421397963764 16
    endloop
  endfacet
  facet normal 0 0 1
    outer loop
      vertex 45.65071278216737 -14.832815729997474 16
      vertex 49.88817673913757 -33.33421397963764 16
      vertex 46.19785134977507 -13.029141593523565 16
    endloop
  endfacet
  facet normal 0 0 1
    outer loop
      vertex 49.88817673913757 -33.33421397963764 16
      vertex 46.67375617908847 -11.205377465083458 16
      vertex 46.19785134977507 -13.029141593523565 16
    endloop
  endfacet
  facet normal 0 0 1
    outer loop
      vertex 49.88817673913757 -33.33421397963764 16
      vertex 47.07769345935506 -9.364335456774157 16
      vertex 46.67375617908847 -11.205377465083458 16
    endloop
  endfacet
  facet normal 0 0 1
    outer loop
      vertex 49.88817673913757 -33.33421397963764 16
      vertex 47.40904034856661 -7.508854321931082 16
      vertex 47.07769345935506 -9.364335456774157 16
    endloop
  endfacet
  facet normal 0 0 1
    outer loop
      vertex 49.88817673913757 -33.33421397963764 16
      vertex 47.66728593383646 -5.641795077976207 16
      vertex 47.40904034856661 -7.508854321931082 16
    endloop
  endfacet
  facet normal 0 0 1
    outer loop
      vertex 49.88817673913757 -33.33421397963764 16
      vertex 47.85203201919014 -3.7660365949365575 16
      vertex 47.66728593383646 -5.641795077976207 16
    endloop
  endfacet
  facet normal 0 0 1
    outer loop
      vertex 49.88817673913757 -33.33421397963764 16
      vertex 47.89039059023367 -3.1155946109020833 16
      vertex 47.85203201919014 -3.7660365949365575 16
    endloop
  endfacet
  facet normal 0 0 1
    outer loop
      vertex 49.88817673913757 -33.33421397963764 16
      vertex 48.00520382004283 -3.0052038200428273 16
      vertex 47.89039059023367 -3.1155946109020833 16
    endloop
  endfacet
  facet normal 0 0 1
    outer loop
      vertex 49.88817673913757 -33.33421397963764 16
      vertex 48.12087066510166 -2.8849031685150024 16
      vertex 48.00520382004283 -3.0052038200428273 16
    endloop
  endfacet
  facet normal 0 0 1
    outer loop
      vertex 49.88817673913757 -33.33421397963764 16
      vertex 48.23172535380013 -2.7601542054032806 16
      vertex 48.12087066510166 -2.8849031685150024 16
    endloop
  endfacet
  facet normal 0 0 1
    outer loop
      vertex 49.88817673913757 -33.33421397963764 16
      vertex 48.33759695624317 -2.6311492845667943 16
      vertex 48.23172535380013 -2.7601542054032806 16
    endloop
  endfacet
  facet normal 0 0 1
    outer loop
      vertex 49.88817673913757 -33.33421397963764 16
      vertex 48.438322226093526 -2.498087322243011 16
      vertex 48.33759695624317 -2.6311492845667943 16
    endloop
  endfacet
  facet normal 0 0 1
    outer loop
      vertex 49.88817673913757 -33.33421397963764 16
      vertex 48.53374585228582 -2.361173490333309 16
      vertex 48.438322226093526 -2.498087322243011 16
    endloop
  endfacet
  facet normal 0 0 1
    outer loop
      vertex 49.88817673913757 -33.33421397963764 16
      vertex 48.62372069850489 -2.2206189000427825 16
      vertex 48.53374585228582 -2.361173490333309 16
    endloop
  endfacet
  facet normal 0 0 1
    outer loop
      vertex 49.88817673913757 -33.33421397963764 16
      vertex 48.708108030059385 -2.0766402763620584 16
      vertex 48.62372069850489 -2.2206189000427825 16
    endloop
  endfacet
  facet normal 0 0 1
    outer loop
      vertex 49.88817673913757 -33.33421397963764 16
      vertex 48.78677772780056 -1.929459623893074 16
      vertex 48.708108030059385 -2.0766402763620584 16
    endloop
  endfacet
  facet normal 0 0 1
    outer loop
      vertex 49.88817673913757 -33.33421397963764 16
      vertex 48.85960848875659 -1.7793038845340694 16
      vertex 48.78677772780056 -1.929459623893074 16
    endloop
  endfacet
  facet normal 0 0 1
    outer loop
      vertex 49.88817673913757 -33.33421397963764 16
      vertex 48.92648801317297 -1.6264045875516315 16
      vertex 48.85960848875659 -1.7793038845340694 16
    endloop
  endfacet
  facet normal 0 0 1
    outer loop
      vertex 49.88817673913757 -33.33421397963764 16
      vertex 48.98731317767056 -1.470997492579345 16
      vertex 48.92648801317297 -1.6264045875516315 16
    endloop
  endfacet
  facet normal 0 0 1
    outer loop
      vertex 49.88817673913757 -33.33421397963764 16
      vertex 49.0419901942544 -1.3133222260935264 16
      vertex 48.98731317767056 -1.470997492579345 16
    endloop
  endfacet
  facet normal 0 0 1
    outer loop
      vertex 49.88817673930299 -33.33421397937923 16
      vertex 55.43277195096016 -22.961005941033363 16
      vertex 49.25 0 16
    endloop
  endfacet
  facet normal 0 0 1
    outer loop
      vertex 49.88817673913757 -33.33421397963764 16
      vertex 49.090434754928 -1.1536219119265656 16
      vertex 49.0419901942544 -1.3133222260935264 16
    endloop
  endfacet
  facet normal 0 0 1
    outer loop
      vertex 49.88817673913757 -33.33421397963764 16
      vertex 49.13257216169013 -0.992142796387598 16
      vertex 49.090434754928 -1.1536219119265656 16
    endloop
  endfacet
  facet normal 0 0 1
    outer loop
      vertex 49.88817673913757 -33.33421397963764 16
      vertex 49.16833744171373 -0.8291338685685451 16
      vertex 49.13257216169013 -0.992142796387598 16
    endloop
  endfacet
  facet normal 0 0 1
    outer loop
      vertex 49.88817673913757 -33.33421397963764 16
      vertex 49.197675447529335 -0.6648464764209812 16
      vertex 49.16833744171373 -0.8291338685685451 16
    endloop
  endfacet
  facet normal 0 0 1
    outer loop
      vertex 49.88817673913757 -33.33421397963764 16
      vertex 49.220540942058435 -0.49953393919581 16
      vertex 49.197675447529335 -0.6648464764209812 16
    endloop
  endfacet
  facet normal 0 0 1
    outer loop
      vertex 49.88817673913757 -33.33421397963764 16
      vertex 49.2368986683658 -0.33345115684334103 16
      vertex 49.220540942058435 -0.49953393919581 16
    endloop
  endfacet
  facet normal 0 0 1
    outer loop
      vertex 49.88817673913757 -33.33421397963764 16
      vertex 49.24672340402307 -0.16685421697604158 16
      vertex 49.2368986683658 -0.33345115684334103 16
    endloop
  endfacet
  facet normal 0 0 1
    outer loop
      vertex 49.88817673913757 -33.33421397963764 16
      vertex 49.25 0 16
      vertex 49.24672340402307 -0.16685421697604158 16
    endloop
  endfacet
  facet normal 0 0 1
    outer loop
      vertex 55.43277195096016 -22.961005941033363 16
      vertex 58.8471168205142 -11.705419324338436 16
      vertex 49.25 0 16
    endloop
  endfacet
  facet normal 0 0 1
    outer loop
      vertex 58.8471168205142 -11.705419324338436 16
      vertex 60 0 16
      vertex 49.25 0 16
    endloop
  endfacet
  facet normal 0 0 -1
    outer loop
      vertex 45.50227979224048 15.260860504644599 0
      vertex 45.47392246705506 15.34263615892851 0
      vertex 45.735104882757845 16.115266125413484 0
    endloop
  endfacet
  facet normal 0 0 -1
    outer loop
      vertex 43.213816423135846 20.87304648962114 0
      vertex 43.19219712946032 20.917619153474362 0
      vertex 43.615718735937826 21.189934151595164 0
    endloop
  endfacet
  facet normal 0 0 -1
    outer loop
      vertex 44.78250961615807 17.25408716117804 0
      vertex 44.41400550819601 19.46125239853053 0
      vertex 45.06716239537441 17.898393630678434 0
    endloop
  endfacet
  facet normal 0 0 -1
    outer loop
      vertex 45.47392246705506 15.34263615892851 0
      vertex 45.14380910315191 17.702562804847084 0
      vertex 45.735104882757845 16.115266125413484 0
    endloop
  endfacet
  facet normal 0 0 -1
    outer loop
      vertex 44.80815732679741 17.188557766624463 0
      vertex 44.78250961615807 17.25408716117804 0
      vertex 45.06716239537441 17.898393630678434 0
    endloop
  endfacet
  facet normal 0 0 -1
    outer loop
      vertex 44.04494393051644 19.057573500494364 0
      vertex 44.02150018119032 19.11117036473461 0
      vertex 44.41400550819601 19.46125239853053 0
    endloop
  endfacet
  facet normal 0 0 -1
    outer loop
      vertex 43.69186854949091 21.03293549599938 0
      vertex 44.41400550819601 19.46125239853053 0
      vertex 44.02150018119032 19.11117036473461 0
    endloop
  endfacet
  facet normal 0 0 -1
    outer loop
      vertex 36.60727416358889 31.804789409259364 0
      vertex 36.8796893316015 30.710227644867935 0
      vertex 36.86457656936439 30.728642598935224 0
    endloop
  endfacet
  facet normal 0 0 -1
    outer loop
      vertex 38.07201740863386 29.218736005415483 0
      vertex 37.75261415895294 30.434568364312902 0
      vertex 38.08787114771613 29.197792605257913 0
    endloop
  endfacet
  facet normal 0 0 -1
    outer loop
      vertex 35.600182451355096 32.18552692128611 0
      vertex 35.33040110941935 33.217463908357594 0
      vertex 35.61464170763075 32.1692553747333 0
    endloop
  endfacet
  facet normal 0 0 -1
    outer loop
      vertex 34.12740870236855 34.12740870236855 0
      vertex 42.42640686780214 42.42640686780214 0
      vertex 34.28079844657187 33.58784468321213 0
    endloop
  endfacet
  facet normal 0 0 -1
    outer loop
      vertex 34.28079844657187 33.58784468321213 0
      vertex 42.42640686780214 42.42640686780214 0
      vertex 34.294678887547555 33.57340816865155 0
    endloop
  endfacet
  facet normal 0 0 -1
    outer loop
      vertex 34.294678887547555 33.57340816865155 0
      vertex 42.42640686780214 42.42640686780214 0
      vertex 35.24836673606764 33.30278471534311 0
    endloop
  endfacet
  facet normal 0 0 -1
    outer loop
      vertex 35.24836673606764 33.30278471534311 0
      vertex 42.42640686780214 42.42640686780214 0
      vertex 35.33040110941935 33.217463908357594 0
    endloop
  endfacet
  facet normal 0 0 -1
    outer loop
      vertex 35.61464170763075 32.1692553747333 0
      vertex 42.42640686780214 42.42640686780214 0
      vertex 36.52865271492871 31.893265091378478 0
    endloop
  endfacet
  facet normal 0 0 -1
    outer loop
      vertex 36.60727416358889 31.804789409259364 0
      vertex 36.52865271492871 31.893265091378478 0
      vertex 42.42640686780214 42.42640686780214 0
    endloop
  endfacet
  facet normal 0 0 -1
    outer loop
      vertex 35.61464170763075 32.1692553747333 0
      vertex 35.33040110941935 33.217463908357594 0
      vertex 42.42640686780214 42.42640686780214 0
    endloop
  endfacet
  facet normal 0 0 -1
    outer loop
      vertex 40.32627619667345 26.01792928196918 0
      vertex 40.30860974631951 26.045527002840412 0
      vertex 40.02410416153017 27.378712778795744 0
    endloop
  endfacet
  facet normal 0 0 -1
    outer loop
      vertex 40.99735251929434 25.89683155799972 0
      vertex 41.353047971173474 24.352559147226565 0
      vertex 41.33426331873122 24.384608844202827 0
    endloop
  endfacet
  facet normal 0 0 -1
    outer loop
      vertex 40.99735251929434 25.89683155799972 0
      vertex 41.906956000658596 24.396122472305482 0
      vertex 41.353047971173474 24.352559147226565 0
    endloop
  endfacet
  facet normal 0 0 -1
    outer loop
      vertex 39.23732422718495 27.633303262958343 0
      vertex 39.220626030179346 27.657261838305427 0
      vertex 38.91836380830812 28.92894373877108 0
    endloop
  endfacet
  facet normal 0 0 -1
    outer loop
      vertex 42.29596930401922 22.67523718910429 0
      vertex 42.832434529818855 22.7320545744032 0
      vertex 42.31605634303066 22.637656982331407 0
    endloop
  endfacet
  facet normal 0 0 -1
    outer loop
      vertex 41.982449881986355 24.267317532871324 0
      vertex 42.832434529818855 22.7320545744032 0
      vertex 42.29596930401922 22.67523718910429 0
    endloop
  endfacet
  facet normal 0 0 -1
    outer loop
      vertex 43.19219712946032 20.917619153474362 0
      vertex 42.832434529818855 22.7320545744032 0
      vertex 43.615718735937826 21.189934151595164 0
    endloop
  endfacet
  facet normal 0 0 -1
    outer loop
      vertex 43.615718735937826 21.189934151595164 0
      vertex 49.88817673913757 33.33421397963764 0
      vertex 43.69186854949091 21.03293549599938 0
    endloop
  endfacet
  facet normal 0 0 -1
    outer loop
      vertex 43.615718735937826 21.189934151595164 0
      vertex 42.832434529818855 22.7320545744032 0
      vertex 49.88817673913757 33.33421397963764 0
    endloop
  endfacet
  facet normal 0 0 -1
    outer loop
      vertex 40.32627619667345 26.01792928196918 0
      vertex 40.02410416153017 27.378712778795744 0
      vertex 49.88817673913757 33.33421397963764 0
    endloop
  endfacet
  facet normal 0 0 -1
    outer loop
      vertex 40.32627619667345 26.01792928196918 0
      vertex 49.88817673913757 33.33421397963764 0
      vertex 40.99735251929434 25.89683155799972 0
    endloop
  endfacet
  facet normal 0 0 -1
    outer loop
      vertex 39.949040210564945 27.486414545905493 0
      vertex 49.88817673913757 33.33421397963764 0
      vertex 40.02410416153017 27.378712778795744 0
    endloop
  endfacet
  facet normal 0 0 -1
    outer loop
      vertex 41.906956000658596 24.396122472305482 0
      vertex 49.88817673913757 33.33421397963764 0
      vertex 41.982449881986355 24.267317532871324 0
    endloop
  endfacet
  facet normal 0 0 -1
    outer loop
      vertex 40.99735251929434 25.89683155799972 0
      vertex 49.88817673913757 33.33421397963764 0
      vertex 41.906956000658596 24.396122472305482 0
    endloop
  endfacet
  facet normal 0 0 -1
    outer loop
      vertex 41.982449881986355 24.267317532871324 0
      vertex 49.88817673913757 33.33421397963764 0
      vertex 42.832434529818855 22.7320545744032 0
    endloop
  endfacet
  facet normal 0 0 -1
    outer loop
      vertex 38.08787114771613 29.197792605257913 0
      vertex 37.75261415895294 30.434568364312902 0
      vertex 42.42640686780214 42.42640686780214 0
    endloop
  endfacet
  facet normal 0 0 -1
    outer loop
      vertex 39.23732422718495 27.633303262958343 0
      vertex 38.91836380830812 28.92894373877108 0
      vertex 42.42640686780214 42.42640686780214 0
    endloop
  endfacet
  facet normal 0 0 -1
    outer loop
      vertex 38.08787114771613 29.197792605257913 0
      vertex 42.42640686780214 42.42640686780214 0
      vertex 38.83912937739507 29.033615474836534 0
    endloop
  endfacet
  facet normal 0 0 -1
    outer loop
      vertex 38.83912937739507 29.033615474836534 0
      vertex 42.42640686780214 42.42640686780214 0
      vertex 38.91836380830812 28.92894373877108 0
    endloop
  endfacet
  facet normal 0 0 -1
    outer loop
      vertex 36.60727416358889 31.804789409259364 0
      vertex 42.42640686780214 42.42640686780214 0
      vertex 36.8796893316015 30.710227644867935 0
    endloop
  endfacet
  facet normal 0 0 -1
    outer loop
      vertex 36.8796893316015 30.710227644867935 0
      vertex 42.42640686780214 42.42640686780214 0
      vertex 37.75261415895294 30.434568364312902 0
    endloop
  endfacet
  facet normal 0 0 -1
    outer loop
      vertex 39.23732422718495 27.633303262958343 0
      vertex 42.42640686780214 42.42640686780214 0
      vertex 39.949040210564945 27.486414545905493 0
    endloop
  endfacet
  facet normal 0 0 -1
    outer loop
      vertex 39.949040210564945 27.486414545905493 0
      vertex 42.42640686780214 42.42640686780214 0
      vertex 49.88817673913757 33.33421397963764 0
    endloop
  endfacet
  facet normal 0 0 -1
    outer loop
      vertex 47.83186915519515 3.9707535885798544 0
      vertex 47.93113759046443 7.382808010328089 0
      vertex 47.902884518864184 6.091054469904565 0
    endloop
  endfacet
  facet normal 0 0 -1
    outer loop
      vertex 47.83186915519515 3.9707535885798544 0
      vertex 47.74992028042954 8.443642924100919 0
      vertex 47.93113759046443 7.382808010328089 0
    endloop
  endfacet
  facet normal 0 0 -1
    outer loop
      vertex 47.51472854166153 6.744751742254582 0
      vertex 47.74992028042954 8.443642924100919 0
      vertex 47.56808609955667 6.358988238886724 0
    endloop
  endfacet
  facet normal 0 0 -1
    outer loop
      vertex 47.51472854166153 6.744751742254582 0
      vertex 47.50112943481763 9.767051837530776 0
      vertex 47.74992028042954 8.443642924100919 0
    endloop
  endfacet
  facet normal 0 0 -1
    outer loop
      vertex 49.88817673913757 -33.33421397963764 0
      vertex 49.25 0 0
      vertex 49.88817673913757 33.33421397963764 0
    endloop
  endfacet
  facet normal 0 0 -1
    outer loop
      vertex 49.88817673913757 -33.33421397963764 0
      vertex 49.88817673930299 33.33421397937923 0
      vertex 55.43277195096016 22.961005941033363 0
    endloop
  endfacet
  facet normal 0 0 -1
    outer loop
      vertex 46.64292019378587 11.323547234323085 0
      vertex 46.25627367808385 14.55866406771796 0
      vertex 46.705643002375595 13.063063034301498 0
    endloop
  endfacet
  facet normal 0 0 -1
    outer loop
      vertex 47.144834353162544 10.552816723720369 0
      vertex 47.08105512984792 11.624407384487688 0
      vertex 47.182488092242814 11.219336946934764 0
    endloop
  endfacet
  facet normal 0 0 -1
    outer loop
      vertex 46.64292019378587 11.323547234323085 0
      vertex 46.705643002375595 13.063063034301498 0
      vertex 46.679078968001896 11.515476343965975 0
    endloop
  endfacet
  facet normal 0 0 -1
    outer loop
      vertex 46.126241040314945 13.265209147018957 0
      vertex 46.09447918216983 13.369913961218371 0
      vertex 46.25627367808385 14.55866406771796 0
    endloop
  endfacet
  facet normal 0 0 -1
    outer loop
      vertex 45.735104882757845 16.115266125413484 0
      vertex 46.25627367808385 14.55866406771796 0
      vertex 46.09447918216983 13.369913961218371 0
    endloop
  endfacet
  facet normal 0 0 -1
    outer loop
      vertex 48.33759695624317 2.6311492845667943 0
      vertex 48.23172535380013 2.7601542054032806 0
      vertex 49.88817673913757 33.33421397963764 0
    endloop
  endfacet
  facet normal 0 0 -1
    outer loop
      vertex 48.06443435681619 2.9436004093113053 0
      vertex 49.88817673913757 33.33421397963764 0
      vertex 48.12087066510166 2.8849031685150024 0
    endloop
  endfacet
  facet normal 0 0 -1
    outer loop
      vertex 48.12087066510166 2.8849031685150024 0
      vertex 49.88817673913757 33.33421397963764 0
      vertex 48.23172535380013 2.7601542054032806 0
    endloop
  endfacet
  facet normal 0 0 -1
    outer loop
      vertex 48.62372069850489 2.2206189000427825 0
      vertex 49.88817673913757 33.33421397963764 0
      vertex 48.708108030059385 2.0766402763620584 0
    endloop
  endfacet
  facet normal 0 0 -1
    outer loop
      vertex 49.0419901942544 1.3133222260935264 0
      vertex 48.98731317767056 1.470997492579345 0
      vertex 49.88817673913757 33.33421397963764 0
    endloop
  endfacet
  facet normal 0 0 -1
    outer loop
      vertex 48.85960848875659 1.7793038845340694 0
      vertex 49.88817673913757 33.33421397963764 0
      vertex 48.92648801317297 1.6264045875516315 0
    endloop
  endfacet
  facet normal 0 0 -1
    outer loop
      vertex 48.92648801317297 1.6264045875516315 0
      vertex 49.88817673913757 33.33421397963764 0
      vertex 48.98731317767056 1.470997492579345 0
    endloop
  endfacet
  facet normal 0 0 -1
    outer loop
      vertex 48.85960848875659 1.7793038845340694 0
      vertex 48.78677772780056 1.929459623893074 0
      vertex 49.88817673913757 33.33421397963764 0
    endloop
  endfacet
  facet normal 0 0 -1
    outer loop
      vertex 48.78677772780056 1.929459623893074 0
      vertex 48.708108030059385 2.0766402763620584 0
      vertex 49.88817673913757 33.33421397963764 0
    endloop
  endfacet
  facet normal 0 0 -1
    outer loop
      vertex 48.53374585228582 2.361173490333309 0
      vertex 48.438322226093526 2.498087322243011 0
      vertex 49.88817673913757 33.33421397963764 0
    endloop
  endfacet
  facet normal 0 0 -1
    outer loop
      vertex 48.33759695624317 2.6311492845667943 0
      vertex 49.88817673913757 33.33421397963764 0
      vertex 48.438322226093526 2.498087322243011 0
    endloop
  endfacet
  facet normal 0 0 -1
    outer loop
      vertex 48.62372069850489 2.2206189000427825 0
      vertex 48.53374585228582 2.361173490333309 0
      vertex 49.88817673913757 33.33421397963764 0
    endloop
  endfacet
  facet normal 0 0 -1
    outer loop
      vertex 48.06443435681619 2.9436004093113053 0
      vertex 48.09507473628747 6.197578209723179 0
      vertex 49.88817673913757 33.33421397963764 0
    endloop
  endfacet
  facet normal 0 0 -1
    outer loop
      vertex 48.09507473628747 6.197578209723179 0
      vertex 47.93113759046443 7.382808010328089 0
      vertex 49.88817673913757 33.33421397963764 0
    endloop
  endfacet
  facet normal 0 0 -1
    outer loop
      vertex 47.50112943481763 9.767051837530776 0
      vertex 49.88817673913757 33.33421397963764 0
      vertex 47.74992028042954 8.443642924100919 0
    endloop
  endfacet
  facet normal 0 0 -1
    outer loop
      vertex 47.50112943481763 9.767051837530776 0
      vertex 47.182488092242814 11.219336946934764 0
      vertex 49.88817673913757 33.33421397963764 0
    endloop
  endfacet
  facet normal 0 0 -1
    outer loop
      vertex 47.93113759046443 7.382808010328089 0
      vertex 47.74992028042954 8.443642924100919 0
      vertex 49.88817673913757 33.33421397963764 0
    endloop
  endfacet
  facet normal 0 0 -1
    outer loop
      vertex 47.08105512984792 11.624407384487688 0
      vertex 46.705643002375595 13.063063034301498 0
      vertex 49.88817673913757 33.33421397963764 0
    endloop
  endfacet
  facet normal 0 0 -1
    outer loop
      vertex 47.08105512984792 11.624407384487688 0
      vertex 49.88817673913757 33.33421397963764 0
      vertex 47.182488092242814 11.219336946934764 0
    endloop
  endfacet
  facet normal 0 0 -1
    outer loop
      vertex 46.705643002375595 13.063063034301498 0
      vertex 46.25627367808385 14.55866406771796 0
      vertex 49.88817673913757 33.33421397963764 0
    endloop
  endfacet
  facet normal 0 0 -1
    outer loop
      vertex 49.25 0 0
      vertex 49.24672340402307 0.16685421697604158 0
      vertex 49.88817673913757 33.33421397963764 0
    endloop
  endfacet
  facet normal 0 0 -1
    outer loop
      vertex 49.24672340402307 0.16685421697604158 0
      vertex 49.2368986683658 0.33345115684334103 0
      vertex 49.88817673913757 33.33421397963764 0
    endloop
  endfacet
  facet normal 0 0 -1
    outer loop
      vertex 49.2368986683658 0.33345115684334103 0
      vertex 49.220540942058435 0.49953393919581 0
      vertex 49.88817673913757 33.33421397963764 0
    endloop
  endfacet
  facet normal 0 0 -1
    outer loop
      vertex 49.220540942058435 0.49953393919581 0
      vertex 49.197675447529335 0.6648464764209812 0
      vertex 49.88817673913757 33.33421397963764 0
    endloop
  endfacet
  facet normal 0 0 -1
    outer loop
      vertex 49.197675447529335 0.6648464764209812 0
      vertex 49.16833744171373 0.8291338685685451 0
      vertex 49.88817673913757 33.33421397963764 0
    endloop
  endfacet
  facet normal 0 0 -1
    outer loop
      vertex 49.13257216169013 0.992142796387598 0
      vertex 49.88817673913757 33.33421397963764 0
      vertex 49.16833744171373 0.8291338685685451 0
    endloop
  endfacet
  facet normal 0 0 -1
    outer loop
      vertex 49.090434754928 1.1536219119265656 0
      vertex 49.88817673913757 33.33421397963764 0
      vertex 49.13257216169013 0.992142796387598 0
    endloop
  endfacet
  facet normal 0 0 -1
    outer loop
      vertex 49.88817673913757 -33.33421397963764 0
      vertex 49.88817673913757 33.33421397963764 0
      vertex 49.88817673930299 33.33421397937923 0
    endloop
  endfacet
  facet normal 0 0 -1
    outer loop
      vertex 49.090434754928 1.1536219119265656 0
      vertex 49.0419901942544 1.3133222260935264 0
      vertex 49.88817673913757 33.33421397963764 0
    endloop
  endfacet
  facet normal 0 0 -1
    outer loop
      vertex 49.88817673930299 -33.33421397937923 0
      vertex 55.43277195096016 22.961005941033363 0
      vertex 58.8471168205142 11.705419324338436 0
    endloop
  endfacet
  facet normal 0 0 -1
    outer loop
      vertex 45.06716239537441 17.898393630678434 0
      vertex 44.41400550819601 19.46125239853053 0
      vertex 49.88817673913757 33.33421397963764 0
    endloop
  endfacet
  facet normal 0 0 -1
    outer loop
      vertex 45.735104882757845 16.115266125413484 0
      vertex 45.14380910315191 17.702562804847084 0
      vertex 49.88817673913757 33.33421397963764 0
    endloop
  endfacet
  facet normal 0 0 -1
    outer loop
      vertex 45.735104882757845 16.115266125413484 0
      vertex 49.88817673913757 33.33421397963764 0
      vertex 46.25627367808385 14.55866406771796 0
    endloop
  endfacet
  facet normal 0 0 -1
    outer loop
      vertex 45.06716239537441 17.898393630678434 0
      vertex 49.88817673913757 33.33421397963764 0
      vertex 45.14380910315191 17.702562804847084 0
    endloop
  endfacet
  facet normal 0 0 -1
    outer loop
      vertex 43.69186854949091 21.03293549599938 0
      vertex 49.88817673913757 33.33421397963764 0
      vertex 44.41400550819601 19.46125239853053 0
    endloop
  endfacet
  facet normal 0.8422137766047554 0.5391437234144113 8.631185782551761e-17
    outer loop
      vertex 49.88817673913757 33.33421397963764 0
      vertex 49.888176739168586 33.33421397958919 13
      vertex 49.88817673930299 33.33421397937923 0
    endloop
  endfacet
  facet normal 0.8422113499499857 0.5391475141512041 0
    outer loop
      vertex 49.88817673930299 33.33421397937923 0
      vertex 49.888176739168586 33.33421397958919 13
      vertex 49.88817673930299 33.33421397937923 13
    endloop
  endfacet
  facet normal -0.7208535967029196 0.693087362545635 7.232532950904018e-19
    outer loop
      vertex 33.941125496954285 -33.941125496954285 4
      vertex 35.24748045291291 -32.582435785581204 16
      vertex 35.24748045291291 -32.582435785581204 4
    endloop
  endfacet
  facet normal -0.7475083268625985 0.6642524379112796 4.36470353172499e-18
    outer loop
      vertex 35.24748045291291 -32.582435785581204 4
      vertex 36.49948634880148 -31.173506319848816 16
      vertex 36.49948634880148 -31.173506319848816 4
    endloop
  endfacet
  facet normal -0.7730104533627359 0.6343932841636467 -9.764577229479013e-19
    outer loop
      vertex 36.49948634880148 -31.173506319848816 4
      vertex 37.69521268227576 -29.71650956687203 16
      vertex 37.69521268227576 -29.71650956687203 4
    endloop
  endfacet
  facet normal -0.7973206537727073 0.6035559419535713 -4.561861918733528e-19
    outer loop
      vertex 37.69521268227576 -29.71650956687203 4
      vertex 38.83281572999748 -28.21369211003871 16
      vertex 38.83281572999748 -28.21369211003871 4
    endloop
  endfacet
  facet normal -0.8204014435255148 0.5717879602276105 3.799307041302198e-18
    outer loop
      vertex 38.83281572999748 -28.21369211003871 4
      vertex 39.91054139052217 -26.667371184940905 16
      vertex 39.91054139052217 -26.667371184940905 4
    endloop
  endfacet
  facet normal -0.842217233716285 0.5391383229110026 2.9933155451458454e-18
    outer loop
      vertex 39.91054139052217 -26.667371184940905 4
      vertex 40.92672788899643 -25.079931106365542 16
      vertex 40.92672788899643 -25.079931106365542 4
    endloop
  endfacet
  facet normal -0.8627343859777928 0.5056573733779829 6.057827252304195e-19
    outer loop
      vertex 40.92672788899643 -25.079931106365542 4
      vertex 41.87980833949426 -23.453819591853836 16
      vertex 41.87980833949426 -23.453819591853836 4
    endloop
  endfacet
  facet normal -0.8819212643483538 0.471396736826 -4.861728254365597e-18
    outer loop
      vertex 41.87980833949426 -23.453819591853836 4
      vertex 42.76831316104166 -21.791543987498248 16
      vertex 42.76831316104166 -21.791543987498248 4
    endloop
  endfacet
  facet normal -0.7208535967029196 0.693087362545635 0
    outer loop
      vertex 33.941125496954285 -33.941125496954285 4
      vertex 33.941125496954285 -33.941125496954285 16
      vertex 35.24748045291291 -32.582435785581204 16
    endloop
  endfacet
  facet normal -0.7475083268625985 0.6642524379112796 0
    outer loop
      vertex 35.24748045291291 -32.582435785581204 4
      vertex 35.24748045291291 -32.582435785581204 16
      vertex 36.49948634880148 -31.173506319848816 16
    endloop
  endfacet
  facet normal -0.7730104533627359 0.6343932841636467 0
    outer loop
      vertex 36.49948634880148 -31.173506319848816 4
      vertex 36.49948634880148 -31.173506319848816 16
      vertex 37.69521268227576 -29.71650956687203 16
    endloop
  endfacet
  facet normal -0.7973206537727073 0.6035559419535713 0
    outer loop
      vertex 37.69521268227576 -29.71650956687203 4
      vertex 37.69521268227576 -29.71650956687203 16
      vertex 38.83281572999748 -28.21369211003871 16
    endloop
  endfacet
  facet normal -0.8204014435255148 0.5717879602276105 0
    outer loop
      vertex 38.83281572999748 -28.21369211003871 4
      vertex 38.83281572999748 -28.21369211003871 16
      vertex 39.91054139052217 -26.667371184940905 16
    endloop
  endfacet
  facet normal -0.842217233716285 0.5391383229110026 0
    outer loop
      vertex 39.91054139052217 -26.667371184940905 4
      vertex 39.91054139052217 -26.667371184940905 16
      vertex 40.92672788899643 -25.079931106365542 16
    endloop
  endfacet
  facet normal -0.8627343859777928 0.5056573733779829 0
    outer loop
      vertex 40.92672788899643 -25.079931106365542 4
      vertex 40.92672788899643 -25.079931106365542 16
      vertex 41.87980833949426 -23.453819591853836 16
    endloop
  endfacet
  facet normal -0.8819212643483538 0.471396736826 0
    outer loop
      vertex 41.87980833949426 -23.453819591853836 4
      vertex 41.87980833949426 -23.453819591853836 16
      vertex 42.76831316104166 -21.791543987498248 16
    endloop
  endfacet
  facet normal -0.8997482840522233 0.43640924067333825 0
    outer loop
      vertex 42.76831316104166 -21.791543987498248 4
      vertex 42.76831316104166 -21.791543987498248 16
      vertex 43.5908723436039 -20.095667401796547 16
    endloop
  endfacet
  facet normal -0.8997482840522233 0.43640924067333825 3.439316354165052e-18
    outer loop
      vertex 42.76831316104166 -21.791543987498248 4
      vertex 43.5908723436039 -20.095667401796547 16
      vertex 43.5908723436039 -20.095667401796547 4
    endloop
  endfacet
  facet normal -0.9161879571171359 0.40074883310314097 -2.4372554244379982e-18
    outer loop
      vertex 43.5908723436039 -20.095667401796547 4
      vertex 44.34621756054176 -18.36880475352431 16
      vertex 44.34621756054176 -18.36880475352431 4
    endloop
  endfacet
  facet normal -0.9312149347588029 0.3644704998791514 -3.2705560396892285e-18
    outer loop
      vertex 44.34621756054176 -18.36880475352431 4
      vertex 45.03318412427924 -16.613618739719662 16
      vertex 45.03318412427924 -16.613618739719662 4
    endloop
  endfacet
  facet normal -0.9448060464668787 0.32763017956169177 -2.4758330646513355e-18
    outer loop
      vertex 45.03318412427924 -16.613618739719662 4
      vertex 45.65071278216737 -14.832815729997474 16
      vertex 45.65071278216737 -14.832815729997474 4
    endloop
  endfacet
  facet normal -0.9161879571171359 0.40074883310314097 0
    outer loop
      vertex 43.5908723436039 -20.095667401796547 4
      vertex 43.5908723436039 -20.095667401796547 16
      vertex 44.34621756054176 -18.36880475352431 16
    endloop
  endfacet
  facet normal -0.9312149347588029 0.3644704998791514 0
    outer loop
      vertex 44.34621756054176 -18.36880475352431 4
      vertex 44.34621756054176 -18.36880475352431 16
      vertex 45.03318412427924 -16.613618739719662 16
    endloop
  endfacet
  facet normal -0.9448060464668787 0.32763017956169177 0
    outer loop
      vertex 45.03318412427924 -16.613618739719662 4
      vertex 45.03318412427924 -16.613618739719662 16
      vertex 45.65071278216737 -14.832815729997474 16
    endloop
  endfacet
  facet normal -0.9569403357322079 0.2902846772544654 -1.2923311626930893e-18
    outer loop
      vertex 45.65071278216737 -14.832815729997474 4
      vertex 46.19785134977507 -13.029141593523565 16
      vertex 46.19785134977507 -13.029141593523565 4
    endloop
  endfacet
  facet normal -0.9675990923602608 0.2524915770151541 -1.0623241952293248e-18
    outer loop
      vertex 46.19785134977507 -13.029141593523565 4
      vertex 46.67375617908847 -11.205377465083458 16
      vertex 46.67375617908847 -11.205377465083458 4
    endloop
  endfacet
  facet normal -0.9767658813208718 0.21430915306505333 1.934950636217678e-18
    outer loop
      vertex 46.67375617908847 -11.205377465083458 4
      vertex 47.07769345935506 -9.364335456774157 16
      vertex 47.07769345935506 -9.364335456774157 4
    endloop
  endfacet
  facet normal -0.9844265680898914 0.1757962799343561 1.3613062734120858e-18
    outer loop
      vertex 47.07769345935506 -9.364335456774157 4
      vertex 47.40904034856661 -7.508854321931082 16
      vertex 47.40904034856661 -7.508854321931082 4
    endloop
  endfacet
  facet normal -0.9905693404435776 0.1370123416819659 -1.123624399404036e-18
    outer loop
      vertex 47.40904034856661 -7.508854321931082 4
      vertex 47.66728593383646 -5.641795077976207 16
      vertex 47.66728593383646 -5.641795077976207 4
    endloop
  endfacet
  facet normal -0.9951847266721969 0.09801714032956037 -2.934055734881362e-19
    outer loop
      vertex 47.66728593383646 -5.641795077976207 4
      vertex 47.85203201919014 -3.7660365949365575 16
      vertex 47.85203201919014 -3.7660365949365575 4
    endloop
  endfacet
  facet normal -0.9982656101847158 0.05887080365119076 0
    outer loop
      vertex 47.85203201919014 -3.7660365949365575 4
      vertex 47.85203201919014 -3.7660365949365575 16
      vertex 47.89039059023367 -3.1155946109020833 4
    endloop
  endfacet
  facet normal -0.9569403357322079 0.2902846772544654 0
    outer loop
      vertex 45.65071278216737 -14.832815729997474 4
      vertex 45.65071278216737 -14.832815729997474 16
      vertex 46.19785134977507 -13.029141593523565 16
    endloop
  endfacet
  facet normal -0.9675990923602608 0.2524915770151541 0
    outer loop
      vertex 46.19785134977507 -13.029141593523565 4
      vertex 46.19785134977507 -13.029141593523565 16
      vertex 46.67375617908847 -11.205377465083458 16
    endloop
  endfacet
  facet normal -0.9767658813208718 0.21430915306505333 0
    outer loop
      vertex 46.67375617908847 -11.205377465083458 4
      vertex 46.67375617908847 -11.205377465083458 16
      vertex 47.07769345935506 -9.364335456774157 16
    endloop
  endfacet
  facet normal -0.9844265680898914 0.1757962799343561 0
    outer loop
      vertex 47.07769345935506 -9.364335456774157 4
      vertex 47.07769345935506 -9.364335456774157 16
      vertex 47.40904034856661 -7.508854321931082 16
    endloop
  endfacet
  facet normal -0.9905693404435776 0.1370123416819659 0
    outer loop
      vertex 47.40904034856661 -7.508854321931082 4
      vertex 47.40904034856661 -7.508854321931082 16
      vertex 47.66728593383646 -5.641795077976207 16
    endloop
  endfacet
  facet normal -0.9951847266721969 0.09801714032956037 0
    outer loop
      vertex 47.66728593383646 -5.641795077976207 4
      vertex 47.66728593383646 -5.641795077976207 16
      vertex 47.85203201919014 -3.7660365949365575 16
    endloop
  endfacet
  facet normal -0.9982656101847158 0.05887080365119076 0
    outer loop
      vertex 47.89039059023367 -3.1155946109020833 4
      vertex 47.85203201919014 -3.7660365949365575 16
      vertex 47.89039059023367 -3.1155946109020833 16
    endloop
  endfacet
  facet normal -0.9161879571171359 -0.40074883310314097 0
    outer loop
      vertex 43.5908723436039 20.095667401796547 4
      vertex 44.34621756054176 18.36880475352431 4
      vertex 43.5908723436039 20.095667401796547 13
    endloop
  endfacet
  facet normal -0.9312149347588029 -0.3644704998791514 0
    outer loop
      vertex 44.34621756054176 18.36880475352431 4
      vertex 45.03318412427924 16.613618739719662 4
      vertex 44.34621756054176 18.36880475352431 13
    endloop
  endfacet
  facet normal -0.9448060464668787 -0.32763017956169177 3.3011107528684476e-18
    outer loop
      vertex 45.65071278216737 14.832815729997474 4
      vertex 45.03318412427924 16.613618739719662 13
      vertex 45.03318412427924 16.613618739719662 4
    endloop
  endfacet
  facet normal -0.7730104533627359 -0.6343932841636467 0
    outer loop
      vertex 36.49948634880148 31.173506319848816 4
      vertex 37.69521268227576 29.71650956687203 4
      vertex 36.49948634880148 31.173506319848816 13
    endloop
  endfacet
  facet normal -0.7973206537727071 -0.6035559419535712 0
    outer loop
      vertex 37.69521268227576 29.71650956687203 4
      vertex 38.83281572999748 28.21369211003871 4
      vertex 37.69521268227576 29.71650956687203 13
    endloop
  endfacet
  facet normal -0.7208535967029196 -0.693087362545635 0
    outer loop
      vertex 33.941125496954285 33.941125496954285 4
      vertex 35.24748045291291 32.582435785581204 4
      vertex 33.941125496954285 33.941125496954285 13
    endloop
  endfacet
  facet normal -0.7475083268625986 -0.6642524379112797 -5.819604708966654e-18
    outer loop
      vertex 36.49948634880148 31.173506319848816 4
      vertex 35.24748045291291 32.582435785581204 13
      vertex 35.24748045291291 32.582435785581204 4
    endloop
  endfacet
  facet normal -0.8422172337162849 -0.5391383229110025 -3.9910873935277936e-18
    outer loop
      vertex 40.92672788899643 25.079931106365542 4
      vertex 39.91054139052217 26.667371184940905 13
      vertex 39.91054139052217 26.667371184940905 4
    endloop
  endfacet
  facet normal -0.8819212643483538 -0.471396736826 0
    outer loop
      vertex 41.87980833949426 23.453819591853836 4
      vertex 42.76831316104166 21.791543987498248 4
      vertex 41.87980833949426 23.453819591853836 13
    endloop
  endfacet
  facet normal -0.862734385977793 -0.5056573733779829 -8.07710300307226e-19
    outer loop
      vertex 41.87980833949426 23.453819591853836 4
      vertex 40.92672788899643 25.079931106365542 13
      vertex 40.92672788899643 25.079931106365542 4
    endloop
  endfacet
  facet normal -0.8204014435255148 -0.5717879602276105 0
    outer loop
      vertex 38.83281572999748 28.21369211003871 4
      vertex 39.91054139052217 26.667371184940905 4
      vertex 38.83281572999748 28.21369211003871 13
    endloop
  endfacet
  facet normal -0.8997482840522233 -0.43640924067333825 -4.585755138886736e-18
    outer loop
      vertex 43.5908723436039 20.095667401796547 4
      vertex 42.76831316104166 21.791543987498248 13
      vertex 42.76831316104166 21.791543987498248 4
    endloop
  endfacet
  facet normal -0.9982656101847158 -0.05887080365119077 -4.514767967892906e-21
    outer loop
      vertex 47.89039059023367 3.1155946109020833 4
      vertex 47.85203201919014 3.7660365949365575 13
      vertex 47.85203201919014 3.7660365949365575 4
    endloop
  endfacet
  facet normal -0.9951847266721969 -0.09801714032956035 3.9120743131751486e-19
    outer loop
      vertex 47.85203201919014 3.7660365949365575 4
      vertex 47.66728593383646 5.641795077976207 13
      vertex 47.66728593383646 5.641795077976207 4
    endloop
  endfacet
  facet normal -0.9905693404435776 -0.1370123416819659 0
    outer loop
      vertex 47.40904034856661 7.508854321931082 4
      vertex 47.66728593383646 5.641795077976207 4
      vertex 47.40904034856661 7.508854321931082 13
    endloop
  endfacet
  facet normal -0.9844265680898914 -0.1757962799343561 -1.8150750312161146e-18
    outer loop
      vertex 47.40904034856661 7.508854321931082 4
      vertex 47.07769345935506 9.364335456774157 13
      vertex 47.07769345935506 9.364335456774157 4
    endloop
  endfacet
  facet normal -0.9767658813208719 -0.21430915306505335 -2.5799341816235708e-18
    outer loop
      vertex 47.07769345935506 9.364335456774157 4
      vertex 46.67375617908847 11.205377465083458 13
      vertex 46.67375617908847 11.205377465083458 4
    endloop
  endfacet
  facet normal -0.9675990923602609 -0.2524915770151541 0
    outer loop
      vertex 46.19785134977507 13.029141593523565 4
      vertex 46.67375617908847 11.205377465083458 4
      vertex 46.19785134977507 13.029141593523565 13
    endloop
  endfacet
  facet normal -0.9569403357322079 -0.2902846772544654 0
    outer loop
      vertex 45.65071278216737 14.832815729997474 4
      vertex 46.19785134977507 13.029141593523565 4
      vertex 45.65071278216737 14.832815729997474 13
    endloop
  endfacet
  facet normal -0.9448060464668787 -0.32763017956169177 0
    outer loop
      vertex 45.65071278216737 14.832815729997474 4
      vertex 45.65071278216737 14.832815729997474 13
      vertex 45.03318412427924 16.613618739719662 13
    endloop
  endfacet
  facet normal -0.8997482840522233 -0.43640924067333825 0
    outer loop
      vertex 43.5908723436039 20.095667401796547 4
      vertex 43.5908723436039 20.095667401796547 13
      vertex 42.76831316104166 21.791543987498248 13
    endloop
  endfacet
  facet normal -0.9312149347588029 -0.3644704998791514 0
    outer loop
      vertex 45.03318412427924 16.613618739719662 4
      vertex 45.03318412427924 16.613618739719662 13
      vertex 44.34621756054176 18.36880475352431 13
    endloop
  endfacet
  facet normal -0.9161879571171359 -0.40074883310314097 0
    outer loop
      vertex 44.34621756054176 18.36880475352431 4
      vertex 44.34621756054176 18.36880475352431 13
      vertex 43.5908723436039 20.095667401796547 13
    endloop
  endfacet
  facet normal -0.7475083268625986 -0.6642524379112797 0
    outer loop
      vertex 36.49948634880148 31.173506319848816 4
      vertex 36.49948634880148 31.173506319848816 13
      vertex 35.24748045291291 32.582435785581204 13
    endloop
  endfacet
  facet normal -0.7973206537727071 -0.6035559419535712 0
    outer loop
      vertex 38.83281572999748 28.21369211003871 4
      vertex 38.83281572999748 28.21369211003871 13
      vertex 37.69521268227576 29.71650956687203 13
    endloop
  endfacet
  facet normal -0.7730104533627359 -0.6343932841636467 0
    outer loop
      vertex 37.69521268227576 29.71650956687203 4
      vertex 37.69521268227576 29.71650956687203 13
      vertex 36.49948634880148 31.173506319848816 13
    endloop
  endfacet
  facet normal -0.7208535967029196 -0.693087362545635 0
    outer loop
      vertex 35.24748045291291 32.582435785581204 4
      vertex 35.24748045291291 32.582435785581204 13
      vertex 33.941125496954285 33.941125496954285 13
    endloop
  endfacet
  facet normal -0.8422172337162849 -0.5391383229110025 0
    outer loop
      vertex 40.92672788899643 25.079931106365542 4
      vertex 40.92672788899643 25.079931106365542 13
      vertex 39.91054139052217 26.667371184940905 13
    endloop
  endfacet
  facet normal -0.862734385977793 -0.5056573733779829 0
    outer loop
      vertex 41.87980833949426 23.453819591853836 4
      vertex 41.87980833949426 23.453819591853836 13
      vertex 40.92672788899643 25.079931106365542 13
    endloop
  endfacet
  facet normal -0.8204014435255148 -0.5717879602276105 0
    outer loop
      vertex 39.91054139052217 26.667371184940905 4
      vertex 39.91054139052217 26.667371184940905 13
      vertex 38.83281572999748 28.21369211003871 13
    endloop
  endfacet
  facet normal -0.8819212643483538 -0.471396736826 0
    outer loop
      vertex 42.76831316104166 21.791543987498248 4
      vertex 42.76831316104166 21.791543987498248 13
      vertex 41.87980833949426 23.453819591853836 13
    endloop
  endfacet
  facet normal -0.9982656101847158 -0.05887080365119077 0
    outer loop
      vertex 47.89039059023367 3.1155946109020833 4
      vertex 47.89039059023367 3.1155946109020833 13
      vertex 47.85203201919014 3.7660365949365575 13
    endloop
  endfacet
  facet normal -0.9951847266721969 -0.09801714032956035 0
    outer loop
      vertex 47.85203201919014 3.7660365949365575 4
      vertex 47.85203201919014 3.7660365949365575 13
      vertex 47.66728593383646 5.641795077976207 13
    endloop
  endfacet
  facet normal -0.9844265680898914 -0.1757962799343561 0
    outer loop
      vertex 47.40904034856661 7.508854321931082 4
      vertex 47.40904034856661 7.508854321931082 13
      vertex 47.07769345935506 9.364335456774157 13
    endloop
  endfacet
  facet normal -0.9767658813208719 -0.21430915306505335 0
    outer loop
      vertex 47.07769345935506 9.364335456774157 4
      vertex 47.07769345935506 9.364335456774157 13
      vertex 46.67375617908847 11.205377465083458 13
    endloop
  endfacet
  facet normal -0.9905693404435776 -0.1370123416819659 0
    outer loop
      vertex 47.66728593383646 5.641795077976207 4
      vertex 47.66728593383646 5.641795077976207 13
      vertex 47.40904034856661 7.508854321931082 13
    endloop
  endfacet
  facet normal -0.9675990923602609 -0.2524915770151541 0
    outer loop
      vertex 46.67375617908847 11.205377465083458 4
      vertex 46.67375617908847 11.205377465083458 13
      vertex 46.19785134977507 13.029141593523565 13
    endloop
  endfacet
  facet normal -0.9569403357322079 -0.2902846772544654 0
    outer loop
      vertex 46.19785134977507 13.029141593523565 4
      vertex 46.19785134977507 13.029141593523565 13
      vertex 45.65071278216737 14.832815729997474 13
    endloop
  endfacet
  facet normal 0 0 -1
    outer loop
      vertex 3.0052038200428273 -3.005203820042827 0
      vertex 3.1208706651016636 -2.8849031685150024 0
      vertex 13.647421108614553 -13.647421108614553 0
    endloop
  endfacet
  facet normal 0 0 -1
    outer loop
      vertex 3.1208706651016636 -2.8849031685150024 0
      vertex 3.2317253538001314 -2.7601542054032806 0
      vertex 13.647421108614553 -13.647421108614553 0
    endloop
  endfacet
  facet normal 0 0 -1
    outer loop
      vertex 3.2317253538001314 -2.7601542054032806 0
      vertex 3.337596956243166 -2.6311492845667943 0
      vertex 13.647421108614553 -13.647421108614553 0
    endloop
  endfacet
  facet normal 0 0 -1
    outer loop
      vertex 3.337596956243166 -2.6311492845667943 0
      vertex 3.4383222260935264 -2.498087322243011 0
      vertex 13.647421108614553 -13.647421108614553 0
    endloop
  endfacet
  facet normal 0 0 -1
    outer loop
      vertex 3.4383222260935264 -2.498087322243011 0
      vertex 3.533745852285817 -2.361173490333309 0
      vertex 13.647421108614553 -13.647421108614553 0
    endloop
  endfacet
  facet normal 0 0 -1
    outer loop
      vertex 3.533745852285817 -2.361173490333309 0
      vertex 3.623720698504892 -2.2206189000427825 0
      vertex 13.647421108614553 -13.647421108614553 0
    endloop
  endfacet
  facet normal 0 0 -1
    outer loop
      vertex 3.623720698504892 -2.2206189000427825 0
      vertex 3.708108030059388 -2.0766402763620584 0
      vertex 13.647421108614553 -13.647421108614553 0
    endloop
  endfacet
  facet normal 0 0 -1
    outer loop
      vertex 3.708108030059388 -2.0766402763620584 0
      vertex 3.7867777278005637 -1.929459623893074 0
      vertex 13.647421108614553 -13.647421108614553 0
    endloop
  endfacet
  facet normal 0 0 -1
    outer loop
      vertex 3.7867777278005637 -1.929459623893074 0
      vertex 3.8596084887565953 -1.7793038845340694 0
      vertex 13.647421108614553 -13.647421108614553 0
    endloop
  endfacet
  facet normal 0 0 -1
    outer loop
      vertex 3.8596084887565953 -1.7793038845340694 0
      vertex 3.9264880131729685 -1.6264045875516315 0
      vertex 13.647421108614553 -13.647421108614553 0
    endloop
  endfacet
  facet normal 0 0 -1
    outer loop
      vertex 3.9264880131729685 -1.6264045875516315 0
      vertex 3.9873131776705577 -1.470997492579345 0
      vertex 13.647421108614553 -13.647421108614553 0
    endloop
  endfacet
  facet normal 0 0 -1
    outer loop
      vertex 3.9873131776705577 -1.470997492579345 0
      vertex 4.041990194254402 -1.3133222260935264 0
      vertex 13.647421108614553 -13.647421108614553 0
    endloop
  endfacet
  facet normal 0 0 -1
    outer loop
      vertex 4.041990194254402 -1.3133222260935264 0
      vertex 4.090434754928001 -1.1536219119265656 0
      vertex 13.647421108614553 -13.647421108614553 0
    endloop
  endfacet
  facet normal 0 0 -1
    outer loop
      vertex 4.090434754928001 -1.1536219119265656 0
      vertex 4.132572161690125 -0.992142796387598 0
      vertex 13.647421108614553 -13.647421108614553 0
    endloop
  endfacet
  facet normal 0 0 -1
    outer loop
      vertex 4.132572161690125 -0.992142796387598 0
      vertex 4.16833744171373 -0.8291338685685451 0
      vertex 13.647421108614553 -13.647421108614553 0
    endloop
  endfacet
  facet normal 0 0 -1
    outer loop
      vertex 4.16833744171373 -0.8291338685685451 0
      vertex 4.197675447529336 -0.6648464764209812 0
      vertex 13.647421108614553 -13.647421108614553 0
    endloop
  endfacet
  facet normal 0 0 -1
    outer loop
      vertex 4.197675447529336 -0.6648464764209812 0
      vertex 4.220540942058436 -0.49953393919581 0
      vertex 13.647421108614553 -13.647421108614553 0
    endloop
  endfacet
  facet normal 0 0 -1
    outer loop
      vertex 4.220540942058436 -0.49953393919581 0
      vertex 4.236898668365794 -0.33345115684334103 0
      vertex 13.647421108614553 -13.647421108614553 0
    endloop
  endfacet
  facet normal 0 0 -1
    outer loop
      vertex 4.236898668365794 -0.33345115684334103 0
      vertex 4.246723404023072 -0.16685421697604158 0
      vertex 13.647421108614553 -13.647421108614553 0
    endloop
  endfacet
  facet normal 0 0 -1
    outer loop
      vertex 4.246723404023072 -0.16685421697604158 0
      vertex 4.25 0 0
      vertex 13.647421108614553 -13.647421108614553 0
    endloop
  endfacet
  facet normal 0 0 -1
    outer loop
      vertex 13.647421108614553 -13.647421108614553 0
      vertex 14.347858844423941 -1.1381998896253127 0
      vertex 14.393355525088216 -1.1786292466800479 0
    endloop
  endfacet
  facet normal 0 0 -1
    outer loop
      vertex 13.647421108614553 -13.647421108614553 0
      vertex 14.393355525088216 -1.1786292466800479 0
      vertex 14.440404378569758 -1.2172412428651547 0
    endloop
  endfacet
  facet normal 0 0 -1
    outer loop
      vertex 13.647421108614553 -13.647421108614553 0
      vertex 14.440404378569758 -1.2172412428651547 0
      vertex 14.488932858946667 -1.2539763412811686 0
    endloop
  endfacet
  facet normal 0 0 -1
    outer loop
      vertex 13.647421108614553 -13.647421108614553 0
      vertex 14.488932858946667 -1.2539763412811686 0
      vertex 14.538866138819618 -1.2887778990689451 0
    endloop
  endfacet
  facet normal 0 0 -1
    outer loop
      vertex 13.647421108614553 -13.647421108614553 0
      vertex 14.538866138819618 -1.2887778990689451 0
      vertex 14.59012722469028 -1.321592254748843 0
    endloop
  endfacet
  facet normal 0 0 -1
    outer loop
      vertex 13.647421108614553 -13.647421108614553 0
      vertex 14.59012722469028 -1.321592254748843 0
      vertex 14.64263707567972 -1.3523688109628356 0
    endloop
  endfacet
  facet normal 0 0 -1
    outer loop
      vertex 13.647421108614553 -13.647421108614553 0
      vertex 14.64263707567972 -1.3523688109628356 0
      vertex 14.696314725403703 -1.3810601124919704 0
    endloop
  endfacet
  facet normal 0 0 -1
    outer loop
      vertex 13.647421108614553 -13.647421108614553 0
      vertex 14.696314725403703 -1.3810601124919704 0
      vertex 14.751077406816988 -1.407621919428876 0
    endloop
  endfacet
  facet normal 0 0 -1
    outer loop
      vertex 13.647421108614553 -13.647421108614553 0
      vertex 14.751077406816988 -1.407621919428876 0
      vertex 14.806840679834112 -1.4320132753924946 0
    endloop
  endfacet
  facet normal 0 0 -1
    outer loop
      vertex 13.647421108614553 -13.647421108614553 0
      vertex 14.806840679834112 -1.4320132753924946 0
      vertex 14.863518561529887 -1.4541965706798505 0
    endloop
  endfacet
  facet normal 0 0 -1
    outer loop
      vertex 13.647421108614553 -13.647421108614553 0
      vertex 14.863518561529887 -1.4541965706798505 0
      vertex 14.921023658718832 -1.474137600257488 0
    endloop
  endfacet
  facet normal 0 0 -1
    outer loop
      vertex 13.647421108614553 -13.647421108614553 0
      vertex 14.921023658718832 -1.474137600257488 0
      vertex 14.979267302709136 -1.4918056165031532 0
    endloop
  endfacet
  facet normal 0 0 -1
    outer loop
      vertex 13.647421108614553 -13.647421108614553 0
      vertex 14.979267302709136 -1.4918056165031532 0
      vertex 15.038159686023347 -1.5071733766163986 0
    endloop
  endfacet
  facet normal 0 0 -1
    outer loop
      vertex 13.647421108614553 -13.647421108614553 0
      vertex 15.038159686023347 -1.5071733766163986 0
      vertex 15.097610000875001 -1.5202171846250072 0
    endloop
  endfacet
  facet normal 0 0 -1
    outer loop
      vertex 13.647421108614553 -13.647421108614553 0
      vertex 15.097610000875001 -1.5202171846250072 0
      vertex 15.157526579187643 -1.5309169279224635 0
    endloop
  endfacet
  facet normal 0 0 -1
    outer loop
      vertex 13.647421108614553 -13.647421108614553 0
      vertex 15.157526579187643 -1.5309169279224635 0
      vertex 15.217817033940353 -1.5392561082801357 0
    endloop
  endfacet
  facet normal 0 0 -1
    outer loop
      vertex 13.647421108614553 -13.647421108614553 0
      vertex 15.217817033940353 -1.5392561082801357 0
      vertex 15.278388401621841 -1.5452218672863485 0
    endloop
  endfacet
  facet normal 0 0 -1
    outer loop
      vertex 13.647421108614553 -13.647421108614553 0
      vertex 15.278388401621841 -1.5452218672863485 0
      vertex 15.339147285573445 -1.5488050061731204 0
    endloop
  endfacet
  facet normal 0 0 -1
    outer loop
      vertex 13.647421108614553 -13.647421108614553 0
      vertex 15.339147285573445 -1.5488050061731204 0
      vertex 15.4 -1.55 0
    endloop
  endfacet
  facet normal 0 0 -1
    outer loop
      vertex 13.647421108614553 -13.647421108614553 0
      vertex 15.4 -1.55 0
      vertex 15.460852714426556 -1.5488050061731204 0
    endloop
  endfacet
  facet normal 0 0 -1
    outer loop
      vertex 13.647421108614553 -13.647421108614553 0
      vertex 15.460852714426556 -1.5488050061731204 0
      vertex 15.52161159837816 -1.5452218672863485 0
    endloop
  endfacet
  facet normal 0 0 -1
    outer loop
      vertex 13.647421108614553 -13.647421108614553 0
      vertex 15.582182966059648 -1.5392561082801357 0
      vertex 15.642473420812358 -1.5309169279224635 0
    endloop
  endfacet
  facet normal 0 0 -1
    outer loop
      vertex 13.647421108614553 -13.647421108614553 0
      vertex 15.52161159837816 -1.5452218672863485 0
      vertex 15.582182966059648 -1.5392561082801357 0
    endloop
  endfacet
  facet normal 0 0 -1
    outer loop
      vertex 13.647421108614553 -13.647421108614553 0
      vertex 15.642473420812358 -1.5309169279224635 0
      vertex 15.702389999125 -1.5202171846250072 0
    endloop
  endfacet
  facet normal 0 0 -1
    outer loop
      vertex 13.647421108614553 -13.647421108614553 0
      vertex 15.702389999125 -1.5202171846250072 0
      vertex 15.761840313976654 -1.5071733766163986 0
    endloop
  endfacet
  facet normal 0 0 -1
    outer loop
      vertex 13.647421108614553 -13.647421108614553 0
      vertex 15.761840313976654 -1.5071733766163986 0
      vertex 15.820732697290865 -1.4918056165031532 0
    endloop
  endfacet
  facet normal 0 0 -1
    outer loop
      vertex 13.647421108614553 -13.647421108614553 0
      vertex 15.820732697290865 -1.4918056165031532 0
      vertex 15.878976341281168 -1.474137600257488 0
    endloop
  endfacet
  facet normal 0 0 -1
    outer loop
      vertex 13.647421108614553 -13.647421108614553 0
      vertex 15.878976341281168 -1.474137600257488 0
      vertex 15.936481438470114 -1.4541965706798505 0
    endloop
  endfacet
  facet normal 0 0 -1
    outer loop
      vertex 13.647421108614553 -13.647421108614553 0
      vertex 15.936481438470114 -1.4541965706798505 0
      vertex 15.993159320165889 -1.4320132753924946 0
    endloop
  endfacet
  facet normal 0 0 -1
    outer loop
      vertex 13.647421108614553 -13.647421108614553 0
      vertex 15.993159320165889 -1.4320132753924946 0
      vertex 16.048922593183015 -1.407621919428876 0
    endloop
  endfacet
  facet normal 0 0 -1
    outer loop
      vertex 13.647421108614553 -13.647421108614553 0
      vertex 16.048922593183015 -1.407621919428876 0
      vertex 16.103685274596298 -1.3810601124919704 0
    endloop
  endfacet
  facet normal 0 0 -1
    outer loop
      vertex 13.647421108614553 -13.647421108614553 0
      vertex 16.103685274596298 -1.3810601124919704 0
      vertex 16.15736292432028 -1.3523688109628356 0
    endloop
  endfacet
  facet normal 0 0 -1
    outer loop
      vertex 13.647421108614553 -13.647421108614553 0
      vertex 16.15736292432028 -1.3523688109628356 0
      vertex 16.20987277530972 -1.321592254748843 0
    endloop
  endfacet
  facet normal 0 0 -1
    outer loop
      vertex 13.647421108614553 -13.647421108614553 0
      vertex 16.20987277530972 -1.321592254748843 0
      vertex 16.261133861180383 -1.2887778990689451 0
    endloop
  endfacet
  facet normal 0 0 -1
    outer loop
      vertex 13.647421108614553 -13.647421108614553 0
      vertex 16.261133861180383 -1.2887778990689451 0
      vertex 16.311067141053332 -1.2539763412811686 0
    endloop
  endfacet
  facet normal 0 0 -1
    outer loop
      vertex 13.647421108614553 -13.647421108614553 0
      vertex 16.359595621430245 -1.2172412428651547 0
      vertex 16.406644474911786 -1.1786292466800479 0
    endloop
  endfacet
  facet normal 0 0 -1
    outer loop
      vertex 13.647421108614553 -13.647421108614553 0
      vertex 16.311067141053332 -1.2539763412811686 0
      vertex 16.359595621430245 -1.2172412428651547 0
    endloop
  endfacet
  facet normal 0 0 -1
    outer loop
      vertex 13.647421108614553 -13.647421108614553 0
      vertex 16.406644474911786 -1.1786292466800479 0
      vertex 16.45214115557606 -1.1381998896253127 0
    endloop
  endfacet
  facet normal 0 0 -1
    outer loop
      vertex 13.647421108614553 -13.647421108614553 0
      vertex 14.01893988750803 -0.7036852745962976 0
      vertex 14.047631189037165 -0.7573629243202802 0
    endloop
  endfacet
  facet normal 0 0 -1
    outer loop
      vertex 13.647421108614553 -13.647421108614553 0
      vertex 13.992378080571125 -0.6489225931830135 0
      vertex 14.01893988750803 -0.7036852745962976 0
    endloop
  endfacet
  facet normal 0 0 -1
    outer loop
      vertex 13.647421108614553 -13.647421108614553 0
      vertex 13.869083072077537 -0.24247342081235784 0
      vertex 13.879782815374993 -0.3023899991249988 0
    endloop
  endfacet
  facet normal 0 0 -1
    outer loop
      vertex 13.647421108614553 -13.647421108614553 0
      vertex 13.860743891719865 -0.18218296605964834 0
      vertex 13.869083072077537 -0.24247342081235784 0
    endloop
  endfacet
  facet normal 0 0 -1
    outer loop
      vertex 13.647421108614553 -13.647421108614553 0
      vertex 13.854778132713651 -0.12161159837815967 0
      vertex 13.860743891719865 -0.18218296605964834 0
    endloop
  endfacet
  facet normal 0 0 -1
    outer loop
      vertex 13.647421108614553 -13.647421108614553 0
      vertex 13.94580342932015 -0.5364814384701141 0
      vertex 13.967986724607506 -0.5931593201658891 0
    endloop
  endfacet
  facet normal 0 0 -1
    outer loop
      vertex 13.647421108614553 -13.647421108614553 0
      vertex 13.925862399742513 -0.47897634128116845 0
      vertex 13.94580342932015 -0.5364814384701141 0
    endloop
  endfacet
  facet normal 0 0 -1
    outer loop
      vertex 13.647421108614553 -13.647421108614553 0
      vertex 13.908194383496847 -0.4207326972908651 0
      vertex 13.925862399742513 -0.47897634128116845 0
    endloop
  endfacet
  facet normal 0 0 -1
    outer loop
      vertex 13.647421108614553 -13.647421108614553 0
      vertex 13.892826623383602 -0.3618403139766534 0
      vertex 13.908194383496847 -0.4207326972908651 0
    endloop
  endfacet
  facet normal 0 0 -1
    outer loop
      vertex 13.647421108614553 -13.647421108614553 0
      vertex 13.967986724607506 -0.5931593201658891 0
      vertex 13.992378080571125 -0.6489225931830135 0
    endloop
  endfacet
  facet normal 0 0 -1
    outer loop
      vertex 13.647421108614553 -13.647421108614553 0
      vertex 13.879782815374993 -0.3023899991249988 0
      vertex 13.892826623383602 -0.3618403139766534 0
    endloop
  endfacet
  facet normal 0 0 -1
    outer loop
      vertex 13.647421108614553 -13.647421108614553 0
      vertex 14.111222100931055 -0.8611338611803834 0
      vertex 14.146023658718832 -0.9110671410533334 0
    endloop
  endfacet
  facet normal 0 0 -1
    outer loop
      vertex 13.647421108614553 -13.647421108614553 0
      vertex 14.146023658718832 -0.9110671410533334 0
      vertex 14.182758757134845 -0.9595956214302427 0
    endloop
  endfacet
  facet normal 0 0 -1
    outer loop
      vertex 13.647421108614553 -13.647421108614553 0
      vertex 14.182758757134845 -0.9595956214302427 0
      vertex 14.221370753319952 -1.0066444749117847 0
    endloop
  endfacet
  facet normal 0 0 -1
    outer loop
      vertex 13.647421108614553 -13.647421108614553 0
      vertex 14.078407745251157 -0.8098727753097207 0
      vertex 14.111222100931055 -0.8611338611803834 0
    endloop
  endfacet
  facet normal 0 0 -1
    outer loop
      vertex 13.647421108614553 -13.647421108614553 0
      vertex 14.047631189037165 -0.7573629243202802 0
      vertex 14.078407745251157 -0.8098727753097207 0
    endloop
  endfacet
  facet normal 0 0 -1
    outer loop
      vertex 13.647421108614553 -13.647421108614553 0
      vertex 14.221370753319952 -1.0066444749117847 0
      vertex 14.261800110374688 -1.0521411555760598 0
    endloop
  endfacet
  facet normal 0 0 -1
    outer loop
      vertex 13.647421108614553 -13.647421108614553 0
      vertex 14.261800110374688 -1.0521411555760598 0
      vertex 14.303984489160852 -1.0960155108391487 0
    endloop
  endfacet
  facet normal 0 0 -1
    outer loop
      vertex 13.647421108614553 -13.647421108614553 0
      vertex 14.303984489160852 -1.0960155108391487 0
      vertex 14.347858844423941 -1.1381998896253127 0
    endloop
  endfacet
  facet normal 0 0 -1
    outer loop
      vertex 13.647421108614553 -13.647421108614553 0
      vertex 13.85119499382688 -0.06085271442655635 0
      vertex 13.854778132713651 -0.12161159837815967 0
    endloop
  endfacet
  facet normal 0 0 -1
    outer loop
      vertex 13.647421108614553 -13.647421108614553 0
      vertex 13.85 0 0
      vertex 13.85119499382688 -0.06085271442655635 0
    endloop
  endfacet
  facet normal 0 0 -1
    outer loop
      vertex 13.647421108614553 -13.647421108614553 0
      vertex 16.45214115557606 -1.1381998896253127 0
      vertex 16.49601551083915 -1.0960155108391487 0
    endloop
  endfacet
  facet normal 0 0 -1
    outer loop
      vertex 13.647421108614553 -13.647421108614553 0
      vertex 16.49601551083915 -1.0960155108391487 0
      vertex 16.538199889625314 -1.0521411555760598 0
    endloop
  endfacet
  facet normal 0 0 -1
    outer loop
      vertex 13.647421108614553 -13.647421108614553 0
      vertex 16.538199889625314 -1.0521411555760598 0
      vertex 16.57862924668005 -1.0066444749117847 0
    endloop
  endfacet
  facet normal 0 0 -1
    outer loop
      vertex 13.647421108614553 -13.647421108614553 0
      vertex 16.57862924668005 -1.0066444749117847 0
      vertex 16.617241242865155 -0.9595956214302427 0
    endloop
  endfacet
  facet normal 0 0 -1
    outer loop
      vertex 13.647421108614553 -13.647421108614553 0
      vertex 16.617241242865155 -0.9595956214302427 0
      vertex 16.65397634128117 -0.9110671410533334 0
    endloop
  endfacet
  facet normal 0 0 -1
    outer loop
      vertex 13.647421108614553 -13.647421108614553 0
      vertex 16.65397634128117 -0.9110671410533334 0
      vertex 16.688777899068945 -0.8611338611803834 0
    endloop
  endfacet
  facet normal 0 0 -1
    outer loop
      vertex 13.647421108614553 -13.647421108614553 0
      vertex 16.688777899068945 -0.8611338611803834 0
      vertex 16.721592254748842 -0.8098727753097207 0
    endloop
  endfacet
  facet normal 0 0 -1
    outer loop
      vertex 13.647421108614553 -13.647421108614553 0
      vertex 16.721592254748842 -0.8098727753097207 0
      vertex 16.752368810962835 -0.7573629243202802 0
    endloop
  endfacet
  facet normal 0 0 -1
    outer loop
      vertex 13.647421108614553 -13.647421108614553 0
      vertex 16.752368810962835 -0.7573629243202802 0
      vertex 16.78106011249197 -0.7036852745962976 0
    endloop
  endfacet
  facet normal 0 0 -1
    outer loop
      vertex 13.647421108614553 -13.647421108614553 0
      vertex 16.78106011249197 -0.7036852745962976 0
      vertex 16.807621919428875 -0.6489225931830135 0
    endloop
  endfacet
  facet normal 0 0 -1
    outer loop
      vertex 13.647421108614553 -13.647421108614553 0
      vertex 16.807621919428875 -0.6489225931830135 0
      vertex 16.832013275392494 -0.5931593201658891 0
    endloop
  endfacet
  facet normal 0 0 -1
    outer loop
      vertex 13.647421108614553 -13.647421108614553 0
      vertex 16.832013275392494 -0.5931593201658891 0
      vertex 16.85419657067985 -0.5364814384701141 0
    endloop
  endfacet
  facet normal 0 0 -1
    outer loop
      vertex 13.647421108614553 -13.647421108614553 0
      vertex 16.85419657067985 -0.5364814384701141 0
      vertex 16.874137600257487 -0.47897634128116845 0
    endloop
  endfacet
  facet normal 0 0 -1
    outer loop
      vertex 13.647421108614553 -13.647421108614553 0
      vertex 16.874137600257487 -0.47897634128116845 0
      vertex 16.891805616503152 -0.4207326972908651 0
    endloop
  endfacet
  facet normal 0 0 -1
    outer loop
      vertex 13.647421108614553 -13.647421108614553 0
      vertex 16.891805616503152 -0.4207326972908651 0
      vertex 16.9071733766164 -0.3618403139766534 0
    endloop
  endfacet
  facet normal 0 0 1
    outer loop
      vertex 15.556349186104047 -15.556349186104045 4
      vertex 33.941125496954285 -33.941125496954285 4
      vertex 16.15509520758508 -14.93361640172472 4
    endloop
  endfacet
  facet normal 0 0 -1
    outer loop
      vertex 13.647421108614553 -13.647421108614553 0
      vertex 16.9071733766164 -0.3618403139766534 0
      vertex 34.13080121669438 -34.13080121669438 0
    endloop
  endfacet
  facet normal 0 0 -1
    outer loop
      vertex 16.9071733766164 -0.3618403139766534 0
      vertex 16.920217184625006 -0.3023899991249988 0
      vertex 34.13080121669438 -34.13080121669438 0
    endloop
  endfacet
  facet normal 0 0 -1
    outer loop
      vertex 16.920217184625006 -0.3023899991249988 0
      vertex 16.930916927922464 -0.24247342081235784 0
      vertex 34.13080121669438 -34.13080121669438 0
    endloop
  endfacet
  facet normal 0 0 -1
    outer loop
      vertex 16.930916927922464 -0.24247342081235784 0
      vertex 16.939256108280137 -0.18218296605964834 0
      vertex 34.13080121669438 -34.13080121669438 0
    endloop
  endfacet
  facet normal 0 0 -1
    outer loop
      vertex 16.939256108280137 -0.18218296605964834 0
      vertex 16.94522186728635 -0.12161159837815967 0
      vertex 34.13080121669438 -34.13080121669438 0
    endloop
  endfacet
  facet normal 0 0 -1
    outer loop
      vertex 16.94522186728635 -0.12161159837815967 0
      vertex 16.94880500617312 -0.06085271442655635 0
      vertex 34.13080121669438 -34.13080121669438 0
    endloop
  endfacet
  facet normal 0 0 -1
    outer loop
      vertex 16.94880500617312 -0.06085271442655635 0
      vertex 34.12740870236855 34.12740870236855 0
      vertex 34.13080121669438 -34.13080121669438 0
    endloop
  endfacet
  facet normal 0 0 1
    outer loop
      vertex 16.15509520758508 -14.93361640172472 4
      vertex 33.941125496954285 -33.941125496954285 4
      vertex 16.72893124320068 -14.28785706326404 4
    endloop
  endfacet
  facet normal 0 0 1
    outer loop
      vertex 16.72893124320068 -14.28785706326404 4
      vertex 33.941125496954285 -33.941125496954285 4
      vertex 17.27697247937639 -13.620066884816348 4
    endloop
  endfacet
  facet normal 0 0 1
    outer loop
      vertex 17.27697247937639 -13.620066884816348 4
      vertex 33.941125496954285 -33.941125496954285 4
      vertex 17.798373876248846 -12.931275550434409 4
    endloop
  endfacet
  facet normal 0 0 1
    outer loop
      vertex 17.798373876248846 -12.931275550434409 4
      vertex 33.941125496954285 -33.941125496954285 4
      vertex 18.292331470655995 -12.222545126431248 4
    endloop
  endfacet
  facet normal 0 0 1
    outer loop
      vertex 18.292331470655995 -12.222545126431248 4
      vertex 33.941125496954285 -33.941125496954285 4
      vertex 18.75808361579003 -11.494968423750873 4
    endloop
  endfacet
  facet normal 0 0 1
    outer loop
      vertex 18.75808361579003 -11.494968423750873 4
      vertex 33.941125496954285 -33.941125496954285 4
      vertex 19.19491215560154 -10.74966731293301 4
    endloop
  endfacet
  facet normal 0 0 1
    outer loop
      vertex 19.19491215560154 -10.74966731293301 4
      vertex 33.941125496954285 -33.941125496954285 4
      vertex 19.602143532144094 -9.98779099427003 4
    endloop
  endfacet
  facet normal 0 0 1
    outer loop
      vertex 19.602143532144094 -9.98779099427003 4
      vertex 33.941125496954285 -33.941125496954285 4
      vertex 19.979149824151786 -9.210514225823418 4
    endloop
  endfacet
  facet normal 0 0 1
    outer loop
      vertex 19.979149824151786 -9.210514225823418 4
      vertex 33.941125496954285 -33.941125496954285 4
      vertex 20.325349715248308 -8.419035512031975 4
    endloop
  endfacet
  facet normal 0 0 1
    outer loop
      vertex 20.325349715248308 -8.419035512031975 4
      vertex 33.941125496954285 -33.941125496954285 4
      vertex 20.64020939029465 -7.614575255704845 4
    endloop
  endfacet
  facet normal 0 0 1
    outer loop
      vertex 20.64020939029465 -7.614575255704845 4
      vertex 33.941125496954285 -33.941125496954285 4
      vertex 20.923243358493377 -6.798373876248843 4
    endloop
  endfacet
  facet normal 0 0 1
    outer loop
      vertex 20.923243358493377 -6.798373876248843 4
      vertex 33.941125496954285 -33.941125496954285 4
      vertex 21.17401520198024 -5.971689897031633 4
    endloop
  endfacet
  facet normal 0 0 1
    outer loop
      vertex 21.17401520198024 -5.971689897031633 4
      vertex 33.941125496954285 -33.941125496954285 4
      vertex 21.392138248748886 -5.135798004829919 4
    endloop
  endfacet
  facet normal 0 0 1
    outer loop
      vertex 21.392138248748886 -5.135798004829919 4
      vertex 33.941125496954285 -33.941125496954285 4
      vertex 21.57727616887107 -4.291987084354822 4
    endloop
  endfacet
  facet normal 0 0 1
    outer loop
      vertex 21.57727616887107 -4.291987084354822 4
      vertex 33.941125496954285 -33.941125496954285 4
      vertex 21.72914349309303 -3.441558230885079 4
    endloop
  endfacet
  facet normal 0 0 1
    outer loop
      vertex 21.72914349309303 -3.441558230885079 4
      vertex 33.941125496954285 -33.941125496954285 4
      vertex 21.847506053008377 -2.585822744072428 4
    endloop
  endfacet
  facet normal 0 0 1
    outer loop
      vertex 21.847506053008377 -2.585822744072428 4
      vertex 33.941125496954285 -33.941125496954285 4
      vertex 21.932181342128814 -1.7261001060125887 4
    endloop
  endfacet
  facet normal 0 0 1
    outer loop
      vertex 21.932181342128814 -1.7261001060125887 4
      vertex 33.941125496954285 -33.941125496954285 4
      vertex 21.983038797295904 -0.8637159466995095 4
    endloop
  endfacet
  facet normal 0 0 1
    outer loop
      vertex 21.983038797295904 -0.8637159466995095 4
      vertex 33.941125496954285 -33.941125496954285 4
      vertex 22 0 4
    endloop
  endfacet
  facet normal 0 0 -1
    outer loop
      vertex 4.25 0 0
      vertex 4.246723404023072 0.16685421697604158 0
      vertex 13.819307638327807 13.819307638327807 0
    endloop
  endfacet
  facet normal 0 0 -1
    outer loop
      vertex 4.246723404023072 0.16685421697604158 0
      vertex 4.236898668365794 0.33345115684334103 0
      vertex 13.819307638327807 13.819307638327807 0
    endloop
  endfacet
  facet normal 0 0 -1
    outer loop
      vertex 4.220540942058436 0.49953393919581 0
      vertex 13.819307638327807 13.819307638327807 0
      vertex 4.236898668365794 0.33345115684334103 0
    endloop
  endfacet
  facet normal 0 0 -1
    outer loop
      vertex 4.197675447529336 0.6648464764209812 0
      vertex 4.16833744171373 0.8291338685685451 0
      vertex 13.819307638327807 13.819307638327807 0
    endloop
  endfacet
  facet normal 0 0 -1
    outer loop
      vertex 4.220540942058436 0.49953393919581 0
      vertex 4.197675447529336 0.6648464764209812 0
      vertex 13.819307638327807 13.819307638327807 0
    endloop
  endfacet
  facet normal 0 0 -1
    outer loop
      vertex 4.16833744171373 0.8291338685685451 0
      vertex 4.132572161690125 0.992142796387598 0
      vertex 13.819307638327807 13.819307638327807 0
    endloop
  endfacet
  facet normal 0 0 -1
    outer loop
      vertex 3.1208706651016636 2.8849031685150024 0
      vertex 3.0052038200428273 3.005203820042827 0
      vertex 13.819307638327807 13.819307638327807 0
    endloop
  endfacet
  facet normal 0 0 -1
    outer loop
      vertex 3.1208706651016636 2.8849031685150024 0
      vertex 13.819307638327807 13.819307638327807 0
      vertex 3.2317253538001314 2.7601542054032806 0
    endloop
  endfacet
  facet normal 0 0 -1
    outer loop
      vertex 3.4383222260935264 2.498087322243011 0
      vertex 13.819307638327807 13.819307638327807 0
      vertex 3.533745852285817 2.361173490333309 0
    endloop
  endfacet
  facet normal 0 0 -1
    outer loop
      vertex 3.623720698504892 2.2206189000427825 0
      vertex 3.533745852285817 2.361173490333309 0
      vertex 13.819307638327807 13.819307638327807 0
    endloop
  endfacet
  facet normal 0 0 -1
    outer loop
      vertex 3.337596956243166 2.6311492845667943 0
      vertex 3.2317253538001314 2.7601542054032806 0
      vertex 13.819307638327807 13.819307638327807 0
    endloop
  endfacet
  facet normal 0 0 -1
    outer loop
      vertex 3.337596956243166 2.6311492845667943 0
      vertex 13.819307638327807 13.819307638327807 0
      vertex 3.4383222260935264 2.498087322243011 0
    endloop
  endfacet
  facet normal 0 0 -1
    outer loop
      vertex 3.7867777278005637 1.929459623893074 0
      vertex 3.708108030059388 2.0766402763620584 0
      vertex 13.819307638327807 13.819307638327807 0
    endloop
  endfacet
  facet normal 0 0 -1
    outer loop
      vertex 3.8596084887565953 1.7793038845340694 0
      vertex 13.819307638327807 13.819307638327807 0
      vertex 3.9264880131729685 1.6264045875516315 0
    endloop
  endfacet
  facet normal 0 0 -1
    outer loop
      vertex 3.8596084887565953 1.7793038845340694 0
      vertex 3.7867777278005637 1.929459623893074 0
      vertex 13.819307638327807 13.819307638327807 0
    endloop
  endfacet
  facet normal 0 0 -1
    outer loop
      vertex 4.090434754928001 1.1536219119265656 0
      vertex 4.041990194254402 1.3133222260935264 0
      vertex 13.819307638327807 13.819307638327807 0
    endloop
  endfacet
  facet normal 0 0 -1
    outer loop
      vertex 4.041990194254402 1.3133222260935264 0
      vertex 3.9873131776705577 1.470997492579345 0
      vertex 13.819307638327807 13.819307638327807 0
    endloop
  endfacet
  facet normal 0 0 -1
    outer loop
      vertex 4.090434754928001 1.1536219119265656 0
      vertex 13.819307638327807 13.819307638327807 0
      vertex 4.132572161690125 0.992142796387598 0
    endloop
  endfacet
  facet normal 0 0 -1
    outer loop
      vertex 3.9873131776705577 1.470997492579345 0
      vertex 3.9264880131729685 1.6264045875516315 0
      vertex 13.819307638327807 13.819307638327807 0
    endloop
  endfacet
  facet normal 0 0 -1
    outer loop
      vertex 3.623720698504892 2.2206189000427825 0
      vertex 13.819307638327807 13.819307638327807 0
      vertex 3.708108030059388 2.0766402763620584 0
    endloop
  endfacet
  facet normal 0 0 -1
    outer loop
      vertex 13.647421108614553 -13.647421108614553 0
      vertex 4.25 0 0
      vertex 13.819307638327807 13.819307638327807 0
    endloop
  endfacet
  facet normal 0 0 -1
    outer loop
      vertex 13.647421108614553 -13.647421108614553 0
      vertex 13.819307638327807 13.819307638327807 0
      vertex 13.85 0 0
    endloop
  endfacet
  facet normal 0 0 -1
    outer loop
      vertex 13.85 0 0
      vertex 13.819307638327807 13.819307638327807 0
      vertex 13.85119499382688 0.06085271442655635 0
    endloop
  endfacet
  facet normal 0 0 -1
    outer loop
      vertex 13.854778132713651 0.12161159837815967 0
      vertex 13.819307638327807 13.819307638327807 0
      vertex 13.860743891719865 0.18218296605964834 0
    endloop
  endfacet
  facet normal 0 0 -1
    outer loop
      vertex 13.85119499382688 0.06085271442655635 0
      vertex 13.819307638327807 13.819307638327807 0
      vertex 13.854778132713651 0.12161159837815967 0
    endloop
  endfacet
  facet normal 0 0 -1
    outer loop
      vertex 13.860743891719865 0.18218296605964834 0
      vertex 13.819307638327807 13.819307638327807 0
      vertex 13.869083072077537 0.24247342081235784 0
    endloop
  endfacet
  facet normal 0 0 -1
    outer loop
      vertex 13.869083072077537 0.24247342081235784 0
      vertex 13.819307638327807 13.819307638327807 0
      vertex 13.879782815374993 0.3023899991249988 0
    endloop
  endfacet
  facet normal 0 0 -1
    outer loop
      vertex 13.879782815374993 0.3023899991249988 0
      vertex 13.819307638327807 13.819307638327807 0
      vertex 13.892826623383602 0.3618403139766534 0
    endloop
  endfacet
  facet normal 0 0 -1
    outer loop
      vertex 13.892826623383602 0.3618403139766534 0
      vertex 13.819307638327807 13.819307638327807 0
      vertex 13.908194383496847 0.4207326972908651 0
    endloop
  endfacet
  facet normal 0 0 -1
    outer loop
      vertex 13.925862399742513 0.47897634128116845 0
      vertex 13.819307638327807 13.819307638327807 0
      vertex 13.94580342932015 0.5364814384701141 0
    endloop
  endfacet
  facet normal 0 0 -1
    outer loop
      vertex 13.908194383496847 0.4207326972908651 0
      vertex 13.819307638327807 13.819307638327807 0
      vertex 13.925862399742513 0.47897634128116845 0
    endloop
  endfacet
  facet normal 0 0 -1
    outer loop
      vertex 13.94580342932015 0.5364814384701141 0
      vertex 13.819307638327807 13.819307638327807 0
      vertex 13.967986724607506 0.5931593201658891 0
    endloop
  endfacet
  facet normal 0 0 -1
    outer loop
      vertex 13.967986724607506 0.5931593201658891 0
      vertex 13.819307638327807 13.819307638327807 0
      vertex 13.992378080571125 0.6489225931830135 0
    endloop
  endfacet
  facet normal 0 0 -1
    outer loop
      vertex 14.01893988750803 0.7036852745962976 0
      vertex 13.819307638327807 13.819307638327807 0
      vertex 14.047631189037165 0.7573629243202802 0
    endloop
  endfacet
  facet normal 0 0 -1
    outer loop
      vertex 13.992378080571125 0.6489225931830135 0
      vertex 13.819307638327807 13.819307638327807 0
      vertex 14.01893988750803 0.7036852745962976 0
    endloop
  endfacet
  facet normal 0 0 -1
    outer loop
      vertex 14.047631189037165 0.7573629243202802 0
      vertex 13.819307638327807 13.819307638327807 0
      vertex 14.078407745251157 0.8098727753097207 0
    endloop
  endfacet
  facet normal 0 0 -1
    outer loop
      vertex 14.078407745251157 0.8098727753097207 0
      vertex 34.12740870236855 34.12740870236855 0
      vertex 14.111222100931055 0.8611338611803834 0
    endloop
  endfacet
  facet normal 0 0 -1
    outer loop
      vertex 14.111222100931055 0.8611338611803834 0
      vertex 34.12740870236855 34.12740870236855 0
      vertex 14.146023658718832 0.9110671410533334 0
    endloop
  endfacet
  facet normal 0 0 -1
    outer loop
      vertex 14.078407745251157 0.8098727753097207 0
      vertex 13.819307638327807 13.819307638327807 0
      vertex 34.12740870236855 34.12740870236855 0
    endloop
  endfacet
  facet normal 0 0 -1
    outer loop
      vertex 14.146023658718832 0.9110671410533334 0
      vertex 34.12740870236855 34.12740870236855 0
      vertex 14.182758757134845 0.9595956214302427 0
    endloop
  endfacet
  facet normal 0 0 -1
    outer loop
      vertex 14.182758757134845 0.9595956214302427 0
      vertex 34.12740870236855 34.12740870236855 0
      vertex 14.221370753319952 1.0066444749117847 0
    endloop
  endfacet
  facet normal 0 0 -1
    outer loop
      vertex 14.221370753319952 1.0066444749117847 0
      vertex 34.12740870236855 34.12740870236855 0
      vertex 14.261800110374688 1.0521411555760598 0
    endloop
  endfacet
  facet normal 0 0 -1
    outer loop
      vertex 14.261800110374688 1.0521411555760598 0
      vertex 34.12740870236855 34.12740870236855 0
      vertex 14.303984489160852 1.0960155108391487 0
    endloop
  endfacet
  facet normal 0 0 -1
    outer loop
      vertex 14.303984489160852 1.0960155108391487 0
      vertex 34.12740870236855 34.12740870236855 0
      vertex 14.347858844423941 1.1381998896253127 0
    endloop
  endfacet
  facet normal 0 0 -1
    outer loop
      vertex 14.347858844423941 1.1381998896253127 0
      vertex 34.12740870236855 34.12740870236855 0
      vertex 14.393355525088216 1.1786292466800479 0
    endloop
  endfacet
  facet normal 0 0 -1
    outer loop
      vertex 14.393355525088216 1.1786292466800479 0
      vertex 34.12740870236855 34.12740870236855 0
      vertex 14.440404378569758 1.2172412428651547 0
    endloop
  endfacet
  facet normal 0 0 -1
    outer loop
      vertex 14.440404378569758 1.2172412428651547 0
      vertex 34.12740870236855 34.12740870236855 0
      vertex 14.488932858946667 1.2539763412811686 0
    endloop
  endfacet
  facet normal 0 0 -1
    outer loop
      vertex 14.488932858946667 1.2539763412811686 0
      vertex 34.12740870236855 34.12740870236855 0
      vertex 14.538866138819618 1.2887778990689451 0
    endloop
  endfacet
  facet normal 0 0 -1
    outer loop
      vertex 14.538866138819618 1.2887778990689451 0
      vertex 34.12740870236855 34.12740870236855 0
      vertex 14.59012722469028 1.321592254748843 0
    endloop
  endfacet
  facet normal 0 0 -1
    outer loop
      vertex 14.59012722469028 1.321592254748843 0
      vertex 34.12740870236855 34.12740870236855 0
      vertex 14.64263707567972 1.3523688109628356 0
    endloop
  endfacet
  facet normal 0 0 -1
    outer loop
      vertex 14.64263707567972 1.3523688109628356 0
      vertex 34.12740870236855 34.12740870236855 0
      vertex 14.696314725403703 1.3810601124919704 0
    endloop
  endfacet
  facet normal 0 0 -1
    outer loop
      vertex 14.696314725403703 1.3810601124919704 0
      vertex 34.12740870236855 34.12740870236855 0
      vertex 14.751077406816988 1.407621919428876 0
    endloop
  endfacet
  facet normal 0 0 -1
    outer loop
      vertex 14.751077406816988 1.407621919428876 0
      vertex 34.12740870236855 34.12740870236855 0
      vertex 14.806840679834112 1.4320132753924946 0
    endloop
  endfacet
  facet normal 0 0 -1
    outer loop
      vertex 14.806840679834112 1.4320132753924946 0
      vertex 34.12740870236855 34.12740870236855 0
      vertex 14.863518561529887 1.4541965706798505 0
    endloop
  endfacet
  facet normal 0 0 -1
    outer loop
      vertex 14.863518561529887 1.4541965706798505 0
      vertex 34.12740870236855 34.12740870236855 0
      vertex 14.921023658718832 1.474137600257488 0
    endloop
  endfacet
  facet normal 0 0 -1
    outer loop
      vertex 14.921023658718832 1.474137600257488 0
      vertex 34.12740870236855 34.12740870236855 0
      vertex 14.979267302709136 1.4918056165031532 0
    endloop
  endfacet
  facet normal 0 0 -1
    outer loop
      vertex 14.979267302709136 1.4918056165031532 0
      vertex 34.12740870236855 34.12740870236855 0
      vertex 15.038159686023347 1.5071733766163986 0
    endloop
  endfacet
  facet normal 0 0 -1
    outer loop
      vertex 15.038159686023347 1.5071733766163986 0
      vertex 34.12740870236855 34.12740870236855 0
      vertex 15.097610000875001 1.5202171846250072 0
    endloop
  endfacet
  facet normal 0 0 -1
    outer loop
      vertex 15.097610000875001 1.5202171846250072 0
      vertex 34.12740870236855 34.12740870236855 0
      vertex 15.157526579187643 1.5309169279224635 0
    endloop
  endfacet
  facet normal 0 0 -1
    outer loop
      vertex 15.157526579187643 1.5309169279224635 0
      vertex 34.12740870236855 34.12740870236855 0
      vertex 15.217817033940353 1.5392561082801357 0
    endloop
  endfacet
  facet normal 0 0 -1
    outer loop
      vertex 15.217817033940353 1.5392561082801357 0
      vertex 34.12740870236855 34.12740870236855 0
      vertex 15.278388401621841 1.5452218672863485 0
    endloop
  endfacet
  facet normal 0 0 -1
    outer loop
      vertex 15.278388401621841 1.5452218672863485 0
      vertex 34.12740870236855 34.12740870236855 0
      vertex 15.339147285573445 1.5488050061731204 0
    endloop
  endfacet
  facet normal 0 0 -1
    outer loop
      vertex 15.339147285573445 1.5488050061731204 0
      vertex 34.12740870236855 34.12740870236855 0
      vertex 15.4 1.55 0
    endloop
  endfacet
  facet normal 0 0 -1
    outer loop
      vertex 15.4 1.55 0
      vertex 34.12740870236855 34.12740870236855 0
      vertex 15.460852714426556 1.5488050061731204 0
    endloop
  endfacet
  facet normal 0 0 -1
    outer loop
      vertex 15.460852714426556 1.5488050061731204 0
      vertex 34.12740870236855 34.12740870236855 0
      vertex 15.52161159837816 1.5452218672863485 0
    endloop
  endfacet
  facet normal 0 0 -1
    outer loop
      vertex 16.721592254748842 0.8098727753097207 0
      vertex 34.12740870236855 34.12740870236855 0
      vertex 16.752368810962835 0.7573629243202802 0
    endloop
  endfacet
  facet normal 0 0 -1
    outer loop
      vertex 16.807621919428875 0.6489225931830135 0
      vertex 16.78106011249197 0.7036852745962976 0
      vertex 34.12740870236855 34.12740870236855 0
    endloop
  endfacet
  facet normal 0 0 -1
    outer loop
      vertex 16.807621919428875 0.6489225931830135 0
      vertex 34.12740870236855 34.12740870236855 0
      vertex 16.832013275392494 0.5931593201658891 0
    endloop
  endfacet
  facet normal 0 0 -1
    outer loop
      vertex 16.752368810962835 0.7573629243202802 0
      vertex 34.12740870236855 34.12740870236855 0
      vertex 16.78106011249197 0.7036852745962976 0
    endloop
  endfacet
  facet normal 0 0 -1
    outer loop
      vertex 15.52161159837816 1.5452218672863485 0
      vertex 34.12740870236855 34.12740870236855 0
      vertex 15.582182966059648 1.5392561082801357 0
    endloop
  endfacet
  facet normal 0 0 -1
    outer loop
      vertex 15.582182966059648 1.5392561082801357 0
      vertex 34.12740870236855 34.12740870236855 0
      vertex 15.642473420812358 1.5309169279224635 0
    endloop
  endfacet
  facet normal 0 0 -1
    outer loop
      vertex 15.702389999125 1.5202171846250072 0
      vertex 34.12740870236855 34.12740870236855 0
      vertex 15.761840313976654 1.5071733766163986 0
    endloop
  endfacet
  facet normal 0 0 -1
    outer loop
      vertex 15.642473420812358 1.5309169279224635 0
      vertex 34.12740870236855 34.12740870236855 0
      vertex 15.702389999125 1.5202171846250072 0
    endloop
  endfacet
  facet normal 0 0 -1
    outer loop
      vertex 15.761840313976654 1.5071733766163986 0
      vertex 34.12740870236855 34.12740870236855 0
      vertex 15.820732697290865 1.4918056165031532 0
    endloop
  endfacet
  facet normal 0 0 -1
    outer loop
      vertex 15.878976341281168 1.474137600257488 0
      vertex 15.820732697290865 1.4918056165031532 0
      vertex 34.12740870236855 34.12740870236855 0
    endloop
  endfacet
  facet normal 0 0 -1
    outer loop
      vertex 15.878976341281168 1.474137600257488 0
      vertex 34.12740870236855 34.12740870236855 0
      vertex 15.936481438470114 1.4541965706798505 0
    endloop
  endfacet
  facet normal 0 0 -1
    outer loop
      vertex 15.936481438470114 1.4541965706798505 0
      vertex 34.12740870236855 34.12740870236855 0
      vertex 15.993159320165889 1.4320132753924946 0
    endloop
  endfacet
  facet normal 0 0 -1
    outer loop
      vertex 15.993159320165889 1.4320132753924946 0
      vertex 34.12740870236855 34.12740870236855 0
      vertex 16.048922593183015 1.407621919428876 0
    endloop
  endfacet
  facet normal 0 0 -1
    outer loop
      vertex 16.048922593183015 1.407621919428876 0
      vertex 34.12740870236855 34.12740870236855 0
      vertex 16.103685274596298 1.3810601124919704 0
    endloop
  endfacet
  facet normal 0 0 -1
    outer loop
      vertex 16.103685274596298 1.3810601124919704 0
      vertex 34.12740870236855 34.12740870236855 0
      vertex 16.15736292432028 1.3523688109628356 0
    endloop
  endfacet
  facet normal 0 0 -1
    outer loop
      vertex 16.20987277530972 1.321592254748843 0
      vertex 34.12740870236855 34.12740870236855 0
      vertex 16.261133861180383 1.2887778990689451 0
    endloop
  endfacet
  facet normal 0 0 -1
    outer loop
      vertex 16.261133861180383 1.2887778990689451 0
      vertex 34.12740870236855 34.12740870236855 0
      vertex 16.311067141053332 1.2539763412811686 0
    endloop
  endfacet
  facet normal 0 0 -1
    outer loop
      vertex 16.359595621430245 1.2172412428651547 0
      vertex 34.12740870236855 34.12740870236855 0
      vertex 16.406644474911786 1.1786292466800479 0
    endloop
  endfacet
  facet normal 0 0 -1
    outer loop
      vertex 16.359595621430245 1.2172412428651547 0
      vertex 16.311067141053332 1.2539763412811686 0
      vertex 34.12740870236855 34.12740870236855 0
    endloop
  endfacet
  facet normal 0 0 -1
    outer loop
      vertex 16.45214115557606 1.1381998896253127 0
      vertex 34.12740870236855 34.12740870236855 0
      vertex 16.49601551083915 1.0960155108391487 0
    endloop
  endfacet
  facet normal 0 0 -1
    outer loop
      vertex 16.45214115557606 1.1381998896253127 0
      vertex 16.406644474911786 1.1786292466800479 0
      vertex 34.12740870236855 34.12740870236855 0
    endloop
  endfacet
  facet normal 0 0 -1
    outer loop
      vertex 16.20987277530972 1.321592254748843 0
      vertex 16.15736292432028 1.3523688109628356 0
      vertex 34.12740870236855 34.12740870236855 0
    endloop
  endfacet
  facet normal 0 0 -1
    outer loop
      vertex 16.57862924668005 1.0066444749117847 0
      vertex 16.538199889625314 1.0521411555760598 0
      vertex 34.12740870236855 34.12740870236855 0
    endloop
  endfacet
  facet normal 0 0 -1
    outer loop
      vertex 16.49601551083915 1.0960155108391487 0
      vertex 34.12740870236855 34.12740870236855 0
      vertex 16.538199889625314 1.0521411555760598 0
    endloop
  endfacet
  facet normal 0 0 -1
    outer loop
      vertex 16.617241242865155 0.9595956214302427 0
      vertex 34.12740870236855 34.12740870236855 0
      vertex 16.65397634128117 0.9110671410533334 0
    endloop
  endfacet
  facet normal 0 0 -1
    outer loop
      vertex 16.57862924668005 1.0066444749117847 0
      vertex 34.12740870236855 34.12740870236855 0
      vertex 16.617241242865155 0.9595956214302427 0
    endloop
  endfacet
  facet normal 0 0 -1
    outer loop
      vertex 16.688777899068945 0.8611338611803834 0
      vertex 16.65397634128117 0.9110671410533334 0
      vertex 34.12740870236855 34.12740870236855 0
    endloop
  endfacet
  facet normal 0 0 -1
    outer loop
      vertex 16.688777899068945 0.8611338611803834 0
      vertex 34.12740870236855 34.12740870236855 0
      vertex 16.721592254748842 0.8098727753097207 0
    endloop
  endfacet
  facet normal 0 0 -1
    outer loop
      vertex 16.94880500617312 -0.06085271442655635 0
      vertex 16.95 0 0
      vertex 34.12740870236855 34.12740870236855 0
    endloop
  endfacet
  facet normal 0 0 -1
    outer loop
      vertex 16.95 0 0
      vertex 16.94880500617312 0.06085271442655635 0
      vertex 34.12740870236855 34.12740870236855 0
    endloop
  endfacet
  facet normal 0 0 -1
    outer loop
      vertex 16.920217184625006 0.3023899991249988 0
      vertex 16.9071733766164 0.3618403139766534 0
      vertex 34.12740870236855 34.12740870236855 0
    endloop
  endfacet
  facet normal 0 0 -1
    outer loop
      vertex 16.94880500617312 0.06085271442655635 0
      vertex 16.94522186728635 0.12161159837815967 0
      vertex 34.12740870236855 34.12740870236855 0
    endloop
  endfacet
  facet normal 0 0 -1
    outer loop
      vertex 16.939256108280137 0.18218296605964834 0
      vertex 16.930916927922464 0.24247342081235784 0
      vertex 34.12740870236855 34.12740870236855 0
    endloop
  endfacet
  facet normal 0 0 -1
    outer loop
      vertex 16.94522186728635 0.12161159837815967 0
      vertex 16.939256108280137 0.18218296605964834 0
      vertex 34.12740870236855 34.12740870236855 0
    endloop
  endfacet
  facet normal 0 0 -1
    outer loop
      vertex 16.930916927922464 0.24247342081235784 0
      vertex 16.920217184625006 0.3023899991249988 0
      vertex 34.12740870236855 34.12740870236855 0
    endloop
  endfacet
  facet normal 0 0 -1
    outer loop
      vertex 16.874137600257487 0.47897634128116845 0
      vertex 34.12740870236855 34.12740870236855 0
      vertex 16.891805616503152 0.4207326972908651 0
    endloop
  endfacet
  facet normal 0 0 -1
    outer loop
      vertex 16.9071733766164 0.3618403139766534 0
      vertex 16.891805616503152 0.4207326972908651 0
      vertex 34.12740870236855 34.12740870236855 0
    endloop
  endfacet
  facet normal 0 0 -1
    outer loop
      vertex 16.874137600257487 0.47897634128116845 0
      vertex 16.85419657067985 0.5364814384701141 0
      vertex 34.12740870236855 34.12740870236855 0
    endloop
  endfacet
  facet normal 0 0 -1
    outer loop
      vertex 16.85419657067985 0.5364814384701141 0
      vertex 16.832013275392494 0.5931593201658891 0
      vertex 34.12740870236855 34.12740870236855 0
    endloop
  endfacet
  facet normal 0 0 1
    outer loop
      vertex 16.15509520758508 14.93361640172472 4
      vertex 16.72893124320068 14.28785706326404 4
      vertex 33.941125496954285 33.941125496954285 4
    endloop
  endfacet
  facet normal 0 0 1
    outer loop
      vertex 19.602143532144094 9.98779099427003 4
      vertex 33.941125496954285 33.941125496954285 4
      vertex 19.19491215560154 10.74966731293301 4
    endloop
  endfacet
  facet normal 0 0 1
    outer loop
      vertex 17.798373876248846 12.931275550434409 4
      vertex 18.292331470655995 12.222545126431248 4
      vertex 33.941125496954285 33.941125496954285 4
    endloop
  endfacet
  facet normal 0 0 1
    outer loop
      vertex 17.798373876248846 12.931275550434409 4
      vertex 33.941125496954285 33.941125496954285 4
      vertex 17.27697247937639 13.620066884816348 4
    endloop
  endfacet
  facet normal 0 0 1
    outer loop
      vertex 16.72893124320068 14.28785706326404 4
      vertex 17.27697247937639 13.620066884816348 4
      vertex 33.941125496954285 33.941125496954285 4
    endloop
  endfacet
  facet normal 0 0 1
    outer loop
      vertex 18.75808361579003 11.494968423750873 4
      vertex 33.941125496954285 33.941125496954285 4
      vertex 18.292331470655995 12.222545126431248 4
    endloop
  endfacet
  facet normal 0 0 1
    outer loop
      vertex 18.75808361579003 11.494968423750873 4
      vertex 19.19491215560154 10.74966731293301 4
      vertex 33.941125496954285 33.941125496954285 4
    endloop
  endfacet
  facet normal 0 0 1
    outer loop
      vertex 22 0 4
      vertex 33.941125496954285 -33.941125496954285 4
      vertex 33.941125496954285 33.941125496954285 4
    endloop
  endfacet
  facet normal 0 0 1
    outer loop
      vertex 22 0 4
      vertex 33.941125496954285 33.941125496954285 4
      vertex 21.983038797295904 0.8637159466995095 4
    endloop
  endfacet
  facet normal 0 0 1
    outer loop
      vertex 21.983038797295904 0.8637159466995095 4
      vertex 33.941125496954285 33.941125496954285 4
      vertex 21.932181342128814 1.7261001060125887 4
    endloop
  endfacet
  facet normal 0 0 1
    outer loop
      vertex 21.932181342128814 1.7261001060125887 4
      vertex 33.941125496954285 33.941125496954285 4
      vertex 21.847506053008377 2.585822744072428 4
    endloop
  endfacet
  facet normal 0 0 1
    outer loop
      vertex 21.57727616887107 4.291987084354822 4
      vertex 33.941125496954285 33.941125496954285 4
      vertex 21.392138248748886 5.135798004829919 4
    endloop
  endfacet
  facet normal 0 0 1
    outer loop
      vertex 21.847506053008377 2.585822744072428 4
      vertex 33.941125496954285 33.941125496954285 4
      vertex 21.72914349309303 3.441558230885079 4
    endloop
  endfacet
  facet normal 0 0 1
    outer loop
      vertex 21.57727616887107 4.291987084354822 4
      vertex 21.72914349309303 3.441558230885079 4
      vertex 33.941125496954285 33.941125496954285 4
    endloop
  endfacet
  facet normal 0 0 1
    outer loop
      vertex 21.392138248748886 5.135798004829919 4
      vertex 33.941125496954285 33.941125496954285 4
      vertex 21.17401520198024 5.971689897031633 4
    endloop
  endfacet
  facet normal 0 0 1
    outer loop
      vertex 21.17401520198024 5.971689897031633 4
      vertex 33.941125496954285 33.941125496954285 4
      vertex 20.923243358493377 6.798373876248843 4
    endloop
  endfacet
  facet normal 0 0 1
    outer loop
      vertex 20.325349715248308 8.419035512031975 4
      vertex 33.941125496954285 33.941125496954285 4
      vertex 19.979149824151786 9.210514225823418 4
    endloop
  endfacet
  facet normal 0 0 1
    outer loop
      vertex 20.64020939029465 7.614575255704845 4
      vertex 20.923243358493377 6.798373876248843 4
      vertex 33.941125496954285 33.941125496954285 4
    endloop
  endfacet
  facet normal 0 0 1
    outer loop
      vertex 20.64020939029465 7.614575255704845 4
      vertex 33.941125496954285 33.941125496954285 4
      vertex 20.325349715248308 8.419035512031975 4
    endloop
  endfacet
  facet normal 0 0 1
    outer loop
      vertex 19.602143532144094 9.98779099427003 4
      vertex 19.979149824151786 9.210514225823418 4
      vertex 33.941125496954285 33.941125496954285 4
    endloop
  endfacet
  facet normal 1.5035266606901077e-14 -1.4069055863095675e-14 1
    outer loop
      vertex 15.556349186104047 15.556349186104045 4.000000000000018
      vertex 16.15509520758508 14.93361640172472 4
      vertex 33.941125496954285 33.941125496954285 4
    endloop
  endfacet
  facet normal 0 0 -1
    outer loop
      vertex 41.37313501018491 -24.31828736522549 0
      vertex 41.906956000658596 -24.396122472305482 0
      vertex 41.81872295901844 -24.546662507930495 0
    endloop
  endfacet
  facet normal 0 0 -1
    outer loop
      vertex 41.37313501018491 -24.31828736522549 0
      vertex 42.31605634303066 -22.637656982331407 0
      vertex 41.906956000658596 -24.396122472305482 0
    endloop
  endfacet
  facet normal 0 0 -1
    outer loop
      vertex 42.33767563670618 -22.59721012870867 0
      vertex 43.213816423135846 -20.87304648962114 0
      vertex 42.75017968671918 -22.88594256207508 0
    endloop
  endfacet
  facet normal 0 0 -1
    outer loop
      vertex 34.13080121669438 -34.13080121669438 0
      vertex 34.28079844657187 33.58784468321213 0
      vertex 34.294678887547555 -33.57340816865155 0
    endloop
  endfacet
  facet normal 0 0 -1
    outer loop
      vertex 34.294678887547555 -33.57340816865155 0
      vertex 35.600182451355096 32.18552692128611 0
      vertex 34.30913814382321 -33.55836965048599 0
    endloop
  endfacet
  facet normal 0 0 -1
    outer loop
      vertex 34.30913814382321 -33.55836965048599 0
      vertex 35.600182451355096 32.18552692128611 0
      vertex 35.24836673606764 -33.30278471534311 0
    endloop
  endfacet
  facet normal 0 0 -1
    outer loop
      vertex 35.24836673606764 -33.30278471534311 0
      vertex 35.600182451355096 32.18552692128611 0
      vertex 35.61464170763075 -32.1692553747333 0
    endloop
  endfacet
  facet normal 0 0 -1
    outer loop
      vertex 35.61464170763075 -32.1692553747333 0
      vertex 36.86457656936439 30.728642598935224 0
      vertex 35.62975446986786 -32.152248413268985 0
    endloop
  endfacet
  facet normal 0 0 -1
    outer loop
      vertex 35.62975446986786 -32.152248413268985 0
      vertex 36.86457656936439 30.728642598935224 0
      vertex 36.441450087563055 -31.99139749761412 0
    endloop
  endfacet
  facet normal 0 0 -1
    outer loop
      vertex 36.441450087563055 -31.99139749761412 0
      vertex 36.86457656936439 30.728642598935224 0
      vertex 36.52865271492871 -31.893265091378478 0
    endloop
  endfacet
  facet normal 0 0 -1
    outer loop
      vertex 36.52865271492871 -31.893265091378478 0
      vertex 36.86457656936439 30.728642598935224 0
      vertex 36.8796893316015 -30.710227644867935 0
    endloop
  endfacet
  facet normal 0 0 -1
    outer loop
      vertex 36.8796893316015 -30.710227644867935 0
      vertex 38.07201740863386 29.218736005415483 0
      vertex 36.895543070683765 -30.690909807902443 0
    endloop
  endfacet
  facet normal 0 0 -1
    outer loop
      vertex 36.895543070683765 -30.690909807902443 0
      vertex 38.07201740863386 29.218736005415483 0
      vertex 37.6693314218415 -30.53604867310381 0
    endloop
  endfacet
  facet normal 0 0 -1
    outer loop
      vertex 37.6693314218415 -30.53604867310381 0
      vertex 38.07201740863386 29.218736005415483 0
      vertex 37.75261415895294 -30.434568364312902 0
    endloop
  endfacet
  facet normal 0 0 -1
    outer loop
      vertex 37.75261415895294 -30.434568364312902 0
      vertex 38.07201740863386 29.218736005415483 0
      vertex 38.08787114771613 -29.197792605257913 0
    endloop
  endfacet
  facet normal 0 0 -1
    outer loop
      vertex 38.08787114771613 -29.197792605257913 0
      vertex 39.220626030179346 27.657261838305427 0
      vertex 38.10456934472173 -29.17573364364743 0
    endloop
  endfacet
  facet normal 0 0 -1
    outer loop
      vertex 40.345060849115704 -25.98858475693001 0
      vertex 41.14039151124341 -1.7793038845340694 0
      vertex 40.91685998282209 -26.022573317621696 0
    endloop
  endfacet
  facet normal 0 0 -1
    outer loop
      vertex 40.32627619667345 -26.01792928196918 0
      vertex 40.86742783830987 -0.992142796387598 0
      vertex 40.345060849115704 -25.98858475693001 0
    endloop
  endfacet
  facet normal 0 0 -1
    outer loop
      vertex 40.91685998282209 -26.022573317621696 0
      vertex 41.14039151124341 -1.7793038845340694 0
      vertex 41.353047971173474 -24.352559147226565 0
    endloop
  endfacet
  facet normal 0 0 -1
    outer loop
      vertex 41.353047971173474 -24.352559147226565 0
      vertex 41.37627930149511 -2.2206189000427825 0
      vertex 41.37313501018491 -24.31828736522549 0
    endloop
  endfacet
  facet normal 0 0 -1
    outer loop
      vertex 41.37313501018491 -24.31828736522549 0
      vertex 41.87912933489834 -2.8849031685150024 0
      vertex 42.31605634303066 -22.637656982331407 0
    endloop
  endfacet
  facet normal 0 0 -1
    outer loop
      vertex 43.523943594870495 -21.379147664962975 0
      vertex 43.237260172461966 -20.82471233153736 0
      vertex 43.615718735937826 -21.189934151595164 0
    endloop
  endfacet
  facet normal 0 0 -1
    outer loop
      vertex 43.237260172461966 -20.82471233153736 0
      vertex 44.04494393051644 -19.057573500494364 0
      vertex 43.615718735937826 -21.189934151595164 0
    endloop
  endfacet
  facet normal 0 0 -1
    outer loop
      vertex 42.31605634303066 -22.637656982331407 0
      vertex 42.77938109995722 -3.623720698504892 0
      vertex 42.33767563670618 -22.59721012870867 0
    endloop
  endfacet
  facet normal 0 0 -1
    outer loop
      vertex 44.3297296101104 -19.653923110266334 0
      vertex 44.07059164115577 -18.99893796203645 0
      vertex 44.80815732679741 -17.188557766624463 0
    endloop
  endfacet
  facet normal 0 0 -1
    outer loop
      vertex 44.836514651982824 -17.11610536037696 0
      vertex 45.06716239537441 -17.898393630678434 0
      vertex 44.971421405826604 -18.14300996962787 0
    endloop
  endfacet
  facet normal 0 0 -1
    outer loop
      vertex 44.836514651982824 -17.11610536037696 0
      vertex 45.50227979224048 -15.260860504644599 0
      vertex 45.06716239537441 -17.898393630678434 0
    endloop
  endfacet
  facet normal 0 0 -1
    outer loop
      vertex 42.33767563670618 -22.59721012870867 0
      vertex 42.77938109995722 -3.623720698504892 0
      vertex 43.213816423135846 -20.87304648962114 0
    endloop
  endfacet
  facet normal 0 0 -1
    outer loop
      vertex 43.213816423135846 -20.87304648962114 0
      vertex 43.686677773906474 -4.041990194254402 0
      vertex 43.237260172461966 -20.82471233153736 0
    endloop
  endfacet
  facet normal 0 0 -1
    outer loop
      vertex 43.237260172461966 -20.82471233153736 0
      vertex 43.686677773906474 -4.041990194254402 0
      vertex 44.04494393051644 -19.057573500494364 0
    endloop
  endfacet
  facet normal 0 0 -1
    outer loop
      vertex 44.04494393051644 -19.057573500494364 0
      vertex 44.50046606080419 -4.220540942058436 0
      vertex 44.07059164115577 -18.99893796203645 0
    endloop
  endfacet
  facet normal 0 0 -1
    outer loop
      vertex 44.07059164115577 -18.99893796203645 0
      vertex 44.50046606080419 -4.220540942058436 0
      vertex 44.80815732679741 -17.188557766624463 0
    endloop
  endfacet
  facet normal 0 0 -1
    outer loop
      vertex 44.80815732679741 -17.188557766624463 0
      vertex 45.16685421697604 -4.246723404023072 0
      vertex 44.836514651982824 -17.11610536037696 0
    endloop
  endfacet
  facet normal 0 0 -1
    outer loop
      vertex 44.836514651982824 -17.11610536037696 0
      vertex 45.16685421697604 -4.246723404023072 0
      vertex 45.50227979224048 -15.260860504644599 0
    endloop
  endfacet
  facet normal 0 0 -1
    outer loop
      vertex 45.50227979224048 -15.260860504644599 0
      vertex 45.82913386856855 -4.16833744171373 0
      vertex 45.534041650385596 -15.169267002291809 0
    endloop
  endfacet
  facet normal 0 0 -1
    outer loop
      vertex 38.10456934472173 -29.17573364364743 0
      vertex 39.220626030179346 27.657261838305427 0
      vertex 38.83912937739507 -29.033615474836534 0
    endloop
  endfacet
  facet normal 0 0 -1
    outer loop
      vertex 38.83912937739507 -29.033615474836534 0
      vertex 39.220626030179346 27.657261838305427 0
      vertex 39.23732422718495 -27.633303262958343 0
    endloop
  endfacet
  facet normal 0 0 -1
    outer loop
      vertex 39.23732422718495 -27.633303262958343 0
      vertex 40.30860974631951 26.045527002840412 0
      vertex 39.254990677538885 -27.607955437574656 0
    endloop
  endfacet
  facet normal 0 0 -1
    outer loop
      vertex 39.254990677538885 -27.607955437574656 0
      vertex 40.32627619667345 26.01792928196918 0
      vertex 39.86367313260523 -27.60889924103589 0
    endloop
  endfacet
  facet normal 0 0 -1
    outer loop
      vertex 39.86367313260523 -27.60889924103589 0
      vertex 40.32627619667345 26.01792928196918 0
      vertex 39.949040210564945 -27.486414545905493 0
    endloop
  endfacet
  facet normal 0 0 -1
    outer loop
      vertex 39.949040210564945 -27.486414545905493 0
      vertex 40.32627619667345 26.01792928196918 0
      vertex 40.32627619667345 -26.01792928196918 0
    endloop
  endfacet
  facet normal 0 0 -1
    outer loop
      vertex 40.345060849115704 -25.98858475693001 0
      vertex 41.07351198682703 -1.6264045875516315 0
      vertex 41.14039151124341 -1.7793038845340694 0
    endloop
  endfacet
  facet normal 0 0 -1
    outer loop
      vertex 40.345060849115704 -25.98858475693001 0
      vertex 41.01268682232944 -1.470997492579345 0
      vertex 41.07351198682703 -1.6264045875516315 0
    endloop
  endfacet
  facet normal 0 0 -1
    outer loop
      vertex 40.345060849115704 -25.98858475693001 0
      vertex 40.909565245072 -1.1536219119265656 0
      vertex 40.9580098057456 -1.3133222260935264 0
    endloop
  endfacet
  facet normal 0 0 -1
    outer loop
      vertex 40.345060849115704 -25.98858475693001 0
      vertex 40.86742783830987 -0.992142796387598 0
      vertex 40.909565245072 -1.1536219119265656 0
    endloop
  endfacet
  facet normal 0 0 -1
    outer loop
      vertex 40.345060849115704 -25.98858475693001 0
      vertex 40.9580098057456 -1.3133222260935264 0
      vertex 41.01268682232944 -1.470997492579345 0
    endloop
  endfacet
  facet normal 0 0 -1
    outer loop
      vertex 41.353047971173474 -24.352559147226565 0
      vertex 41.21322227219944 -1.929459623893074 0
      vertex 41.291891969940615 -2.0766402763620584 0
    endloop
  endfacet
  facet normal 0 0 -1
    outer loop
      vertex 41.353047971173474 -24.352559147226565 0
      vertex 41.14039151124341 -1.7793038845340694 0
      vertex 41.21322227219944 -1.929459623893074 0
    endloop
  endfacet
  facet normal 0 0 -1
    outer loop
      vertex 40.32627619667345 -26.01792928196918 0
      vertex 40.7631013316342 -0.33345115684334103 0
      vertex 40.779459057941565 -0.49953393919581 0
    endloop
  endfacet
  facet normal 0 0 -1
    outer loop
      vertex 40.32627619667345 -26.01792928196918 0
      vertex 40.75327659597693 -0.16685421697604158 0
      vertex 40.7631013316342 -0.33345115684334103 0
    endloop
  endfacet
  facet normal 0 0 -1
    outer loop
      vertex 40.32627619667345 -26.01792928196918 0
      vertex 40.75 0 0
      vertex 40.75327659597693 -0.16685421697604158 0
    endloop
  endfacet
  facet normal 0 0 -1
    outer loop
      vertex 40.32627619667345 -26.01792928196918 0
      vertex 40.83166255828627 -0.8291338685685451 0
      vertex 40.86742783830987 -0.992142796387598 0
    endloop
  endfacet
  facet normal 0 0 -1
    outer loop
      vertex 40.32627619667345 -26.01792928196918 0
      vertex 40.802324552470665 -0.6648464764209812 0
      vertex 40.83166255828627 -0.8291338685685451 0
    endloop
  endfacet
  facet normal 0 0 -1
    outer loop
      vertex 40.32627619667345 -26.01792928196918 0
      vertex 40.779459057941565 -0.49953393919581 0
      vertex 40.802324552470665 -0.6648464764209812 0
    endloop
  endfacet
  facet normal 0 0 -1
    outer loop
      vertex 41.37313501018491 -24.31828736522549 0
      vertex 41.76827464619987 -2.7601542054032806 0
      vertex 41.87912933489834 -2.8849031685150024 0
    endloop
  endfacet
  facet normal 0 0 -1
    outer loop
      vertex 41.37313501018491 -24.31828736522549 0
      vertex 41.37627930149511 -2.2206189000427825 0
      vertex 41.46625414771418 -2.361173490333309 0
    endloop
  endfacet
  facet normal 0 0 -1
    outer loop
      vertex 41.37313501018491 -24.31828736522549 0
      vertex 41.46625414771418 -2.361173490333309 0
      vertex 41.561677773906474 -2.498087322243011 0
    endloop
  endfacet
  facet normal 0 0 -1
    outer loop
      vertex 41.353047971173474 -24.352559147226565 0
      vertex 41.291891969940615 -2.0766402763620584 0
      vertex 41.37627930149511 -2.2206189000427825 0
    endloop
  endfacet
  facet normal 0 0 -1
    outer loop
      vertex 41.37313501018491 -24.31828736522549 0
      vertex 41.561677773906474 -2.498087322243011 0
      vertex 41.66240304375683 -2.6311492845667943 0
    endloop
  endfacet
  facet normal 0 0 -1
    outer loop
      vertex 41.37313501018491 -24.31828736522549 0
      vertex 41.66240304375683 -2.6311492845667943 0
      vertex 41.76827464619987 -2.7601542054032806 0
    endloop
  endfacet
  facet normal 0 0 -1
    outer loop
      vertex 42.31605634303066 -22.637656982331407 0
      vertex 41.87912933489834 -2.8849031685150024 0
      vertex 41.99479617995717 -3.0052038200428273 0
    endloop
  endfacet
  facet normal 0 0 -1
    outer loop
      vertex 42.31605634303066 -22.637656982331407 0
      vertex 41.99479617995717 -3.0052038200428273 0
      vertex 42.115096831485 -3.1208706651016636 0
    endloop
  endfacet
  facet normal 0 0 -1
    outer loop
      vertex 40.32627619667345 -26.01792928196918 0
      vertex 40.99735251929434 25.89683155799972 0
      vertex 40.75 0 0
    endloop
  endfacet
  facet normal 0 0 -1
    outer loop
      vertex 42.31605634303066 -22.637656982331407 0
      vertex 42.115096831485 -3.1208706651016636 0
      vertex 42.23984579459672 -3.2317253538001314 0
    endloop
  endfacet
  facet normal 0 0 -1
    outer loop
      vertex 42.31605634303066 -22.637656982331407 0
      vertex 42.368850715433204 -3.337596956243166 0
      vertex 42.50191267775699 -3.4383222260935264 0
    endloop
  endfacet
  facet normal 0 0 -1
    outer loop
      vertex 42.31605634303066 -22.637656982331407 0
      vertex 42.23984579459672 -3.2317253538001314 0
      vertex 42.368850715433204 -3.337596956243166 0
    endloop
  endfacet
  facet normal 0 0 -1
    outer loop
      vertex 42.31605634303066 -22.637656982331407 0
      vertex 42.50191267775699 -3.4383222260935264 0
      vertex 42.63882650966669 -3.533745852285817 0
    endloop
  endfacet
  facet normal 0 0 -1
    outer loop
      vertex 42.31605634303066 -22.637656982331407 0
      vertex 42.63882650966669 -3.533745852285817 0
      vertex 42.77938109995722 -3.623720698504892 0
    endloop
  endfacet
  facet normal 0 0 -1
    outer loop
      vertex 43.213816423135846 -20.87304648962114 0
      vertex 42.923359723637944 -3.708108030059388 0
      vertex 43.070540376106926 -3.7867777278005637 0
    endloop
  endfacet
  facet normal 0 0 -1
    outer loop
      vertex 43.213816423135846 -20.87304648962114 0
      vertex 42.77938109995722 -3.623720698504892 0
      vertex 42.923359723637944 -3.708108030059388 0
    endloop
  endfacet
  facet normal 0 0 -1
    outer loop
      vertex 43.213816423135846 -20.87304648962114 0
      vertex 43.070540376106926 -3.7867777278005637 0
      vertex 43.220696115465934 -3.8596084887565953 0
    endloop
  endfacet
  facet normal 0 0 -1
    outer loop
      vertex 43.213816423135846 -20.87304648962114 0
      vertex 43.220696115465934 -3.8596084887565953 0
      vertex 43.37359541244837 -3.9264880131729685 0
    endloop
  endfacet
  facet normal 0 0 -1
    outer loop
      vertex 43.213816423135846 -20.87304648962114 0
      vertex 43.52900250742066 -3.9873131776705577 0
      vertex 43.686677773906474 -4.041990194254402 0
    endloop
  endfacet
  facet normal 0 0 -1
    outer loop
      vertex 43.213816423135846 -20.87304648962114 0
      vertex 43.37359541244837 -3.9264880131729685 0
      vertex 43.52900250742066 -3.9873131776705577 0
    endloop
  endfacet
  facet normal 0 0 -1
    outer loop
      vertex 44.04494393051644 -19.057573500494364 0
      vertex 43.686677773906474 -4.041990194254402 0
      vertex 43.846378088073436 -4.090434754928001 0
    endloop
  endfacet
  facet normal 0 0 -1
    outer loop
      vertex 44.04494393051644 -19.057573500494364 0
      vertex 43.846378088073436 -4.090434754928001 0
      vertex 44.0078572036124 -4.132572161690125 0
    endloop
  endfacet
  facet normal 0 0 -1
    outer loop
      vertex 44.04494393051644 -19.057573500494364 0
      vertex 44.0078572036124 -4.132572161690125 0
      vertex 44.17086613143145 -4.16833744171373 0
    endloop
  endfacet
  facet normal 0 0 -1
    outer loop
      vertex 44.04494393051644 -19.057573500494364 0
      vertex 44.17086613143145 -4.16833744171373 0
      vertex 44.33515352357902 -4.197675447529336 0
    endloop
  endfacet
  facet normal 0 0 -1
    outer loop
      vertex 44.04494393051644 -19.057573500494364 0
      vertex 44.33515352357902 -4.197675447529336 0
      vertex 44.50046606080419 -4.220540942058436 0
    endloop
  endfacet
  facet normal 0 0 -1
    outer loop
      vertex 44.80815732679741 -17.188557766624463 0
      vertex 44.50046606080419 -4.220540942058436 0
      vertex 44.66654884315666 -4.236898668365794 0
    endloop
  endfacet
  facet normal 0 0 -1
    outer loop
      vertex 44.80815732679741 -17.188557766624463 0
      vertex 44.66654884315666 -4.236898668365794 0
      vertex 44.83314578302396 -4.246723404023072 0
    endloop
  endfacet
  facet normal 0 0 -1
    outer loop
      vertex 44.80815732679741 -17.188557766624463 0
      vertex 44.83314578302396 -4.246723404023072 0
      vertex 45 -4.25 0
    endloop
  endfacet
  facet normal 0 0 -1
    outer loop
      vertex 44.80815732679741 -17.188557766624463 0
      vertex 45 -4.25 0
      vertex 45.16685421697604 -4.246723404023072 0
    endloop
  endfacet
  facet normal 0 0 -1
    outer loop
      vertex 45.50227979224048 -15.260860504644599 0
      vertex 45.16685421697604 -4.246723404023072 0
      vertex 45.33345115684334 -4.236898668365794 0
    endloop
  endfacet
  facet normal 0 0 -1
    outer loop
      vertex 45.50227979224048 -15.260860504644599 0
      vertex 45.33345115684334 -4.236898668365794 0
      vertex 45.49953393919581 -4.220540942058436 0
    endloop
  endfacet
  facet normal 0 0 -1
    outer loop
      vertex 45.50227979224048 -15.260860504644599 0
      vertex 45.49953393919581 -4.220540942058436 0
      vertex 45.66484647642098 -4.197675447529336 0
    endloop
  endfacet
  facet normal 0 0 -1
    outer loop
      vertex 45.50227979224048 -15.260860504644599 0
      vertex 45.66484647642098 -4.197675447529336 0
      vertex 45.82913386856855 -4.16833744171373 0
    endloop
  endfacet
  facet normal 0 0 1
    outer loop
      vertex 33.941125496954285 -33.941125496954285 4
      vertex 35.24748045291291 -32.582435785581204 4
      vertex 35.24748045291291 32.582435785581204 4
    endloop
  endfacet
  facet normal 0 0 1
    outer loop
      vertex 35.24748045291291 -32.582435785581204 4
      vertex 36.49948634880148 -31.173506319848816 4
      vertex 36.49948634880148 31.173506319848816 4
    endloop
  endfacet
  facet normal 0 0 1
    outer loop
      vertex 36.49948634880148 -31.173506319848816 4
      vertex 37.69521268227576 -29.71650956687203 4
      vertex 37.69521268227576 29.71650956687203 4
    endloop
  endfacet
  facet normal 0 0 1
    outer loop
      vertex 37.69521268227576 -29.71650956687203 4
      vertex 38.83281572999748 -28.21369211003871 4
      vertex 38.83281572999748 28.21369211003871 4
    endloop
  endfacet
  facet normal 0 0 1
    outer loop
      vertex 39.91054139052217 -26.667371184940905 4
      vertex 40.92672788899643 -25.079931106365542 4
      vertex 40.909565245072 -1.1536219119265656 4
    endloop
  endfacet
  facet normal 0 0 1
    outer loop
      vertex 40.92672788899643 -25.079931106365542 4
      vertex 41.87980833949426 -23.453819591853836 4
      vertex 41.291891969940615 -2.0766402763620584 4
    endloop
  endfacet
  facet normal 0 0 1
    outer loop
      vertex 41.87980833949426 -23.453819591853836 4
      vertex 42.76831316104166 -21.791543987498248 4
      vertex 42.23984579459672 -3.2317253538001314 4
    endloop
  endfacet
  facet normal 0 0 1
    outer loop
      vertex 42.76831316104166 -21.791543987498248 4
      vertex 43.5908723436039 -20.095667401796547 4
      vertex 43.070540376106926 -3.7867777278005637 4
    endloop
  endfacet
  facet normal 0 0 1
    outer loop
      vertex 43.5908723436039 -20.095667401796547 4
      vertex 44.34621756054176 -18.36880475352431 4
      vertex 43.846378088073436 -4.090434754928001 4
    endloop
  endfacet
  facet normal 0 0 1
    outer loop
      vertex 44.34621756054176 -18.36880475352431 4
      vertex 45.03318412427924 -16.613618739719662 4
      vertex 44.50046606080419 -4.220540942058436 4
    endloop
  endfacet
  facet normal 0 0 1
    outer loop
      vertex 45.03318412427924 -16.613618739719662 4
      vertex 45.65071278216737 -14.832815729997474 4
      vertex 45.16685421697604 -4.246723404023072 4
    endloop
  endfacet
  facet normal 0 0 1
    outer loop
      vertex 38.83281572999748 -28.21369211003871 4
      vertex 39.91054139052217 -26.667371184940905 4
      vertex 39.91054139052217 26.667371184940905 4
    endloop
  endfacet
  facet normal 0 0 1
    outer loop
      vertex 39.91054139052217 -26.667371184940905 4
      vertex 40.83166255828627 -0.8291338685685451 4
      vertex 40.802324552470665 -0.6648464764209812 4
    endloop
  endfacet
  facet normal 0 0 1
    outer loop
      vertex 39.91054139052217 -26.667371184940905 4
      vertex 40.909565245072 -1.1536219119265656 4
      vertex 40.86742783830987 -0.992142796387598 4
    endloop
  endfacet
  facet normal 0 0 1
    outer loop
      vertex 39.91054139052217 -26.667371184940905 4
      vertex 40.86742783830987 -0.992142796387598 4
      vertex 40.83166255828627 -0.8291338685685451 4
    endloop
  endfacet
  facet normal 0 0 1
    outer loop
      vertex 40.92672788899643 -25.079931106365542 4
      vertex 41.14039151124341 -1.7793038845340694 4
      vertex 41.07351198682703 -1.6264045875516315 4
    endloop
  endfacet
  facet normal 0 0 1
    outer loop
      vertex 40.92672788899643 -25.079931106365542 4
      vertex 41.07351198682703 -1.6264045875516315 4
      vertex 41.01268682232944 -1.470997492579345 4
    endloop
  endfacet
  facet normal 0 0 1
    outer loop
      vertex 40.92672788899643 -25.079931106365542 4
      vertex 41.01268682232944 -1.470997492579345 4
      vertex 40.9580098057456 -1.3133222260935264 4
    endloop
  endfacet
  facet normal 0 0 1
    outer loop
      vertex 40.92672788899643 -25.079931106365542 4
      vertex 41.291891969940615 -2.0766402763620584 4
      vertex 41.21322227219944 -1.929459623893074 4
    endloop
  endfacet
  facet normal 0 0 1
    outer loop
      vertex 40.92672788899643 -25.079931106365542 4
      vertex 41.21322227219944 -1.929459623893074 4
      vertex 41.14039151124341 -1.7793038845340694 4
    endloop
  endfacet
  facet normal 0 0 1
    outer loop
      vertex 39.91054139052217 -26.667371184940905 4
      vertex 40.802324552470665 -0.6648464764209812 4
      vertex 40.779459057941565 -0.49953393919581 4
    endloop
  endfacet
  facet normal 0 0 1
    outer loop
      vertex 39.91054139052217 -26.667371184940905 4
      vertex 40.779459057941565 -0.49953393919581 4
      vertex 40.7631013316342 -0.33345115684334103 4
    endloop
  endfacet
  facet normal 0 0 1
    outer loop
      vertex 39.91054139052217 -26.667371184940905 4
      vertex 40.7631013316342 -0.33345115684334103 4
      vertex 40.75327659597693 -0.16685421697604158 4
    endloop
  endfacet
  facet normal 0 0 1
    outer loop
      vertex 39.91054139052217 -26.667371184940905 4
      vertex 40.75327659597693 -0.16685421697604158 4
      vertex 40.75 0 4
    endloop
  endfacet
  facet normal 0 0 1
    outer loop
      vertex 39.91054139052217 -26.667371184940905 4
      vertex 40.75 0 4
      vertex 40.75327659597693 0.16685421697604158 4
    endloop
  endfacet
  facet normal 0 0 1
    outer loop
      vertex 40.92672788899643 -25.079931106365542 4
      vertex 40.9580098057456 -1.3133222260935264 4
      vertex 40.909565245072 -1.1536219119265656 4
    endloop
  endfacet
  facet normal 0 0 1
    outer loop
      vertex 41.87980833949426 -23.453819591853836 4
      vertex 41.46625414771418 -2.361173490333309 4
      vertex 41.37627930149511 -2.2206189000427825 4
    endloop
  endfacet
  facet normal 0 0 1
    outer loop
      vertex 41.87980833949426 -23.453819591853836 4
      vertex 41.66240304375683 -2.6311492845667943 4
      vertex 41.561677773906474 -2.498087322243011 4
    endloop
  endfacet
  facet normal 0 0 1
    outer loop
      vertex 41.87980833949426 -23.453819591853836 4
      vertex 41.561677773906474 -2.498087322243011 4
      vertex 41.46625414771418 -2.361173490333309 4
    endloop
  endfacet
  facet normal 0 0 1
    outer loop
      vertex 41.87980833949426 -23.453819591853836 4
      vertex 41.76827464619987 -2.7601542054032806 4
      vertex 41.66240304375683 -2.6311492845667943 4
    endloop
  endfacet
  facet normal 0 0 1
    outer loop
      vertex 41.87980833949426 -23.453819591853836 4
      vertex 41.87912933489834 -2.8849031685150024 4
      vertex 41.76827464619987 -2.7601542054032806 4
    endloop
  endfacet
  facet normal 0 0 1
    outer loop
      vertex 41.87980833949426 -23.453819591853836 4
      vertex 41.99479617995717 -3.0052038200428273 4
      vertex 41.87912933489834 -2.8849031685150024 4
    endloop
  endfacet
  facet normal 0 0 1
    outer loop
      vertex 41.87980833949426 -23.453819591853836 4
      vertex 42.115096831485 -3.1208706651016636 4
      vertex 41.99479617995717 -3.0052038200428273 4
    endloop
  endfacet
  facet normal 0 0 1
    outer loop
      vertex 41.87980833949426 -23.453819591853836 4
      vertex 42.23984579459672 -3.2317253538001314 4
      vertex 42.115096831485 -3.1208706651016636 4
    endloop
  endfacet
  facet normal 0 0 1
    outer loop
      vertex 41.87980833949426 -23.453819591853836 4
      vertex 41.37627930149511 -2.2206189000427825 4
      vertex 41.291891969940615 -2.0766402763620584 4
    endloop
  endfacet
  facet normal 0 0 1
    outer loop
      vertex 39.91054139052217 -26.667371184940905 4
      vertex 40.75327659597693 0.16685421697604158 4
      vertex 40.92672788899643 25.079931106365542 4
    endloop
  endfacet
  facet normal 0 0 1
    outer loop
      vertex 42.76831316104166 -21.791543987498248 4
      vertex 42.368850715433204 -3.337596956243166 4
      vertex 42.23984579459672 -3.2317253538001314 4
    endloop
  endfacet
  facet normal 0 0 1
    outer loop
      vertex 42.76831316104166 -21.791543987498248 4
      vertex 42.50191267775699 -3.4383222260935264 4
      vertex 42.368850715433204 -3.337596956243166 4
    endloop
  endfacet
  facet normal 0 0 1
    outer loop
      vertex 42.76831316104166 -21.791543987498248 4
      vertex 42.77938109995722 -3.623720698504892 4
      vertex 42.63882650966669 -3.533745852285817 4
    endloop
  endfacet
  facet normal 0 0 1
    outer loop
      vertex 42.76831316104166 -21.791543987498248 4
      vertex 42.923359723637944 -3.708108030059388 4
      vertex 42.77938109995722 -3.623720698504892 4
    endloop
  endfacet
  facet normal 0 0 1
    outer loop
      vertex 42.76831316104166 -21.791543987498248 4
      vertex 42.63882650966669 -3.533745852285817 4
      vertex 42.50191267775699 -3.4383222260935264 4
    endloop
  endfacet
  facet normal 0 0 1
    outer loop
      vertex 42.76831316104166 -21.791543987498248 4
      vertex 43.070540376106926 -3.7867777278005637 4
      vertex 42.923359723637944 -3.708108030059388 4
    endloop
  endfacet
  facet normal 0 0 1
    outer loop
      vertex 43.5908723436039 -20.095667401796547 4
      vertex 43.37359541244837 -3.9264880131729685 4
      vertex 43.220696115465934 -3.8596084887565953 4
    endloop
  endfacet
  facet normal 0 0 1
    outer loop
      vertex 43.5908723436039 -20.095667401796547 4
      vertex 43.52900250742066 -3.9873131776705577 4
      vertex 43.37359541244837 -3.9264880131729685 4
    endloop
  endfacet
  facet normal 0 0 1
    outer loop
      vertex 43.5908723436039 -20.095667401796547 4
      vertex 43.686677773906474 -4.041990194254402 4
      vertex 43.52900250742066 -3.9873131776705577 4
    endloop
  endfacet
  facet normal 0 0 1
    outer loop
      vertex 43.5908723436039 -20.095667401796547 4
      vertex 43.846378088073436 -4.090434754928001 4
      vertex 43.686677773906474 -4.041990194254402 4
    endloop
  endfacet
  facet normal 0 0 1
    outer loop
      vertex 43.5908723436039 -20.095667401796547 4
      vertex 43.220696115465934 -3.8596084887565953 4
      vertex 43.070540376106926 -3.7867777278005637 4
    endloop
  endfacet
  facet normal 0 0 1
    outer loop
      vertex 44.34621756054176 -18.36880475352431 4
      vertex 44.0078572036124 -4.132572161690125 4
      vertex 43.846378088073436 -4.090434754928001 4
    endloop
  endfacet
  facet normal 0 0 1
    outer loop
      vertex 44.34621756054176 -18.36880475352431 4
      vertex 44.17086613143145 -4.16833744171373 4
      vertex 44.0078572036124 -4.132572161690125 4
    endloop
  endfacet
  facet normal 0 0 1
    outer loop
      vertex 44.34621756054176 -18.36880475352431 4
      vertex 44.33515352357902 -4.197675447529336 4
      vertex 44.17086613143145 -4.16833744171373 4
    endloop
  endfacet
  facet normal 0 0 1
    outer loop
      vertex 44.34621756054176 -18.36880475352431 4
      vertex 44.50046606080419 -4.220540942058436 4
      vertex 44.33515352357902 -4.197675447529336 4
    endloop
  endfacet
  facet normal 0 0 1
    outer loop
      vertex 45.03318412427924 -16.613618739719662 4
      vertex 44.66654884315666 -4.236898668365794 4
      vertex 44.50046606080419 -4.220540942058436 4
    endloop
  endfacet
  facet normal 0 0 1
    outer loop
      vertex 45.03318412427924 -16.613618739719662 4
      vertex 44.83314578302396 -4.246723404023072 4
      vertex 44.66654884315666 -4.236898668365794 4
    endloop
  endfacet
  facet normal 0 0 1
    outer loop
      vertex 45.03318412427924 -16.613618739719662 4
      vertex 45 -4.25 4
      vertex 44.83314578302396 -4.246723404023072 4
    endloop
  endfacet
  facet normal 0 0 1
    outer loop
      vertex 45.03318412427924 -16.613618739719662 4
      vertex 45.16685421697604 -4.246723404023072 4
      vertex 45 -4.25 4
    endloop
  endfacet
  facet normal 0 0 1
    outer loop
      vertex 45.65071278216737 -14.832815729997474 4
      vertex 45.33345115684334 -4.236898668365794 4
      vertex 45.16685421697604 -4.246723404023072 4
    endloop
  endfacet
  facet normal 0 0 1
    outer loop
      vertex 45.65071278216737 -14.832815729997474 4
      vertex 45.49953393919581 -4.220540942058436 4
      vertex 45.33345115684334 -4.236898668365794 4
    endloop
  endfacet
  facet normal 0 0 1
    outer loop
      vertex 45.65071278216737 -14.832815729997474 4
      vertex 45.66484647642098 -4.197675447529336 4
      vertex 45.49953393919581 -4.220540942058436 4
    endloop
  endfacet
  facet normal 0 0 1
    outer loop
      vertex 45.65071278216737 -14.832815729997474 4
      vertex 45.82913386856855 -4.16833744171373 4
      vertex 45.66484647642098 -4.197675447529336 4
    endloop
  endfacet
  facet normal 0 0 -1
    outer loop
      vertex 45.649041298442064 -16.3634526476409 0
      vertex 45.534041650385596 -15.169267002291809 0
      vertex 46.126241040314945 -13.265209147018957 0
    endloop
  endfacet
  facet normal 0 0 -1
    outer loop
      vertex 46.15678119629126 -14.886646825298953 0
      vertex 46.16239981453097 -13.146009643051977 0
      vertex 46.25627367808385 -14.55866406771796 0
    endloop
  endfacet
  facet normal 0 0 -1
    outer loop
      vertex 46.25627367808385 -14.55866406771796 0
      vertex 46.16239981453097 -13.146009643051977 0
      vertex 46.679078968001896 -11.515476343965975 0
    endloop
  endfacet
  facet normal 0 0 -1
    outer loop
      vertex 45.534041650385596 -15.169267002291809 0
      vertex 45.82913386856855 -4.16833744171373 0
      vertex 46.126241040314945 -13.265209147018957 0
    endloop
  endfacet
  facet normal 0 0 -1
    outer loop
      vertex 46.126241040314945 -13.265209147018957 0
      vertex 46.47099749257934 -3.9873131776705577 0
      vertex 46.16239981453097 -13.146009643051977 0
    endloop
  endfacet
  facet normal 0 0 -1
    outer loop
      vertex 46.16239981453097 -13.146009643051977 0
      vertex 46.47099749257934 -3.9873131776705577 0
      vertex 46.679078968001896 -11.515476343965975 0
    endloop
  endfacet
  facet normal 0 0 -1
    outer loop
      vertex 46.705643002375595 -13.063063034301498 0
      vertex 46.679078968001896 -11.515476343965975 0
      vertex 46.929459623893074 -3.7867777278005637 0
    endloop
  endfacet
  facet normal 0 0 -1
    outer loop
      vertex 46.705643002375595 -13.063063034301498 0
      vertex 46.929459623893074 -3.7867777278005637 0
      vertex 47.08105512984792 -11.624407384487688 0
    endloop
  endfacet
  facet normal 0 0 -1
    outer loop
      vertex 47.08105512984792 -11.624407384487688 0
      vertex 47.22061890004278 -3.623720698504892 0
      vertex 47.15994113928731 -8.903763701107337 0
    endloop
  endfacet
  facet normal 0 0 -1
    outer loop
      vertex 47.3816109568494 -10.311786254130004 0
      vertex 47.21329869718245 -8.604971271483771 0
      vertex 47.56808609955667 -6.358988238886724 0
    endloop
  endfacet
  facet normal 0 0 -1
    outer loop
      vertex 46.126241040314945 -13.265209147018957 0
      vertex 45.82913386856855 -4.16833744171373 0
      vertex 45.9921427963876 -4.132572161690125 0
    endloop
  endfacet
  facet normal 0 0 -1
    outer loop
      vertex 46.126241040314945 -13.265209147018957 0
      vertex 45.9921427963876 -4.132572161690125 0
      vertex 46.153621911926564 -4.090434754928001 0
    endloop
  endfacet
  facet normal 0 0 -1
    outer loop
      vertex 46.126241040314945 -13.265209147018957 0
      vertex 46.153621911926564 -4.090434754928001 0
      vertex 46.313322226093526 -4.041990194254402 0
    endloop
  endfacet
  facet normal 0 0 -1
    outer loop
      vertex 46.126241040314945 -13.265209147018957 0
      vertex 46.313322226093526 -4.041990194254402 0
      vertex 46.47099749257934 -3.9873131776705577 0
    endloop
  endfacet
  facet normal 0 0 -1
    outer loop
      vertex 46.679078968001896 -11.515476343965975 0
      vertex 46.47099749257934 -3.9873131776705577 0
      vertex 46.62640458755163 -3.9264880131729685 0
    endloop
  endfacet
  facet normal 0 0 -1
    outer loop
      vertex 47.15994113928731 -8.903763701107337 0
      vertex 47.36117349033331 -3.533745852285817 0
      vertex 47.21329869718245 -8.604971271483771 0
    endloop
  endfacet
  facet normal 0 0 -1
    outer loop
      vertex 46.679078968001896 -11.515476343965975 0
      vertex 46.62640458755163 -3.9264880131729685 0
      vertex 46.779303884534066 -3.8596084887565953 0
    endloop
  endfacet
  facet normal 0 0 -1
    outer loop
      vertex 46.679078968001896 -11.515476343965975 0
      vertex 46.779303884534066 -3.8596084887565953 0
      vertex 46.929459623893074 -3.7867777278005637 0
    endloop
  endfacet
  facet normal 0 0 -1
    outer loop
      vertex 47.08105512984792 -11.624407384487688 0
      vertex 46.929459623893074 -3.7867777278005637 0
      vertex 47.076640276362056 -3.708108030059388 0
    endloop
  endfacet
  facet normal 0 0 -1
    outer loop
      vertex 47.08105512984792 -11.624407384487688 0
      vertex 47.076640276362056 -3.708108030059388 0
      vertex 47.22061890004278 -3.623720698504892 0
    endloop
  endfacet
  facet normal 0 0 -1
    outer loop
      vertex 47.21329869718245 -8.604971271483771 0
      vertex 47.36117349033331 -3.533745852285817 0
      vertex 47.56808609955667 -6.358988238886724 0
    endloop
  endfacet
  facet normal 0 0 -1
    outer loop
      vertex 47.15994113928731 -8.903763701107337 0
      vertex 47.22061890004278 -3.623720698504892 0
      vertex 47.36117349033331 -3.533745852285817 0
    endloop
  endfacet
  facet normal 0 0 -1
    outer loop
      vertex 47.604336738171206 -9.258883763834588 0
      vertex 47.63910146322571 -5.845562651910923 0
      vertex 47.749226441528535 -8.447528293281524 0
    endloop
  endfacet
  facet normal 0 0 -1
    outer loop
      vertex 47.749226441528535 -8.447528293281524 0
      vertex 47.63910146322571 -5.845562651910923 0
      vertex 47.902884518864184 -6.091054469904565 0
    endloop
  endfacet
  facet normal 0 0 -1
    outer loop
      vertex 47.93113759046443 -7.382808010328089 0
      vertex 47.902884518864184 -6.091054469904565 0
      vertex 48.00520382004283 -3.0052038200428273 0
    endloop
  endfacet
  facet normal 0 0 -1
    outer loop
      vertex 47.93113759046443 -7.382808010328089 0
      vertex 48.00520382004283 -3.0052038200428273 0
      vertex 48.09507473628747 -6.197578209723179 0
    endloop
  endfacet
  facet normal 0 0 -1
    outer loop
      vertex 47.56808609955667 -6.358988238886724 0
      vertex 47.36117349033331 -3.533745852285817 0
      vertex 47.49808732224301 -3.4383222260935264 0
    endloop
  endfacet
  facet normal 0 0 -1
    outer loop
      vertex 47.56808609955667 -6.358988238886724 0
      vertex 47.76015420540328 -3.2317253538001314 0
      vertex 47.63910146322571 -5.845562651910923 0
    endloop
  endfacet
  facet normal 0 0 -1
    outer loop
      vertex 47.902884518864184 -6.091054469904565 0
      vertex 47.63910146322571 -5.845562651910923 0
      vertex 47.884903168515 -3.1208706651016636 0
    endloop
  endfacet
  facet normal 0 0 -1
    outer loop
      vertex 47.56808609955667 -6.358988238886724 0
      vertex 47.49808732224301 -3.4383222260935264 0
      vertex 47.631149284566796 -3.337596956243166 0
    endloop
  endfacet
  facet normal 0 0 -1
    outer loop
      vertex 47.56808609955667 -6.358988238886724 0
      vertex 47.631149284566796 -3.337596956243166 0
      vertex 47.76015420540328 -3.2317253538001314 0
    endloop
  endfacet
  facet normal 0 0 -1
    outer loop
      vertex 47.63910146322571 -5.845562651910923 0
      vertex 47.76015420540328 -3.2317253538001314 0
      vertex 47.884903168515 -3.1208706651016636 0
    endloop
  endfacet
  facet normal 0 0 -1
    outer loop
      vertex 47.902884518864184 -6.091054469904565 0
      vertex 47.884903168515 -3.1208706651016636 0
      vertex 48.00520382004283 -3.0052038200428273 0
    endloop
  endfacet
  facet normal 0 0 -1
    outer loop
      vertex 48.09507473628747 -6.197578209723179 0
      vertex 48.00520382004283 -3.0052038200428273 0
      vertex 48.04545942503105 -2.9633355084686177 0
    endloop
  endfacet
  facet normal 0 0 1
    outer loop
      vertex 45.65071278216737 -14.832815729997474 4
      vertex 46.19785134977507 -13.029141593523565 4
      vertex 45.82913386856855 -4.16833744171373 4
    endloop
  endfacet
  facet normal 0 0 1
    outer loop
      vertex 46.19785134977507 -13.029141593523565 4
      vertex 46.67375617908847 -11.205377465083458 4
      vertex 46.313322226093526 -4.041990194254402 4
    endloop
  endfacet
  facet normal 0 0 1
    outer loop
      vertex 46.67375617908847 -11.205377465083458 4
      vertex 47.07769345935506 -9.364335456774157 4
      vertex 46.779303884534066 -3.8596084887565953 4
    endloop
  endfacet
  facet normal 0 0 1
    outer loop
      vertex 46.19785134977507 -13.029141593523565 4
      vertex 45.9921427963876 -4.132572161690125 4
      vertex 45.82913386856855 -4.16833744171373 4
    endloop
  endfacet
  facet normal 0 0 1
    outer loop
      vertex 46.19785134977507 -13.029141593523565 4
      vertex 46.153621911926564 -4.090434754928001 4
      vertex 45.9921427963876 -4.132572161690125 4
    endloop
  endfacet
  facet normal 0 0 1
    outer loop
      vertex 46.19785134977507 -13.029141593523565 4
      vertex 46.313322226093526 -4.041990194254402 4
      vertex 46.153621911926564 -4.090434754928001 4
    endloop
  endfacet
  facet normal 0 0 1
    outer loop
      vertex 46.67375617908847 -11.205377465083458 4
      vertex 46.47099749257934 -3.9873131776705577 4
      vertex 46.313322226093526 -4.041990194254402 4
    endloop
  endfacet
  facet normal 0 0 1
    outer loop
      vertex 46.67375617908847 -11.205377465083458 4
      vertex 46.62640458755163 -3.9264880131729685 4
      vertex 46.47099749257934 -3.9873131776705577 4
    endloop
  endfacet
  facet normal 0 0 1
    outer loop
      vertex 47.07769345935506 -9.364335456774157 4
      vertex 47.40904034856661 -7.508854321931082 4
      vertex 47.076640276362056 -3.708108030059388 4
    endloop
  endfacet
  facet normal 0 0 1
    outer loop
      vertex 46.67375617908847 -11.205377465083458 4
      vertex 46.779303884534066 -3.8596084887565953 4
      vertex 46.62640458755163 -3.9264880131729685 4
    endloop
  endfacet
  facet normal 0 0 1
    outer loop
      vertex 47.07769345935506 -9.364335456774157 4
      vertex 46.929459623893074 -3.7867777278005637 4
      vertex 46.779303884534066 -3.8596084887565953 4
    endloop
  endfacet
  facet normal 0 0 1
    outer loop
      vertex 47.07769345935506 -9.364335456774157 4
      vertex 47.076640276362056 -3.708108030059388 4
      vertex 46.929459623893074 -3.7867777278005637 4
    endloop
  endfacet
  facet normal 0 0 1
    outer loop
      vertex 47.40904034856661 -7.508854321931082 4
      vertex 47.66728593383646 -5.641795077976207 4
      vertex 47.36117349033331 -3.533745852285817 4
    endloop
  endfacet
  facet normal 0 0 1
    outer loop
      vertex 47.40904034856661 -7.508854321931082 4
      vertex 47.22061890004278 -3.623720698504892 4
      vertex 47.076640276362056 -3.708108030059388 4
    endloop
  endfacet
  facet normal 0 0 1
    outer loop
      vertex 47.40904034856661 -7.508854321931082 4
      vertex 47.36117349033331 -3.533745852285817 4
      vertex 47.22061890004278 -3.623720698504892 4
    endloop
  endfacet
  facet normal 0 0 1
    outer loop
      vertex 47.66728593383646 -5.641795077976207 4
      vertex 47.49808732224301 -3.4383222260935264 4
      vertex 47.36117349033331 -3.533745852285817 4
    endloop
  endfacet
  facet normal 0 0 1
    outer loop
      vertex 47.66728593383646 -5.641795077976207 4
      vertex 47.631149284566796 -3.337596956243166 4
      vertex 47.49808732224301 -3.4383222260935264 4
    endloop
  endfacet
  facet normal 0 0 1
    outer loop
      vertex 47.66728593383646 -5.641795077976207 4
      vertex 47.85203201919014 -3.7660365949365575 4
      vertex 47.631149284566796 -3.337596956243166 4
    endloop
  endfacet
  facet normal 0 0 1
    outer loop
      vertex 47.631149284566796 -3.337596956243166 4
      vertex 47.85203201919014 -3.7660365949365575 4
      vertex 47.76015420540328 -3.2317253538001314 4
    endloop
  endfacet
  facet normal 0 0 1
    outer loop
      vertex 47.85203201919014 -3.7660365949365575 4
      vertex 47.884903168515 -3.1208706651016636 4
      vertex 47.76015420540328 -3.2317253538001314 4
    endloop
  endfacet
  facet normal 0 0 1
    outer loop
      vertex 47.85203201919014 -3.7660365949365575 4
      vertex 47.89039059023367 -3.1155946109020833 4
      vertex 47.884903168515 -3.1208706651016636 4
    endloop
  endfacet
  facet normal 0 0 -1
    outer loop
      vertex 35.61464170763075 -32.1692553747333 0
      vertex 36.60727416358889 31.804789409259364 0
      vertex 36.86457656936439 30.728642598935224 0
    endloop
  endfacet
  facet normal 0 0 -1
    outer loop
      vertex 35.61464170763075 -32.1692553747333 0
      vertex 36.52865271492871 31.893265091378478 0
      vertex 36.60727416358889 31.804789409259364 0
    endloop
  endfacet
  facet normal 0 0 -1
    outer loop
      vertex 36.8796893316015 -30.710227644867935 0
      vertex 36.86457656936439 30.728642598935224 0
      vertex 36.8796893316015 30.710227644867935 0
    endloop
  endfacet
  facet normal 0 0 -1
    outer loop
      vertex 36.8796893316015 -30.710227644867935 0
      vertex 36.8796893316015 30.710227644867935 0
      vertex 37.75261415895294 30.434568364312902 0
    endloop
  endfacet
  facet normal 0 0 -1
    outer loop
      vertex 36.8796893316015 -30.710227644867935 0
      vertex 37.75261415895294 30.434568364312902 0
      vertex 38.07201740863386 29.218736005415483 0
    endloop
  endfacet
  facet normal 0 0 -1
    outer loop
      vertex 38.08787114771613 -29.197792605257913 0
      vertex 38.07201740863386 29.218736005415483 0
      vertex 38.08787114771613 29.197792605257913 0
    endloop
  endfacet
  facet normal 0 0 -1
    outer loop
      vertex 38.08787114771613 -29.197792605257913 0
      vertex 38.08787114771613 29.197792605257913 0
      vertex 38.83912937739507 29.033615474836534 0
    endloop
  endfacet
  facet normal 0 0 -1
    outer loop
      vertex 38.08787114771613 -29.197792605257913 0
      vertex 38.83912937739507 29.033615474836534 0
      vertex 38.91836380830812 28.92894373877108 0
    endloop
  endfacet
  facet normal 0 0 -1
    outer loop
      vertex 34.13080121669438 -34.13080121669438 0
      vertex 34.12740870236855 34.12740870236855 0
      vertex 34.28079844657187 33.58784468321213 0
    endloop
  endfacet
  facet normal 0 0 -1
    outer loop
      vertex 34.294678887547555 -33.57340816865155 0
      vertex 34.28079844657187 33.58784468321213 0
      vertex 34.294678887547555 33.57340816865155 0
    endloop
  endfacet
  facet normal 0 0 -1
    outer loop
      vertex 34.294678887547555 -33.57340816865155 0
      vertex 34.294678887547555 33.57340816865155 0
      vertex 35.24836673606764 33.30278471534311 0
    endloop
  endfacet
  facet normal 0 0 -1
    outer loop
      vertex 34.294678887547555 -33.57340816865155 0
      vertex 35.24836673606764 33.30278471534311 0
      vertex 35.33040110941935 33.217463908357594 0
    endloop
  endfacet
  facet normal 0 0 -1
    outer loop
      vertex 34.294678887547555 -33.57340816865155 0
      vertex 35.33040110941935 33.217463908357594 0
      vertex 35.600182451355096 32.18552692128611 0
    endloop
  endfacet
  facet normal 0 0 -1
    outer loop
      vertex 35.61464170763075 -32.1692553747333 0
      vertex 35.600182451355096 32.18552692128611 0
      vertex 35.61464170763075 32.1692553747333 0
    endloop
  endfacet
  facet normal 0 0 -1
    outer loop
      vertex 35.61464170763075 -32.1692553747333 0
      vertex 35.61464170763075 32.1692553747333 0
      vertex 36.52865271492871 31.893265091378478 0
    endloop
  endfacet
  facet normal 0 0 -1
    outer loop
      vertex 38.08787114771613 -29.197792605257913 0
      vertex 38.91836380830812 28.92894373877108 0
      vertex 39.220626030179346 27.657261838305427 0
    endloop
  endfacet
  facet normal 0 0 -1
    outer loop
      vertex 39.23732422718495 -27.633303262958343 0
      vertex 39.220626030179346 27.657261838305427 0
      vertex 39.23732422718495 27.633303262958343 0
    endloop
  endfacet
  facet normal 0 0 -1
    outer loop
      vertex 39.23732422718495 -27.633303262958343 0
      vertex 39.23732422718495 27.633303262958343 0
      vertex 39.949040210564945 27.486414545905493 0
    endloop
  endfacet
  facet normal 0 0 -1
    outer loop
      vertex 39.23732422718495 -27.633303262958343 0
      vertex 40.02410416153017 27.378712778795744 0
      vertex 40.30860974631951 26.045527002840412 0
    endloop
  endfacet
  facet normal 0 0 -1
    outer loop
      vertex 39.23732422718495 -27.633303262958343 0
      vertex 39.949040210564945 27.486414545905493 0
      vertex 40.02410416153017 27.378712778795744 0
    endloop
  endfacet
  facet normal 0 0 -1
    outer loop
      vertex 39.254990677538885 -27.607955437574656 0
      vertex 40.30860974631951 26.045527002840412 0
      vertex 40.32627619667345 26.01792928196918 0
    endloop
  endfacet
  facet normal 0 0 -1
    outer loop
      vertex 40.32627619667345 -26.01792928196918 0
      vertex 40.32627619667345 26.01792928196918 0
      vertex 40.99735251929434 25.89683155799972 0
    endloop
  endfacet
  facet normal 0 0 -1
    outer loop
      vertex 40.75 0 0
      vertex 40.99735251929434 25.89683155799972 0
      vertex 40.75327659597693 0.16685421697604158 0
    endloop
  endfacet
  facet normal 0 0 -1
    outer loop
      vertex 40.75327659597693 0.16685421697604158 0
      vertex 40.99735251929434 25.89683155799972 0
      vertex 40.7631013316342 0.33345115684334103 0
    endloop
  endfacet
  facet normal 0 0 -1
    outer loop
      vertex 40.7631013316342 0.33345115684334103 0
      vertex 40.99735251929434 25.89683155799972 0
      vertex 40.779459057941565 0.49953393919581 0
    endloop
  endfacet
  facet normal 0 0 -1
    outer loop
      vertex 40.83166255828627 0.8291338685685451 0
      vertex 41.33426331873122 24.384608844202827 0
      vertex 40.86742783830987 0.992142796387598 0
    endloop
  endfacet
  facet normal 0 0 -1
    outer loop
      vertex 40.86742783830987 0.992142796387598 0
      vertex 41.353047971173474 24.352559147226565 0
      vertex 40.909565245072 1.1536219119265656 0
    endloop
  endfacet
  facet normal 0 0 -1
    outer loop
      vertex 40.909565245072 1.1536219119265656 0
      vertex 41.353047971173474 24.352559147226565 0
      vertex 40.9580098057456 1.3133222260935264 0
    endloop
  endfacet
  facet normal 0 0 -1
    outer loop
      vertex 40.779459057941565 0.49953393919581 0
      vertex 40.99735251929434 25.89683155799972 0
      vertex 40.802324552470665 0.6648464764209812 0
    endloop
  endfacet
  facet normal 0 0 -1
    outer loop
      vertex 40.802324552470665 0.6648464764209812 0
      vertex 40.99735251929434 25.89683155799972 0
      vertex 40.83166255828627 0.8291338685685451 0
    endloop
  endfacet
  facet normal 0 0 -1
    outer loop
      vertex 40.9580098057456 1.3133222260935264 0
      vertex 41.353047971173474 24.352559147226565 0
      vertex 41.01268682232944 1.470997492579345 0
    endloop
  endfacet
  facet normal 0 0 -1
    outer loop
      vertex 41.01268682232944 1.470997492579345 0
      vertex 41.353047971173474 24.352559147226565 0
      vertex 41.07351198682703 1.6264045875516315 0
    endloop
  endfacet
  facet normal 0 0 -1
    outer loop
      vertex 41.07351198682703 1.6264045875516315 0
      vertex 41.353047971173474 24.352559147226565 0
      vertex 41.14039151124341 1.7793038845340694 0
    endloop
  endfacet
  facet normal 0 0 -1
    outer loop
      vertex 41.14039151124341 1.7793038845340694 0
      vertex 41.353047971173474 24.352559147226565 0
      vertex 41.21322227219944 1.929459623893074 0
    endloop
  endfacet
  facet normal 0 0 -1
    outer loop
      vertex 41.21322227219944 1.929459623893074 0
      vertex 41.353047971173474 24.352559147226565 0
      vertex 41.291891969940615 2.0766402763620584 0
    endloop
  endfacet
  facet normal 0 0 -1
    outer loop
      vertex 41.291891969940615 2.0766402763620584 0
      vertex 41.353047971173474 24.352559147226565 0
      vertex 41.37627930149511 2.2206189000427825 0
    endloop
  endfacet
  facet normal 0 0 -1
    outer loop
      vertex 41.37627930149511 2.2206189000427825 0
      vertex 41.353047971173474 24.352559147226565 0
      vertex 41.46625414771418 2.361173490333309 0
    endloop
  endfacet
  facet normal 0 0 -1
    outer loop
      vertex 41.46625414771418 2.361173490333309 0
      vertex 41.353047971173474 24.352559147226565 0
      vertex 41.561677773906474 2.498087322243011 0
    endloop
  endfacet
  facet normal 0 0 -1
    outer loop
      vertex 41.561677773906474 2.498087322243011 0
      vertex 41.353047971173474 24.352559147226565 0
      vertex 41.66240304375683 2.6311492845667943 0
    endloop
  endfacet
  facet normal 0 0 -1
    outer loop
      vertex 41.66240304375683 2.6311492845667943 0
      vertex 42.29596930401922 22.67523718910429 0
      vertex 41.76827464619987 2.7601542054032806 0
    endloop
  endfacet
  facet normal 0 0 -1
    outer loop
      vertex 41.76827464619987 2.7601542054032806 0
      vertex 42.29596930401922 22.67523718910429 0
      vertex 41.87912933489834 2.8849031685150024 0
    endloop
  endfacet
  facet normal 0 0 -1
    outer loop
      vertex 41.87912933489834 2.8849031685150024 0
      vertex 42.29596930401922 22.67523718910429 0
      vertex 41.99479617995717 3.0052038200428273 0
    endloop
  endfacet
  facet normal 0 0 -1
    outer loop
      vertex 41.99479617995717 3.0052038200428273 0
      vertex 42.29596930401922 22.67523718910429 0
      vertex 42.115096831485 3.1208706651016636 0
    endloop
  endfacet
  facet normal 0 0 -1
    outer loop
      vertex 42.23984579459672 3.2317253538001314 0
      vertex 43.19219712946032 20.917619153474362 0
      vertex 42.368850715433204 3.337596956243166 0
    endloop
  endfacet
  facet normal 0 0 -1
    outer loop
      vertex 42.368850715433204 3.337596956243166 0
      vertex 43.19219712946032 20.917619153474362 0
      vertex 42.50191267775699 3.4383222260935264 0
    endloop
  endfacet
  facet normal 0 0 -1
    outer loop
      vertex 42.115096831485 3.1208706651016636 0
      vertex 42.29596930401922 22.67523718910429 0
      vertex 42.23984579459672 3.2317253538001314 0
    endloop
  endfacet
  facet normal 0 0 -1
    outer loop
      vertex 42.50191267775699 3.4383222260935264 0
      vertex 43.19219712946032 20.917619153474362 0
      vertex 42.63882650966669 3.533745852285817 0
    endloop
  endfacet
  facet normal 0 0 -1
    outer loop
      vertex 42.63882650966669 3.533745852285817 0
      vertex 43.19219712946032 20.917619153474362 0
      vertex 42.77938109995722 3.623720698504892 0
    endloop
  endfacet
  facet normal 0 0 -1
    outer loop
      vertex 42.77938109995722 3.623720698504892 0
      vertex 43.19219712946032 20.917619153474362 0
      vertex 42.923359723637944 3.708108030059388 0
    endloop
  endfacet
  facet normal 0 0 -1
    outer loop
      vertex 42.923359723637944 3.708108030059388 0
      vertex 43.19219712946032 20.917619153474362 0
      vertex 43.070540376106926 3.7867777278005637 0
    endloop
  endfacet
  facet normal 0 0 -1
    outer loop
      vertex 43.070540376106926 3.7867777278005637 0
      vertex 44.02150018119032 19.11117036473461 0
      vertex 43.220696115465934 3.8596084887565953 0
    endloop
  endfacet
  facet normal 0 0 -1
    outer loop
      vertex 43.220696115465934 3.8596084887565953 0
      vertex 44.02150018119032 19.11117036473461 0
      vertex 43.37359541244837 3.9264880131729685 0
    endloop
  endfacet
  facet normal 0 0 -1
    outer loop
      vertex 43.37359541244837 3.9264880131729685 0
      vertex 44.02150018119032 19.11117036473461 0
      vertex 43.52900250742066 3.9873131776705577 0
    endloop
  endfacet
  facet normal 0 0 -1
    outer loop
      vertex 43.52900250742066 3.9873131776705577 0
      vertex 44.02150018119032 19.11117036473461 0
      vertex 43.686677773906474 4.041990194254402 0
    endloop
  endfacet
  facet normal 0 0 -1
    outer loop
      vertex 43.686677773906474 4.041990194254402 0
      vertex 44.02150018119032 19.11117036473461 0
      vertex 43.846378088073436 4.090434754928001 0
    endloop
  endfacet
  facet normal 0 0 -1
    outer loop
      vertex 43.846378088073436 4.090434754928001 0
      vertex 44.02150018119032 19.11117036473461 0
      vertex 44.0078572036124 4.132572161690125 0
    endloop
  endfacet
  facet normal 0 0 -1
    outer loop
      vertex 44.66654884315666 4.236898668365794 0
      vertex 45.47392246705506 15.34263615892851 0
      vertex 44.83314578302396 4.246723404023072 0
    endloop
  endfacet
  facet normal 0 0 -1
    outer loop
      vertex 44.83314578302396 4.246723404023072 0
      vertex 45.47392246705506 15.34263615892851 0
      vertex 45 4.25 0
    endloop
  endfacet
  facet normal 0 0 -1
    outer loop
      vertex 45 4.25 0
      vertex 45.47392246705506 15.34263615892851 0
      vertex 45.16685421697604 4.246723404023072 0
    endloop
  endfacet
  facet normal 0 0 -1
    outer loop
      vertex 45.16685421697604 4.246723404023072 0
      vertex 45.47392246705506 15.34263615892851 0
      vertex 45.33345115684334 4.236898668365794 0
    endloop
  endfacet
  facet normal 0 0 -1
    outer loop
      vertex 45.33345115684334 4.236898668365794 0
      vertex 45.50227979224048 15.260860504644599 0
      vertex 45.49953393919581 4.220540942058436 0
    endloop
  endfacet
  facet normal 0 0 -1
    outer loop
      vertex 44.0078572036124 4.132572161690125 0
      vertex 44.78250961615807 17.25408716117804 0
      vertex 44.17086613143145 4.16833744171373 0
    endloop
  endfacet
  facet normal 0 0 -1
    outer loop
      vertex 44.17086613143145 4.16833744171373 0
      vertex 44.78250961615807 17.25408716117804 0
      vertex 44.33515352357902 4.197675447529336 0
    endloop
  endfacet
  facet normal 0 0 -1
    outer loop
      vertex 44.33515352357902 4.197675447529336 0
      vertex 44.78250961615807 17.25408716117804 0
      vertex 44.50046606080419 4.220540942058436 0
    endloop
  endfacet
  facet normal 0 0 -1
    outer loop
      vertex 44.50046606080419 4.220540942058436 0
      vertex 44.78250961615807 17.25408716117804 0
      vertex 44.66654884315666 4.236898668365794 0
    endloop
  endfacet
  facet normal 0 0 -1
    outer loop
      vertex 40.83166255828627 0.8291338685685451 0
      vertex 40.99735251929434 25.89683155799972 0
      vertex 41.33426331873122 24.384608844202827 0
    endloop
  endfacet
  facet normal 0 0 -1
    outer loop
      vertex 40.86742783830987 0.992142796387598 0
      vertex 41.33426331873122 24.384608844202827 0
      vertex 41.353047971173474 24.352559147226565 0
    endloop
  endfacet
  facet normal 0 0 -1
    outer loop
      vertex 41.66240304375683 2.6311492845667943 0
      vertex 41.353047971173474 24.352559147226565 0
      vertex 41.906956000658596 24.396122472305482 0
    endloop
  endfacet
  facet normal 0 0 -1
    outer loop
      vertex 41.66240304375683 2.6311492845667943 0
      vertex 41.982449881986355 24.267317532871324 0
      vertex 42.29596930401922 22.67523718910429 0
    endloop
  endfacet
  facet normal 0 0 -1
    outer loop
      vertex 41.66240304375683 2.6311492845667943 0
      vertex 41.906956000658596 24.396122472305482 0
      vertex 41.982449881986355 24.267317532871324 0
    endloop
  endfacet
  facet normal 0 0 -1
    outer loop
      vertex 42.23984579459672 3.2317253538001314 0
      vertex 42.31605634303066 22.637656982331407 0
      vertex 43.19219712946032 20.917619153474362 0
    endloop
  endfacet
  facet normal 0 0 -1
    outer loop
      vertex 43.070540376106926 3.7867777278005637 0
      vertex 43.19219712946032 20.917619153474362 0
      vertex 43.213816423135846 20.87304648962114 0
    endloop
  endfacet
  facet normal 0 0 -1
    outer loop
      vertex 43.070540376106926 3.7867777278005637 0
      vertex 43.213816423135846 20.87304648962114 0
      vertex 44.02150018119032 19.11117036473461 0
    endloop
  endfacet
  facet normal 0 0 -1
    outer loop
      vertex 44.66654884315666 4.236898668365794 0
      vertex 44.78250961615807 17.25408716117804 0
      vertex 44.80815732679741 17.188557766624463 0
    endloop
  endfacet
  facet normal 0 0 -1
    outer loop
      vertex 45.49953393919581 4.220540942058436 0
      vertex 45.50227979224048 15.260860504644599 0
      vertex 46.09447918216983 13.369913961218371 0
    endloop
  endfacet
  facet normal 0 0 -1
    outer loop
      vertex 45.33345115684334 4.236898668365794 0
      vertex 45.47392246705506 15.34263615892851 0
      vertex 45.50227979224048 15.260860504644599 0
    endloop
  endfacet
  facet normal 0 0 -1
    outer loop
      vertex 44.66654884315666 4.236898668365794 0
      vertex 44.80815732679741 17.188557766624463 0
      vertex 45.47392246705506 15.34263615892851 0
    endloop
  endfacet
  facet normal 0 0 -1
    outer loop
      vertex 44.0078572036124 4.132572161690125 0
      vertex 44.04494393051644 19.057573500494364 0
      vertex 44.78250961615807 17.25408716117804 0
    endloop
  endfacet
  facet normal 0 0 -1
    outer loop
      vertex 44.0078572036124 4.132572161690125 0
      vertex 44.02150018119032 19.11117036473461 0
      vertex 44.04494393051644 19.057573500494364 0
    endloop
  endfacet
  facet normal 0 0 -1
    outer loop
      vertex 42.23984579459672 3.2317253538001314 0
      vertex 42.29596930401922 22.67523718910429 0
      vertex 42.31605634303066 22.637656982331407 0
    endloop
  endfacet
  facet normal 0 0 -1
    outer loop
      vertex 43.213816423135846 20.87304648962114 0
      vertex 43.615718735937826 21.189934151595164 0
      vertex 43.69186854949091 21.03293549599938 0
    endloop
  endfacet
  facet normal 0 0 -1
    outer loop
      vertex 43.213816423135846 20.87304648962114 0
      vertex 43.69186854949091 21.03293549599938 0
      vertex 44.02150018119032 19.11117036473461 0
    endloop
  endfacet
  facet normal 0 0 -1
    outer loop
      vertex 45.47392246705506 15.34263615892851 0
      vertex 44.80815732679741 17.188557766624463 0
      vertex 45.14380910315191 17.702562804847084 0
    endloop
  endfacet
  facet normal 0 0 -1
    outer loop
      vertex 44.80815732679741 17.188557766624463 0
      vertex 45.06716239537441 17.898393630678434 0
      vertex 45.14380910315191 17.702562804847084 0
    endloop
  endfacet
  facet normal 0 0 -1
    outer loop
      vertex 44.78250961615807 17.25408716117804 0
      vertex 44.04494393051644 19.057573500494364 0
      vertex 44.41400550819601 19.46125239853053 0
    endloop
  endfacet
  facet normal 0 0 1
    outer loop
      vertex 35.24748045291291 -32.582435785581204 4
      vertex 36.49948634880148 31.173506319848816 4
      vertex 35.24748045291291 32.582435785581204 4
    endloop
  endfacet
  facet normal 0 0 1
    outer loop
      vertex 36.49948634880148 -31.173506319848816 4
      vertex 37.69521268227576 29.71650956687203 4
      vertex 36.49948634880148 31.173506319848816 4
    endloop
  endfacet
  facet normal 0 0 1
    outer loop
      vertex 37.69521268227576 -29.71650956687203 4
      vertex 38.83281572999748 28.21369211003871 4
      vertex 37.69521268227576 29.71650956687203 4
    endloop
  endfacet
  facet normal 0 0 1
    outer loop
      vertex 33.941125496954285 -33.941125496954285 4
      vertex 35.24748045291291 32.582435785581204 4
      vertex 33.941125496954285 33.941125496954285 4
    endloop
  endfacet
  facet normal 0 0 1
    outer loop
      vertex 38.83281572999748 -28.21369211003871 4
      vertex 39.91054139052217 26.667371184940905 4
      vertex 38.83281572999748 28.21369211003871 4
    endloop
  endfacet
  facet normal 0 0 1
    outer loop
      vertex 39.91054139052217 -26.667371184940905 4
      vertex 40.92672788899643 25.079931106365542 4
      vertex 39.91054139052217 26.667371184940905 4
    endloop
  endfacet
  facet normal 0 0 1
    outer loop
      vertex 40.75327659597693 0.16685421697604158 4
      vertex 40.7631013316342 0.33345115684334103 4
      vertex 40.92672788899643 25.079931106365542 4
    endloop
  endfacet
  facet normal 0 0 1
    outer loop
      vertex 40.7631013316342 0.33345115684334103 4
      vertex 40.779459057941565 0.49953393919581 4
      vertex 40.92672788899643 25.079931106365542 4
    endloop
  endfacet
  facet normal 0 0 1
    outer loop
      vertex 40.779459057941565 0.49953393919581 4
      vertex 40.802324552470665 0.6648464764209812 4
      vertex 40.92672788899643 25.079931106365542 4
    endloop
  endfacet
  facet normal 0 0 1
    outer loop
      vertex 40.802324552470665 0.6648464764209812 4
      vertex 40.83166255828627 0.8291338685685451 4
      vertex 40.92672788899643 25.079931106365542 4
    endloop
  endfacet
  facet normal 0 0 1
    outer loop
      vertex 40.83166255828627 0.8291338685685451 4
      vertex 40.86742783830987 0.992142796387598 4
      vertex 40.92672788899643 25.079931106365542 4
    endloop
  endfacet
  facet normal 0 0 1
    outer loop
      vertex 40.86742783830987 0.992142796387598 4
      vertex 40.909565245072 1.1536219119265656 4
      vertex 40.92672788899643 25.079931106365542 4
    endloop
  endfacet
  facet normal 0 0 1
    outer loop
      vertex 40.909565245072 1.1536219119265656 4
      vertex 40.9580098057456 1.3133222260935264 4
      vertex 40.92672788899643 25.079931106365542 4
    endloop
  endfacet
  facet normal 0 0 1
    outer loop
      vertex 40.9580098057456 1.3133222260935264 4
      vertex 41.01268682232944 1.470997492579345 4
      vertex 41.87980833949426 23.453819591853836 4
    endloop
  endfacet
  facet normal 0 0 1
    outer loop
      vertex 41.01268682232944 1.470997492579345 4
      vertex 41.07351198682703 1.6264045875516315 4
      vertex 41.87980833949426 23.453819591853836 4
    endloop
  endfacet
  facet normal 0 0 1
    outer loop
      vertex 41.07351198682703 1.6264045875516315 4
      vertex 41.14039151124341 1.7793038845340694 4
      vertex 41.87980833949426 23.453819591853836 4
    endloop
  endfacet
  facet normal 0 0 1
    outer loop
      vertex 41.14039151124341 1.7793038845340694 4
      vertex 41.21322227219944 1.929459623893074 4
      vertex 41.87980833949426 23.453819591853836 4
    endloop
  endfacet
  facet normal 0 0 1
    outer loop
      vertex 41.21322227219944 1.929459623893074 4
      vertex 41.291891969940615 2.0766402763620584 4
      vertex 41.87980833949426 23.453819591853836 4
    endloop
  endfacet
  facet normal 0 0 1
    outer loop
      vertex 41.291891969940615 2.0766402763620584 4
      vertex 41.37627930149511 2.2206189000427825 4
      vertex 41.87980833949426 23.453819591853836 4
    endloop
  endfacet
  facet normal 0 0 1
    outer loop
      vertex 41.37627930149511 2.2206189000427825 4
      vertex 41.46625414771418 2.361173490333309 4
      vertex 41.87980833949426 23.453819591853836 4
    endloop
  endfacet
  facet normal 0 0 1
    outer loop
      vertex 41.46625414771418 2.361173490333309 4
      vertex 41.561677773906474 2.498087322243011 4
      vertex 41.87980833949426 23.453819591853836 4
    endloop
  endfacet
  facet normal 0 0 1
    outer loop
      vertex 41.561677773906474 2.498087322243011 4
      vertex 41.66240304375683 2.6311492845667943 4
      vertex 41.87980833949426 23.453819591853836 4
    endloop
  endfacet
  facet normal 0 0 1
    outer loop
      vertex 41.66240304375683 2.6311492845667943 4
      vertex 41.76827464619987 2.7601542054032806 4
      vertex 41.87980833949426 23.453819591853836 4
    endloop
  endfacet
  facet normal 0 0 1
    outer loop
      vertex 41.76827464619987 2.7601542054032806 4
      vertex 41.87912933489834 2.8849031685150024 4
      vertex 41.87980833949426 23.453819591853836 4
    endloop
  endfacet
  facet normal 0 0 1
    outer loop
      vertex 41.87912933489834 2.8849031685150024 4
      vertex 41.99479617995717 3.0052038200428273 4
      vertex 41.87980833949426 23.453819591853836 4
    endloop
  endfacet
  facet normal 0 0 1
    outer loop
      vertex 41.99479617995717 3.0052038200428273 4
      vertex 42.115096831485 3.1208706651016636 4
      vertex 42.76831316104166 21.791543987498248 4
    endloop
  endfacet
  facet normal 0 0 1
    outer loop
      vertex 42.115096831485 3.1208706651016636 4
      vertex 42.23984579459672 3.2317253538001314 4
      vertex 42.76831316104166 21.791543987498248 4
    endloop
  endfacet
  facet normal 0 0 1
    outer loop
      vertex 42.23984579459672 3.2317253538001314 4
      vertex 42.368850715433204 3.337596956243166 4
      vertex 42.76831316104166 21.791543987498248 4
    endloop
  endfacet
  facet normal 0 0 1
    outer loop
      vertex 42.368850715433204 3.337596956243166 4
      vertex 42.50191267775699 3.4383222260935264 4
      vertex 42.76831316104166 21.791543987498248 4
    endloop
  endfacet
  facet normal 0 0 1
    outer loop
      vertex 42.50191267775699 3.4383222260935264 4
      vertex 42.63882650966669 3.533745852285817 4
      vertex 42.76831316104166 21.791543987498248 4
    endloop
  endfacet
  facet normal 0 0 1
    outer loop
      vertex 42.63882650966669 3.533745852285817 4
      vertex 42.77938109995722 3.623720698504892 4
      vertex 42.76831316104166 21.791543987498248 4
    endloop
  endfacet
  facet normal 0 0 1
    outer loop
      vertex 42.77938109995722 3.623720698504892 4
      vertex 42.923359723637944 3.708108030059388 4
      vertex 43.5908723436039 20.095667401796547 4
    endloop
  endfacet
  facet normal 0 0 1
    outer loop
      vertex 42.923359723637944 3.708108030059388 4
      vertex 43.070540376106926 3.7867777278005637 4
      vertex 43.5908723436039 20.095667401796547 4
    endloop
  endfacet
  facet normal 0 0 1
    outer loop
      vertex 43.070540376106926 3.7867777278005637 4
      vertex 43.220696115465934 3.8596084887565953 4
      vertex 43.5908723436039 20.095667401796547 4
    endloop
  endfacet
  facet normal 0 0 1
    outer loop
      vertex 43.686677773906474 4.041990194254402 4
      vertex 43.846378088073436 4.090434754928001 4
      vertex 44.34621756054176 18.36880475352431 4
    endloop
  endfacet
  facet normal 0 0 1
    outer loop
      vertex 43.220696115465934 3.8596084887565953 4
      vertex 43.37359541244837 3.9264880131729685 4
      vertex 43.5908723436039 20.095667401796547 4
    endloop
  endfacet
  facet normal 0 0 1
    outer loop
      vertex 43.37359541244837 3.9264880131729685 4
      vertex 43.52900250742066 3.9873131776705577 4
      vertex 43.5908723436039 20.095667401796547 4
    endloop
  endfacet
  facet normal 0 0 1
    outer loop
      vertex 43.52900250742066 3.9873131776705577 4
      vertex 43.686677773906474 4.041990194254402 4
      vertex 43.5908723436039 20.095667401796547 4
    endloop
  endfacet
  facet normal 0 0 1
    outer loop
      vertex 45.16685421697604 4.246723404023072 4
      vertex 45.33345115684334 4.236898668365794 4
      vertex 45.65071278216737 14.832815729997474 4
    endloop
  endfacet
  facet normal 0 0 1
    outer loop
      vertex 45.33345115684334 4.236898668365794 4
      vertex 45.49953393919581 4.220540942058436 4
      vertex 45.65071278216737 14.832815729997474 4
    endloop
  endfacet
  facet normal 0 0 1
    outer loop
      vertex 45.49953393919581 4.220540942058436 4
      vertex 45.66484647642098 4.197675447529336 4
      vertex 45.65071278216737 14.832815729997474 4
    endloop
  endfacet
  facet normal 0 0 1
    outer loop
      vertex 43.846378088073436 4.090434754928001 4
      vertex 44.0078572036124 4.132572161690125 4
      vertex 44.34621756054176 18.36880475352431 4
    endloop
  endfacet
  facet normal 0 0 1
    outer loop
      vertex 44.0078572036124 4.132572161690125 4
      vertex 44.17086613143145 4.16833744171373 4
      vertex 44.34621756054176 18.36880475352431 4
    endloop
  endfacet
  facet normal 0 0 1
    outer loop
      vertex 44.17086613143145 4.16833744171373 4
      vertex 44.33515352357902 4.197675447529336 4
      vertex 44.34621756054176 18.36880475352431 4
    endloop
  endfacet
  facet normal 0 0 1
    outer loop
      vertex 44.33515352357902 4.197675447529336 4
      vertex 44.50046606080419 4.220540942058436 4
      vertex 44.34621756054176 18.36880475352431 4
    endloop
  endfacet
  facet normal 0 0 1
    outer loop
      vertex 44.50046606080419 4.220540942058436 4
      vertex 44.66654884315666 4.236898668365794 4
      vertex 45.03318412427924 16.613618739719662 4
    endloop
  endfacet
  facet normal 0 0 1
    outer loop
      vertex 44.66654884315666 4.236898668365794 4
      vertex 44.83314578302396 4.246723404023072 4
      vertex 45.03318412427924 16.613618739719662 4
    endloop
  endfacet
  facet normal 0 0 1
    outer loop
      vertex 44.83314578302396 4.246723404023072 4
      vertex 45 4.25 4
      vertex 45.03318412427924 16.613618739719662 4
    endloop
  endfacet
  facet normal 0 0 1
    outer loop
      vertex 45 4.25 4
      vertex 45.16685421697604 4.246723404023072 4
      vertex 45.03318412427924 16.613618739719662 4
    endloop
  endfacet
  facet normal 0 0 1
    outer loop
      vertex 40.9580098057456 1.3133222260935264 4
      vertex 41.87980833949426 23.453819591853836 4
      vertex 40.92672788899643 25.079931106365542 4
    endloop
  endfacet
  facet normal 0 0 1
    outer loop
      vertex 42.77938109995722 3.623720698504892 4
      vertex 43.5908723436039 20.095667401796547 4
      vertex 42.76831316104166 21.791543987498248 4
    endloop
  endfacet
  facet normal 0 0 1
    outer loop
      vertex 43.686677773906474 4.041990194254402 4
      vertex 44.34621756054176 18.36880475352431 4
      vertex 43.5908723436039 20.095667401796547 4
    endloop
  endfacet
  facet normal 0 0 1
    outer loop
      vertex 44.50046606080419 4.220540942058436 4
      vertex 45.03318412427924 16.613618739719662 4
      vertex 44.34621756054176 18.36880475352431 4
    endloop
  endfacet
  facet normal 0 0 1
    outer loop
      vertex 45.16685421697604 4.246723404023072 4
      vertex 45.65071278216737 14.832815729997474 4
      vertex 45.03318412427924 16.613618739719662 4
    endloop
  endfacet
  facet normal 0 0 1
    outer loop
      vertex 41.99479617995717 3.0052038200428273 4
      vertex 42.76831316104166 21.791543987498248 4
      vertex 41.87980833949426 23.453819591853836 4
    endloop
  endfacet
  facet normal 0 0 -1
    outer loop
      vertex 43.19219712946032 20.917619153474362 0
      vertex 42.31605634303066 22.637656982331407 0
      vertex 42.832434529818855 22.7320545744032 0
    endloop
  endfacet
  facet normal 0 0 -1
    outer loop
      vertex 47.36117349033331 3.533745852285817 0
      vertex 47.51472854166153 6.744751742254582 0
      vertex 47.49808732224301 3.4383222260935264 0
    endloop
  endfacet
  facet normal 0 0 -1
    outer loop
      vertex 47.49808732224301 3.4383222260935264 0
      vertex 47.83186915519515 3.9707535885798544 0
      vertex 47.631149284566796 3.337596956243166 0
    endloop
  endfacet
  facet normal 0 0 -1
    outer loop
      vertex 47.76015420540328 3.2317253538001314 0
      vertex 47.631149284566796 3.337596956243166 0
      vertex 47.83186915519515 3.9707535885798544 0
    endloop
  endfacet
  facet normal 0 0 -1
    outer loop
      vertex 47.76015420540328 3.2317253538001314 0
      vertex 47.83186915519515 3.9707535885798544 0
      vertex 47.884903168515 3.1208706651016636 0
    endloop
  endfacet
  facet normal 0 0 -1
    outer loop
      vertex 47.49808732224301 3.4383222260935264 0
      vertex 47.56808609955667 6.358988238886724 0
      vertex 47.83186915519515 3.9707535885798544 0
    endloop
  endfacet
  facet normal 0 0 -1
    outer loop
      vertex 47.884903168515 3.1208706651016636 0
      vertex 47.902884518864184 6.091054469904565 0
      vertex 48.00520382004283 3.0052038200428273 0
    endloop
  endfacet
  facet normal 0 0 -1
    outer loop
      vertex 47.884903168515 3.1208706651016636 0
      vertex 47.83186915519515 3.9707535885798544 0
      vertex 47.902884518864184 6.091054469904565 0
    endloop
  endfacet
  facet normal 0 0 -1
    outer loop
      vertex 48.06443435681619 2.9436004093113053 0
      vertex 48.00520382004283 3.0052038200428273 0
      vertex 48.09507473628747 6.197578209723179 0
    endloop
  endfacet
  facet normal 0 0 -1
    outer loop
      vertex 48.00520382004283 3.0052038200428273 0
      vertex 47.902884518864184 6.091054469904565 0
      vertex 48.09507473628747 6.197578209723179 0
    endloop
  endfacet
  facet normal 0 0 -1
    outer loop
      vertex 45.9921427963876 4.132572161690125 0
      vertex 46.64292019378587 11.323547234323085 0
      vertex 46.153621911926564 4.090434754928001 0
    endloop
  endfacet
  facet normal 0 0 -1
    outer loop
      vertex 46.153621911926564 4.090434754928001 0
      vertex 46.64292019378587 11.323547234323085 0
      vertex 46.313322226093526 4.041990194254402 0
    endloop
  endfacet
  facet normal 0 0 -1
    outer loop
      vertex 46.313322226093526 4.041990194254402 0
      vertex 46.64292019378587 11.323547234323085 0
      vertex 46.47099749257934 3.9873131776705577 0
    endloop
  endfacet
  facet normal 0 0 -1
    outer loop
      vertex 46.62640458755163 3.9264880131729685 0
      vertex 46.47099749257934 3.9873131776705577 0
      vertex 46.64292019378587 11.323547234323085 0
    endloop
  endfacet
  facet normal 0 0 -1
    outer loop
      vertex 45.49953393919581 4.220540942058436 0
      vertex 46.09447918216983 13.369913961218371 0
      vertex 45.66484647642098 4.197675447529336 0
    endloop
  endfacet
  facet normal 0 0 -1
    outer loop
      vertex 45.66484647642098 4.197675447529336 0
      vertex 46.09447918216983 13.369913961218371 0
      vertex 45.82913386856855 4.16833744171373 0
    endloop
  endfacet
  facet normal 0 0 -1
    outer loop
      vertex 45.82913386856855 4.16833744171373 0
      vertex 46.09447918216983 13.369913961218371 0
      vertex 45.9921427963876 4.132572161690125 0
    endloop
  endfacet
  facet normal 0 0 -1
    outer loop
      vertex 46.62640458755163 3.9264880131729685 0
      vertex 47.144834353162544 10.552816723720369 0
      vertex 46.779303884534066 3.8596084887565953 0
    endloop
  endfacet
  facet normal 0 0 -1
    outer loop
      vertex 46.779303884534066 3.8596084887565953 0
      vertex 47.144834353162544 10.552816723720369 0
      vertex 46.929459623893074 3.7867777278005637 0
    endloop
  endfacet
  facet normal 0 0 -1
    outer loop
      vertex 46.929459623893074 3.7867777278005637 0
      vertex 47.144834353162544 10.552816723720369 0
      vertex 47.076640276362056 3.708108030059388 0
    endloop
  endfacet
  facet normal 0 0 -1
    outer loop
      vertex 47.076640276362056 3.708108030059388 0
      vertex 47.50112943481763 9.767051837530776 0
      vertex 47.22061890004278 3.623720698504892 0
    endloop
  endfacet
  facet normal 0 0 -1
    outer loop
      vertex 47.49808732224301 3.4383222260935264 0
      vertex 47.51472854166153 6.744751742254582 0
      vertex 47.56808609955667 6.358988238886724 0
    endloop
  endfacet
  facet normal 0 0 -1
    outer loop
      vertex 47.22061890004278 3.623720698504892 0
      vertex 47.50112943481763 9.767051837530776 0
      vertex 47.36117349033331 3.533745852285817 0
    endloop
  endfacet
  facet normal 0 0 -1
    outer loop
      vertex 47.36117349033331 3.533745852285817 0
      vertex 47.50112943481763 9.767051837530776 0
      vertex 47.51472854166153 6.744751742254582 0
    endloop
  endfacet
  facet normal 0 0 -1
    outer loop
      vertex 45.9921427963876 4.132572161690125 0
      vertex 46.09447918216983 13.369913961218371 0
      vertex 46.126241040314945 13.265209147018957 0
    endloop
  endfacet
  facet normal 0 0 -1
    outer loop
      vertex 45.9921427963876 4.132572161690125 0
      vertex 46.126241040314945 13.265209147018957 0
      vertex 46.64292019378587 11.323547234323085 0
    endloop
  endfacet
  facet normal 0 0 -1
    outer loop
      vertex 46.62640458755163 3.9264880131729685 0
      vertex 46.64292019378587 11.323547234323085 0
      vertex 46.679078968001896 11.515476343965975 0
    endloop
  endfacet
  facet normal 0 0 -1
    outer loop
      vertex 46.62640458755163 3.9264880131729685 0
      vertex 46.679078968001896 11.515476343965975 0
      vertex 47.144834353162544 10.552816723720369 0
    endloop
  endfacet
  facet normal 0 0 -1
    outer loop
      vertex 47.076640276362056 3.708108030059388 0
      vertex 47.144834353162544 10.552816723720369 0
      vertex 47.50112943481763 9.767051837530776 0
    endloop
  endfacet
  facet normal 0 0 -1
    outer loop
      vertex 47.50112943481763 9.767051837530776 0
      vertex 47.144834353162544 10.552816723720369 0
      vertex 47.182488092242814 11.219336946934764 0
    endloop
  endfacet
  facet normal 0 0 -1
    outer loop
      vertex 47.83186915519515 3.9707535885798544 0
      vertex 47.56808609955667 6.358988238886724 0
      vertex 47.74992028042954 8.443642924100919 0
    endloop
  endfacet
  facet normal 0 0 -1
    outer loop
      vertex 47.902884518864184 6.091054469904565 0
      vertex 47.93113759046443 7.382808010328089 0
      vertex 48.09507473628747 6.197578209723179 0
    endloop
  endfacet
  facet normal 0 0 -1
    outer loop
      vertex 46.64292019378587 11.323547234323085 0
      vertex 46.126241040314945 13.265209147018957 0
      vertex 46.25627367808385 14.55866406771796 0
    endloop
  endfacet
  facet normal 0 0 -1
    outer loop
      vertex 47.144834353162544 10.552816723720369 0
      vertex 46.679078968001896 11.515476343965975 0
      vertex 47.08105512984792 11.624407384487688 0
    endloop
  endfacet
  facet normal 0 0 -1
    outer loop
      vertex 46.679078968001896 11.515476343965975 0
      vertex 46.705643002375595 13.063063034301498 0
      vertex 47.08105512984792 11.624407384487688 0
    endloop
  endfacet
  facet normal 0 0 -1
    outer loop
      vertex 45.50227979224048 15.260860504644599 0
      vertex 45.735104882757845 16.115266125413484 0
      vertex 46.09447918216983 13.369913961218371 0
    endloop
  endfacet
  facet normal 0 0 1
    outer loop
      vertex 47.22061890004278 3.623720698504892 4
      vertex 47.36117349033331 3.533745852285817 4
      vertex 47.40904034856661 7.508854321931082 4
    endloop
  endfacet
  facet normal 0 0 1
    outer loop
      vertex 47.36117349033331 3.533745852285817 4
      vertex 47.49808732224301 3.4383222260935264 4
      vertex 47.40904034856661 7.508854321931082 4
    endloop
  endfacet
  facet normal 0 0 1
    outer loop
      vertex 47.76015420540328 3.2317253538001314 4
      vertex 47.884903168515 3.1208706651016636 4
      vertex 47.85203201919014 3.7660365949365575 4
    endloop
  endfacet
  facet normal 0 0 1
    outer loop
      vertex 47.89039059023367 3.1155946109020833 4
      vertex 47.85203201919014 3.7660365949365575 4
      vertex 47.884903168515 3.1208706651016636 4
    endloop
  endfacet
  facet normal 0 0 1
    outer loop
      vertex 47.49808732224301 3.4383222260935264 4
      vertex 47.631149284566796 3.337596956243166 4
      vertex 47.66728593383646 5.641795077976207 4
    endloop
  endfacet
  facet normal 0 0 1
    outer loop
      vertex 47.76015420540328 3.2317253538001314 4
      vertex 47.66728593383646 5.641795077976207 4
      vertex 47.631149284566796 3.337596956243166 4
    endloop
  endfacet
  facet normal 0 0 1
    outer loop
      vertex 47.76015420540328 3.2317253538001314 4
      vertex 47.85203201919014 3.7660365949365575 4
      vertex 47.66728593383646 5.641795077976207 4
    endloop
  endfacet
  facet normal 0 0 1
    outer loop
      vertex 46.313322226093526 4.041990194254402 4
      vertex 46.47099749257934 3.9873131776705577 4
      vertex 46.67375617908847 11.205377465083458 4
    endloop
  endfacet
  facet normal 0 0 1
    outer loop
      vertex 46.62640458755163 3.9264880131729685 4
      vertex 46.67375617908847 11.205377465083458 4
      vertex 46.47099749257934 3.9873131776705577 4
    endloop
  endfacet
  facet normal 0 0 1
    outer loop
      vertex 45.66484647642098 4.197675447529336 4
      vertex 45.82913386856855 4.16833744171373 4
      vertex 46.19785134977507 13.029141593523565 4
    endloop
  endfacet
  facet normal 0 0 1
    outer loop
      vertex 45.82913386856855 4.16833744171373 4
      vertex 45.9921427963876 4.132572161690125 4
      vertex 46.19785134977507 13.029141593523565 4
    endloop
  endfacet
  facet normal 0 0 1
    outer loop
      vertex 45.9921427963876 4.132572161690125 4
      vertex 46.153621911926564 4.090434754928001 4
      vertex 46.19785134977507 13.029141593523565 4
    endloop
  endfacet
  facet normal 0 0 1
    outer loop
      vertex 46.153621911926564 4.090434754928001 4
      vertex 46.313322226093526 4.041990194254402 4
      vertex 46.19785134977507 13.029141593523565 4
    endloop
  endfacet
  facet normal 0 0 1
    outer loop
      vertex 46.929459623893074 3.7867777278005637 4
      vertex 47.076640276362056 3.708108030059388 4
      vertex 47.07769345935506 9.364335456774157 4
    endloop
  endfacet
  facet normal 0 0 1
    outer loop
      vertex 46.779303884534066 3.8596084887565953 4
      vertex 46.929459623893074 3.7867777278005637 4
      vertex 47.07769345935506 9.364335456774157 4
    endloop
  endfacet
  facet normal 0 0 1
    outer loop
      vertex 46.62640458755163 3.9264880131729685 4
      vertex 46.779303884534066 3.8596084887565953 4
      vertex 46.67375617908847 11.205377465083458 4
    endloop
  endfacet
  facet normal 0 0 1
    outer loop
      vertex 47.076640276362056 3.708108030059388 4
      vertex 47.22061890004278 3.623720698504892 4
      vertex 47.07769345935506 9.364335456774157 4
    endloop
  endfacet
  facet normal 0 0 1
    outer loop
      vertex 47.49808732224301 3.4383222260935264 4
      vertex 47.66728593383646 5.641795077976207 4
      vertex 47.40904034856661 7.508854321931082 4
    endloop
  endfacet
  facet normal 0 0 1
    outer loop
      vertex 47.22061890004278 3.623720698504892 4
      vertex 47.40904034856661 7.508854321931082 4
      vertex 47.07769345935506 9.364335456774157 4
    endloop
  endfacet
  facet normal 0 0 1
    outer loop
      vertex 46.313322226093526 4.041990194254402 4
      vertex 46.67375617908847 11.205377465083458 4
      vertex 46.19785134977507 13.029141593523565 4
    endloop
  endfacet
  facet normal 0 0 1
    outer loop
      vertex 46.779303884534066 3.8596084887565953 4
      vertex 47.07769345935506 9.364335456774157 4
      vertex 46.67375617908847 11.205377465083458 4
    endloop
  endfacet
  facet normal 0 0 1
    outer loop
      vertex 45.66484647642098 4.197675447529336 4
      vertex 46.19785134977507 13.029141593523565 4
      vertex 45.65071278216737 14.832815729997474 4
    endloop
  endfacet
  facet normal 0.7208535967029189 -0.6930873625456359 0
    outer loop
      vertex 15.556349186104047 -15.556349186104045 4
      vertex 16.15509520758508 -14.93361640172472 4
      vertex 15.556349186104047 -15.556349186104045 15.999999999999982
    endloop
  endfacet
  facet normal 0.7475083268625975 -0.6642524379112809 0
    outer loop
      vertex 16.15509520758508 -14.93361640172472 4
      vertex 16.72893124320068 -14.28785706326404 4
      vertex 16.15509520758508 -14.93361640172472 16
    endloop
  endfacet
  facet normal 0.7730104533627356 -0.6343932841636469 0
    outer loop
      vertex 16.72893124320068 -14.28785706326404 4
      vertex 17.27697247937639 -13.620066884816348 4
      vertex 16.72893124320068 -14.28785706326404 16
    endloop
  endfacet
  facet normal 0.7208535967029189 -0.6930873625456357 0
    outer loop
      vertex 16.15509520758508 -14.93361640172472 4
      vertex 16.15509520758508 -14.93361640172472 16
      vertex 15.556349186104047 -15.556349186104045 15.999999999999982
    endloop
  endfacet
  facet normal 0 0 1
    outer loop
      vertex 3.0052038200428273 -3.005203820042827 16
      vertex 12.28199445153768 -12.28199445153768 16
      vertex 3.1208706651016636 -2.8849031685150024 16
    endloop
  endfacet
  facet normal 0 0 1
    outer loop
      vertex 3.1208706651016636 -2.8849031685150024 16
      vertex 12.28199445153768 -12.28199445153768 16
      vertex 3.2317253538001314 -2.7601542054032806 16
    endloop
  endfacet
  facet normal 0 0 1
    outer loop
      vertex 3.2317253538001314 -2.7601542054032806 16
      vertex 12.28199445153768 -12.28199445153768 16
      vertex 3.337596956243166 -2.6311492845667943 16
    endloop
  endfacet
  facet normal 0 0 1
    outer loop
      vertex 3.337596956243166 -2.6311492845667943 16
      vertex 12.28199445153768 -12.28199445153768 16
      vertex 3.4383222260935264 -2.498087322243011 16
    endloop
  endfacet
  facet normal 0 0 1
    outer loop
      vertex 3.4383222260935264 -2.498087322243011 16
      vertex 12.28199445153768 -12.28199445153768 16
      vertex 3.533745852285817 -2.361173490333309 16
    endloop
  endfacet
  facet normal 0 0 1
    outer loop
      vertex 3.533745852285817 -2.361173490333309 16
      vertex 12.28199445153768 -12.28199445153768 16
      vertex 3.623720698504892 -2.2206189000427825 16
    endloop
  endfacet
  facet normal 0 0 1
    outer loop
      vertex 3.623720698504892 -2.2206189000427825 16
      vertex 12.28199445153768 -12.28199445153768 16
      vertex 3.708108030059388 -2.0766402763620584 16
    endloop
  endfacet
  facet normal 0 0 1
    outer loop
      vertex 3.708108030059388 -2.0766402763620584 16
      vertex 12.28199445153768 -12.28199445153768 16
      vertex 3.7867777278005637 -1.929459623893074 16
    endloop
  endfacet
  facet normal 0 0 1
    outer loop
      vertex 3.7867777278005637 -1.929459623893074 16
      vertex 12.28199445153768 -12.28199445153768 16
      vertex 3.8596084887565953 -1.7793038845340694 16
    endloop
  endfacet
  facet normal 0 0 1
    outer loop
      vertex 3.8596084887565953 -1.7793038845340694 16
      vertex 12.28199445153768 -12.28199445153768 16
      vertex 3.9264880131729685 -1.6264045875516315 16
    endloop
  endfacet
  facet normal 0 0 1
    outer loop
      vertex 3.9264880131729685 -1.6264045875516315 16
      vertex 12.28199445153768 -12.28199445153768 16
      vertex 3.9873131776705577 -1.470997492579345 16
    endloop
  endfacet
  facet normal 0 0 1
    outer loop
      vertex 3.9873131776705577 -1.470997492579345 16
      vertex 12.28199445153768 -12.28199445153768 16
      vertex 4.041990194254402 -1.3133222260935264 16
    endloop
  endfacet
  facet normal 0 0 1
    outer loop
      vertex 4.041990194254402 -1.3133222260935264 16
      vertex 12.28199445153768 -12.28199445153768 16
      vertex 4.090434754928001 -1.1536219119265656 16
    endloop
  endfacet
  facet normal 0 0 1
    outer loop
      vertex 4.090434754928001 -1.1536219119265656 16
      vertex 12.28199445153768 -12.28199445153768 16
      vertex 4.132572161690125 -0.992142796387598 16
    endloop
  endfacet
  facet normal 0 0 1
    outer loop
      vertex 4.132572161690125 -0.992142796387598 16
      vertex 12.28199445153768 -12.28199445153768 16
      vertex 4.16833744171373 -0.8291338685685451 16
    endloop
  endfacet
  facet normal 0 0 1
    outer loop
      vertex 4.16833744171373 -0.8291338685685451 16
      vertex 12.28199445153768 -12.28199445153768 16
      vertex 4.197675447529336 -0.6648464764209812 16
    endloop
  endfacet
  facet normal 0 0 1
    outer loop
      vertex 4.197675447529336 -0.6648464764209812 16
      vertex 12.28199445153768 -12.28199445153768 16
      vertex 4.220540942058436 -0.49953393919581 16
    endloop
  endfacet
  facet normal 0 0 1
    outer loop
      vertex 4.220540942058436 -0.49953393919581 16
      vertex 12.28199445153768 -12.28199445153768 16
      vertex 4.236898668365794 -0.33345115684334103 16
    endloop
  endfacet
  facet normal 0 0 1
    outer loop
      vertex 4.236898668365794 -0.33345115684334103 16
      vertex 12.28199445153768 -12.28199445153768 16
      vertex 4.246723404023072 -0.16685421697604158 16
    endloop
  endfacet
  facet normal 0 0 1
    outer loop
      vertex 4.246723404023072 -0.16685421697604158 16
      vertex 12.28199445153768 -12.28199445153768 16
      vertex 4.25 0 16
    endloop
  endfacet
  facet normal 0 0 1
    outer loop
      vertex 12.28199445153768 -12.28199445153768 16
      vertex 12.4 0 16
      vertex 4.25 0 16
    endloop
  endfacet
  facet normal 0.7475083268625975 -0.6642524379112809 0
    outer loop
      vertex 16.72893124320068 -14.28785706326404 4
      vertex 16.72893124320068 -14.28785706326404 16
      vertex 16.15509520758508 -14.93361640172472 16
    endloop
  endfacet
  facet normal 0.7730104533627356 -0.6343932841636469 0
    outer loop
      vertex 17.27697247937639 -13.620066884816348 4
      vertex 17.27697247937639 -13.620066884816348 16
      vertex 16.72893124320068 -14.28785706326404 16
    endloop
  endfacet
  facet normal -2.8107060006212108e-14 -1.5007689705718746e-15 1
    outer loop
      vertex 15.556349186104047 -15.556349186104045 15.999999999999982
      vertex 16.15509520758508 -14.93361640172472 16
      vertex 15.517779447277206 -2.9976871087221686 16
    endloop
  endfacet
  facet normal 0 0 1
    outer loop
      vertex 16.15509520758508 -14.93361640172472 16
      vertex 16.72893124320068 -14.28785706326404 16
      vertex 16.100336091567716 -2.9171097611930294 16
    endloop
  endfacet
  facet normal 5.01866312177382e-15 -4.063961140132853e-16 1
    outer loop
      vertex 12.28199445153768 -12.28199445153768 16
      vertex 15.556349186104047 -15.556349186104045 15.999999999999982
      vertex 13.118782103199909 -1.948344144990551 16
    endloop
  endfacet
  facet normal 0 0 1
    outer loop
      vertex 12.28199445153768 -12.28199445153768 16
      vertex 13.118782103199909 -1.948344144990551 16
      vertex 13.044049207357766 -1.857281847929502 16
    endloop
  endfacet
  facet normal 0 0 1
    outer loop
      vertex 12.28199445153768 -12.28199445153768 16
      vertex 12.54683045111454 -0.9270509831248421 16
      vertex 12.512634290639058 -0.8143213495952228 16
    endloop
  endfacet
  facet normal 0 0 1
    outer loop
      vertex 12.28199445153768 -12.28199445153768 16
      vertex 12.62836140246614 -1.1480502970952693 16
      vertex 12.585425992232548 -1.0383511712324789 16
    endloop
  endfacet
  facet normal 0 0 1
    outer loop
      vertex 12.28199445153768 -12.28199445153768 16
      vertex 12.726980427434896 -1.3619714992186405 16
      vertex 12.675570478524756 -1.2559792126122842 16
    endloop
  endfacet
  facet normal 0 0 1
    outer loop
      vertex 12.28199445153768 -12.28199445153768 16
      vertex 12.675570478524756 -1.2559792126122842 16
      vertex 12.62836140246614 -1.1480502970952693 16
    endloop
  endfacet
  facet normal 0 0 1
    outer loop
      vertex 12.28199445153768 -12.28199445153768 16
      vertex 12.585425992232548 -1.0383511712324789 16
      vertex 12.54683045111454 -0.9270509831248421 16
    endloop
  endfacet
  facet normal 0 0 1
    outer loop
      vertex 12.28199445153768 -12.28199445153768 16
      vertex 12.905591163092364 -1.6667106990588065 16
      vertex 12.842079506937724 -1.5674956941478464 16
    endloop
  endfacet
  facet normal 0 0 1
    outer loop
      vertex 12.28199445153768 -12.28199445153768 16
      vertex 12.78251197878161 -1.4658637244908648 16
      vertex 12.726980427434896 -1.3619714992186405 16
    endloop
  endfacet
  facet normal 0 0 1
    outer loop
      vertex 12.28199445153768 -12.28199445153768 16
      vertex 12.842079506937724 -1.5674956941478464 16
      vertex 12.78251197878161 -1.4658637244908648 16
    endloop
  endfacet
  facet normal 0 0 1
    outer loop
      vertex 12.28199445153768 -12.28199445153768 16
      vertex 12.972949016875159 -1.7633557568774194 16
      vertex 12.905591163092364 -1.6667106990588065 16
    endloop
  endfacet
  facet normal 0 0 1
    outer loop
      vertex 12.28199445153768 -12.28199445153768 16
      vertex 13.044049207357766 -1.857281847929502 16
      vertex 12.972949016875159 -1.7633557568774194 16
    endloop
  endfacet
  facet normal 0 0 1
    outer loop
      vertex 12.28199445153768 -12.28199445153768 16
      vertex 12.48289023880697 -0.7003360915677161 16
      vertex 12.457644158790309 -0.5852709660483848 16
    endloop
  endfacet
  facet normal 0 0 1
    outer loop
      vertex 12.28199445153768 -12.28199445153768 16
      vertex 12.512634290639058 -0.8143213495952228 16
      vertex 12.48289023880697 -0.7003360915677161 16
    endloop
  endfacet
  facet normal 0 0 1
    outer loop
      vertex 12.28199445153768 -12.28199445153768 16
      vertex 12.457644158790309 -0.5852709660483848 16
      vertex 12.436934978214587 -0.46930339512069263 16
    endloop
  endfacet
  facet normal 0 0 1
    outer loop
      vertex 12.28199445153768 -12.28199445153768 16
      vertex 12.436934978214587 -0.46930339512069263 16
      vertex 12.420794629135221 -0.35261219237351293 16
    endloop
  endfacet
  facet normal 0 0 1
    outer loop
      vertex 12.28199445153768 -12.28199445153768 16
      vertex 12.420794629135221 -0.35261219237351293 16
      vertex 12.409247998800616 -0.23537728718353484 16
    endloop
  endfacet
  facet normal 0 0 1
    outer loop
      vertex 12.28199445153768 -12.28199445153768 16
      vertex 12.409247998800616 -0.23537728718353484 16
      vertex 12.402312891277832 -0.11777944727720582 16
    endloop
  endfacet
  facet normal 0 0 1
    outer loop
      vertex 12.28199445153768 -12.28199445153768 16
      vertex 12.402312891277832 -0.11777944727720582 16
      vertex 12.4 0 16
    endloop
  endfacet
  facet normal -1.3840685359115547e-15 -1.5575445365254482e-15 1
    outer loop
      vertex 15.556349186104047 -15.556349186104045 15.999999999999982
      vertex 13.451655855009449 -2.2812178968000927 16
      vertex 13.363597763401176 -2.202967528307057 16
    endloop
  endfacet
  facet normal -1.2624149638465817e-15 -1.5382570842020711e-15 1
    outer loop
      vertex 15.556349186104047 -15.556349186104045 15.999999999999982
      vertex 13.5427181520705 -2.355950792642235 16
      vertex 13.451655855009449 -2.2812178968000927 16
    endloop
  endfacet
  facet normal -1.1516385493568204e-15 -1.5213588952681698e-15 1
    outer loop
      vertex 15.556349186104047 -15.556349186104045 15.999999999999982
      vertex 13.63664424312258 -2.4270509831248424 16
      vertex 13.5427181520705 -2.355950792642235 16
    endloop
  endfacet
  facet normal -1.0499671232576014e-15 -1.5064929720310567e-15 1
    outer loop
      vertex 15.556349186104047 -15.556349186104045 15.999999999999982
      vertex 13.733289300941195 -2.4944088369076356 16
      vertex 13.63664424312258 -2.4270509831248424 16
    endloop
  endfacet
  facet normal -7.093131003483611e-16 -1.462396268029385e-15 1
    outer loop
      vertex 15.556349186104047 -15.556349186104045 15.999999999999982
      vertex 14.144020787387717 -2.7244295214752436 16
      vertex 14.03802850078136 -2.673019572565104 16
    endloop
  endfacet
  facet normal -9.559708014850467e-16 -1.4933738703512726e-15 1
    outer loop
      vertex 15.556349186104047 -15.556349186104045 15.999999999999982
      vertex 13.832504305852154 -2.557920493062277 16
      vertex 13.733289300941195 -2.4944088369076356 16
    endloop
  endfacet
  facet normal -8.684810235532075e-16 -1.4817710213205327e-15 1
    outer loop
      vertex 15.556349186104047 -15.556349186104045 15.999999999999982
      vertex 13.934136275509136 -2.6174880212183913 16
      vertex 13.832504305852154 -2.557920493062277 16
    endloop
  endfacet
  facet normal -7.865312945340723e-16 -1.4714965538275716e-15 1
    outer loop
      vertex 15.556349186104047 -15.556349186104045 15.999999999999982
      vertex 14.03802850078136 -2.673019572565104 16
      vertex 13.934136275509136 -2.6174880212183913 16
    endloop
  endfacet
  facet normal -1.8398677352157263e-15 -1.6349471766833751e-15 1
    outer loop
      vertex 15.556349186104047 -15.556349186104045 15.999999999999982
      vertex 13.197032471692943 -2.0364022365988252 16
      vertex 13.118782103199909 -1.948344144990551 16
    endloop
  endfacet
  facet normal -1.669530039199551e-15 -1.6052221655715677e-15 1
    outer loop
      vertex 15.556349186104047 -15.556349186104045 15.999999999999982
      vertex 13.278679656440357 -2.121320343559643 16
      vertex 13.197032471692943 -2.0364022365988252 16
    endloop
  endfacet
  facet normal -1.5188263264262265e-15 -1.5796730388362354e-15 1
    outer loop
      vertex 15.556349186104047 -15.556349186104045 15.999999999999982
      vertex 13.363597763401176 -2.202967528307057 16
      vertex 13.278679656440357 -2.121320343559643 16
    endloop
  endfacet
  facet normal -6.361426138910793e-16 -1.4543428544581951e-15 1
    outer loop
      vertex 15.556349186104047 -15.556349186104045 15.999999999999982
      vertex 14.251949702904732 -2.77163859753386 16
      vertex 14.144020787387717 -2.7244295214752436 16
    endloop
  endfacet
  facet normal -5.664351929876024e-16 -1.447230740095361e-15 1
    outer loop
      vertex 15.556349186104047 -15.556349186104045 15.999999999999982
      vertex 14.361648828767521 -2.8145740077674524 16
      vertex 14.251949702904732 -2.77163859753386 16
    endloop
  endfacet
  facet normal -4.996855808724378e-16 -1.440972131359143e-15 1
    outer loop
      vertex 15.556349186104047 -15.556349186104045 15.999999999999982
      vertex 14.472949016875159 -2.8531695488854605 16
      vertex 14.361648828767521 -2.8145740077674524 16
    endloop
  endfacet
  facet normal -4.354523292184476e-16 -1.4354939504863673e-15 1
    outer loop
      vertex 15.556349186104047 -15.556349186104045 15.999999999999982
      vertex 14.585678650404777 -2.887365709360942 16
      vertex 14.472949016875159 -2.8531695488854605 16
    endloop
  endfacet
  facet normal -3.1301601922857276e-16 -1.4266463355233101e-15 1
    outer loop
      vertex 15.556349186104047 -15.556349186104045 15.999999999999982
      vertex 14.814729033951615 -2.9423558412096913 16
      vertex 14.699663908432285 -2.9171097611930294 16
    endloop
  endfacet
  facet normal -3.733453787407895e-16 -1.4307354481959927e-15 1
    outer loop
      vertex 15.556349186104047 -15.556349186104045 15.999999999999982
      vertex 14.699663908432285 -2.9171097611930294 16
      vertex 14.585678650404777 -2.887365709360942 16
    endloop
  endfacet
  facet normal -2.541486516439755e-16 -1.4231853200533298e-15 1
    outer loop
      vertex 15.556349186104047 -15.556349186104045 15.999999999999982
      vertex 14.930696604879309 -2.9630650217854133 16
      vertex 14.814729033951615 -2.9423558412096913 16
    endloop
  endfacet
  facet normal -1.964539169477372e-16 -1.4203189621426548e-15 1
    outer loop
      vertex 15.556349186104047 -15.556349186104045 15.999999999999982
      vertex 15.047387807626487 -2.9792053708647788 16
      vertex 14.930696604879309 -2.9630650217854133 16
    endloop
  endfacet
  facet normal -1.3966285748429086e-16 -1.4180207888582964e-15 1
    outer loop
      vertex 15.556349186104047 -15.556349186104045 15.999999999999982
      vertex 15.164622712816465 -2.990752001199384 16
      vertex 15.047387807626487 -2.9792053708647788 16
    endloop
  endfacet
  facet normal -8.352184902013e-17 -1.4162706198111068e-15 1
    outer loop
      vertex 15.556349186104047 -15.556349186104045 15.999999999999982
      vertex 15.282220552722794 -2.9976871087221686 16
      vertex 15.164622712816465 -2.990752001199384 16
    endloop
  endfacet
  facet normal -2.77880928755304e-17 -1.4150540715585153e-15 1
    outer loop
      vertex 15.556349186104047 -15.556349186104045 15.999999999999982
      vertex 15.4 -3 16
      vertex 15.282220552722794 -2.9976871087221686 16
    endloop
  endfacet
  facet normal 0 0 1
    outer loop
      vertex 16.72893124320068 -14.28785706326404 16
      vertex 17.27697247937639 -13.620066884816348 16
      vertex 16.655979212612284 -2.7244295214752436 16
    endloop
  endfacet
  facet normal 2.777450659736491e-17 -1.4143622170173062e-15 1
    outer loop
      vertex 15.556349186104047 -15.556349186104045 15.999999999999982
      vertex 15.517779447277206 -2.9976871087221686 16
      vertex 15.4 -3 16
    endloop
  endfacet
  facet normal 0 0 1
    outer loop
      vertex 16.15509520758508 -14.93361640172472 16
      vertex 15.635377287183536 -2.990752001199384 16
      vertex 15.517779447277206 -2.9976871087221686 16
    endloop
  endfacet
  facet normal 0 0 1
    outer loop
      vertex 16.15509520758508 -14.93361640172472 16
      vertex 15.752612192373514 -2.9792053708647788 16
      vertex 15.635377287183536 -2.990752001199384 16
    endloop
  endfacet
  facet normal 0 0 1
    outer loop
      vertex 16.15509520758508 -14.93361640172472 16
      vertex 15.869303395120692 -2.9630650217854133 16
      vertex 15.752612192373514 -2.9792053708647788 16
    endloop
  endfacet
  facet normal 0 0 1
    outer loop
      vertex 16.15509520758508 -14.93361640172472 16
      vertex 15.985270966048386 -2.9423558412096913 16
      vertex 15.869303395120692 -2.9630650217854133 16
    endloop
  endfacet
  facet normal 0 0 1
    outer loop
      vertex 16.15509520758508 -14.93361640172472 16
      vertex 16.100336091567716 -2.9171097611930294 16
      vertex 15.985270966048386 -2.9423558412096913 16
    endloop
  endfacet
  facet normal 0 0 1
    outer loop
      vertex 16.72893124320068 -14.28785706326404 16
      vertex 16.214321349595224 -2.887365709360942 16
      vertex 16.100336091567716 -2.9171097611930294 16
    endloop
  endfacet
  facet normal 0 0 1
    outer loop
      vertex 16.72893124320068 -14.28785706326404 16
      vertex 16.327050983124842 -2.8531695488854605 16
      vertex 16.214321349595224 -2.887365709360942 16
    endloop
  endfacet
  facet normal 0 0 1
    outer loop
      vertex 16.72893124320068 -14.28785706326404 16
      vertex 16.43835117123248 -2.8145740077674524 16
      vertex 16.327050983124842 -2.8531695488854605 16
    endloop
  endfacet
  facet normal 0 0 1
    outer loop
      vertex 16.72893124320068 -14.28785706326404 16
      vertex 16.54805029709527 -2.77163859753386 16
      vertex 16.43835117123248 -2.8145740077674524 16
    endloop
  endfacet
  facet normal 0 0 1
    outer loop
      vertex 16.72893124320068 -14.28785706326404 16
      vertex 16.655979212612284 -2.7244295214752436 16
      vertex 16.54805029709527 -2.77163859753386 16
    endloop
  endfacet
  facet normal 0 0 1
    outer loop
      vertex 16.655979212612284 -2.7244295214752436 16
      vertex 17.27697247937639 -13.620066884816348 16
      vertex 16.761971499218642 -2.673019572565104 16
    endloop
  endfacet
  facet normal 0 0 1
    outer loop
      vertex 16.761971499218642 -2.673019572565104 16
      vertex 17.27697247937639 -13.620066884816348 16
      vertex 16.865863724490865 -2.6174880212183913 16
    endloop
  endfacet
  facet normal 0 0 1
    outer loop
      vertex 16.865863724490865 -2.6174880212183913 16
      vertex 17.27697247937639 -13.620066884816348 16
      vertex 16.967495694147846 -2.557920493062277 16
    endloop
  endfacet
  facet normal 0 0 1
    outer loop
      vertex 16.967495694147846 -2.557920493062277 16
      vertex 17.27697247937639 -13.620066884816348 16
      vertex 17.066710699058806 -2.4944088369076356 16
    endloop
  endfacet
  facet normal 0 0 1
    outer loop
      vertex 17.066710699058806 -2.4944088369076356 16
      vertex 17.27697247937639 -13.620066884816348 16
      vertex 17.16335575687742 -2.4270509831248424 16
    endloop
  endfacet
  facet normal 0 0 1
    outer loop
      vertex 17.16335575687742 -2.4270509831248424 16
      vertex 17.27697247937639 -13.620066884816348 16
      vertex 17.2572818479295 -2.355950792642235 16
    endloop
  endfacet
  facet normal 0.7973206537727068 -0.6035559419535719 0
    outer loop
      vertex 17.27697247937639 -13.620066884816348 4
      vertex 17.798373876248846 -12.931275550434409 4
      vertex 17.27697247937639 -13.620066884816348 16
    endloop
  endfacet
  facet normal 0.8204014435255153 -0.5717879602276098 0
    outer loop
      vertex 17.798373876248846 -12.931275550434409 4
      vertex 18.292331470655995 -12.222545126431248 4
      vertex 17.798373876248846 -12.931275550434409 16
    endloop
  endfacet
  facet normal 0.8422172337162855 -0.5391383229110019 0
    outer loop
      vertex 18.292331470655995 -12.222545126431248 4
      vertex 18.75808361579003 -11.494968423750873 4
      vertex 18.292331470655995 -12.222545126431248 16
    endloop
  endfacet
  facet normal 0.8627343859777908 -0.5056573733779863 0
    outer loop
      vertex 18.75808361579003 -11.494968423750873 4
      vertex 19.19491215560154 -10.74966731293301 4
      vertex 18.75808361579003 -11.494968423750873 16
    endloop
  endfacet
  facet normal 0.8819212643483558 -0.4713967368259961 0
    outer loop
      vertex 19.19491215560154 -10.74966731293301 4
      vertex 19.602143532144094 -9.98779099427003 4
      vertex 19.19491215560154 -10.74966731293301 16
    endloop
  endfacet
  facet normal 0.899748284052223 -0.43640924067333897 0
    outer loop
      vertex 19.602143532144094 -9.98779099427003 4
      vertex 19.979149824151786 -9.210514225823418 4
      vertex 19.602143532144094 -9.98779099427003 16
    endloop
  endfacet
  facet normal 0.9161879571171354 -0.4007488331031421 0
    outer loop
      vertex 19.979149824151786 -9.210514225823418 4
      vertex 20.325349715248308 -8.419035512031975 4
      vertex 19.979149824151786 -9.210514225823418 16
    endloop
  endfacet
  facet normal 0.9312149347588035 -0.36447049987914976 0
    outer loop
      vertex 20.325349715248308 -8.419035512031975 4
      vertex 20.64020939029465 -7.614575255704845 4
      vertex 20.325349715248308 -8.419035512031975 16
    endloop
  endfacet
  facet normal 0.9448060464668786 -0.32763017956169205 0
    outer loop
      vertex 20.64020939029465 -7.614575255704845 4
      vertex 20.923243358493377 -6.798373876248843 4
      vertex 20.64020939029465 -7.614575255704845 16
    endloop
  endfacet
  facet normal 0.9569403357322084 -0.2902846772544636 0
    outer loop
      vertex 20.923243358493377 -6.798373876248843 4
      vertex 21.17401520198024 -5.971689897031633 4
      vertex 20.923243358493377 -6.798373876248843 16
    endloop
  endfacet
  facet normal 0.9675990923602594 -0.2524915770151593 0
    outer loop
      vertex 21.17401520198024 -5.971689897031633 4
      vertex 21.392138248748886 -5.135798004829919 4
      vertex 21.17401520198024 -5.971689897031633 16
    endloop
  endfacet
  facet normal 0.9767658813208726 -0.21430915306504986 0
    outer loop
      vertex 21.392138248748886 -5.135798004829919 4
      vertex 21.57727616887107 -4.291987084354822 4
      vertex 21.392138248748886 -5.135798004829919 16
    endloop
  endfacet
  facet normal 0.9844265680898915 -0.17579627993435512 0
    outer loop
      vertex 21.57727616887107 -4.291987084354822 4
      vertex 21.72914349309303 -3.441558230885079 4
      vertex 21.57727616887107 -4.291987084354822 16
    endloop
  endfacet
  facet normal 0.9905693404435775 -0.13701234168196658 0
    outer loop
      vertex 21.72914349309303 -3.441558230885079 4
      vertex 21.847506053008377 -2.585822744072428 4
      vertex 21.72914349309303 -3.441558230885079 16
    endloop
  endfacet
  facet normal 0.9951847266721968 -0.09801714032956037 0
    outer loop
      vertex 21.847506053008377 -2.585822744072428 4
      vertex 21.932181342128814 -1.7261001060125887 4
      vertex 21.847506053008377 -2.585822744072428 16
    endloop
  endfacet
  facet normal 0.9982656101847158 -0.05887080365119055 0
    outer loop
      vertex 21.932181342128814 -1.7261001060125887 4
      vertex 21.983038797295904 -0.8637159466995095 4
      vertex 21.932181342128814 -1.7261001060125887 16
    endloop
  endfacet
  facet normal 0.9998072404820648 -0.01963369246062839 0
    outer loop
      vertex 21.983038797295904 -0.8637159466995095 4
      vertex 22 0 4
      vertex 21.983038797295904 -0.8637159466995095 16
    endloop
  endfacet
  facet normal 0.9998072404820648 -0.01963369246062839 -3.885923769460483e-20
    outer loop
      vertex 21.983038797295904 -0.8637159466995095 16
      vertex 22 0 4
      vertex 22 0 13
    endloop
  endfacet
  facet normal 0.7973206537727068 -0.6035559419535719 0
    outer loop
      vertex 17.798373876248846 -12.931275550434409 4
      vertex 17.798373876248846 -12.931275550434409 16
      vertex 17.27697247937639 -13.620066884816348 16
    endloop
  endfacet
  facet normal 0.8204014435255153 -0.5717879602276098 0
    outer loop
      vertex 18.292331470655995 -12.222545126431248 4
      vertex 18.292331470655995 -12.222545126431248 16
      vertex 17.798373876248846 -12.931275550434409 16
    endloop
  endfacet
  facet normal 0.8422172337162855 -0.5391383229110019 0
    outer loop
      vertex 18.75808361579003 -11.494968423750873 4
      vertex 18.75808361579003 -11.494968423750873 16
      vertex 18.292331470655995 -12.222545126431248 16
    endloop
  endfacet
  facet normal 0.8627343859777908 -0.5056573733779863 0
    outer loop
      vertex 19.19491215560154 -10.74966731293301 4
      vertex 19.19491215560154 -10.74966731293301 16
      vertex 18.75808361579003 -11.494968423750873 16
    endloop
  endfacet
  facet normal 0.8819212643483558 -0.4713967368259961 0
    outer loop
      vertex 19.602143532144094 -9.98779099427003 4
      vertex 19.602143532144094 -9.98779099427003 16
      vertex 19.19491215560154 -10.74966731293301 16
    endloop
  endfacet
  facet normal 0.899748284052223 -0.43640924067333897 0
    outer loop
      vertex 19.979149824151786 -9.210514225823418 4
      vertex 19.979149824151786 -9.210514225823418 16
      vertex 19.602143532144094 -9.98779099427003 16
    endloop
  endfacet
  facet normal 0.9161879571171354 -0.4007488331031421 0
    outer loop
      vertex 20.325349715248308 -8.419035512031975 4
      vertex 20.325349715248308 -8.419035512031975 16
      vertex 19.979149824151786 -9.210514225823418 16
    endloop
  endfacet
  facet normal 0.9312149347588035 -0.36447049987914976 0
    outer loop
      vertex 20.64020939029465 -7.614575255704845 4
      vertex 20.64020939029465 -7.614575255704845 16
      vertex 20.325349715248308 -8.419035512031975 16
    endloop
  endfacet
  facet normal 0.9448060464668786 -0.32763017956169205 0
    outer loop
      vertex 20.923243358493377 -6.798373876248843 4
      vertex 20.923243358493377 -6.798373876248843 16
      vertex 20.64020939029465 -7.614575255704845 16
    endloop
  endfacet
  facet normal 0.9569403357322084 -0.2902846772544636 0
    outer loop
      vertex 21.17401520198024 -5.971689897031633 4
      vertex 21.17401520198024 -5.971689897031633 16
      vertex 20.923243358493377 -6.798373876248843 16
    endloop
  endfacet
  facet normal 0.9675990923602594 -0.2524915770151593 0
    outer loop
      vertex 21.392138248748886 -5.135798004829919 4
      vertex 21.392138248748886 -5.135798004829919 16
      vertex 21.17401520198024 -5.971689897031633 16
    endloop
  endfacet
  facet normal 0.9767658813208726 -0.21430915306504986 0
    outer loop
      vertex 21.57727616887107 -4.291987084354822 4
      vertex 21.57727616887107 -4.291987084354822 16
      vertex 21.392138248748886 -5.135798004829919 16
    endloop
  endfacet
  facet normal 0.9844265680898915 -0.17579627993435512 0
    outer loop
      vertex 21.72914349309303 -3.441558230885079 4
      vertex 21.72914349309303 -3.441558230885079 16
      vertex 21.57727616887107 -4.291987084354822 16
    endloop
  endfacet
  facet normal 0.9905693404435775 -0.13701234168196658 0
    outer loop
      vertex 21.847506053008377 -2.585822744072428 4
      vertex 21.847506053008377 -2.585822744072428 16
      vertex 21.72914349309303 -3.441558230885079 16
    endloop
  endfacet
  facet normal 0.9951847266721968 -0.09801714032956037 0
    outer loop
      vertex 21.932181342128814 -1.7261001060125887 4
      vertex 21.932181342128814 -1.7261001060125887 16
      vertex 21.847506053008377 -2.585822744072428 16
    endloop
  endfacet
  facet normal 0.9982656101847158 -0.05887080365119055 0
    outer loop
      vertex 21.983038797295904 -0.8637159466995095 4
      vertex 21.983038797295904 -0.8637159466995095 16
      vertex 21.932181342128814 -1.7261001060125887 16
    endloop
  endfacet
  facet normal 0 0 1
    outer loop
      vertex 17.27697247937639 -13.620066884816348 16
      vertex 17.798373876248846 -12.931275550434409 16
      vertex 17.2572818479295 -2.355950792642235 16
    endloop
  endfacet
  facet normal 0 0 1
    outer loop
      vertex 17.798373876248846 -12.931275550434409 16
      vertex 18.292331470655995 -12.222545126431248 16
      vertex 17.755950792642235 -1.857281847929502 16
    endloop
  endfacet
  facet normal 0 0 1
    outer loop
      vertex 18.292331470655995 -12.222545126431248 16
      vertex 18.75808361579003 -11.494968423750873 16
      vertex 18.28736570936094 -0.8143213495952228 16
    endloop
  endfacet
  facet normal 0 0 1
    outer loop
      vertex 17.798373876248846 -12.931275550434409 16
      vertex 17.348344144990552 -2.2812178968000927 16
      vertex 17.2572818479295 -2.355950792642235 16
    endloop
  endfacet
  facet normal 0 0 1
    outer loop
      vertex 17.798373876248846 -12.931275550434409 16
      vertex 17.436402236598827 -2.202967528307057 16
      vertex 17.348344144990552 -2.2812178968000927 16
    endloop
  endfacet
  facet normal 0 0 1
    outer loop
      vertex 17.798373876248846 -12.931275550434409 16
      vertex 17.521320343559644 -2.121320343559643 16
      vertex 17.436402236598827 -2.202967528307057 16
    endloop
  endfacet
  facet normal 0 0 1
    outer loop
      vertex 17.798373876248846 -12.931275550434409 16
      vertex 17.602967528307058 -2.0364022365988252 16
      vertex 17.521320343559644 -2.121320343559643 16
    endloop
  endfacet
  facet normal 0 0 1
    outer loop
      vertex 17.798373876248846 -12.931275550434409 16
      vertex 17.681217896800092 -1.948344144990551 16
      vertex 17.602967528307058 -2.0364022365988252 16
    endloop
  endfacet
  facet normal 0 0 1
    outer loop
      vertex 17.798373876248846 -12.931275550434409 16
      vertex 17.755950792642235 -1.857281847929502 16
      vertex 17.681217896800092 -1.948344144990551 16
    endloop
  endfacet
  facet normal 0 0 1
    outer loop
      vertex 18.75808361579003 -11.494968423750873 16
      vertex 19.19491215560154 -10.74966731293301 16
      vertex 18.4 0 16
    endloop
  endfacet
  facet normal 0 0 1
    outer loop
      vertex 19.19491215560154 -10.74966731293301 16
      vertex 19.602143532144094 -9.98779099427003 16
      vertex 18.4 0 16
    endloop
  endfacet
  facet normal 0 0 1
    outer loop
      vertex 19.602143532144094 -9.98779099427003 16
      vertex 19.979149824151786 -9.210514225823418 16
      vertex 18.4 0 16
    endloop
  endfacet
  facet normal 0 0 1
    outer loop
      vertex 19.979149824151786 -9.210514225823418 16
      vertex 20.325349715248308 -8.419035512031975 16
      vertex 18.4 0 16
    endloop
  endfacet
  facet normal 0 0 1
    outer loop
      vertex 20.325349715248308 -8.419035512031975 16
      vertex 20.64020939029465 -7.614575255704845 16
      vertex 18.4 0 16
    endloop
  endfacet
  facet normal 0 0 1
    outer loop
      vertex 18.292331470655995 -12.222545126431248 16
      vertex 17.827050983124842 -1.7633557568774194 16
      vertex 17.755950792642235 -1.857281847929502 16
    endloop
  endfacet
  facet normal 0 0 1
    outer loop
      vertex 18.292331470655995 -12.222545126431248 16
      vertex 17.894408836907637 -1.6667106990588065 16
      vertex 17.827050983124842 -1.7633557568774194 16
    endloop
  endfacet
  facet normal 0 0 1
    outer loop
      vertex 18.292331470655995 -12.222545126431248 16
      vertex 17.95792049306228 -1.5674956941478464 16
      vertex 17.894408836907637 -1.6667106990588065 16
    endloop
  endfacet
  facet normal 0 0 1
    outer loop
      vertex 18.292331470655995 -12.222545126431248 16
      vertex 18.01748802121839 -1.4658637244908648 16
      vertex 17.95792049306228 -1.5674956941478464 16
    endloop
  endfacet
  facet normal 0 0 1
    outer loop
      vertex 18.292331470655995 -12.222545126431248 16
      vertex 18.073019572565105 -1.3619714992186405 16
      vertex 18.01748802121839 -1.4658637244908648 16
    endloop
  endfacet
  facet normal 0 0 1
    outer loop
      vertex 18.292331470655995 -12.222545126431248 16
      vertex 18.124429521475243 -1.2559792126122842 16
      vertex 18.073019572565105 -1.3619714992186405 16
    endloop
  endfacet
  facet normal 0 0 1
    outer loop
      vertex 18.292331470655995 -12.222545126431248 16
      vertex 18.17163859753386 -1.1480502970952693 16
      vertex 18.124429521475243 -1.2559792126122842 16
    endloop
  endfacet
  facet normal 0 0 1
    outer loop
      vertex 18.292331470655995 -12.222545126431248 16
      vertex 18.25316954888546 -0.9270509831248421 16
      vertex 18.214574007767453 -1.0383511712324789 16
    endloop
  endfacet
  facet normal 0 0 1
    outer loop
      vertex 18.292331470655995 -12.222545126431248 16
      vertex 18.214574007767453 -1.0383511712324789 16
      vertex 18.17163859753386 -1.1480502970952693 16
    endloop
  endfacet
  facet normal 0 0 1
    outer loop
      vertex 18.292331470655995 -12.222545126431248 16
      vertex 18.28736570936094 -0.8143213495952228 16
      vertex 18.25316954888546 -0.9270509831248421 16
    endloop
  endfacet
  facet normal 0 0 1
    outer loop
      vertex 18.75808361579003 -11.494968423750873 16
      vertex 18.31710976119303 -0.7003360915677161 16
      vertex 18.28736570936094 -0.8143213495952228 16
    endloop
  endfacet
  facet normal 0 0 1
    outer loop
      vertex 18.75808361579003 -11.494968423750873 16
      vertex 18.34235584120969 -0.5852709660483848 16
      vertex 18.31710976119303 -0.7003360915677161 16
    endloop
  endfacet
  facet normal 0 0 1
    outer loop
      vertex 18.75808361579003 -11.494968423750873 16
      vertex 18.363065021785413 -0.46930339512069263 16
      vertex 18.34235584120969 -0.5852709660483848 16
    endloop
  endfacet
  facet normal 0 0 1
    outer loop
      vertex 18.75808361579003 -11.494968423750873 16
      vertex 18.379205370864778 -0.35261219237351293 16
      vertex 18.363065021785413 -0.46930339512069263 16
    endloop
  endfacet
  facet normal 0 0 1
    outer loop
      vertex 18.75808361579003 -11.494968423750873 16
      vertex 18.390752001199385 -0.23537728718353484 16
      vertex 18.379205370864778 -0.35261219237351293 16
    endloop
  endfacet
  facet normal 0 0 1
    outer loop
      vertex 18.75808361579003 -11.494968423750873 16
      vertex 18.39768710872217 -0.11777944727720582 16
      vertex 18.390752001199385 -0.23537728718353484 16
    endloop
  endfacet
  facet normal 0 0 1
    outer loop
      vertex 18.75808361579003 -11.494968423750873 16
      vertex 18.4 0 16
      vertex 18.39768710872217 -0.11777944727720582 16
    endloop
  endfacet
  facet normal 0 0 1
    outer loop
      vertex 20.64020939029465 -7.614575255704845 16
      vertex 20.923243358493377 -6.798373876248843 16
      vertex 18.4 0 16
    endloop
  endfacet
  facet normal 0 0 1
    outer loop
      vertex 20.923243358493377 -6.798373876248843 16
      vertex 21.17401520198024 -5.971689897031633 16
      vertex 18.4 0 16
    endloop
  endfacet
  facet normal 0 0 1
    outer loop
      vertex 21.17401520198024 -5.971689897031633 16
      vertex 21.392138248748886 -5.135798004829919 16
      vertex 18.4 0 16
    endloop
  endfacet
  facet normal 0 0 1
    outer loop
      vertex 21.392138248748886 -5.135798004829919 16
      vertex 21.57727616887107 -4.291987084354822 16
      vertex 18.4 0 16
    endloop
  endfacet
  facet normal 0 0 1
    outer loop
      vertex 21.57727616887107 -4.291987084354822 16
      vertex 21.72914349309303 -3.441558230885079 16
      vertex 18.4 0 16
    endloop
  endfacet
  facet normal 0 0 1
    outer loop
      vertex 21.72914349309303 -3.441558230885079 16
      vertex 21.847506053008377 -2.585822744072428 16
      vertex 18.4 0 16
    endloop
  endfacet
  facet normal 0 0 1
    outer loop
      vertex 21.847506053008377 -2.585822744072428 16
      vertex 21.932181342128814 -1.7261001060125887 16
      vertex 18.4 0 16
    endloop
  endfacet
  facet normal 0 0 1
    outer loop
      vertex 21.932181342128814 -1.7261001060125887 16
      vertex 21.983038797295904 -0.8637159466995095 16
      vertex 18.4 0 16
    endloop
  endfacet
  facet normal 0 0 1
    outer loop
      vertex 21.983038797295904 -0.8637159466995095 16
      vertex 22 0 16
      vertex 18.4 0 16
    endloop
  endfacet
  facet normal 0.9998072404820648 -0.01963369246062839 -1.165777130838145e-19
    outer loop
      vertex 21.983038797295904 -0.8637159466995095 16
      vertex 22 0 13
      vertex 22 0 16
    endloop
  endfacet
  facet normal 0.7208535967029188 0.6930873625456357 -2.179798270880797e-18
    outer loop
      vertex 15.556349186104047 15.556349186104045 4.000000000000018
      vertex 16.15509520758508 14.93361640172472 13
      vertex 16.15509520758508 14.93361640172472 4
    endloop
  endfacet
  facet normal 0.7475083268625975 0.6642524379112809 -3.4064592162809724e-18
    outer loop
      vertex 16.15509520758508 14.93361640172472 4
      vertex 16.72893124320068 14.28785706326404 13
      vertex 16.72893124320068 14.28785706326404 4
    endloop
  endfacet
  facet normal 0.7730104533627357 0.634393284163647 -3.491285767155082e-18
    outer loop
      vertex 16.72893124320068 14.28785706326404 4
      vertex 17.27697247937639 13.620066884816348 13
      vertex 17.27697247937639 13.620066884816348 4
    endloop
  endfacet
  facet normal 0.9312149347588036 0.3644704998791498 0
    outer loop
      vertex 20.64020939029465 7.614575255704845 4
      vertex 20.325349715248308 8.419035512031975 4
      vertex 20.64020939029465 7.614575255704845 13
    endloop
  endfacet
  facet normal 0.8819212643483558 0.4713967368259961 0
    outer loop
      vertex 19.602143532144094 9.98779099427003 4
      vertex 19.19491215560154 10.74966731293301 4
      vertex 19.602143532144094 9.98779099427003 13
    endloop
  endfacet
  facet normal 0.899748284052223 0.43640924067333897 2.5313165518725474e-18
    outer loop
      vertex 19.602143532144094 9.98779099427003 4
      vertex 19.979149824151786 9.210514225823418 13
      vertex 19.979149824151786 9.210514225823418 4
    endloop
  endfacet
  facet normal 0.9161879571171354 0.4007488331031421 0
    outer loop
      vertex 20.325349715248308 8.419035512031975 4
      vertex 19.979149824151786 9.210514225823418 4
      vertex 20.325349715248308 8.419035512031975 13
    endloop
  endfacet
  facet normal 0.9998072404820648 0.01963369246062839 0
    outer loop
      vertex 22 0 4
      vertex 21.983038797295904 0.8637159466995095 4
      vertex 22 0 13
    endloop
  endfacet
  facet normal 0.9982656101847158 0.05887080365119055 0
    outer loop
      vertex 21.983038797295904 0.8637159466995095 4
      vertex 21.932181342128814 1.7261001060125887 4
      vertex 21.983038797295904 0.8637159466995095 13
    endloop
  endfacet
  facet normal 0.9951847266721968 0.09801714032956035 0
    outer loop
      vertex 21.932181342128814 1.7261001060125887 4
      vertex 21.847506053008377 2.585822744072428 4
      vertex 21.932181342128814 1.7261001060125887 13
    endloop
  endfacet
  facet normal 0.9844265680898915 0.17579627993435515 1.3846427062282684e-18
    outer loop
      vertex 21.57727616887107 4.291987084354822 4
      vertex 21.72914349309303 3.441558230885079 13
      vertex 21.72914349309303 3.441558230885079 4
    endloop
  endfacet
  facet normal 0.9767658813208726 0.21430915306504986 0
    outer loop
      vertex 21.57727616887107 4.291987084354822 4
      vertex 21.392138248748886 5.135798004829919 4
      vertex 21.57727616887107 4.291987084354822 13
    endloop
  endfacet
  facet normal 0.9905693404435774 0.13701234168196655 0
    outer loop
      vertex 21.847506053008377 2.585822744072428 4
      vertex 21.72914349309303 3.441558230885079 4
      vertex 21.847506053008377 2.585822744072428 13
    endloop
  endfacet
  facet normal 0.9569403357322085 0.2902846772544636 0
    outer loop
      vertex 21.17401520198024 5.971689897031633 4
      vertex 20.923243358493377 6.798373876248843 4
      vertex 21.17401520198024 5.971689897031633 13
    endloop
  endfacet
  facet normal 0.9675990923602594 0.2524915770151593 0
    outer loop
      vertex 21.392138248748886 5.135798004829919 4
      vertex 21.17401520198024 5.971689897031633 4
      vertex 21.392138248748886 5.135798004829919 13
    endloop
  endfacet
  facet normal 0.9448060464668786 0.32763017956169205 -1.6887121258924784e-18
    outer loop
      vertex 20.64020939029465 7.614575255704845 4
      vertex 20.923243358493377 6.798373876248843 13
      vertex 20.923243358493377 6.798373876248843 4
    endloop
  endfacet
  facet normal 0.7973206537727068 0.6035559419535719 0
    outer loop
      vertex 17.798373876248846 12.931275550434409 4
      vertex 17.27697247937639 13.620066884816348 4
      vertex 17.798373876248846 12.931275550434409 13
    endloop
  endfacet
  facet normal 0.8204014435255154 0.5717879602276098 -1.8131405123117782e-18
    outer loop
      vertex 17.798373876248846 12.931275550434409 4
      vertex 18.292331470655995 12.222545126431248 13
      vertex 18.292331470655995 12.222545126431248 4
    endloop
  endfacet
  facet normal 0.8422172337162855 0.5391383229110018 0
    outer loop
      vertex 18.75808361579003 11.494968423750873 4
      vertex 18.292331470655995 12.222545126431248 4
      vertex 18.75808361579003 11.494968423750873 13
    endloop
  endfacet
  facet normal 0.8627343859777907 0.5056573733779863 -1.6418065331421115e-18
    outer loop
      vertex 18.75808361579003 11.494968423750873 4
      vertex 19.19491215560154 10.74966731293301 13
      vertex 19.19491215560154 10.74966731293301 4
    endloop
  endfacet
  facet normal 0.7208535967029188 0.6930873625456357 0
    outer loop
      vertex 15.556349186104047 15.556349186104045 4.000000000000018
      vertex 15.556349186104047 15.556349186104045 13
      vertex 16.15509520758508 14.93361640172472 13
    endloop
  endfacet
  facet normal 0.7475083268625975 0.6642524379112809 0
    outer loop
      vertex 16.15509520758508 14.93361640172472 4
      vertex 16.15509520758508 14.93361640172472 13
      vertex 16.72893124320068 14.28785706326404 13
    endloop
  endfacet
  facet normal 0.7730104533627357 0.634393284163647 0
    outer loop
      vertex 16.72893124320068 14.28785706326404 4
      vertex 16.72893124320068 14.28785706326404 13
      vertex 17.27697247937639 13.620066884816348 13
    endloop
  endfacet
  facet normal 0.9448060464668786 0.32763017956169205 0
    outer loop
      vertex 20.64020939029465 7.614575255704845 4
      vertex 20.64020939029465 7.614575255704845 13
      vertex 20.923243358493377 6.798373876248843 13
    endloop
  endfacet
  facet normal 0.8819212643483558 0.4713967368259961 0
    outer loop
      vertex 19.19491215560154 10.74966731293301 4
      vertex 19.19491215560154 10.74966731293301 13
      vertex 19.602143532144094 9.98779099427003 13
    endloop
  endfacet
  facet normal 0.899748284052223 0.43640924067333897 0
    outer loop
      vertex 19.602143532144094 9.98779099427003 4
      vertex 19.602143532144094 9.98779099427003 13
      vertex 19.979149824151786 9.210514225823418 13
    endloop
  endfacet
  facet normal 0.9161879571171354 0.4007488331031421 0
    outer loop
      vertex 19.979149824151786 9.210514225823418 4
      vertex 19.979149824151786 9.210514225823418 13
      vertex 20.325349715248308 8.419035512031975 13
    endloop
  endfacet
  facet normal 0.9312149347588036 0.3644704998791498 0
    outer loop
      vertex 20.325349715248308 8.419035512031975 4
      vertex 20.325349715248308 8.419035512031975 13
      vertex 20.64020939029465 7.614575255704845 13
    endloop
  endfacet
  facet normal 0.9998072404820648 0.01963369246062839 0
    outer loop
      vertex 21.983038797295904 0.8637159466995095 4
      vertex 21.983038797295904 0.8637159466995095 13
      vertex 22 0 13
    endloop
  endfacet
  facet normal 0.9982656101847158 0.05887080365119055 0
    outer loop
      vertex 21.932181342128814 1.7261001060125887 4
      vertex 21.932181342128814 1.7261001060125887 13
      vertex 21.983038797295904 0.8637159466995095 13
    endloop
  endfacet
  facet normal 0.9951847266721968 0.09801714032956035 0
    outer loop
      vertex 21.847506053008377 2.585822744072428 4
      vertex 21.847506053008377 2.585822744072428 13
      vertex 21.932181342128814 1.7261001060125887 13
    endloop
  endfacet
  facet normal 0.9844265680898915 0.17579627993435515 0
    outer loop
      vertex 21.57727616887107 4.291987084354822 4
      vertex 21.57727616887107 4.291987084354822 13
      vertex 21.72914349309303 3.441558230885079 13
    endloop
  endfacet
  facet normal 0.9767658813208726 0.21430915306504986 0
    outer loop
      vertex 21.392138248748886 5.135798004829919 4
      vertex 21.392138248748886 5.135798004829919 13
      vertex 21.57727616887107 4.291987084354822 13
    endloop
  endfacet
  facet normal 0.9905693404435774 0.13701234168196655 0
    outer loop
      vertex 21.72914349309303 3.441558230885079 4
      vertex 21.72914349309303 3.441558230885079 13
      vertex 21.847506053008377 2.585822744072428 13
    endloop
  endfacet
  facet normal 0.9675990923602594 0.2524915770151593 0
    outer loop
      vertex 21.17401520198024 5.971689897031633 4
      vertex 21.17401520198024 5.971689897031633 13
      vertex 21.392138248748886 5.135798004829919 13
    endloop
  endfacet
  facet normal 0.9569403357322085 0.2902846772544636 0
    outer loop
      vertex 20.923243358493377 6.798373876248843 4
      vertex 20.923243358493377 6.798373876248843 13
      vertex 21.17401520198024 5.971689897031633 13
    endloop
  endfacet
  facet normal 0.8204014435255154 0.5717879602276098 0
    outer loop
      vertex 17.798373876248846 12.931275550434409 4
      vertex 17.798373876248846 12.931275550434409 13
      vertex 18.292331470655995 12.222545126431248 13
    endloop
  endfacet
  facet normal 0.8627343859777907 0.5056573733779863 0
    outer loop
      vertex 18.75808361579003 11.494968423750873 4
      vertex 18.75808361579003 11.494968423750873 13
      vertex 19.19491215560154 10.74966731293301 13
    endloop
  endfacet
  facet normal 0.8422172337162855 0.5391383229110018 0
    outer loop
      vertex 18.292331470655995 12.222545126431248 4
      vertex 18.292331470655995 12.222545126431248 13
      vertex 18.75808361579003 11.494968423750873 13
    endloop
  endfacet
  facet normal 0.7973206537727068 0.6035559419535719 0
    outer loop
      vertex 17.27697247937639 13.620066884816348 4
      vertex 17.27697247937639 13.620066884816348 13
      vertex 17.798373876248846 12.931275550434409 13
    endloop
  endfacet
  facet normal 0.8997482840522335 0.4364092406733173 -1.2866391040453212e-19
    outer loop
      vertex 14.01893988750803 -0.7036852745962976 0
      vertex 13.992378080571125 -0.6489225931830135 0
      vertex 13.992378080571125 -0.6489225931830135 10.1
    endloop
  endfacet
  facet normal 0.8204014435255137 0.5717879602276124 0
    outer loop
      vertex 14.111222100931055 -0.8611338611803834 0
      vertex 14.111222100931055 -0.8611338611803834 10.1
      vertex 14.146023658718832 -0.9110671410533334 0
    endloop
  endfacet
  facet normal 0.8627343859777981 0.5056573733779739 0
    outer loop
      vertex 14.047631189037165 -0.7573629243202802 0
      vertex 14.047631189037165 -0.7573629243202802 10.1
      vertex 14.078407745251157 -0.8098727753097207 0
    endloop
  endfacet
  facet normal 0.8819212643483448 0.4713967368260168 0
    outer loop
      vertex 14.01893988750803 -0.7036852745962976 0
      vertex 14.01893988750803 -0.7036852745962976 10.1
      vertex 14.047631189037165 -0.7573629243202802 0
    endloop
  endfacet
  facet normal 0.8422172337162845 0.5391383229110035 -6.10856447670119e-20
    outer loop
      vertex 14.111222100931055 -0.8611338611803834 0
      vertex 14.078407745251157 -0.8098727753097207 0
      vertex 14.078407745251157 -0.8098727753097207 10.1
    endloop
  endfacet
  facet normal 0.9569403357322026 0.2902846772544829 0
    outer loop
      vertex 13.908194383496847 -0.4207326972908651 0
      vertex 13.908194383496847 -0.4207326972908651 10.1
      vertex 13.925862399742513 -0.47897634128116845 0
    endloop
  endfacet
  facet normal 0.9675990923602628 0.2524915770151466 -3.6971546102695815e-20
    outer loop
      vertex 13.908194383496847 -0.4207326972908651 0
      vertex 13.892826623383602 -0.3618403139766534 0
      vertex 13.892826623383602 -0.3618403139766534 10.1
    endloop
  endfacet
  facet normal 0.9767658813208704 0.21430915306505988 5.314686228925011e-20
    outer loop
      vertex 13.892826623383602 -0.3618403139766534 0
      vertex 13.879782815374993 -0.3023899991249988 0
      vertex 13.879782815374993 -0.3023899991249988 10.1
    endloop
  endfacet
  facet normal 0.9844265680898917 0.1757962799343543 -2.1200089511283895e-20
    outer loop
      vertex 13.879782815374993 -0.3023899991249988 0
      vertex 13.869083072077537 -0.24247342081235784 0
      vertex 13.869083072077537 -0.24247342081235784 10.1
    endloop
  endfacet
  facet normal 0.9905693404435794 0.1370123416819528 -7.904894956192183e-20
    outer loop
      vertex 13.869083072077537 -0.24247342081235784 0
      vertex 13.860743891719865 -0.18218296605964834 0
      vertex 13.860743891719865 -0.18218296605964834 10.1
    endloop
  endfacet
  facet normal 0.9951847266721944 0.09801714032958493 4.897936216750845e-21
    outer loop
      vertex 13.860743891719865 -0.18218296605964834 0
      vertex 13.854778132713651 -0.12161159837815967 0
      vertex 13.854778132713651 -0.12161159837815967 10.1
    endloop
  endfacet
  facet normal 0.9998072404820647 0.01963369246064165 -2.239284613426771e-21
    outer loop
      vertex 13.85119499382688 -0.06085271442655635 0
      vertex 13.85 0 0
      vertex 13.85 0 10.1
    endloop
  endfacet
  facet normal 0.9982656101847167 0.058870803651174676 6.626782728388143e-22
    outer loop
      vertex 13.854778132713651 -0.12161159837815967 0
      vertex 13.85119499382688 -0.06085271442655635 0
      vertex 13.85119499382688 -0.06085271442655635 10.1
    endloop
  endfacet
  facet normal 0.944806046466879 0.3276301795616905 -8.378964723894287e-20
    outer loop
      vertex 13.94580342932015 -0.5364814384701141 0
      vertex 13.925862399742513 -0.47897634128116845 0
      vertex 13.925862399742513 -0.47897634128116845 10.1
    endloop
  endfacet
  facet normal 0.9312149347588058 0.3644704998791437 1.200004926325585e-19
    outer loop
      vertex 13.967986724607506 -0.5931593201658891 0
      vertex 13.94580342932015 -0.5364814384701141 0
      vertex 13.94580342932015 -0.5364814384701141 10.1
    endloop
  endfacet
  facet normal 0.9161879571171321 0.4007488331031496 0
    outer loop
      vertex 13.967986724607506 -0.5931593201658891 0
      vertex 13.967986724607506 -0.5931593201658891 10.1
      vertex 13.992378080571125 -0.6489225931830135 0
    endloop
  endfacet
  facet normal 0.7475083268625957 0.664252437911283 0
    outer loop
      vertex 14.221370753319952 -1.0066444749117847 0
      vertex 14.221370753319952 -1.0066444749117847 10.1
      vertex 14.261800110374688 -1.0521411555760598 0
    endloop
  endfacet
  facet normal 0.7208535967029178 0.6930873625456369 0
    outer loop
      vertex 14.261800110374688 -1.0521411555760598 0
      vertex 14.261800110374688 -1.0521411555760598 10.1
      vertex 14.303984489160852 -1.0960155108391487 0
    endloop
  endfacet
  facet normal 0.6930873625456369 0.7208535967029178 0
    outer loop
      vertex 14.303984489160852 -1.0960155108391487 0
      vertex 14.303984489160852 -1.0960155108391487 10.1
      vertex 14.347858844423941 -1.1381998896253127 0
    endloop
  endfacet
  facet normal 0.7973206537727112 0.6035559419535659 -1.2910229151592637e-19
    outer loop
      vertex 14.182758757134845 -0.9595956214302427 0
      vertex 14.146023658718832 -0.9110671410533334 0
      vertex 14.146023658718832 -0.9110671410533334 10.1
    endloop
  endfacet
  facet normal 0.7730104533627323 0.6343932841636511 1.7276660428403953e-19
    outer loop
      vertex 14.221370753319952 -1.0066444749117847 0
      vertex 14.182758757134845 -0.9595956214302427 0
      vertex 14.182758757134845 -0.9595956214302427 10.1
    endloop
  endfacet
  facet normal 0.6343932841636495 0.7730104533627338 0
    outer loop
      vertex 14.393355525088216 -1.1786292466800479 0
      vertex 14.393355525088216 -1.1786292466800479 10.1
      vertex 14.440404378569758 -1.2172412428651547 0
    endloop
  endfacet
  facet normal 0.6035559419535746 0.7973206537727047 0
    outer loop
      vertex 14.440404378569758 -1.2172412428651547 0
      vertex 14.440404378569758 -1.2172412428651547 10.1
      vertex 14.488932858946667 -1.2539763412811686 0
    endloop
  endfacet
  facet normal 0.6642524379112789 0.7475083268625994 0
    outer loop
      vertex 14.347858844423941 -1.1381998896253127 0
      vertex 14.347858844423941 -1.1381998896253127 10.1
      vertex 14.393355525088216 -1.1786292466800479 0
    endloop
  endfacet
  facet normal 0.5717879602276039 0.8204014435255194 0
    outer loop
      vertex 14.488932858946667 -1.2539763412811686 0
      vertex 14.488932858946667 -1.2539763412811686 10.1
      vertex 14.538866138819618 -1.2887778990689451 0
    endloop
  endfacet
  facet normal 0.5391383229110067 0.8422172337162824 0
    outer loop
      vertex 14.538866138819618 -1.2887778990689451 0
      vertex 14.538866138819618 -1.2887778990689451 10.1
      vertex 14.59012722469028 -1.321592254748843 0
    endloop
  endfacet
  facet normal 0.5056573733779792 0.862734385977795 1.2597158770666426e-20
    outer loop
      vertex 14.64263707567972 -1.3523688109628356 0
      vertex 14.59012722469028 -1.321592254748843 0
      vertex 14.59012722469028 -1.321592254748843 10.1
    endloop
  endfacet
  facet normal 0.47139673682600575 0.8819212643483506 0
    outer loop
      vertex 14.64263707567972 -1.3523688109628356 0
      vertex 14.64263707567972 -1.3523688109628356 10.1
      vertex 14.696314725403703 -1.3810601124919704 0
    endloop
  endfacet
  facet normal 0.43640924067333153 0.8997482840522266 0
    outer loop
      vertex 14.696314725403703 -1.3810601124919704 0
      vertex 14.696314725403703 -1.3810601124919704 10.1
      vertex 14.751077406816988 -1.407621919428876 0
    endloop
  endfacet
  facet normal 0.4007488331031442 0.9161879571171344 0
    outer loop
      vertex 14.751077406816988 -1.407621919428876 0
      vertex 14.751077406816988 -1.407621919428876 10.1
      vertex 14.806840679834112 -1.4320132753924946 0
    endloop
  endfacet
  facet normal 0.364470499879152 0.9312149347588028 0
    outer loop
      vertex 14.806840679834112 -1.4320132753924946 0
      vertex 14.806840679834112 -1.4320132753924946 10.1
      vertex 14.863518561529887 -1.4541965706798505 0
    endloop
  endfacet
  facet normal 0.3276301795616902 0.9448060464668792 0
    outer loop
      vertex 14.863518561529887 -1.4541965706798505 0
      vertex 14.863518561529887 -1.4541965706798505 10.1
      vertex 14.921023658718832 -1.474137600257488 0
    endloop
  endfacet
  facet normal 0.2524915770151607 0.9675990923602591 0
    outer loop
      vertex 14.979267302709136 -1.4918056165031532 0
      vertex 14.979267302709136 -1.4918056165031532 10.1
      vertex 15.038159686023347 -1.5071733766163986 0
    endloop
  endfacet
  facet normal 0.2902846772544609 0.9569403357322093 -1.4153387515334175e-19
    outer loop
      vertex 14.979267302709136 -1.4918056165031532 0
      vertex 14.921023658718832 -1.474137600257488 0
      vertex 14.921023658718832 -1.474137600257488 10.1
    endloop
  endfacet
  facet normal 0.2143091530650546 0.9767658813208715 0
    outer loop
      vertex 15.038159686023347 -1.5071733766163986 0
      vertex 15.038159686023347 -1.5071733766163986 10.1
      vertex 15.097610000875001 -1.5202171846250072 0
    endloop
  endfacet
  facet normal 0.1757962799343524 0.9844265680898919 0
    outer loop
      vertex 15.097610000875001 -1.5202171846250072 0
      vertex 15.097610000875001 -1.5202171846250072 10.1
      vertex 15.157526579187643 -1.5309169279224635 0
    endloop
  endfacet
  facet normal 0.1370123416819653 0.9905693404435777 0
    outer loop
      vertex 15.157526579187643 -1.5309169279224635 0
      vertex 15.157526579187643 -1.5309169279224635 10.1
      vertex 15.217817033940353 -1.5392561082801357 0
    endloop
  endfacet
  facet normal 0.09801714032956386 0.9951847266721965 0
    outer loop
      vertex 15.217817033940353 -1.5392561082801357 0
      vertex 15.217817033940353 -1.5392561082801357 10.1
      vertex 15.278388401621841 -1.5452218672863485 0
    endloop
  endfacet
  facet normal 0.05887080365118556 0.998265610184716 0
    outer loop
      vertex 15.278388401621841 -1.5452218672863485 0
      vertex 15.278388401621841 -1.5452218672863485 10.1
      vertex 15.339147285573445 -1.5488050061731204 0
    endloop
  endfacet
  facet normal 0.019633692460630882 0.9998072404820649 0
    outer loop
      vertex 15.339147285573445 -1.5488050061731204 0
      vertex 15.339147285573445 -1.5488050061731204 10.1
      vertex 15.4 -1.55 0
    endloop
  endfacet
  facet normal -0.019633692460630882 0.9998072404820649 0
    outer loop
      vertex 15.4 -1.55 0
      vertex 15.4 -1.55 10.1
      vertex 15.460852714426556 -1.5488050061731204 0
    endloop
  endfacet
  facet normal -0.05887080365118556 0.998265610184716 0
    outer loop
      vertex 15.460852714426556 -1.5488050061731204 0
      vertex 15.460852714426556 -1.5488050061731204 10.1
      vertex 15.52161159837816 -1.5452218672863485 0
    endloop
  endfacet
  facet normal -0.09801714032956386 0.9951847266721965 0
    outer loop
      vertex 15.52161159837816 -1.5452218672863485 0
      vertex 15.52161159837816 -1.5452218672863485 10.1
      vertex 15.582182966059648 -1.5392561082801357 0
    endloop
  endfacet
  facet normal -0.1370123416819653 0.9905693404435777 0
    outer loop
      vertex 15.582182966059648 -1.5392561082801357 0
      vertex 15.582182966059648 -1.5392561082801357 10.1
      vertex 15.642473420812358 -1.5309169279224635 0
    endloop
  endfacet
  facet normal -0.1757962799343524 0.9844265680898919 0
    outer loop
      vertex 15.642473420812358 -1.5309169279224635 0
      vertex 15.642473420812358 -1.5309169279224635 10.1
      vertex 15.702389999125 -1.5202171846250072 0
    endloop
  endfacet
  facet normal -0.2143091530650546 0.9767658813208715 0
    outer loop
      vertex 15.702389999125 -1.5202171846250072 0
      vertex 15.702389999125 -1.5202171846250072 10.1
      vertex 15.761840313976654 -1.5071733766163986 0
    endloop
  endfacet
  facet normal -0.2524915770151607 0.9675990923602591 0
    outer loop
      vertex 15.761840313976654 -1.5071733766163986 0
      vertex 15.761840313976654 -1.5071733766163986 10.1
      vertex 15.820732697290865 -1.4918056165031532 0
    endloop
  endfacet
  facet normal -0.2902846772544609 0.9569403357322093 0
    outer loop
      vertex 15.820732697290865 -1.4918056165031532 0
      vertex 15.820732697290865 -1.4918056165031532 10.1
      vertex 15.878976341281168 -1.474137600257488 0
    endloop
  endfacet
  facet normal -0.3276301795616902 0.9448060464668792 0
    outer loop
      vertex 15.878976341281168 -1.474137600257488 0
      vertex 15.878976341281168 -1.474137600257488 10.1
      vertex 15.936481438470114 -1.4541965706798505 0
    endloop
  endfacet
  facet normal -0.364470499879152 0.9312149347588028 0
    outer loop
      vertex 15.936481438470114 -1.4541965706798505 0
      vertex 15.936481438470114 -1.4541965706798505 10.1
      vertex 15.993159320165889 -1.4320132753924946 0
    endloop
  endfacet
  facet normal -0.40074883310313353 0.9161879571171392 0
    outer loop
      vertex 15.993159320165889 -1.4320132753924946 0
      vertex 15.993159320165889 -1.4320132753924946 10.1
      vertex 16.048922593183015 -1.407621919428876 0
    endloop
  endfacet
  facet normal -0.436409240673343 0.8997482840522211 0
    outer loop
      vertex 16.048922593183015 -1.407621919428876 0
      vertex 16.048922593183015 -1.407621919428876 10.1
      vertex 16.103685274596298 -1.3810601124919704 0
    endloop
  endfacet
  facet normal -0.4713967368259937 0.8819212643483573 0
    outer loop
      vertex 16.103685274596298 -1.3810601124919704 0
      vertex 16.103685274596298 -1.3810601124919704 10.1
      vertex 16.15736292432028 -1.3523688109628356 0
    endloop
  endfacet
  facet normal -0.5056573733780046 0.8627343859777801 0
    outer loop
      vertex 16.15736292432028 -1.3523688109628356 0
      vertex 16.15736292432028 -1.3523688109628356 10.1
      vertex 16.20987277530972 -1.321592254748843 0
    endloop
  endfacet
  facet normal -0.5391383229109935 0.8422172337162909 0
    outer loop
      vertex 16.20987277530972 -1.321592254748843 0
      vertex 16.20987277530972 -1.321592254748843 10.1
      vertex 16.261133861180383 -1.2887778990689451 0
    endloop
  endfacet
  facet normal -0.5717879602276176 0.8204014435255098 0
    outer loop
      vertex 16.261133861180383 -1.2887778990689451 0
      vertex 16.261133861180383 -1.2887778990689451 10.1
      vertex 16.311067141053332 -1.2539763412811686 0
    endloop
  endfacet
  facet normal -0.6035559419535466 0.797320653772726 0
    outer loop
      vertex 16.311067141053332 -1.2539763412811686 0
      vertex 16.311067141053332 -1.2539763412811686 10.1
      vertex 16.359595621430245 -1.2172412428651547 0
    endloop
  endfacet
  facet normal -0.6343932841636495 0.7730104533627338 0
    outer loop
      vertex 16.359595621430245 -1.2172412428651547 0
      vertex 16.359595621430245 -1.2172412428651547 10.1
      vertex 16.406644474911786 -1.1786292466800479 0
    endloop
  endfacet
  facet normal -0.6642524379112789 0.7475083268625994 0
    outer loop
      vertex 16.406644474911786 -1.1786292466800479 0
      vertex 16.406644474911786 -1.1786292466800479 10.1
      vertex 16.45214115557606 -1.1381998896253127 0
    endloop
  endfacet
  facet normal -0.6930873625456369 0.7208535967029178 0
    outer loop
      vertex 16.45214115557606 -1.1381998896253127 0
      vertex 16.45214115557606 -1.1381998896253127 10.1
      vertex 16.49601551083915 -1.0960155108391487 0
    endloop
  endfacet
  facet normal -0.7208535967029178 0.6930873625456369 0
    outer loop
      vertex 16.49601551083915 -1.0960155108391487 0
      vertex 16.49601551083915 -1.0960155108391487 10.1
      vertex 16.538199889625314 -1.0521411555760598 0
    endloop
  endfacet
  facet normal -0.7475083268626102 0.6642524379112665 0
    outer loop
      vertex 16.538199889625314 -1.0521411555760598 0
      vertex 16.538199889625314 -1.0521411555760598 10.1
      vertex 16.57862924668005 -1.0066444749117847 0
    endloop
  endfacet
  facet normal -0.7730104533627323 0.6343932841636511 0
    outer loop
      vertex 16.57862924668005 -1.0066444749117847 0
      vertex 16.57862924668005 -1.0066444749117847 10.1
      vertex 16.617241242865155 -0.9595956214302427 0
    endloop
  endfacet
  facet normal -0.7973206537727112 0.6035559419535659 0
    outer loop
      vertex 16.617241242865155 -0.9595956214302427 0
      vertex 16.617241242865155 -0.9595956214302427 10.1
      vertex 16.65397634128117 -0.9110671410533334 0
    endloop
  endfacet
  facet normal -0.8204014435255137 0.5717879602276124 0
    outer loop
      vertex 16.65397634128117 -0.9110671410533334 0
      vertex 16.65397634128117 -0.9110671410533334 10.1
      vertex 16.688777899068945 -0.8611338611803834 0
    endloop
  endfacet
  facet normal -0.8422172337162978 0.5391383229109827 0
    outer loop
      vertex 16.688777899068945 -0.8611338611803834 0
      vertex 16.688777899068945 -0.8611338611803834 10.1
      vertex 16.721592254748842 -0.8098727753097207 0
    endloop
  endfacet
  facet normal -0.8627343859777854 0.5056573733779957 0
    outer loop
      vertex 16.721592254748842 -0.8098727753097207 0
      vertex 16.721592254748842 -0.8098727753097207 10.1
      vertex 16.752368810962835 -0.7573629243202802 0
    endloop
  endfacet
  facet normal -0.8819212643483448 0.4713967368260168 0
    outer loop
      vertex 16.752368810962835 -0.7573629243202802 0
      vertex 16.752368810962835 -0.7573629243202802 10.1
      vertex 16.78106011249197 -0.7036852745962976 0
    endloop
  endfacet
  facet normal -0.8997482840522335 0.4364092406733173 0
    outer loop
      vertex 16.78106011249197 -0.7036852745962976 0
      vertex 16.78106011249197 -0.7036852745962976 10.1
      vertex 16.807621919428875 -0.6489225931830135 0
    endloop
  endfacet
  facet normal -0.9161879571171321 0.4007488331031496 0
    outer loop
      vertex 16.807621919428875 -0.6489225931830135 0
      vertex 16.807621919428875 -0.6489225931830135 10.1
      vertex 16.832013275392494 -0.5931593201658891 0
    endloop
  endfacet
  facet normal -0.9312149347588058 0.3644704998791437 0
    outer loop
      vertex 16.832013275392494 -0.5931593201658891 0
      vertex 16.832013275392494 -0.5931593201658891 10.1
      vertex 16.85419657067985 -0.5364814384701141 0
    endloop
  endfacet
  facet normal -0.944806046466879 0.3276301795616905 0
    outer loop
      vertex 16.85419657067985 -0.5364814384701141 0
      vertex 16.85419657067985 -0.5364814384701141 10.1
      vertex 16.874137600257487 -0.47897634128116845 0
    endloop
  endfacet
  facet normal -0.9569403357322107 0.29028467725445617 0
    outer loop
      vertex 16.874137600257487 -0.47897634128116845 0
      vertex 16.874137600257487 -0.47897634128116845 10.1
      vertex 16.891805616503152 -0.4207326972908651 0
    endloop
  endfacet
  facet normal -0.9675990923602555 0.25249157701517394 0
    outer loop
      vertex 16.891805616503152 -0.4207326972908651 0
      vertex 16.891805616503152 -0.4207326972908651 10.1
      vertex 16.9071733766164 -0.3618403139766534 0
    endloop
  endfacet
  facet normal -0.9767658813208766 0.21430915306503207 0
    outer loop
      vertex 16.9071733766164 -0.3618403139766534 0
      vertex 16.9071733766164 -0.3618403139766534 10.1
      vertex 16.920217184625006 -0.3023899991249988 0
    endloop
  endfacet
  facet normal -0.9844265680898866 0.17579627993438257 0
    outer loop
      vertex 16.920217184625006 -0.3023899991249988 0
      vertex 16.920217184625006 -0.3023899991249988 10.1
      vertex 16.930916927922464 -0.24247342081235784 0
    endloop
  endfacet
  facet normal -0.9905693404435754 0.13701234168198145 0
    outer loop
      vertex 16.930916927922464 -0.24247342081235784 0
      vertex 16.930916927922464 -0.24247342081235784 10.1
      vertex 16.939256108280137 -0.18218296605964834 0
    endloop
  endfacet
  facet normal -0.9951847266721973 0.09801714032955604 0
    outer loop
      vertex 16.939256108280137 -0.18218296605964834 0
      vertex 16.939256108280137 -0.18218296605964834 10.1
      vertex 16.94522186728635 -0.12161159837815967 0
    endloop
  endfacet
  facet normal -0.9982656101847167 0.058870803651174676 0
    outer loop
      vertex 16.94522186728635 -0.12161159837815967 0
      vertex 16.94522186728635 -0.12161159837815967 10.1
      vertex 16.94880500617312 -0.06085271442655635 0
    endloop
  endfacet
  facet normal -0.9998072404820653 0.019633692460612476 0
    outer loop
      vertex 16.94880500617312 -0.06085271442655635 0
      vertex 16.94880500617312 -0.06085271442655635 10.1
      vertex 16.95 0 0
    endloop
  endfacet
  facet normal 0.8997482840522335 0.4364092406733173 0
    outer loop
      vertex 14.01893988750803 -0.7036852745962976 0
      vertex 13.992378080571125 -0.6489225931830135 10.1
      vertex 14.01893988750803 -0.7036852745962976 10.1
    endloop
  endfacet
  facet normal 0.8204014435255137 0.5717879602276124 0
    outer loop
      vertex 14.146023658718832 -0.9110671410533334 0
      vertex 14.111222100931055 -0.8611338611803834 10.1
      vertex 14.146023658718832 -0.9110671410533334 10.1
    endloop
  endfacet
  facet normal 0.8422172337162845 0.5391383229110035 0
    outer loop
      vertex 14.111222100931055 -0.8611338611803834 0
      vertex 14.078407745251157 -0.8098727753097207 10.1
      vertex 14.111222100931055 -0.8611338611803834 10.1
    endloop
  endfacet
  facet normal 0.8627343859777981 0.5056573733779739 0
    outer loop
      vertex 14.078407745251157 -0.8098727753097207 0
      vertex 14.047631189037165 -0.7573629243202802 10.1
      vertex 14.078407745251157 -0.8098727753097207 10.1
    endloop
  endfacet
  facet normal 0.8819212643483448 0.4713967368260168 0
    outer loop
      vertex 14.047631189037165 -0.7573629243202802 0
      vertex 14.01893988750803 -0.7036852745962976 10.1
      vertex 14.047631189037165 -0.7573629243202802 10.1
    endloop
  endfacet
  facet normal 0.9675990923602628 0.2524915770151466 0
    outer loop
      vertex 13.908194383496847 -0.4207326972908651 0
      vertex 13.892826623383602 -0.3618403139766534 10.1
      vertex 13.908194383496847 -0.4207326972908651 10.1
    endloop
  endfacet
  facet normal 0.9767658813208704 0.21430915306505988 0
    outer loop
      vertex 13.892826623383602 -0.3618403139766534 0
      vertex 13.879782815374993 -0.3023899991249988 10.1
      vertex 13.892826623383602 -0.3618403139766534 10.1
    endloop
  endfacet
  facet normal 0.9844265680898917 0.1757962799343543 0
    outer loop
      vertex 13.879782815374993 -0.3023899991249988 0
      vertex 13.869083072077537 -0.24247342081235784 10.1
      vertex 13.879782815374993 -0.3023899991249988 10.1
    endloop
  endfacet
  facet normal 0.9905693404435794 0.1370123416819528 0
    outer loop
      vertex 13.869083072077537 -0.24247342081235784 0
      vertex 13.860743891719865 -0.18218296605964834 10.1
      vertex 13.869083072077537 -0.24247342081235784 10.1
    endloop
  endfacet
  facet normal 0.9982656101847167 0.058870803651174676 0
    outer loop
      vertex 13.854778132713651 -0.12161159837815967 0
      vertex 13.85119499382688 -0.06085271442655635 10.1
      vertex 13.854778132713651 -0.12161159837815967 10.1
    endloop
  endfacet
  facet normal 0.9998072404820647 0.01963369246064165 0
    outer loop
      vertex 13.85119499382688 -0.06085271442655635 0
      vertex 13.85 0 10.1
      vertex 13.85119499382688 -0.06085271442655635 10.1
    endloop
  endfacet
  facet normal 0.9951847266721944 0.09801714032958493 0
    outer loop
      vertex 13.860743891719865 -0.18218296605964834 0
      vertex 13.854778132713651 -0.12161159837815967 10.1
      vertex 13.860743891719865 -0.18218296605964834 10.1
    endloop
  endfacet
  facet normal 0.944806046466879 0.3276301795616905 0
    outer loop
      vertex 13.94580342932015 -0.5364814384701141 0
      vertex 13.925862399742513 -0.47897634128116845 10.1
      vertex 13.94580342932015 -0.5364814384701141 10.1
    endloop
  endfacet
  facet normal 0.9312149347588058 0.3644704998791437 0
    outer loop
      vertex 13.967986724607506 -0.5931593201658891 0
      vertex 13.94580342932015 -0.5364814384701141 10.1
      vertex 13.967986724607506 -0.5931593201658891 10.1
    endloop
  endfacet
  facet normal 0.9161879571171321 0.4007488331031496 0
    outer loop
      vertex 13.992378080571125 -0.6489225931830135 0
      vertex 13.967986724607506 -0.5931593201658891 10.1
      vertex 13.992378080571125 -0.6489225931830135 10.1
    endloop
  endfacet
  facet normal 0.9569403357322026 0.2902846772544829 0
    outer loop
      vertex 13.925862399742513 -0.47897634128116845 0
      vertex 13.908194383496847 -0.4207326972908651 10.1
      vertex 13.925862399742513 -0.47897634128116845 10.1
    endloop
  endfacet
  facet normal 0.7208535967029178 0.6930873625456369 0
    outer loop
      vertex 14.303984489160852 -1.0960155108391487 0
      vertex 14.261800110374688 -1.0521411555760598 10.1
      vertex 14.303984489160852 -1.0960155108391487 10.1
    endloop
  endfacet
  facet normal 0.7475083268625957 0.664252437911283 0
    outer loop
      vertex 14.261800110374688 -1.0521411555760598 0
      vertex 14.221370753319952 -1.0066444749117847 10.1
      vertex 14.261800110374688 -1.0521411555760598 10.1
    endloop
  endfacet
  facet normal 0.6930873625456369 0.7208535967029178 0
    outer loop
      vertex 14.347858844423941 -1.1381998896253127 0
      vertex 14.303984489160852 -1.0960155108391487 10.1
      vertex 14.347858844423941 -1.1381998896253127 10.1
    endloop
  endfacet
  facet normal 0.7973206537727112 0.6035559419535659 0
    outer loop
      vertex 14.182758757134845 -0.9595956214302427 0
      vertex 14.146023658718832 -0.9110671410533334 10.1
      vertex 14.182758757134845 -0.9595956214302427 10.1
    endloop
  endfacet
  facet normal 0.7730104533627323 0.6343932841636511 0
    outer loop
      vertex 14.221370753319952 -1.0066444749117847 0
      vertex 14.182758757134845 -0.9595956214302427 10.1
      vertex 14.221370753319952 -1.0066444749117847 10.1
    endloop
  endfacet
  facet normal 0.6642524379112789 0.7475083268625994 0
    outer loop
      vertex 14.393355525088216 -1.1786292466800479 0
      vertex 14.347858844423941 -1.1381998896253127 10.1
      vertex 14.393355525088216 -1.1786292466800479 10.1
    endloop
  endfacet
  facet normal 0.6343932841636495 0.7730104533627338 0
    outer loop
      vertex 14.440404378569758 -1.2172412428651547 0
      vertex 14.393355525088216 -1.1786292466800479 10.1
      vertex 14.440404378569758 -1.2172412428651547 10.1
    endloop
  endfacet
  facet normal 0.5717879602276039 0.8204014435255194 0
    outer loop
      vertex 14.538866138819618 -1.2887778990689451 0
      vertex 14.488932858946667 -1.2539763412811686 10.1
      vertex 14.538866138819618 -1.2887778990689451 10.1
    endloop
  endfacet
  facet normal 0.6035559419535746 0.7973206537727047 0
    outer loop
      vertex 14.488932858946667 -1.2539763412811686 0
      vertex 14.440404378569758 -1.2172412428651547 10.1
      vertex 14.488932858946667 -1.2539763412811686 10.1
    endloop
  endfacet
  facet normal 0.5391383229110067 0.8422172337162824 0
    outer loop
      vertex 14.59012722469028 -1.321592254748843 0
      vertex 14.538866138819618 -1.2887778990689451 10.1
      vertex 14.59012722469028 -1.321592254748843 10.1
    endloop
  endfacet
  facet normal 0.5056573733779792 0.862734385977795 0
    outer loop
      vertex 14.64263707567972 -1.3523688109628356 0
      vertex 14.59012722469028 -1.321592254748843 10.1
      vertex 14.64263707567972 -1.3523688109628356 10.1
    endloop
  endfacet
  facet normal 0.47139673682600575 0.8819212643483506 0
    outer loop
      vertex 14.696314725403703 -1.3810601124919704 0
      vertex 14.64263707567972 -1.3523688109628356 10.1
      vertex 14.696314725403703 -1.3810601124919704 10.1
    endloop
  endfacet
  facet normal 0.43640924067333153 0.8997482840522266 0
    outer loop
      vertex 14.751077406816988 -1.407621919428876 0
      vertex 14.696314725403703 -1.3810601124919704 10.1
      vertex 14.751077406816988 -1.407621919428876 10.1
    endloop
  endfacet
  facet normal 0.4007488331031442 0.9161879571171344 0
    outer loop
      vertex 14.806840679834112 -1.4320132753924946 0
      vertex 14.751077406816988 -1.407621919428876 10.1
      vertex 14.806840679834112 -1.4320132753924946 10.1
    endloop
  endfacet
  facet normal 0.364470499879152 0.9312149347588028 0
    outer loop
      vertex 14.863518561529887 -1.4541965706798505 0
      vertex 14.806840679834112 -1.4320132753924946 10.1
      vertex 14.863518561529887 -1.4541965706798505 10.1
    endloop
  endfacet
  facet normal 0.3276301795616902 0.9448060464668792 0
    outer loop
      vertex 14.921023658718832 -1.474137600257488 0
      vertex 14.863518561529887 -1.4541965706798505 10.1
      vertex 14.921023658718832 -1.474137600257488 10.1
    endloop
  endfacet
  facet normal 0.2524915770151607 0.9675990923602591 0
    outer loop
      vertex 15.038159686023347 -1.5071733766163986 0
      vertex 14.979267302709136 -1.4918056165031532 10.1
      vertex 15.038159686023347 -1.5071733766163986 10.1
    endloop
  endfacet
  facet normal 0.2902846772544609 0.9569403357322093 0
    outer loop
      vertex 14.979267302709136 -1.4918056165031532 0
      vertex 14.921023658718832 -1.474137600257488 10.1
      vertex 14.979267302709136 -1.4918056165031532 10.1
    endloop
  endfacet
  facet normal 0.2143091530650546 0.9767658813208715 0
    outer loop
      vertex 15.097610000875001 -1.5202171846250072 0
      vertex 15.038159686023347 -1.5071733766163986 10.1
      vertex 15.097610000875001 -1.5202171846250072 10.1
    endloop
  endfacet
  facet normal 0.1757962799343524 0.9844265680898919 0
    outer loop
      vertex 15.157526579187643 -1.5309169279224635 0
      vertex 15.097610000875001 -1.5202171846250072 10.1
      vertex 15.157526579187643 -1.5309169279224635 10.1
    endloop
  endfacet
  facet normal 0.1370123416819653 0.9905693404435777 0
    outer loop
      vertex 15.217817033940353 -1.5392561082801357 0
      vertex 15.157526579187643 -1.5309169279224635 10.1
      vertex 15.217817033940353 -1.5392561082801357 10.1
    endloop
  endfacet
  facet normal 0.09801714032956386 0.9951847266721965 0
    outer loop
      vertex 15.278388401621841 -1.5452218672863485 0
      vertex 15.217817033940353 -1.5392561082801357 10.1
      vertex 15.278388401621841 -1.5452218672863485 10.1
    endloop
  endfacet
  facet normal 0.05887080365118556 0.998265610184716 0
    outer loop
      vertex 15.339147285573445 -1.5488050061731204 0
      vertex 15.278388401621841 -1.5452218672863485 10.1
      vertex 15.339147285573445 -1.5488050061731204 10.1
    endloop
  endfacet
  facet normal 0.019633692460630882 0.9998072404820649 0
    outer loop
      vertex 15.4 -1.55 0
      vertex 15.339147285573445 -1.5488050061731204 10.1
      vertex 15.4 -1.55 10.1
    endloop
  endfacet
  facet normal -0.019633692460630882 0.9998072404820649 0
    outer loop
      vertex 15.460852714426556 -1.5488050061731204 0
      vertex 15.4 -1.55 10.1
      vertex 15.460852714426556 -1.5488050061731204 10.1
    endloop
  endfacet
  facet normal -0.05887080365118556 0.998265610184716 0
    outer loop
      vertex 15.52161159837816 -1.5452218672863485 0
      vertex 15.460852714426556 -1.5488050061731204 10.1
      vertex 15.52161159837816 -1.5452218672863485 10.1
    endloop
  endfacet
  facet normal -0.09801714032956386 0.9951847266721965 0
    outer loop
      vertex 15.582182966059648 -1.5392561082801357 0
      vertex 15.52161159837816 -1.5452218672863485 10.1
      vertex 15.582182966059648 -1.5392561082801357 10.1
    endloop
  endfacet
  facet normal -0.1370123416819653 0.9905693404435777 0
    outer loop
      vertex 15.642473420812358 -1.5309169279224635 0
      vertex 15.582182966059648 -1.5392561082801357 10.1
      vertex 15.642473420812358 -1.5309169279224635 10.1
    endloop
  endfacet
  facet normal -0.1757962799343524 0.9844265680898919 0
    outer loop
      vertex 15.702389999125 -1.5202171846250072 0
      vertex 15.642473420812358 -1.5309169279224635 10.1
      vertex 15.702389999125 -1.5202171846250072 10.1
    endloop
  endfacet
  facet normal -0.2143091530650546 0.9767658813208715 0
    outer loop
      vertex 15.761840313976654 -1.5071733766163986 0
      vertex 15.702389999125 -1.5202171846250072 10.1
      vertex 15.761840313976654 -1.5071733766163986 10.1
    endloop
  endfacet
  facet normal -0.2524915770151607 0.9675990923602591 0
    outer loop
      vertex 15.820732697290865 -1.4918056165031532 0
      vertex 15.761840313976654 -1.5071733766163986 10.1
      vertex 15.820732697290865 -1.4918056165031532 10.1
    endloop
  endfacet
  facet normal -0.2902846772544609 0.9569403357322093 0
    outer loop
      vertex 15.878976341281168 -1.474137600257488 0
      vertex 15.820732697290865 -1.4918056165031532 10.1
      vertex 15.878976341281168 -1.474137600257488 10.1
    endloop
  endfacet
  facet normal -0.3276301795616902 0.9448060464668792 0
    outer loop
      vertex 15.936481438470114 -1.4541965706798505 0
      vertex 15.878976341281168 -1.474137600257488 10.1
      vertex 15.936481438470114 -1.4541965706798505 10.1
    endloop
  endfacet
  facet normal -0.364470499879152 0.9312149347588028 0
    outer loop
      vertex 15.993159320165889 -1.4320132753924946 0
      vertex 15.936481438470114 -1.4541965706798505 10.1
      vertex 15.993159320165889 -1.4320132753924946 10.1
    endloop
  endfacet
  facet normal -0.40074883310313353 0.9161879571171392 0
    outer loop
      vertex 16.048922593183015 -1.407621919428876 0
      vertex 15.993159320165889 -1.4320132753924946 10.1
      vertex 16.048922593183015 -1.407621919428876 10.1
    endloop
  endfacet
  facet normal -0.436409240673343 0.8997482840522211 0
    outer loop
      vertex 16.103685274596298 -1.3810601124919704 0
      vertex 16.048922593183015 -1.407621919428876 10.1
      vertex 16.103685274596298 -1.3810601124919704 10.1
    endloop
  endfacet
  facet normal -0.4713967368259937 0.8819212643483573 0
    outer loop
      vertex 16.15736292432028 -1.3523688109628356 0
      vertex 16.103685274596298 -1.3810601124919704 10.1
      vertex 16.15736292432028 -1.3523688109628356 10.1
    endloop
  endfacet
  facet normal -0.5056573733780046 0.8627343859777801 0
    outer loop
      vertex 16.20987277530972 -1.321592254748843 0
      vertex 16.15736292432028 -1.3523688109628356 10.1
      vertex 16.20987277530972 -1.321592254748843 10.1
    endloop
  endfacet
  facet normal -0.5391383229109935 0.8422172337162909 0
    outer loop
      vertex 16.261133861180383 -1.2887778990689451 0
      vertex 16.20987277530972 -1.321592254748843 10.1
      vertex 16.261133861180383 -1.2887778990689451 10.1
    endloop
  endfacet
  facet normal -0.5717879602276176 0.8204014435255098 0
    outer loop
      vertex 16.311067141053332 -1.2539763412811686 0
      vertex 16.261133861180383 -1.2887778990689451 10.1
      vertex 16.311067141053332 -1.2539763412811686 10.1
    endloop
  endfacet
  facet normal -0.6035559419535466 0.797320653772726 0
    outer loop
      vertex 16.359595621430245 -1.2172412428651547 0
      vertex 16.311067141053332 -1.2539763412811686 10.1
      vertex 16.359595621430245 -1.2172412428651547 10.1
    endloop
  endfacet
  facet normal -0.6343932841636495 0.7730104533627338 0
    outer loop
      vertex 16.406644474911786 -1.1786292466800479 0
      vertex 16.359595621430245 -1.2172412428651547 10.1
      vertex 16.406644474911786 -1.1786292466800479 10.1
    endloop
  endfacet
  facet normal -0.6642524379112789 0.7475083268625994 0
    outer loop
      vertex 16.45214115557606 -1.1381998896253127 0
      vertex 16.406644474911786 -1.1786292466800479 10.1
      vertex 16.45214115557606 -1.1381998896253127 10.1
    endloop
  endfacet
  facet normal -0.6930873625456369 0.7208535967029178 0
    outer loop
      vertex 16.49601551083915 -1.0960155108391487 0
      vertex 16.45214115557606 -1.1381998896253127 10.1
      vertex 16.49601551083915 -1.0960155108391487 10.1
    endloop
  endfacet
  facet normal -0.7208535967029178 0.6930873625456369 0
    outer loop
      vertex 16.538199889625314 -1.0521411555760598 0
      vertex 16.49601551083915 -1.0960155108391487 10.1
      vertex 16.538199889625314 -1.0521411555760598 10.1
    endloop
  endfacet
  facet normal -0.7475083268626102 0.6642524379112665 0
    outer loop
      vertex 16.57862924668005 -1.0066444749117847 0
      vertex 16.538199889625314 -1.0521411555760598 10.1
      vertex 16.57862924668005 -1.0066444749117847 10.1
    endloop
  endfacet
  facet normal -0.7730104533627323 0.6343932841636511 0
    outer loop
      vertex 16.617241242865155 -0.9595956214302427 0
      vertex 16.57862924668005 -1.0066444749117847 10.1
      vertex 16.617241242865155 -0.9595956214302427 10.1
    endloop
  endfacet
  facet normal -0.7973206537727112 0.6035559419535659 0
    outer loop
      vertex 16.65397634128117 -0.9110671410533334 0
      vertex 16.617241242865155 -0.9595956214302427 10.1
      vertex 16.65397634128117 -0.9110671410533334 10.1
    endloop
  endfacet
  facet normal -0.8204014435255137 0.5717879602276124 0
    outer loop
      vertex 16.688777899068945 -0.8611338611803834 0
      vertex 16.65397634128117 -0.9110671410533334 10.1
      vertex 16.688777899068945 -0.8611338611803834 10.1
    endloop
  endfacet
  facet normal -0.8422172337162978 0.5391383229109827 0
    outer loop
      vertex 16.721592254748842 -0.8098727753097207 0
      vertex 16.688777899068945 -0.8611338611803834 10.1
      vertex 16.721592254748842 -0.8098727753097207 10.1
    endloop
  endfacet
  facet normal -0.8627343859777854 0.5056573733779957 0
    outer loop
      vertex 16.752368810962835 -0.7573629243202802 0
      vertex 16.721592254748842 -0.8098727753097207 10.1
      vertex 16.752368810962835 -0.7573629243202802 10.1
    endloop
  endfacet
  facet normal -0.8819212643483448 0.4713967368260168 0
    outer loop
      vertex 16.78106011249197 -0.7036852745962976 0
      vertex 16.752368810962835 -0.7573629243202802 10.1
      vertex 16.78106011249197 -0.7036852745962976 10.1
    endloop
  endfacet
  facet normal -0.8997482840522335 0.4364092406733173 0
    outer loop
      vertex 16.807621919428875 -0.6489225931830135 0
      vertex 16.78106011249197 -0.7036852745962976 10.1
      vertex 16.807621919428875 -0.6489225931830135 10.1
    endloop
  endfacet
  facet normal -0.9161879571171321 0.4007488331031496 0
    outer loop
      vertex 16.832013275392494 -0.5931593201658891 0
      vertex 16.807621919428875 -0.6489225931830135 10.1
      vertex 16.832013275392494 -0.5931593201658891 10.1
    endloop
  endfacet
  facet normal -0.9312149347588058 0.3644704998791437 0
    outer loop
      vertex 16.85419657067985 -0.5364814384701141 0
      vertex 16.832013275392494 -0.5931593201658891 10.1
      vertex 16.85419657067985 -0.5364814384701141 10.1
    endloop
  endfacet
  facet normal -0.944806046466879 0.3276301795616905 0
    outer loop
      vertex 16.874137600257487 -0.47897634128116845 0
      vertex 16.85419657067985 -0.5364814384701141 10.1
      vertex 16.874137600257487 -0.47897634128116845 10.1
    endloop
  endfacet
  facet normal -0.9569403357322107 0.29028467725445617 0
    outer loop
      vertex 16.891805616503152 -0.4207326972908651 0
      vertex 16.874137600257487 -0.47897634128116845 10.1
      vertex 16.891805616503152 -0.4207326972908651 10.1
    endloop
  endfacet
  facet normal -0.9675990923602555 0.25249157701517394 0
    outer loop
      vertex 16.9071733766164 -0.3618403139766534 0
      vertex 16.891805616503152 -0.4207326972908651 10.1
      vertex 16.9071733766164 -0.3618403139766534 10.1
    endloop
  endfacet
  facet normal -0.9767658813208766 0.21430915306503207 0
    outer loop
      vertex 16.920217184625006 -0.3023899991249988 0
      vertex 16.9071733766164 -0.3618403139766534 10.1
      vertex 16.920217184625006 -0.3023899991249988 10.1
    endloop
  endfacet
  facet normal -0.9844265680898866 0.17579627993438257 0
    outer loop
      vertex 16.930916927922464 -0.24247342081235784 0
      vertex 16.920217184625006 -0.3023899991249988 10.1
      vertex 16.930916927922464 -0.24247342081235784 10.1
    endloop
  endfacet
  facet normal -0.9905693404435754 0.13701234168198145 0
    outer loop
      vertex 16.939256108280137 -0.18218296605964834 0
      vertex 16.930916927922464 -0.24247342081235784 10.1
      vertex 16.939256108280137 -0.18218296605964834 10.1
    endloop
  endfacet
  facet normal -0.9951847266721973 0.09801714032955604 0
    outer loop
      vertex 16.94522186728635 -0.12161159837815967 0
      vertex 16.939256108280137 -0.18218296605964834 10.1
      vertex 16.94522186728635 -0.12161159837815967 10.1
    endloop
  endfacet
  facet normal -0.9982656101847167 0.058870803651174676 0
    outer loop
      vertex 16.94880500617312 -0.06085271442655635 0
      vertex 16.94522186728635 -0.12161159837815967 10.1
      vertex 16.94880500617312 -0.06085271442655635 10.1
    endloop
  endfacet
  facet normal -0.9998072404820653 0.019633692460612476 3.2158231818976416e-22
    outer loop
      vertex 16.94880500617312 -0.06085271442655635 10.1
      vertex 16.95 0 10.1
      vertex 16.95 0 0
    endloop
  endfacet
  facet normal 0.9998072404820647 -0.01963369246064165 2.239284613426771e-21
    outer loop
      vertex 13.85 0 0
      vertex 13.85119499382688 0.06085271442655635 0
      vertex 13.85119499382688 0.06085271442655635 10.1
    endloop
  endfacet
  facet normal 0.9982656101847167 -0.058870803651174676 -6.626782728388143e-22
    outer loop
      vertex 13.85119499382688 0.06085271442655635 0
      vertex 13.854778132713651 0.12161159837815967 0
      vertex 13.854778132713651 0.12161159837815967 10.1
    endloop
  endfacet
  facet normal 0.9951847266721944 -0.09801714032958493 -4.897936216750845e-21
    outer loop
      vertex 13.854778132713651 0.12161159837815967 0
      vertex 13.860743891719865 0.18218296605964834 0
      vertex 13.860743891719865 0.18218296605964834 10.1
    endloop
  endfacet
  facet normal 0.9905693404435794 -0.1370123416819528 7.904894956192183e-20
    outer loop
      vertex 13.860743891719865 0.18218296605964834 0
      vertex 13.869083072077537 0.24247342081235784 0
      vertex 13.869083072077537 0.24247342081235784 10.1
    endloop
  endfacet
  facet normal 0.9844265680898917 -0.1757962799343543 2.1200089511283895e-20
    outer loop
      vertex 13.869083072077537 0.24247342081235784 0
      vertex 13.879782815374993 0.3023899991249988 0
      vertex 13.879782815374993 0.3023899991249988 10.1
    endloop
  endfacet
  facet normal 0.9767658813208704 -0.21430915306505988 -5.314686228925011e-20
    outer loop
      vertex 13.879782815374993 0.3023899991249988 0
      vertex 13.892826623383602 0.3618403139766534 0
      vertex 13.892826623383602 0.3618403139766534 10.1
    endloop
  endfacet
  facet normal 0.9675990923602628 -0.2524915770151466 3.6971546102695815e-20
    outer loop
      vertex 13.892826623383602 0.3618403139766534 0
      vertex 13.908194383496847 0.4207326972908651 0
      vertex 13.908194383496847 0.4207326972908651 10.1
    endloop
  endfacet
  facet normal 0.9569403357322026 -0.2902846772544829 2.331342194046963e-20
    outer loop
      vertex 13.908194383496847 0.4207326972908651 0
      vertex 13.925862399742513 0.47897634128116845 0
      vertex 13.925862399742513 0.47897634128116845 10.1
    endloop
  endfacet
  facet normal 0.944806046466879 -0.3276301795616905 8.378964723894287e-20
    outer loop
      vertex 13.925862399742513 0.47897634128116845 0
      vertex 13.94580342932015 0.5364814384701141 0
      vertex 13.94580342932015 0.5364814384701141 10.1
    endloop
  endfacet
  facet normal 0.9312149347588058 -0.3644704998791437 -1.200004926325585e-19
    outer loop
      vertex 13.94580342932015 0.5364814384701141 0
      vertex 13.967986724607506 0.5931593201658891 0
      vertex 13.967986724607506 0.5931593201658891 10.1
    endloop
  endfacet
  facet normal 0.9161879571171321 -0.4007488331031496 1.6255828318305702e-20
    outer loop
      vertex 13.967986724607506 0.5931593201658891 0
      vertex 13.992378080571125 0.6489225931830135 0
      vertex 13.992378080571125 0.6489225931830135 10.1
    endloop
  endfacet
  facet normal 0.8997482840522335 -0.4364092406733173 1.2866391040453212e-19
    outer loop
      vertex 13.992378080571125 0.6489225931830135 0
      vertex 14.01893988750803 0.7036852745962976 0
      vertex 14.01893988750803 0.7036852745962976 10.1
    endloop
  endfacet
  facet normal 0.8819212643483448 -0.4713967368260168 6.361227651240657e-20
    outer loop
      vertex 14.01893988750803 0.7036852745962976 0
      vertex 14.047631189037165 0.7573629243202802 0
      vertex 14.047631189037165 0.7573629243202802 10.1
    endloop
  endfacet
  facet normal 0.8627343859777981 -0.5056573733779739 -1.4788267421113276e-19
    outer loop
      vertex 14.047631189037165 0.7573629243202802 0
      vertex 14.078407745251157 0.8098727753097207 0
      vertex 14.078407745251157 0.8098727753097207 10.1
    endloop
  endfacet
  facet normal 0.8422172337162845 -0.5391383229110035 6.10856447670119e-20
    outer loop
      vertex 14.078407745251157 0.8098727753097207 0
      vertex 14.111222100931055 0.8611338611803834 0
      vertex 14.111222100931055 0.8611338611803834 10.1
    endloop
  endfacet
  facet normal 0.8204014435255137 -0.5717879602276124 -5.455620621796911e-20
    outer loop
      vertex 14.111222100931055 0.8611338611803834 0
      vertex 14.146023658718832 0.9110671410533334 0
      vertex 14.146023658718832 0.9110671410533334 10.1
    endloop
  endfacet
  facet normal 0.7973206537727112 -0.6035559419535659 1.2910229151592637e-19
    outer loop
      vertex 14.146023658718832 0.9110671410533334 0
      vertex 14.182758757134845 0.9595956214302427 0
      vertex 14.182758757134845 0.9595956214302427 10.1
    endloop
  endfacet
  facet normal 0.7730104533627323 -0.6343932841636511 -1.7276660428403953e-19
    outer loop
      vertex 14.182758757134845 0.9595956214302427 0
      vertex 14.221370753319952 1.0066444749117847 0
      vertex 14.221370753319952 1.0066444749117847 10.1
    endloop
  endfacet
  facet normal 0.7475083268625957 -0.664252437911283 -5.0718292612444515e-20
    outer loop
      vertex 14.221370753319952 1.0066444749117847 0
      vertex 14.261800110374688 1.0521411555760598 0
      vertex 14.261800110374688 1.0521411555760598 10.1
    endloop
  endfacet
  facet normal 0.7208535967029178 -0.6930873625456369 -6.832964016984984e-21
    outer loop
      vertex 14.261800110374688 1.0521411555760598 0
      vertex 14.303984489160852 1.0960155108391487 0
      vertex 14.303984489160852 1.0960155108391487 10.1
    endloop
  endfacet
  facet normal 0.6930873625456369 -0.7208535967029178 -6.832964016984984e-21
    outer loop
      vertex 14.303984489160852 1.0960155108391487 0
      vertex 14.347858844423941 1.1381998896253127 0
      vertex 14.347858844423941 1.1381998896253127 10.1
    endloop
  endfacet
  facet normal 0.6642524379112789 -0.7475083268625994 -1.1322459916744028e-19
    outer loop
      vertex 14.347858844423941 1.1381998896253127 0
      vertex 14.393355525088216 1.1786292466800479 0
      vertex 14.393355525088216 1.1786292466800479 10.1
    endloop
  endfacet
  facet normal 0.6343932841636495 -0.7730104533627338 -5.427336464287954e-20
    outer loop
      vertex 14.393355525088216 1.1786292466800479 0
      vertex 14.440404378569758 1.2172412428651547 0
      vertex 14.440404378569758 1.2172412428651547 10.1
    endloop
  endfacet
  facet normal 0.6035559419535746 -0.7973206537727047 -6.04071630417396e-20
    outer loop
      vertex 14.440404378569758 1.2172412428651547 0
      vertex 14.488932858946667 1.2539763412811686 0
      vertex 14.488932858946667 1.2539763412811686 10.1
    endloop
  endfacet
  facet normal 0.5717879602276039 -0.8204014435255194 1.5606668841024085e-19
    outer loop
      vertex 14.488932858946667 1.2539763412811686 0
      vertex 14.538866138819618 1.2887778990689451 0
      vertex 14.538866138819618 1.2887778990689451 10.1
    endloop
  endfacet
  facet normal 0.5391383229110067 -0.8422172337162824 2.6516136161999883e-20
    outer loop
      vertex 14.538866138819618 1.2887778990689451 0
      vertex 14.59012722469028 1.321592254748843 0
      vertex 14.59012722469028 1.321592254748843 10.1
    endloop
  endfacet
  facet normal 0.5056573733779792 -0.862734385977795 -1.2597158770666426e-20
    outer loop
      vertex 14.59012722469028 1.321592254748843 0
      vertex 14.64263707567972 1.3523688109628356 0
      vertex 14.64263707567972 1.3523688109628356 10.1
    endloop
  endfacet
  facet normal 0.47139673682600575 -0.8819212643483506 -4.751893140667442e-20
    outer loop
      vertex 14.64263707567972 1.3523688109628356 0
      vertex 14.696314725403703 1.3810601124919704 0
      vertex 14.696314725403703 1.3810601124919704 10.1
    endloop
  endfacet
  facet normal 0.43640924067333153 -0.8997482840522266 1.0598507789110111e-19
    outer loop
      vertex 14.696314725403703 1.3810601124919704 0
      vertex 14.751077406816988 1.407621919428876 0
      vertex 14.751077406816988 1.407621919428876 10.1
    endloop
  endfacet
  facet normal 0.4007488331031442 -0.9161879571171344 1.2505600063673766e-19
    outer loop
      vertex 14.751077406816988 1.407621919428876 0
      vertex 14.806840679834112 1.4320132753924946 0
      vertex 14.806840679834112 1.4320132753924946 10.1
    endloop
  endfacet
  facet normal 0.364470499879152 -0.9312149347588028 -1.1902687563243762e-19
    outer loop
      vertex 14.806840679834112 1.4320132753924946 0
      vertex 14.863518561529887 1.4541965706798505 0
      vertex 14.863518561529887 1.4541965706798505 10.1
    endloop
  endfacet
  facet normal 0.3276301795616902 -0.9448060464668792 1.2079337635164534e-19
    outer loop
      vertex 14.863518561529887 1.4541965706798505 0
      vertex 14.921023658718832 1.474137600257488 0
      vertex 14.921023658718832 1.474137600257488 10.1
    endloop
  endfacet
  facet normal 0.2902846772544609 -0.9569403357322093 1.4153387515334175e-19
    outer loop
      vertex 14.921023658718832 1.474137600257488 0
      vertex 14.979267302709136 1.4918056165031532 0
      vertex 14.979267302709136 1.4918056165031532 10.1
    endloop
  endfacet
  facet normal 0.2524915770151607 -0.9675990923602591 4.9991028344480945e-20
    outer loop
      vertex 14.979267302709136 1.4918056165031532 0
      vertex 15.038159686023347 1.5071733766163986 0
      vertex 15.038159686023347 1.5071733766163986 10.1
    endloop
  endfacet
  facet normal 0.2143091530650546 -0.9767658813208715 1.4869084249440356e-20
    outer loop
      vertex 15.038159686023347 1.5071733766163986 0
      vertex 15.097610000875001 1.5202171846250072 0
      vertex 15.097610000875001 1.5202171846250072 10.1
    endloop
  endfacet
  facet normal 0.1757962799343524 -0.9844265680898919 -2.4793235457857702e-20
    outer loop
      vertex 15.097610000875001 1.5202171846250072 0
      vertex 15.157526579187643 1.5309169279224635 0
      vertex 15.157526579187643 1.5309169279224635 10.1
    endloop
  endfacet
  facet normal 0.1370123416819653 -0.9905693404435777 6.922697765831316e-20
    outer loop
      vertex 15.157526579187643 1.5309169279224635 0
      vertex 15.217817033940353 1.5392561082801357 0
      vertex 15.217817033940353 1.5392561082801357 10.1
    endloop
  endfacet
  facet normal 0.09801714032956386 -0.9951847266721965 9.453449297224837e-21
    outer loop
      vertex 15.217817033940353 1.5392561082801357 0
      vertex 15.278388401621841 1.5452218672863485 0
      vertex 15.278388401621841 1.5452218672863485 10.1
    endloop
  endfacet
  facet normal 0.05887080365118556 -0.998265610184716 1.3170378076677917e-21
    outer loop
      vertex 15.278388401621841 1.5452218672863485 0
      vertex 15.339147285573445 1.5488050061731204 0
      vertex 15.339147285573445 1.5488050061731204 10.1
    endloop
  endfacet
  facet normal 0.019633692460630882 -0.9998072404820649 -9.494168501069366e-21
    outer loop
      vertex 15.339147285573445 1.5488050061731204 0
      vertex 15.4 1.55 0
      vertex 15.4 1.55 10.1
    endloop
  endfacet
  facet normal -0.019633692460630882 -0.9998072404820649 9.494168501069366e-21
    outer loop
      vertex 15.4 1.55 0
      vertex 15.460852714426556 1.5488050061731204 0
      vertex 15.460852714426556 1.5488050061731204 10.1
    endloop
  endfacet
  facet normal -0.5391383229109935 -0.8422172337162909 3.866968174272366e-20
    outer loop
      vertex 16.20987277530972 1.321592254748843 0
      vertex 16.261133861180383 1.2887778990689451 0
      vertex 16.261133861180383 1.2887778990689451 10.1
    endloop
  endfacet
  facet normal -0.5717879602276176 -0.8204014435255098 -1.2278161023724573e-19
    outer loop
      vertex 16.261133861180383 1.2887778990689451 0
      vertex 16.311067141053332 1.2539763412811686 0
      vertex 16.311067141053332 1.2539763412811686 10.1
    endloop
  endfacet
  facet normal -0.6035559419535466 -0.797320653772726 0
    outer loop
      vertex 16.359595621430245 1.2172412428651547 0
      vertex 16.359595621430245 1.2172412428651547 10.1
      vertex 16.311067141053332 1.2539763412811686 0
    endloop
  endfacet
  facet normal -0.05887080365118556 -0.998265610184716 -1.3170378076677917e-21
    outer loop
      vertex 15.460852714426556 1.5488050061731204 0
      vertex 15.52161159837816 1.5452218672863485 0
      vertex 15.52161159837816 1.5452218672863485 10.1
    endloop
  endfacet
  facet normal -0.09801714032956386 -0.9951847266721965 -9.453449297224837e-21
    outer loop
      vertex 15.52161159837816 1.5452218672863485 0
      vertex 15.582182966059648 1.5392561082801357 0
      vertex 15.582182966059648 1.5392561082801357 10.1
    endloop
  endfacet
  facet normal -0.1370123416819653 -0.9905693404435777 -6.922697765831316e-20
    outer loop
      vertex 15.582182966059648 1.5392561082801357 0
      vertex 15.642473420812358 1.5309169279224635 0
      vertex 15.642473420812358 1.5309169279224635 10.1
    endloop
  endfacet
  facet normal -0.1757962799343524 -0.9844265680898919 2.4793235457857702e-20
    outer loop
      vertex 15.642473420812358 1.5309169279224635 0
      vertex 15.702389999125 1.5202171846250072 0
      vertex 15.702389999125 1.5202171846250072 10.1
    endloop
  endfacet
  facet normal -0.2143091530650546 -0.9767658813208715 -1.4869084249440356e-20
    outer loop
      vertex 15.702389999125 1.5202171846250072 0
      vertex 15.761840313976654 1.5071733766163986 0
      vertex 15.761840313976654 1.5071733766163986 10.1
    endloop
  endfacet
  facet normal -0.2524915770151607 -0.9675990923602591 -4.9991028344480945e-20
    outer loop
      vertex 15.761840313976654 1.5071733766163986 0
      vertex 15.820732697290865 1.4918056165031532 0
      vertex 15.820732697290865 1.4918056165031532 10.1
    endloop
  endfacet
  facet normal -0.2902846772544609 -0.9569403357322093 0
    outer loop
      vertex 15.878976341281168 1.474137600257488 0
      vertex 15.878976341281168 1.474137600257488 10.1
      vertex 15.820732697290865 1.4918056165031532 0
    endloop
  endfacet
  facet normal -0.3276301795616902 -0.9448060464668792 -1.2079337635164534e-19
    outer loop
      vertex 15.878976341281168 1.474137600257488 0
      vertex 15.936481438470114 1.4541965706798505 0
      vertex 15.936481438470114 1.4541965706798505 10.1
    endloop
  endfacet
  facet normal -0.364470499879152 -0.9312149347588028 1.1902687563243762e-19
    outer loop
      vertex 15.936481438470114 1.4541965706798505 0
      vertex 15.993159320165889 1.4320132753924946 0
      vertex 15.993159320165889 1.4320132753924946 10.1
    endloop
  endfacet
  facet normal -0.40074883310313353 -0.9161879571171392 -5.944207024513414e-20
    outer loop
      vertex 15.993159320165889 1.4320132753924946 0
      vertex 16.048922593183015 1.407621919428876 0
      vertex 16.048922593183015 1.407621919428876 10.1
    endloop
  endfacet
  facet normal -0.436409240673343 -0.8997482840522211 1.0365645962781408e-19
    outer loop
      vertex 16.048922593183015 1.407621919428876 0
      vertex 16.103685274596298 1.3810601124919704 0
      vertex 16.103685274596298 1.3810601124919704 10.1
    endloop
  endfacet
  facet normal -0.4713967368259937 -0.8819212643483573 3.371192153671687e-20
    outer loop
      vertex 16.103685274596298 1.3810601124919704 0
      vertex 16.15736292432028 1.3523688109628356 0
      vertex 16.15736292432028 1.3523688109628356 10.1
    endloop
  endfacet
  facet normal -0.5056573733780046 -0.8627343859777801 0
    outer loop
      vertex 16.20987277530972 1.321592254748843 0
      vertex 16.20987277530972 1.321592254748843 10.1
      vertex 16.15736292432028 1.3523688109628356 0
    endloop
  endfacet
  facet normal -0.6642524379112789 -0.7475083268625994 0
    outer loop
      vertex 16.45214115557606 1.1381998896253127 0
      vertex 16.45214115557606 1.1381998896253127 10.1
      vertex 16.406644474911786 1.1786292466800479 0
    endloop
  endfacet
  facet normal -0.6343932841636495 -0.7730104533627338 5.427336464287954e-20
    outer loop
      vertex 16.359595621430245 1.2172412428651547 0
      vertex 16.406644474911786 1.1786292466800479 0
      vertex 16.406644474911786 1.1786292466800479 10.1
    endloop
  endfacet
  facet normal -0.7208535967029178 -0.6930873625456369 6.832964016984984e-21
    outer loop
      vertex 16.49601551083915 1.0960155108391487 0
      vertex 16.538199889625314 1.0521411555760598 0
      vertex 16.538199889625314 1.0521411555760598 10.1
    endloop
  endfacet
  facet normal -0.6930873625456369 -0.7208535967029178 6.832964016984984e-21
    outer loop
      vertex 16.45214115557606 1.1381998896253127 0
      vertex 16.49601551083915 1.0960155108391487 0
      vertex 16.49601551083915 1.0960155108391487 10.1
    endloop
  endfacet
  facet normal -0.7475083268626102 -0.6642524379112665 0
    outer loop
      vertex 16.57862924668005 1.0066444749117847 0
      vertex 16.57862924668005 1.0066444749117847 10.1
      vertex 16.538199889625314 1.0521411555760598 0
    endloop
  endfacet
  facet normal -0.7730104533627323 -0.6343932841636511 1.7276660428403953e-19
    outer loop
      vertex 16.57862924668005 1.0066444749117847 0
      vertex 16.617241242865155 0.9595956214302427 0
      vertex 16.617241242865155 0.9595956214302427 10.1
    endloop
  endfacet
  facet normal -0.8204014435255137 -0.5717879602276124 0
    outer loop
      vertex 16.688777899068945 0.8611338611803834 0
      vertex 16.688777899068945 0.8611338611803834 10.1
      vertex 16.65397634128117 0.9110671410533334 0
    endloop
  endfacet
  facet normal -0.7973206537727112 -0.6035559419535659 -1.2910229151592637e-19
    outer loop
      vertex 16.617241242865155 0.9595956214302427 0
      vertex 16.65397634128117 0.9110671410533334 0
      vertex 16.65397634128117 0.9110671410533334 10.1
    endloop
  endfacet
  facet normal -0.8627343859777854 -0.5056573733779957 9.119753506001114e-20
    outer loop
      vertex 16.721592254748842 0.8098727753097207 0
      vertex 16.752368810962835 0.7573629243202802 0
      vertex 16.752368810962835 0.7573629243202802 10.1
    endloop
  endfacet
  facet normal -0.8422172337162978 -0.5391383229109827 -8.548983053369301e-20
    outer loop
      vertex 16.688777899068945 0.8611338611803834 0
      vertex 16.721592254748842 0.8098727753097207 0
      vertex 16.721592254748842 0.8098727753097207 10.1
    endloop
  endfacet
  facet normal -0.8997482840522335 -0.4364092406733173 0
    outer loop
      vertex 16.807621919428875 0.6489225931830135 0
      vertex 16.807621919428875 0.6489225931830135 10.1
      vertex 16.78106011249197 0.7036852745962976 0
    endloop
  endfacet
  facet normal -0.8819212643483448 -0.4713967368260168 -6.361227651240657e-20
    outer loop
      vertex 16.752368810962835 0.7573629243202802 0
      vertex 16.78106011249197 0.7036852745962976 0
      vertex 16.78106011249197 0.7036852745962976 10.1
    endloop
  endfacet
  facet normal -0.9767658813208766 -0.21430915306503207 0
    outer loop
      vertex 16.920217184625006 0.3023899991249988 0
      vertex 16.920217184625006 0.3023899991249988 10.1
      vertex 16.9071733766164 0.3618403139766534 0
    endloop
  endfacet
  facet normal -0.9998072404820653 -0.019633692460612476 0
    outer loop
      vertex 16.95 0 0
      vertex 16.95 0 10.1
      vertex 16.94880500617312 0.06085271442655635 0
    endloop
  endfacet
  facet normal -0.9982656101847167 -0.058870803651174676 0
    outer loop
      vertex 16.94880500617312 0.06085271442655635 0
      vertex 16.94880500617312 0.06085271442655635 10.1
      vertex 16.94522186728635 0.12161159837815967 0
    endloop
  endfacet
  facet normal -0.9951847266721973 -0.09801714032955604 0
    outer loop
      vertex 16.94522186728635 0.12161159837815967 0
      vertex 16.94522186728635 0.12161159837815967 10.1
      vertex 16.939256108280137 0.18218296605964834 0
    endloop
  endfacet
  facet normal -0.9905693404435754 -0.13701234168198145 0
    outer loop
      vertex 16.939256108280137 0.18218296605964834 0
      vertex 16.939256108280137 0.18218296605964834 10.1
      vertex 16.930916927922464 0.24247342081235784 0
    endloop
  endfacet
  facet normal -0.9844265680898866 -0.17579627993438257 0
    outer loop
      vertex 16.930916927922464 0.24247342081235784 0
      vertex 16.930916927922464 0.24247342081235784 10.1
      vertex 16.920217184625006 0.3023899991249988 0
    endloop
  endfacet
  facet normal -0.9675990923602555 -0.25249157701517394 0
    outer loop
      vertex 16.9071733766164 0.3618403139766534 0
      vertex 16.9071733766164 0.3618403139766534 10.1
      vertex 16.891805616503152 0.4207326972908651 0
    endloop
  endfacet
  facet normal -0.9569403357322107 -0.29028467725445617 2.322417384705725e-20
    outer loop
      vertex 16.874137600257487 0.47897634128116845 0
      vertex 16.891805616503152 0.4207326972908651 0
      vertex 16.891805616503152 0.4207326972908651 10.1
    endloop
  endfacet
  facet normal -0.9312149347588058 -0.3644704998791437 0
    outer loop
      vertex 16.85419657067985 0.5364814384701141 0
      vertex 16.85419657067985 0.5364814384701141 10.1
      vertex 16.832013275392494 0.5931593201658891 0
    endloop
  endfacet
  facet normal -0.9161879571171321 -0.4007488331031496 -1.6255828318305702e-20
    outer loop
      vertex 16.807621919428875 0.6489225931830135 0
      vertex 16.832013275392494 0.5931593201658891 0
      vertex 16.832013275392494 0.5931593201658891 10.1
    endloop
  endfacet
  facet normal -0.944806046466879 -0.3276301795616905 0
    outer loop
      vertex 16.874137600257487 0.47897634128116845 0
      vertex 16.874137600257487 0.47897634128116845 10.1
      vertex 16.85419657067985 0.5364814384701141 0
    endloop
  endfacet
  facet normal 0.9998072404820647 -0.01963369246064165 0
    outer loop
      vertex 13.85 0 0
      vertex 13.85119499382688 0.06085271442655635 10.1
      vertex 13.85 0 10.1
    endloop
  endfacet
  facet normal 0.9982656101847167 -0.058870803651174676 0
    outer loop
      vertex 13.85119499382688 0.06085271442655635 0
      vertex 13.854778132713651 0.12161159837815967 10.1
      vertex 13.85119499382688 0.06085271442655635 10.1
    endloop
  endfacet
  facet normal 0.9951847266721944 -0.09801714032958493 0
    outer loop
      vertex 13.854778132713651 0.12161159837815967 0
      vertex 13.860743891719865 0.18218296605964834 10.1
      vertex 13.854778132713651 0.12161159837815967 10.1
    endloop
  endfacet
  facet normal 0.9905693404435794 -0.1370123416819528 0
    outer loop
      vertex 13.860743891719865 0.18218296605964834 0
      vertex 13.869083072077537 0.24247342081235784 10.1
      vertex 13.860743891719865 0.18218296605964834 10.1
    endloop
  endfacet
  facet normal 0.9844265680898917 -0.1757962799343543 0
    outer loop
      vertex 13.869083072077537 0.24247342081235784 0
      vertex 13.879782815374993 0.3023899991249988 10.1
      vertex 13.869083072077537 0.24247342081235784 10.1
    endloop
  endfacet
  facet normal 0.9767658813208704 -0.21430915306505988 0
    outer loop
      vertex 13.879782815374993 0.3023899991249988 0
      vertex 13.892826623383602 0.3618403139766534 10.1
      vertex 13.879782815374993 0.3023899991249988 10.1
    endloop
  endfacet
  facet normal 0.9675990923602628 -0.2524915770151466 0
    outer loop
      vertex 13.892826623383602 0.3618403139766534 0
      vertex 13.908194383496847 0.4207326972908651 10.1
      vertex 13.892826623383602 0.3618403139766534 10.1
    endloop
  endfacet
  facet normal 0.9569403357322026 -0.2902846772544829 0
    outer loop
      vertex 13.908194383496847 0.4207326972908651 0
      vertex 13.925862399742513 0.47897634128116845 10.1
      vertex 13.908194383496847 0.4207326972908651 10.1
    endloop
  endfacet
  facet normal 0.944806046466879 -0.3276301795616905 0
    outer loop
      vertex 13.925862399742513 0.47897634128116845 0
      vertex 13.94580342932015 0.5364814384701141 10.1
      vertex 13.925862399742513 0.47897634128116845 10.1
    endloop
  endfacet
  facet normal 0.9312149347588058 -0.3644704998791437 0
    outer loop
      vertex 13.94580342932015 0.5364814384701141 0
      vertex 13.967986724607506 0.5931593201658891 10.1
      vertex 13.94580342932015 0.5364814384701141 10.1
    endloop
  endfacet
  facet normal 0.9161879571171321 -0.4007488331031496 0
    outer loop
      vertex 13.967986724607506 0.5931593201658891 0
      vertex 13.992378080571125 0.6489225931830135 10.1
      vertex 13.967986724607506 0.5931593201658891 10.1
    endloop
  endfacet
  facet normal 0.8997482840522335 -0.4364092406733173 0
    outer loop
      vertex 13.992378080571125 0.6489225931830135 0
      vertex 14.01893988750803 0.7036852745962976 10.1
      vertex 13.992378080571125 0.6489225931830135 10.1
    endloop
  endfacet
  facet normal 0.8819212643483448 -0.4713967368260168 0
    outer loop
      vertex 14.01893988750803 0.7036852745962976 0
      vertex 14.047631189037165 0.7573629243202802 10.1
      vertex 14.01893988750803 0.7036852745962976 10.1
    endloop
  endfacet
  facet normal 0.8627343859777981 -0.5056573733779739 0
    outer loop
      vertex 14.047631189037165 0.7573629243202802 0
      vertex 14.078407745251157 0.8098727753097207 10.1
      vertex 14.047631189037165 0.7573629243202802 10.1
    endloop
  endfacet
  facet normal 0.8422172337162845 -0.5391383229110035 0
    outer loop
      vertex 14.078407745251157 0.8098727753097207 0
      vertex 14.111222100931055 0.8611338611803834 10.1
      vertex 14.078407745251157 0.8098727753097207 10.1
    endloop
  endfacet
  facet normal 0.8204014435255137 -0.5717879602276124 0
    outer loop
      vertex 14.111222100931055 0.8611338611803834 0
      vertex 14.146023658718832 0.9110671410533334 10.1
      vertex 14.111222100931055 0.8611338611803834 10.1
    endloop
  endfacet
  facet normal 0.7973206537727112 -0.6035559419535659 0
    outer loop
      vertex 14.146023658718832 0.9110671410533334 0
      vertex 14.182758757134845 0.9595956214302427 10.1
      vertex 14.146023658718832 0.9110671410533334 10.1
    endloop
  endfacet
  facet normal 0.7730104533627323 -0.6343932841636511 0
    outer loop
      vertex 14.182758757134845 0.9595956214302427 0
      vertex 14.221370753319952 1.0066444749117847 10.1
      vertex 14.182758757134845 0.9595956214302427 10.1
    endloop
  endfacet
  facet normal 0.7475083268625957 -0.664252437911283 0
    outer loop
      vertex 14.221370753319952 1.0066444749117847 0
      vertex 14.261800110374688 1.0521411555760598 10.1
      vertex 14.221370753319952 1.0066444749117847 10.1
    endloop
  endfacet
  facet normal 0.7208535967029178 -0.6930873625456369 0
    outer loop
      vertex 14.261800110374688 1.0521411555760598 0
      vertex 14.303984489160852 1.0960155108391487 10.1
      vertex 14.261800110374688 1.0521411555760598 10.1
    endloop
  endfacet
  facet normal 0.6930873625456369 -0.7208535967029178 0
    outer loop
      vertex 14.303984489160852 1.0960155108391487 0
      vertex 14.347858844423941 1.1381998896253127 10.1
      vertex 14.303984489160852 1.0960155108391487 10.1
    endloop
  endfacet
  facet normal 0.6642524379112789 -0.7475083268625994 0
    outer loop
      vertex 14.347858844423941 1.1381998896253127 0
      vertex 14.393355525088216 1.1786292466800479 10.1
      vertex 14.347858844423941 1.1381998896253127 10.1
    endloop
  endfacet
  facet normal 0.6343932841636495 -0.7730104533627338 0
    outer loop
      vertex 14.393355525088216 1.1786292466800479 0
      vertex 14.440404378569758 1.2172412428651547 10.1
      vertex 14.393355525088216 1.1786292466800479 10.1
    endloop
  endfacet
  facet normal 0.6035559419535746 -0.7973206537727047 0
    outer loop
      vertex 14.440404378569758 1.2172412428651547 0
      vertex 14.488932858946667 1.2539763412811686 10.1
      vertex 14.440404378569758 1.2172412428651547 10.1
    endloop
  endfacet
  facet normal 0.5717879602276039 -0.8204014435255194 0
    outer loop
      vertex 14.488932858946667 1.2539763412811686 0
      vertex 14.538866138819618 1.2887778990689451 10.1
      vertex 14.488932858946667 1.2539763412811686 10.1
    endloop
  endfacet
  facet normal 0.5391383229110067 -0.8422172337162824 0
    outer loop
      vertex 14.538866138819618 1.2887778990689451 0
      vertex 14.59012722469028 1.321592254748843 10.1
      vertex 14.538866138819618 1.2887778990689451 10.1
    endloop
  endfacet
  facet normal 0.5056573733779792 -0.862734385977795 0
    outer loop
      vertex 14.59012722469028 1.321592254748843 0
      vertex 14.64263707567972 1.3523688109628356 10.1
      vertex 14.59012722469028 1.321592254748843 10.1
    endloop
  endfacet
  facet normal 0.47139673682600575 -0.8819212643483506 0
    outer loop
      vertex 14.64263707567972 1.3523688109628356 0
      vertex 14.696314725403703 1.3810601124919704 10.1
      vertex 14.64263707567972 1.3523688109628356 10.1
    endloop
  endfacet
  facet normal 0.43640924067333153 -0.8997482840522266 0
    outer loop
      vertex 14.696314725403703 1.3810601124919704 0
      vertex 14.751077406816988 1.407621919428876 10.1
      vertex 14.696314725403703 1.3810601124919704 10.1
    endloop
  endfacet
  facet normal 0.4007488331031442 -0.9161879571171344 0
    outer loop
      vertex 14.751077406816988 1.407621919428876 0
      vertex 14.806840679834112 1.4320132753924946 10.1
      vertex 14.751077406816988 1.407621919428876 10.1
    endloop
  endfacet
  facet normal 0.364470499879152 -0.9312149347588028 0
    outer loop
      vertex 14.806840679834112 1.4320132753924946 0
      vertex 14.863518561529887 1.4541965706798505 10.1
      vertex 14.806840679834112 1.4320132753924946 10.1
    endloop
  endfacet
  facet normal 0.3276301795616902 -0.9448060464668792 0
    outer loop
      vertex 14.863518561529887 1.4541965706798505 0
      vertex 14.921023658718832 1.474137600257488 10.1
      vertex 14.863518561529887 1.4541965706798505 10.1
    endloop
  endfacet
  facet normal 0.2902846772544609 -0.9569403357322093 0
    outer loop
      vertex 14.921023658718832 1.474137600257488 0
      vertex 14.979267302709136 1.4918056165031532 10.1
      vertex 14.921023658718832 1.474137600257488 10.1
    endloop
  endfacet
  facet normal 0.2524915770151607 -0.9675990923602591 0
    outer loop
      vertex 14.979267302709136 1.4918056165031532 0
      vertex 15.038159686023347 1.5071733766163986 10.1
      vertex 14.979267302709136 1.4918056165031532 10.1
    endloop
  endfacet
  facet normal 0.2143091530650546 -0.9767658813208715 0
    outer loop
      vertex 15.038159686023347 1.5071733766163986 0
      vertex 15.097610000875001 1.5202171846250072 10.1
      vertex 15.038159686023347 1.5071733766163986 10.1
    endloop
  endfacet
  facet normal 0.1757962799343524 -0.9844265680898919 0
    outer loop
      vertex 15.097610000875001 1.5202171846250072 0
      vertex 15.157526579187643 1.5309169279224635 10.1
      vertex 15.097610000875001 1.5202171846250072 10.1
    endloop
  endfacet
  facet normal 0.1370123416819653 -0.9905693404435777 0
    outer loop
      vertex 15.157526579187643 1.5309169279224635 0
      vertex 15.217817033940353 1.5392561082801357 10.1
      vertex 15.157526579187643 1.5309169279224635 10.1
    endloop
  endfacet
  facet normal 0.09801714032956386 -0.9951847266721965 0
    outer loop
      vertex 15.217817033940353 1.5392561082801357 0
      vertex 15.278388401621841 1.5452218672863485 10.1
      vertex 15.217817033940353 1.5392561082801357 10.1
    endloop
  endfacet
  facet normal 0.05887080365118556 -0.998265610184716 0
    outer loop
      vertex 15.278388401621841 1.5452218672863485 0
      vertex 15.339147285573445 1.5488050061731204 10.1
      vertex 15.278388401621841 1.5452218672863485 10.1
    endloop
  endfacet
  facet normal 0.019633692460630882 -0.9998072404820649 0
    outer loop
      vertex 15.339147285573445 1.5488050061731204 0
      vertex 15.4 1.55 10.1
      vertex 15.339147285573445 1.5488050061731204 10.1
    endloop
  endfacet
  facet normal -0.019633692460630882 -0.9998072404820649 0
    outer loop
      vertex 15.4 1.55 0
      vertex 15.460852714426556 1.5488050061731204 10.1
      vertex 15.4 1.55 10.1
    endloop
  endfacet
  facet normal -0.5391383229109935 -0.8422172337162909 0
    outer loop
      vertex 16.20987277530972 1.321592254748843 0
      vertex 16.261133861180383 1.2887778990689451 10.1
      vertex 16.20987277530972 1.321592254748843 10.1
    endloop
  endfacet
  facet normal -0.5717879602276176 -0.8204014435255098 0
    outer loop
      vertex 16.261133861180383 1.2887778990689451 0
      vertex 16.311067141053332 1.2539763412811686 10.1
      vertex 16.261133861180383 1.2887778990689451 10.1
    endloop
  endfacet
  facet normal -0.6035559419535466 -0.797320653772726 0
    outer loop
      vertex 16.311067141053332 1.2539763412811686 0
      vertex 16.359595621430245 1.2172412428651547 10.1
      vertex 16.311067141053332 1.2539763412811686 10.1
    endloop
  endfacet
  facet normal -0.05887080365118556 -0.998265610184716 0
    outer loop
      vertex 15.460852714426556 1.5488050061731204 0
      vertex 15.52161159837816 1.5452218672863485 10.1
      vertex 15.460852714426556 1.5488050061731204 10.1
    endloop
  endfacet
  facet normal -0.09801714032956386 -0.9951847266721965 0
    outer loop
      vertex 15.52161159837816 1.5452218672863485 0
      vertex 15.582182966059648 1.5392561082801357 10.1
      vertex 15.52161159837816 1.5452218672863485 10.1
    endloop
  endfacet
  facet normal -0.1370123416819653 -0.9905693404435777 0
    outer loop
      vertex 15.582182966059648 1.5392561082801357 0
      vertex 15.642473420812358 1.5309169279224635 10.1
      vertex 15.582182966059648 1.5392561082801357 10.1
    endloop
  endfacet
  facet normal -0.1757962799343524 -0.9844265680898919 0
    outer loop
      vertex 15.642473420812358 1.5309169279224635 0
      vertex 15.702389999125 1.5202171846250072 10.1
      vertex 15.642473420812358 1.5309169279224635 10.1
    endloop
  endfacet
  facet normal -0.2143091530650546 -0.9767658813208715 0
    outer loop
      vertex 15.702389999125 1.5202171846250072 0
      vertex 15.761840313976654 1.5071733766163986 10.1
      vertex 15.702389999125 1.5202171846250072 10.1
    endloop
  endfacet
  facet normal -0.2524915770151607 -0.9675990923602591 0
    outer loop
      vertex 15.761840313976654 1.5071733766163986 0
      vertex 15.820732697290865 1.4918056165031532 10.1
      vertex 15.761840313976654 1.5071733766163986 10.1
    endloop
  endfacet
  facet normal -0.2902846772544609 -0.9569403357322093 0
    outer loop
      vertex 15.820732697290865 1.4918056165031532 0
      vertex 15.878976341281168 1.474137600257488 10.1
      vertex 15.820732697290865 1.4918056165031532 10.1
    endloop
  endfacet
  facet normal -0.3276301795616902 -0.9448060464668792 0
    outer loop
      vertex 15.878976341281168 1.474137600257488 0
      vertex 15.936481438470114 1.4541965706798505 10.1
      vertex 15.878976341281168 1.474137600257488 10.1
    endloop
  endfacet
  facet normal -0.364470499879152 -0.9312149347588028 0
    outer loop
      vertex 15.936481438470114 1.4541965706798505 0
      vertex 15.993159320165889 1.4320132753924946 10.1
      vertex 15.936481438470114 1.4541965706798505 10.1
    endloop
  endfacet
  facet normal -0.40074883310313353 -0.9161879571171392 0
    outer loop
      vertex 15.993159320165889 1.4320132753924946 0
      vertex 16.048922593183015 1.407621919428876 10.1
      vertex 15.993159320165889 1.4320132753924946 10.1
    endloop
  endfacet
  facet normal -0.436409240673343 -0.8997482840522211 0
    outer loop
      vertex 16.048922593183015 1.407621919428876 0
      vertex 16.103685274596298 1.3810601124919704 10.1
      vertex 16.048922593183015 1.407621919428876 10.1
    endloop
  endfacet
  facet normal -0.4713967368259937 -0.8819212643483573 0
    outer loop
      vertex 16.103685274596298 1.3810601124919704 0
      vertex 16.15736292432028 1.3523688109628356 10.1
      vertex 16.103685274596298 1.3810601124919704 10.1
    endloop
  endfacet
  facet normal -0.5056573733780046 -0.8627343859777801 0
    outer loop
      vertex 16.15736292432028 1.3523688109628356 0
      vertex 16.20987277530972 1.321592254748843 10.1
      vertex 16.15736292432028 1.3523688109628356 10.1
    endloop
  endfacet
  facet normal -0.6930873625456369 -0.7208535967029178 0
    outer loop
      vertex 16.45214115557606 1.1381998896253127 0
      vertex 16.49601551083915 1.0960155108391487 10.1
      vertex 16.45214115557606 1.1381998896253127 10.1
    endloop
  endfacet
  facet normal -0.6343932841636495 -0.7730104533627338 0
    outer loop
      vertex 16.359595621430245 1.2172412428651547 0
      vertex 16.406644474911786 1.1786292466800479 10.1
      vertex 16.359595621430245 1.2172412428651547 10.1
    endloop
  endfacet
  facet normal -0.6642524379112789 -0.7475083268625994 0
    outer loop
      vertex 16.406644474911786 1.1786292466800479 0
      vertex 16.45214115557606 1.1381998896253127 10.1
      vertex 16.406644474911786 1.1786292466800479 10.1
    endloop
  endfacet
  facet normal -0.7208535967029178 -0.6930873625456369 0
    outer loop
      vertex 16.49601551083915 1.0960155108391487 0
      vertex 16.538199889625314 1.0521411555760598 10.1
      vertex 16.49601551083915 1.0960155108391487 10.1
    endloop
  endfacet
  facet normal -0.7475083268626102 -0.6642524379112665 0
    outer loop
      vertex 16.538199889625314 1.0521411555760598 0
      vertex 16.57862924668005 1.0066444749117847 10.1
      vertex 16.538199889625314 1.0521411555760598 10.1
    endloop
  endfacet
  facet normal -0.7730104533627323 -0.6343932841636511 0
    outer loop
      vertex 16.57862924668005 1.0066444749117847 0
      vertex 16.617241242865155 0.9595956214302427 10.1
      vertex 16.57862924668005 1.0066444749117847 10.1
    endloop
  endfacet
  facet normal -0.7973206537727112 -0.6035559419535659 0
    outer loop
      vertex 16.617241242865155 0.9595956214302427 0
      vertex 16.65397634128117 0.9110671410533334 10.1
      vertex 16.617241242865155 0.9595956214302427 10.1
    endloop
  endfacet
  facet normal -0.8204014435255137 -0.5717879602276124 0
    outer loop
      vertex 16.65397634128117 0.9110671410533334 0
      vertex 16.688777899068945 0.8611338611803834 10.1
      vertex 16.65397634128117 0.9110671410533334 10.1
    endloop
  endfacet
  facet normal -0.8627343859777854 -0.5056573733779957 0
    outer loop
      vertex 16.721592254748842 0.8098727753097207 0
      vertex 16.752368810962835 0.7573629243202802 10.1
      vertex 16.721592254748842 0.8098727753097207 10.1
    endloop
  endfacet
  facet normal -0.8997482840522335 -0.4364092406733173 0
    outer loop
      vertex 16.78106011249197 0.7036852745962976 0
      vertex 16.807621919428875 0.6489225931830135 10.1
      vertex 16.78106011249197 0.7036852745962976 10.1
    endloop
  endfacet
  facet normal -0.8819212643483448 -0.4713967368260168 0
    outer loop
      vertex 16.752368810962835 0.7573629243202802 0
      vertex 16.78106011249197 0.7036852745962976 10.1
      vertex 16.752368810962835 0.7573629243202802 10.1
    endloop
  endfacet
  facet normal -0.8422172337162978 -0.5391383229109827 0
    outer loop
      vertex 16.688777899068945 0.8611338611803834 0
      vertex 16.721592254748842 0.8098727753097207 10.1
      vertex 16.688777899068945 0.8611338611803834 10.1
    endloop
  endfacet
  facet normal -0.9998072404820653 -0.019633692460612476 0
    outer loop
      vertex 16.94880500617312 0.06085271442655635 0
      vertex 16.95 0 10.1
      vertex 16.94880500617312 0.06085271442655635 10.1
    endloop
  endfacet
  facet normal -0.9982656101847167 -0.058870803651174676 0
    outer loop
      vertex 16.94522186728635 0.12161159837815967 0
      vertex 16.94880500617312 0.06085271442655635 10.1
      vertex 16.94522186728635 0.12161159837815967 10.1
    endloop
  endfacet
  facet normal -0.9951847266721973 -0.09801714032955604 0
    outer loop
      vertex 16.939256108280137 0.18218296605964834 0
      vertex 16.94522186728635 0.12161159837815967 10.1
      vertex 16.939256108280137 0.18218296605964834 10.1
    endloop
  endfacet
  facet normal -0.9905693404435754 -0.13701234168198145 0
    outer loop
      vertex 16.930916927922464 0.24247342081235784 0
      vertex 16.939256108280137 0.18218296605964834 10.1
      vertex 16.930916927922464 0.24247342081235784 10.1
    endloop
  endfacet
  facet normal -0.9844265680898866 -0.17579627993438257 0
    outer loop
      vertex 16.920217184625006 0.3023899991249988 0
      vertex 16.930916927922464 0.24247342081235784 10.1
      vertex 16.920217184625006 0.3023899991249988 10.1
    endloop
  endfacet
  facet normal -0.9767658813208766 -0.21430915306503207 0
    outer loop
      vertex 16.9071733766164 0.3618403139766534 0
      vertex 16.920217184625006 0.3023899991249988 10.1
      vertex 16.9071733766164 0.3618403139766534 10.1
    endloop
  endfacet
  facet normal -0.9675990923602555 -0.25249157701517394 0
    outer loop
      vertex 16.891805616503152 0.4207326972908651 0
      vertex 16.9071733766164 0.3618403139766534 10.1
      vertex 16.891805616503152 0.4207326972908651 10.1
    endloop
  endfacet
  facet normal -0.9569403357322107 -0.29028467725445617 0
    outer loop
      vertex 16.874137600257487 0.47897634128116845 0
      vertex 16.891805616503152 0.4207326972908651 10.1
      vertex 16.874137600257487 0.47897634128116845 10.1
    endloop
  endfacet
  facet normal -0.9312149347588058 -0.3644704998791437 0
    outer loop
      vertex 16.832013275392494 0.5931593201658891 0
      vertex 16.85419657067985 0.5364814384701141 10.1
      vertex 16.832013275392494 0.5931593201658891 10.1
    endloop
  endfacet
  facet normal -0.944806046466879 -0.3276301795616905 0
    outer loop
      vertex 16.85419657067985 0.5364814384701141 0
      vertex 16.874137600257487 0.47897634128116845 10.1
      vertex 16.85419657067985 0.5364814384701141 10.1
    endloop
  endfacet
  facet normal -0.9161879571171321 -0.4007488331031496 0
    outer loop
      vertex 16.807621919428875 0.6489225931830135 0
      vertex 16.832013275392494 0.5931593201658891 10.1
      vertex 16.807621919428875 0.6489225931830135 10.1
    endloop
  endfacet
  facet normal 0 0 1
    outer loop
      vertex 12.409247998800616 -0.23537728718353484 10.1
      vertex 12.409247998800616 0.23537728718353484 10.1
      vertex 12.402312891277832 -0.11777944727720582 10.1
    endloop
  endfacet
  facet normal 0 0 1
    outer loop
      vertex 12.457644158790309 -0.5852709660483848 10.1
      vertex 12.457644158790309 0.5852709660483848 10.1
      vertex 12.436934978214587 -0.46930339512069263 10.1
    endloop
  endfacet
  facet normal 0 0 1
    outer loop
      vertex 12.436934978214587 -0.46930339512069263 10.1
      vertex 12.436934978214587 0.46930339512069263 10.1
      vertex 12.420794629135221 -0.35261219237351293 10.1
    endloop
  endfacet
  facet normal 0 0 1
    outer loop
      vertex 12.420794629135221 -0.35261219237351293 10.1
      vertex 12.420794629135221 0.35261219237351293 10.1
      vertex 12.409247998800616 -0.23537728718353484 10.1
    endloop
  endfacet
  facet normal 0 0 1
    outer loop
      vertex 12.512634290639058 -0.8143213495952228 10.1
      vertex 12.512634290639058 0.8143213495952228 10.1
      vertex 12.48289023880697 -0.7003360915677161 10.1
    endloop
  endfacet
  facet normal 0 0 1
    outer loop
      vertex 12.48289023880697 -0.7003360915677161 10.1
      vertex 12.48289023880697 0.7003360915677161 10.1
      vertex 12.457644158790309 -0.5852709660483848 10.1
    endloop
  endfacet
  facet normal 0 0 1
    outer loop
      vertex 12.54683045111454 -0.9270509831248421 10.1
      vertex 12.54683045111454 0.9270509831248421 10.1
      vertex 12.512634290639058 -0.8143213495952228 10.1
    endloop
  endfacet
  facet normal 0 0 1
    outer loop
      vertex 12.54683045111454 -0.9270509831248421 10.1
      vertex 12.585425992232548 -1.0383511712324789 10.1
      vertex 12.585425992232548 1.0383511712324789 10.1
    endloop
  endfacet
  facet normal 0 0 1
    outer loop
      vertex 12.62836140246614 -1.1480502970952693 10.1
      vertex 12.62836140246614 1.1480502970952693 10.1
      vertex 12.585425992232548 -1.0383511712324789 10.1
    endloop
  endfacet
  facet normal 0 0 1
    outer loop
      vertex 12.675570478524756 -1.2559792126122842 10.1
      vertex 12.675570478524756 1.2559792126122842 10.1
      vertex 12.62836140246614 -1.1480502970952693 10.1
    endloop
  endfacet
  facet normal 0 0 1
    outer loop
      vertex 12.726980427434896 -1.3619714992186405 10.1
      vertex 12.726980427434896 1.3619714992186405 10.1
      vertex 12.675570478524756 -1.2559792126122842 10.1
    endloop
  endfacet
  facet normal 0 0 1
    outer loop
      vertex 12.726980427434896 -1.3619714992186405 10.1
      vertex 12.78251197878161 -1.4658637244908648 10.1
      vertex 12.78251197878161 1.4658637244908648 10.1
    endloop
  endfacet
  facet normal 0 0 1
    outer loop
      vertex 12.905591163092364 -1.6667106990588065 10.1
      vertex 12.905591163092364 1.6667106990588065 10.1
      vertex 12.842079506937724 -1.5674956941478464 10.1
    endloop
  endfacet
  facet normal 0 0 1
    outer loop
      vertex 12.78251197878161 -1.4658637244908648 10.1
      vertex 12.842079506937724 -1.5674956941478464 10.1
      vertex 12.842079506937724 1.5674956941478464 10.1
    endloop
  endfacet
  facet normal 0 0 1
    outer loop
      vertex 12.905591163092364 -1.6667106990588065 10.1
      vertex 12.972949016875159 -1.7633557568774194 10.1
      vertex 12.972949016875159 1.7633557568774194 10.1
    endloop
  endfacet
  facet normal 0 0 1
    outer loop
      vertex 12.972949016875159 -1.7633557568774194 10.1
      vertex 13.044049207357766 -1.857281847929502 10.1
      vertex 13.044049207357766 1.857281847929502 10.1
    endloop
  endfacet
  facet normal 0 0 1
    outer loop
      vertex 13.044049207357766 -1.857281847929502 10.1
      vertex 13.118782103199909 -1.948344144990551 10.1
      vertex 13.118782103199909 1.948344144990551 10.1
    endloop
  endfacet
  facet normal 0 0 1
    outer loop
      vertex 13.197032471692943 -2.0364022365988252 10.1
      vertex 13.197032471692943 2.0364022365988252 10.1
      vertex 13.118782103199909 -1.948344144990551 10.1
    endloop
  endfacet
  facet normal 0 0 1
    outer loop
      vertex 13.197032471692943 -2.0364022365988252 10.1
      vertex 13.278679656440357 -2.121320343559643 10.1
      vertex 13.278679656440357 2.121320343559643 10.1
    endloop
  endfacet
  facet normal 0 0 1
    outer loop
      vertex 13.278679656440357 -2.121320343559643 10.1
      vertex 13.363597763401176 -2.202967528307057 10.1
      vertex 13.363597763401176 2.202967528307057 10.1
    endloop
  endfacet
  facet normal 0 0 1
    outer loop
      vertex 13.363597763401176 -2.202967528307057 10.1
      vertex 13.451655855009449 -2.2812178968000927 10.1
      vertex 13.451655855009449 2.2812178968000927 10.1
    endloop
  endfacet
  facet normal 0 0 1
    outer loop
      vertex 13.451655855009449 -2.2812178968000927 10.1
      vertex 13.5427181520705 -2.355950792642235 10.1
      vertex 13.5427181520705 2.355950792642235 10.1
    endloop
  endfacet
  facet normal 0 0 1
    outer loop
      vertex 13.5427181520705 -2.355950792642235 10.1
      vertex 13.63664424312258 -2.4270509831248424 10.1
      vertex 13.63664424312258 2.4270509831248424 10.1
    endloop
  endfacet
  facet normal 0.9998072404820648 0.019633692460633876 -1.041195194340981e-21
    outer loop
      vertex 12.402312891277832 -0.11777944727720582 10.1
      vertex 12.4 0 10.1
      vertex 12.4 0 13
    endloop
  endfacet
  facet normal 0 0 1
    outer loop
      vertex 14.03802850078136 -2.673019572565104 10.1
      vertex 14.01893988750803 -0.7036852745962976 10.1
      vertex 13.934136275509136 -2.6174880212183913 10.1
    endloop
  endfacet
  facet normal 0 0 1
    outer loop
      vertex 14.03802850078136 -2.673019572565104 10.1
      vertex 14.144020787387717 -2.7244295214752436 10.1
      vertex 14.111222100931055 -0.8611338611803834 10.1
    endloop
  endfacet
  facet normal 0 0 1
    outer loop
      vertex 13.832504305852154 -2.557920493062277 10.1
      vertex 13.934136275509136 -2.6174880212183913 10.1
      vertex 13.925862399742513 -0.47897634128116845 10.1
    endloop
  endfacet
  facet normal 0 0 1
    outer loop
      vertex 14.144020787387717 -2.7244295214752436 10.1
      vertex 14.146023658718832 -0.9110671410533334 10.1
      vertex 14.111222100931055 -0.8611338611803834 10.1
    endloop
  endfacet
  facet normal 0 0 1
    outer loop
      vertex 14.03802850078136 -2.673019572565104 10.1
      vertex 14.078407745251157 -0.8098727753097207 10.1
      vertex 14.047631189037165 -0.7573629243202802 10.1
    endloop
  endfacet
  facet normal 0 0 1
    outer loop
      vertex 14.03802850078136 -2.673019572565104 10.1
      vertex 14.111222100931055 -0.8611338611803834 10.1
      vertex 14.078407745251157 -0.8098727753097207 10.1
    endloop
  endfacet
  facet normal 0 0 1
    outer loop
      vertex 14.03802850078136 -2.673019572565104 10.1
      vertex 14.047631189037165 -0.7573629243202802 10.1
      vertex 14.01893988750803 -0.7036852745962976 10.1
    endloop
  endfacet
  facet normal 0 0 1
    outer loop
      vertex 14.144020787387717 -2.7244295214752436 10.1
      vertex 14.251949702904732 -2.77163859753386 10.1
      vertex 14.221370753319952 -1.0066444749117847 10.1
    endloop
  endfacet
  facet normal 0 0 1
    outer loop
      vertex 14.251949702904732 -2.77163859753386 10.1
      vertex 14.361648828767521 -2.8145740077674524 10.1
      vertex 14.347858844423941 -1.1381998896253127 10.1
    endloop
  endfacet
  facet normal 0 0 1
    outer loop
      vertex 14.472949016875159 -2.8531695488854605 10.1
      vertex 14.585678650404777 -2.887365709360942 10.1
      vertex 14.538866138819618 -1.2887778990689451 10.1
    endloop
  endfacet
  facet normal 0 0 1
    outer loop
      vertex 14.361648828767521 -2.8145740077674524 10.1
      vertex 14.472949016875159 -2.8531695488854605 10.1
      vertex 14.440404378569758 -1.2172412428651547 10.1
    endloop
  endfacet
  facet normal 0 0 1
    outer loop
      vertex 14.251949702904732 -2.77163859753386 10.1
      vertex 14.347858844423941 -1.1381998896253127 10.1
      vertex 14.303984489160852 -1.0960155108391487 10.1
    endloop
  endfacet
  facet normal 0 0 1
    outer loop
      vertex 14.144020787387717 -2.7244295214752436 10.1
      vertex 14.182758757134845 -0.9595956214302427 10.1
      vertex 14.146023658718832 -0.9110671410533334 10.1
    endloop
  endfacet
  facet normal 0 0 1
    outer loop
      vertex 14.144020787387717 -2.7244295214752436 10.1
      vertex 14.221370753319952 -1.0066444749117847 10.1
      vertex 14.182758757134845 -0.9595956214302427 10.1
    endloop
  endfacet
  facet normal 0 0 1
    outer loop
      vertex 14.251949702904732 -2.77163859753386 10.1
      vertex 14.261800110374688 -1.0521411555760598 10.1
      vertex 14.221370753319952 -1.0066444749117847 10.1
    endloop
  endfacet
  facet normal 0 0 1
    outer loop
      vertex 14.251949702904732 -2.77163859753386 10.1
      vertex 14.303984489160852 -1.0960155108391487 10.1
      vertex 14.261800110374688 -1.0521411555760598 10.1
    endloop
  endfacet
  facet normal 0 0 1
    outer loop
      vertex 14.361648828767521 -2.8145740077674524 10.1
      vertex 14.393355525088216 -1.1786292466800479 10.1
      vertex 14.347858844423941 -1.1381998896253127 10.1
    endloop
  endfacet
  facet normal 0 0 1
    outer loop
      vertex 14.361648828767521 -2.8145740077674524 10.1
      vertex 14.440404378569758 -1.2172412428651547 10.1
      vertex 14.393355525088216 -1.1786292466800479 10.1
    endloop
  endfacet
  facet normal 0 0 1
    outer loop
      vertex 14.472949016875159 -2.8531695488854605 10.1
      vertex 14.488932858946667 -1.2539763412811686 10.1
      vertex 14.440404378569758 -1.2172412428651547 10.1
    endloop
  endfacet
  facet normal 0 0 1
    outer loop
      vertex 14.585678650404777 -2.887365709360942 10.1
      vertex 14.59012722469028 -1.321592254748843 10.1
      vertex 14.538866138819618 -1.2887778990689451 10.1
    endloop
  endfacet
  facet normal 0 0 1
    outer loop
      vertex 14.472949016875159 -2.8531695488854605 10.1
      vertex 14.538866138819618 -1.2887778990689451 10.1
      vertex 14.488932858946667 -1.2539763412811686 10.1
    endloop
  endfacet
  facet normal 0 0 1
    outer loop
      vertex 13.832504305852154 -2.557920493062277 10.1
      vertex 13.925862399742513 -0.47897634128116845 10.1
      vertex 13.908194383496847 -0.4207326972908651 10.1
    endloop
  endfacet
  facet normal 0 0 1
    outer loop
      vertex 13.832504305852154 -2.557920493062277 10.1
      vertex 13.908194383496847 -0.4207326972908651 10.1
      vertex 13.892826623383602 -0.3618403139766534 10.1
    endloop
  endfacet
  facet normal 0 0 1
    outer loop
      vertex 13.832504305852154 -2.557920493062277 10.1
      vertex 13.892826623383602 -0.3618403139766534 10.1
      vertex 13.879782815374993 -0.3023899991249988 10.1
    endloop
  endfacet
  facet normal 0 0 1
    outer loop
      vertex 13.832504305852154 -2.557920493062277 10.1
      vertex 13.879782815374993 -0.3023899991249988 10.1
      vertex 13.869083072077537 -0.24247342081235784 10.1
    endloop
  endfacet
  facet normal 0 0 1
    outer loop
      vertex 13.733289300941195 -2.4944088369076356 10.1
      vertex 13.832504305852154 -2.557920493062277 10.1
      vertex 13.832504305852154 2.557920493062277 10.1
    endloop
  endfacet
  facet normal 0 0 1
    outer loop
      vertex 13.63664424312258 -2.4270509831248424 10.1
      vertex 13.733289300941195 -2.4944088369076356 10.1
      vertex 13.733289300941195 2.4944088369076356 10.1
    endloop
  endfacet
  facet normal 0 0 1
    outer loop
      vertex 13.832504305852154 -2.557920493062277 10.1
      vertex 13.860743891719865 -0.18218296605964834 10.1
      vertex 13.854778132713651 -0.12161159837815967 10.1
    endloop
  endfacet
  facet normal 0 0 1
    outer loop
      vertex 13.832504305852154 -2.557920493062277 10.1
      vertex 13.869083072077537 -0.24247342081235784 10.1
      vertex 13.860743891719865 -0.18218296605964834 10.1
    endloop
  endfacet
  facet normal 0 0 1
    outer loop
      vertex 13.832504305852154 -2.557920493062277 10.1
      vertex 13.854778132713651 -0.12161159837815967 10.1
      vertex 13.85119499382688 -0.06085271442655635 10.1
    endloop
  endfacet
  facet normal 0 0 1
    outer loop
      vertex 13.832504305852154 -2.557920493062277 10.1
      vertex 13.85119499382688 -0.06085271442655635 10.1
      vertex 13.85 0 10.1
    endloop
  endfacet
  facet normal 0 0 1
    outer loop
      vertex 13.934136275509136 -2.6174880212183913 10.1
      vertex 13.992378080571125 -0.6489225931830135 10.1
      vertex 13.967986724607506 -0.5931593201658891 10.1
    endloop
  endfacet
  facet normal 0 0 1
    outer loop
      vertex 13.934136275509136 -2.6174880212183913 10.1
      vertex 13.967986724607506 -0.5931593201658891 10.1
      vertex 13.94580342932015 -0.5364814384701141 10.1
    endloop
  endfacet
  facet normal 0 0 1
    outer loop
      vertex 13.934136275509136 -2.6174880212183913 10.1
      vertex 13.94580342932015 -0.5364814384701141 10.1
      vertex 13.925862399742513 -0.47897634128116845 10.1
    endloop
  endfacet
  facet normal 0 0 1
    outer loop
      vertex 13.934136275509136 -2.6174880212183913 10.1
      vertex 14.01893988750803 -0.7036852745962976 10.1
      vertex 13.992378080571125 -0.6489225931830135 10.1
    endloop
  endfacet
  facet normal 0 0 1
    outer loop
      vertex 14.585678650404777 -2.887365709360942 10.1
      vertex 14.699663908432285 -2.9171097611930294 10.1
      vertex 14.696314725403703 -1.3810601124919704 10.1
    endloop
  endfacet
  facet normal 0 0 1
    outer loop
      vertex 14.699663908432285 -2.9171097611930294 10.1
      vertex 14.814729033951615 -2.9423558412096913 10.1
      vertex 14.806840679834112 -1.4320132753924946 10.1
    endloop
  endfacet
  facet normal 0 0 1
    outer loop
      vertex 14.814729033951615 -2.9423558412096913 10.1
      vertex 14.930696604879309 -2.9630650217854133 10.1
      vertex 14.921023658718832 -1.474137600257488 10.1
    endloop
  endfacet
  facet normal 0 0 1
    outer loop
      vertex 14.930696604879309 -2.9630650217854133 10.1
      vertex 15.047387807626487 -2.9792053708647788 10.1
      vertex 15.038159686023347 -1.5071733766163986 10.1
    endloop
  endfacet
  facet normal 0 0 1
    outer loop
      vertex 14.585678650404777 -2.887365709360942 10.1
      vertex 14.64263707567972 -1.3523688109628356 10.1
      vertex 14.59012722469028 -1.321592254748843 10.1
    endloop
  endfacet
  facet normal 0 0 1
    outer loop
      vertex 14.585678650404777 -2.887365709360942 10.1
      vertex 14.696314725403703 -1.3810601124919704 10.1
      vertex 14.64263707567972 -1.3523688109628356 10.1
    endloop
  endfacet
  facet normal 0 0 1
    outer loop
      vertex 14.699663908432285 -2.9171097611930294 10.1
      vertex 14.751077406816988 -1.407621919428876 10.1
      vertex 14.696314725403703 -1.3810601124919704 10.1
    endloop
  endfacet
  facet normal 0 0 1
    outer loop
      vertex 14.699663908432285 -2.9171097611930294 10.1
      vertex 14.806840679834112 -1.4320132753924946 10.1
      vertex 14.751077406816988 -1.407621919428876 10.1
    endloop
  endfacet
  facet normal 0 0 1
    outer loop
      vertex 14.814729033951615 -2.9423558412096913 10.1
      vertex 14.863518561529887 -1.4541965706798505 10.1
      vertex 14.806840679834112 -1.4320132753924946 10.1
    endloop
  endfacet
  facet normal 0 0 1
    outer loop
      vertex 14.814729033951615 -2.9423558412096913 10.1
      vertex 14.921023658718832 -1.474137600257488 10.1
      vertex 14.863518561529887 -1.4541965706798505 10.1
    endloop
  endfacet
  facet normal 0 0 1
    outer loop
      vertex 14.930696604879309 -2.9630650217854133 10.1
      vertex 14.979267302709136 -1.4918056165031532 10.1
      vertex 14.921023658718832 -1.474137600257488 10.1
    endloop
  endfacet
  facet normal 0 0 1
    outer loop
      vertex 14.930696604879309 -2.9630650217854133 10.1
      vertex 15.038159686023347 -1.5071733766163986 10.1
      vertex 14.979267302709136 -1.4918056165031532 10.1
    endloop
  endfacet
  facet normal 0 0 1
    outer loop
      vertex 15.164622712816465 -2.990752001199384 10.1
      vertex 15.157526579187643 -1.5309169279224635 10.1
      vertex 15.047387807626487 -2.9792053708647788 10.1
    endloop
  endfacet
  facet normal 0 0 1
    outer loop
      vertex 15.164622712816465 -2.990752001199384 10.1
      vertex 15.282220552722794 -2.9976871087221686 10.1
      vertex 15.278388401621841 -1.5452218672863485 10.1
    endloop
  endfacet
  facet normal 0 0 1
    outer loop
      vertex 15.047387807626487 -2.9792053708647788 10.1
      vertex 15.097610000875001 -1.5202171846250072 10.1
      vertex 15.038159686023347 -1.5071733766163986 10.1
    endloop
  endfacet
  facet normal 0 0 1
    outer loop
      vertex 15.047387807626487 -2.9792053708647788 10.1
      vertex 15.157526579187643 -1.5309169279224635 10.1
      vertex 15.097610000875001 -1.5202171846250072 10.1
    endloop
  endfacet
  facet normal 0 0 1
    outer loop
      vertex 15.164622712816465 -2.990752001199384 10.1
      vertex 15.217817033940353 -1.5392561082801357 10.1
      vertex 15.157526579187643 -1.5309169279224635 10.1
    endloop
  endfacet
  facet normal 0 0 1
    outer loop
      vertex 15.164622712816465 -2.990752001199384 10.1
      vertex 15.278388401621841 -1.5452218672863485 10.1
      vertex 15.217817033940353 -1.5392561082801357 10.1
    endloop
  endfacet
  facet normal 0 0 1
    outer loop
      vertex 15.282220552722794 -2.9976871087221686 10.1
      vertex 15.4 -3 10.1
      vertex 15.4 -1.55 10.1
    endloop
  endfacet
  facet normal 0 0 1
    outer loop
      vertex 15.4 -3 10.1
      vertex 15.517779447277206 -2.9976871087221686 10.1
      vertex 15.4 -1.55 10.1
    endloop
  endfacet
  facet normal 0 0 1
    outer loop
      vertex 15.282220552722794 -2.9976871087221686 10.1
      vertex 15.339147285573445 -1.5488050061731204 10.1
      vertex 15.278388401621841 -1.5452218672863485 10.1
    endloop
  endfacet
  facet normal 0 0 1
    outer loop
      vertex 15.282220552722794 -2.9976871087221686 10.1
      vertex 15.4 -1.55 10.1
      vertex 15.339147285573445 -1.5488050061731204 10.1
    endloop
  endfacet
  facet normal 0 0 1
    outer loop
      vertex 15.4 -1.55 10.1
      vertex 15.517779447277206 -2.9976871087221686 10.1
      vertex 15.460852714426556 -1.5488050061731204 10.1
    endloop
  endfacet
  facet normal 0 0 1
    outer loop
      vertex 15.517779447277206 -2.9976871087221686 10.1
      vertex 15.635377287183536 -2.990752001199384 10.1
      vertex 15.52161159837816 -1.5452218672863485 10.1
    endloop
  endfacet
  facet normal 0 0 1
    outer loop
      vertex 15.635377287183536 -2.990752001199384 10.1
      vertex 15.752612192373514 -2.9792053708647788 10.1
      vertex 15.642473420812358 -1.5309169279224635 10.1
    endloop
  endfacet
  facet normal 0 0 1
    outer loop
      vertex 15.460852714426556 -1.5488050061731204 10.1
      vertex 15.517779447277206 -2.9976871087221686 10.1
      vertex 15.52161159837816 -1.5452218672863485 10.1
    endloop
  endfacet
  facet normal 0 0 1
    outer loop
      vertex 15.635377287183536 -2.990752001199384 10.1
      vertex 15.582182966059648 -1.5392561082801357 10.1
      vertex 15.52161159837816 -1.5452218672863485 10.1
    endloop
  endfacet
  facet normal 0 0 1
    outer loop
      vertex 15.635377287183536 -2.990752001199384 10.1
      vertex 15.642473420812358 -1.5309169279224635 10.1
      vertex 15.582182966059648 -1.5392561082801357 10.1
    endloop
  endfacet
  facet normal 0 0 1
    outer loop
      vertex 15.752612192373514 -2.9792053708647788 10.1
      vertex 15.869303395120692 -2.9630650217854133 10.1
      vertex 15.761840313976654 -1.5071733766163986 10.1
    endloop
  endfacet
  facet normal 0 0 1
    outer loop
      vertex 15.869303395120692 -2.9630650217854133 10.1
      vertex 15.985270966048386 -2.9423558412096913 10.1
      vertex 15.878976341281168 -1.474137600257488 10.1
    endloop
  endfacet
  facet normal 0 0 1
    outer loop
      vertex 15.752612192373514 -2.9792053708647788 10.1
      vertex 15.702389999125 -1.5202171846250072 10.1
      vertex 15.642473420812358 -1.5309169279224635 10.1
    endloop
  endfacet
  facet normal 0 0 1
    outer loop
      vertex 15.752612192373514 -2.9792053708647788 10.1
      vertex 15.761840313976654 -1.5071733766163986 10.1
      vertex 15.702389999125 -1.5202171846250072 10.1
    endloop
  endfacet
  facet normal 0 0 1
    outer loop
      vertex 15.869303395120692 -2.9630650217854133 10.1
      vertex 15.820732697290865 -1.4918056165031532 10.1
      vertex 15.761840313976654 -1.5071733766163986 10.1
    endloop
  endfacet
  facet normal 0 0 1
    outer loop
      vertex 15.869303395120692 -2.9630650217854133 10.1
      vertex 15.878976341281168 -1.474137600257488 10.1
      vertex 15.820732697290865 -1.4918056165031532 10.1
    endloop
  endfacet
  facet normal 0 0 1
    outer loop
      vertex 15.985270966048386 -2.9423558412096913 10.1
      vertex 16.100336091567716 -2.9171097611930294 10.1
      vertex 15.993159320165889 -1.4320132753924946 10.1
    endloop
  endfacet
  facet normal 0 0 1
    outer loop
      vertex 16.100336091567716 -2.9171097611930294 10.1
      vertex 16.214321349595224 -2.887365709360942 10.1
      vertex 16.103685274596298 -1.3810601124919704 10.1
    endloop
  endfacet
  facet normal 0 0 1
    outer loop
      vertex 16.214321349595224 -2.887365709360942 10.1
      vertex 16.327050983124842 -2.8531695488854605 10.1
      vertex 16.20987277530972 -1.321592254748843 10.1
    endloop
  endfacet
  facet normal 0 0 1
    outer loop
      vertex 16.327050983124842 -2.8531695488854605 10.1
      vertex 16.43835117123248 -2.8145740077674524 10.1
      vertex 16.311067141053332 -1.2539763412811686 10.1
    endloop
  endfacet
  facet normal 0 0 1
    outer loop
      vertex 15.985270966048386 -2.9423558412096913 10.1
      vertex 15.936481438470114 -1.4541965706798505 10.1
      vertex 15.878976341281168 -1.474137600257488 10.1
    endloop
  endfacet
  facet normal 0 0 1
    outer loop
      vertex 15.985270966048386 -2.9423558412096913 10.1
      vertex 15.993159320165889 -1.4320132753924946 10.1
      vertex 15.936481438470114 -1.4541965706798505 10.1
    endloop
  endfacet
  facet normal 0 0 1
    outer loop
      vertex 16.100336091567716 -2.9171097611930294 10.1
      vertex 16.048922593183015 -1.407621919428876 10.1
      vertex 15.993159320165889 -1.4320132753924946 10.1
    endloop
  endfacet
  facet normal 0 0 1
    outer loop
      vertex 16.100336091567716 -2.9171097611930294 10.1
      vertex 16.103685274596298 -1.3810601124919704 10.1
      vertex 16.048922593183015 -1.407621919428876 10.1
    endloop
  endfacet
  facet normal 0 0 1
    outer loop
      vertex 16.214321349595224 -2.887365709360942 10.1
      vertex 16.15736292432028 -1.3523688109628356 10.1
      vertex 16.103685274596298 -1.3810601124919704 10.1
    endloop
  endfacet
  facet normal 0 0 1
    outer loop
      vertex 16.214321349595224 -2.887365709360942 10.1
      vertex 16.20987277530972 -1.321592254748843 10.1
      vertex 16.15736292432028 -1.3523688109628356 10.1
    endloop
  endfacet
  facet normal 0 0 1
    outer loop
      vertex 16.327050983124842 -2.8531695488854605 10.1
      vertex 16.261133861180383 -1.2887778990689451 10.1
      vertex 16.20987277530972 -1.321592254748843 10.1
    endloop
  endfacet
  facet normal 0 0 1
    outer loop
      vertex 16.327050983124842 -2.8531695488854605 10.1
      vertex 16.311067141053332 -1.2539763412811686 10.1
      vertex 16.261133861180383 -1.2887778990689451 10.1
    endloop
  endfacet
  facet normal 0 0 1
    outer loop
      vertex 16.43835117123248 -2.8145740077674524 10.1
      vertex 16.54805029709527 -2.77163859753386 10.1
      vertex 16.45214115557606 -1.1381998896253127 10.1
    endloop
  endfacet
  facet normal 0 0 1
    outer loop
      vertex 16.54805029709527 -2.77163859753386 10.1
      vertex 16.655979212612284 -2.7244295214752436 10.1
      vertex 16.57862924668005 -1.0066444749117847 10.1
    endloop
  endfacet
  facet normal 0 0 1
    outer loop
      vertex 16.655979212612284 -2.7244295214752436 10.1
      vertex 16.761971499218642 -2.673019572565104 10.1
      vertex 16.688777899068945 -0.8611338611803834 10.1
    endloop
  endfacet
  facet normal 0 0 1
    outer loop
      vertex 16.761971499218642 -2.673019572565104 10.1
      vertex 16.865863724490865 -2.6174880212183913 10.1
      vertex 16.78106011249197 -0.7036852745962976 10.1
    endloop
  endfacet
  facet normal 0 0 1
    outer loop
      vertex 16.43835117123248 -2.8145740077674524 10.1
      vertex 16.359595621430245 -1.2172412428651547 10.1
      vertex 16.311067141053332 -1.2539763412811686 10.1
    endloop
  endfacet
  facet normal 0 0 1
    outer loop
      vertex 16.43835117123248 -2.8145740077674524 10.1
      vertex 16.406644474911786 -1.1786292466800479 10.1
      vertex 16.359595621430245 -1.2172412428651547 10.1
    endloop
  endfacet
  facet normal 0 0 1
    outer loop
      vertex 16.43835117123248 -2.8145740077674524 10.1
      vertex 16.45214115557606 -1.1381998896253127 10.1
      vertex 16.406644474911786 -1.1786292466800479 10.1
    endloop
  endfacet
  facet normal 0 0 1
    outer loop
      vertex 16.54805029709527 -2.77163859753386 10.1
      vertex 16.49601551083915 -1.0960155108391487 10.1
      vertex 16.45214115557606 -1.1381998896253127 10.1
    endloop
  endfacet
  facet normal 0 0 1
    outer loop
      vertex 16.54805029709527 -2.77163859753386 10.1
      vertex 16.538199889625314 -1.0521411555760598 10.1
      vertex 16.49601551083915 -1.0960155108391487 10.1
    endloop
  endfacet
  facet normal 0 0 1
    outer loop
      vertex 16.54805029709527 -2.77163859753386 10.1
      vertex 16.57862924668005 -1.0066444749117847 10.1
      vertex 16.538199889625314 -1.0521411555760598 10.1
    endloop
  endfacet
  facet normal 0 0 1
    outer loop
      vertex 16.655979212612284 -2.7244295214752436 10.1
      vertex 16.617241242865155 -0.9595956214302427 10.1
      vertex 16.57862924668005 -1.0066444749117847 10.1
    endloop
  endfacet
  facet normal 0 0 1
    outer loop
      vertex 16.655979212612284 -2.7244295214752436 10.1
      vertex 16.65397634128117 -0.9110671410533334 10.1
      vertex 16.617241242865155 -0.9595956214302427 10.1
    endloop
  endfacet
  facet normal 0 0 1
    outer loop
      vertex 16.655979212612284 -2.7244295214752436 10.1
      vertex 16.688777899068945 -0.8611338611803834 10.1
      vertex 16.65397634128117 -0.9110671410533334 10.1
    endloop
  endfacet
  facet normal 0 0 1
    outer loop
      vertex 16.761971499218642 -2.673019572565104 10.1
      vertex 16.721592254748842 -0.8098727753097207 10.1
      vertex 16.688777899068945 -0.8611338611803834 10.1
    endloop
  endfacet
  facet normal 0 0 1
    outer loop
      vertex 16.761971499218642 -2.673019572565104 10.1
      vertex 16.752368810962835 -0.7573629243202802 10.1
      vertex 16.721592254748842 -0.8098727753097207 10.1
    endloop
  endfacet
  facet normal 0 0 1
    outer loop
      vertex 16.761971499218642 -2.673019572565104 10.1
      vertex 16.78106011249197 -0.7036852745962976 10.1
      vertex 16.752368810962835 -0.7573629243202802 10.1
    endloop
  endfacet
  facet normal 0 0 1
    outer loop
      vertex 16.865863724490865 -2.6174880212183913 10.1
      vertex 16.967495694147846 -2.557920493062277 10.1
      vertex 16.9071733766164 -0.3618403139766534 10.1
    endloop
  endfacet
  facet normal 0 0 1
    outer loop
      vertex 16.865863724490865 -2.6174880212183913 10.1
      vertex 16.807621919428875 -0.6489225931830135 10.1
      vertex 16.78106011249197 -0.7036852745962976 10.1
    endloop
  endfacet
  facet normal 0 0 1
    outer loop
      vertex 16.865863724490865 -2.6174880212183913 10.1
      vertex 16.832013275392494 -0.5931593201658891 10.1
      vertex 16.807621919428875 -0.6489225931830135 10.1
    endloop
  endfacet
  facet normal 0 0 1
    outer loop
      vertex 16.865863724490865 -2.6174880212183913 10.1
      vertex 16.85419657067985 -0.5364814384701141 10.1
      vertex 16.832013275392494 -0.5931593201658891 10.1
    endloop
  endfacet
  facet normal 0 0 1
    outer loop
      vertex 16.865863724490865 -2.6174880212183913 10.1
      vertex 16.874137600257487 -0.47897634128116845 10.1
      vertex 16.85419657067985 -0.5364814384701141 10.1
    endloop
  endfacet
  facet normal 0 0 1
    outer loop
      vertex 16.865863724490865 -2.6174880212183913 10.1
      vertex 16.891805616503152 -0.4207326972908651 10.1
      vertex 16.874137600257487 -0.47897634128116845 10.1
    endloop
  endfacet
  facet normal 0 0 1
    outer loop
      vertex 16.865863724490865 -2.6174880212183913 10.1
      vertex 16.9071733766164 -0.3618403139766534 10.1
      vertex 16.891805616503152 -0.4207326972908651 10.1
    endloop
  endfacet
  facet normal 0 0 1
    outer loop
      vertex 16.967495694147846 -2.557920493062277 10.1
      vertex 16.920217184625006 -0.3023899991249988 10.1
      vertex 16.9071733766164 -0.3618403139766534 10.1
    endloop
  endfacet
  facet normal 0 0 1
    outer loop
      vertex 16.967495694147846 -2.557920493062277 10.1
      vertex 16.930916927922464 -0.24247342081235784 10.1
      vertex 16.920217184625006 -0.3023899991249988 10.1
    endloop
  endfacet
  facet normal 0 0 1
    outer loop
      vertex 16.967495694147846 -2.557920493062277 10.1
      vertex 16.939256108280137 -0.18218296605964834 10.1
      vertex 16.930916927922464 -0.24247342081235784 10.1
    endloop
  endfacet
  facet normal 0 0 1
    outer loop
      vertex 16.967495694147846 -2.557920493062277 10.1
      vertex 16.94522186728635 -0.12161159837815967 10.1
      vertex 16.939256108280137 -0.18218296605964834 10.1
    endloop
  endfacet
  facet normal 0 0 1
    outer loop
      vertex 16.967495694147846 -2.557920493062277 10.1
      vertex 16.94880500617312 -0.06085271442655635 10.1
      vertex 16.94522186728635 -0.12161159837815967 10.1
    endloop
  endfacet
  facet normal 0 0 1
    outer loop
      vertex 16.967495694147846 -2.557920493062277 10.1
      vertex 16.95 0 10.1
      vertex 16.94880500617312 -0.06085271442655635 10.1
    endloop
  endfacet
  facet normal 0 0 1
    outer loop
      vertex 16.967495694147846 -2.557920493062277 10.1
      vertex 17.066710699058806 -2.4944088369076356 10.1
      vertex 17.066710699058806 2.4944088369076356 10.1
    endloop
  endfacet
  facet normal 0 0 1
    outer loop
      vertex 17.066710699058806 -2.4944088369076356 10.1
      vertex 17.16335575687742 -2.4270509831248424 10.1
      vertex 17.16335575687742 2.4270509831248424 10.1
    endloop
  endfacet
  facet normal 0 0 1
    outer loop
      vertex 17.16335575687742 -2.4270509831248424 10.1
      vertex 17.2572818479295 -2.355950792642235 10.1
      vertex 17.2572818479295 2.355950792642235 10.1
    endloop
  endfacet
  facet normal 0.8819212643483476 0.4713967368260117 0
    outer loop
      vertex 12.726980427434896 -1.3619714992186405 10.1
      vertex 12.726980427434896 -1.3619714992186405 16
      vertex 12.78251197878161 -1.4658637244908648 10.1
    endloop
  endfacet
  facet normal 0.9448060464668786 0.3276301795616917 0
    outer loop
      vertex 12.54683045111454 -0.9270509831248421 10.1
      vertex 12.54683045111454 -0.9270509831248421 16
      vertex 12.585425992232548 -1.0383511712324789 10.1
    endloop
  endfacet
  facet normal 0.956940335732208 0.2902846772544654 1.6427938508810458e-19
    outer loop
      vertex 12.54683045111454 -0.9270509831248421 10.1
      vertex 12.512634290639058 -0.8143213495952228 10.1
      vertex 12.512634290639058 -0.8143213495952228 16
    endloop
  endfacet
  facet normal 0.96759909236026 0.2524915770151576 3.0918912983535915e-19
    outer loop
      vertex 12.512634290639058 -0.8143213495952228 10.1
      vertex 12.48289023880697 -0.7003360915677161 10.1
      vertex 12.48289023880697 -0.7003360915677161 16
    endloop
  endfacet
  facet normal 0.9161879571171373 0.40074883310313786 -6.141510346847293e-19
    outer loop
      vertex 12.675570478524756 -1.2559792126122842 10.1
      vertex 12.62836140246614 -1.1480502970952693 10.1
      vertex 12.62836140246614 -1.1480502970952693 16
    endloop
  endfacet
  facet normal 0.9312149347588015 0.3644704998791546 2.0864933481564354e-19
    outer loop
      vertex 12.62836140246614 -1.1480502970952693 10.1
      vertex 12.585425992232548 -1.0383511712324789 10.1
      vertex 12.585425992232548 -1.0383511712324789 16
    endloop
  endfacet
  facet normal 0.8997482840522248 0.43640924067333514 -1.0268897979328522e-19
    outer loop
      vertex 12.726980427434896 -1.3619714992186405 10.1
      vertex 12.675570478524756 -1.2559792126122842 10.1
      vertex 12.675570478524756 -1.2559792126122842 16
    endloop
  endfacet
  facet normal 0.9767658813208734 0.21430915306504614 1.6172061381906664e-19
    outer loop
      vertex 12.48289023880697 -0.7003360915677161 10.1
      vertex 12.457644158790309 -0.5852709660483848 10.1
      vertex 12.457644158790309 -0.5852709660483848 16
    endloop
  endfacet
  facet normal 0.984426568089892 0.17579627993435246 2.9542608152988447e-19
    outer loop
      vertex 12.457644158790309 -0.5852709660483848 10.1
      vertex 12.436934978214587 -0.46930339512069263 10.1
      vertex 12.436934978214587 -0.46930339512069263 16
    endloop
  endfacet
  facet normal 0.9905693404435766 0.13701234168197332 1.530772152981932e-19
    outer loop
      vertex 12.436934978214587 -0.46930339512069263 10.1
      vertex 12.420794629135221 -0.35261219237351293 10.1
      vertex 12.420794629135221 -0.35261219237351293 16
    endloop
  endfacet
  facet normal 0.9951847266721969 0.09801714032956037 3.7297318663746126e-20
    outer loop
      vertex 12.420794629135221 -0.35261219237351293 10.1
      vertex 12.409247998800616 -0.23537728718353484 10.1
      vertex 12.409247998800616 -0.23537728718353484 16
    endloop
  endfacet
  facet normal 0.9982656101847163 0.058870803651180977 1.6527881138017882e-20
    outer loop
      vertex 12.409247998800616 -0.23537728718353484 10.1
      vertex 12.402312891277832 -0.11777944727720582 10.1
      vertex 12.402312891277832 -0.11777944727720582 16
    endloop
  endfacet
  facet normal 0.7208535967029196 0.693087362545635 0
    outer loop
      vertex 13.197032471692943 -2.0364022365988252 10.1
      vertex 13.197032471692943 -2.0364022365988252 16
      vertex 13.278679656440357 -2.121320343559643 10.1
    endloop
  endfacet
  facet normal 0.8204014435255078 0.5717879602276207 0
    outer loop
      vertex 12.905591163092364 -1.6667106990588065 10.1
      vertex 12.905591163092364 -1.6667106990588065 16
      vertex 12.972949016875159 -1.7633557568774194 10.1
    endloop
  endfacet
  facet normal 0.7973206537727091 0.603555941953569 0
    outer loop
      vertex 12.972949016875159 -1.7633557568774194 10.1
      vertex 12.972949016875159 -1.7633557568774194 16
      vertex 13.044049207357766 -1.857281847929502 10.1
    endloop
  endfacet
  facet normal 0.8627343859777945 0.50565737337798 0
    outer loop
      vertex 12.78251197878161 -1.4658637244908648 10.1
      vertex 12.78251197878161 -1.4658637244908648 16
      vertex 12.842079506937724 -1.5674956941478464 10.1
    endloop
  endfacet
  facet normal 0.8422172337162903 0.5391383229109946 1.114925484901176e-19
    outer loop
      vertex 12.905591163092364 -1.6667106990588065 10.1
      vertex 12.842079506937724 -1.5674956941478464 10.1
      vertex 12.842079506937724 -1.5674956941478464 16
    endloop
  endfacet
  facet normal 0.7730104533627341 0.634393284163649 0
    outer loop
      vertex 13.044049207357766 -1.857281847929502 10.1
      vertex 13.044049207357766 -1.857281847929502 16
      vertex 13.118782103199909 -1.948344144990551 10.1
    endloop
  endfacet
  facet normal 0.747508326862606 0.6642524379112713 -1.2682590914831537e-19
    outer loop
      vertex 13.197032471692943 -2.0364022365988252 10.1
      vertex 13.118782103199909 -1.948344144990551 10.1
      vertex 13.118782103199909 -1.948344144990551 16
    endloop
  endfacet
  facet normal 0.6930873625456293 0.7208535967029251 0
    outer loop
      vertex 13.278679656440357 -2.121320343559643 10.1
      vertex 13.278679656440357 -2.121320343559643 16
      vertex 13.363597763401176 -2.202967528307057 10.1
    endloop
  endfacet
  facet normal 0.6642524379112844 0.7475083268625944 0
    outer loop
      vertex 13.363597763401176 -2.202967528307057 10.1
      vertex 13.363597763401176 -2.202967528307057 16
      vertex 13.451655855009449 -2.2812178968000927 10.1
    endloop
  endfacet
  facet normal 0.6035559419535768 0.797320653772703 0
    outer loop
      vertex 13.5427181520705 -2.355950792642235 10.1
      vertex 13.5427181520705 -2.355950792642235 16
      vertex 13.63664424312258 -2.4270509831248424 10.1
    endloop
  endfacet
  facet normal 0.5717879602276044 0.8204014435255191 0
    outer loop
      vertex 13.63664424312258 -2.4270509831248424 10.1
      vertex 13.63664424312258 -2.4270509831248424 16
      vertex 13.733289300941195 -2.4944088369076356 10.1
    endloop
  endfacet
  facet normal 0.6343932841636412 0.7730104533627404 0
    outer loop
      vertex 13.451655855009449 -2.2812178968000927 10.1
      vertex 13.451655855009449 -2.2812178968000927 16
      vertex 13.5427181520705 -2.355950792642235 10.1
    endloop
  endfacet
  facet normal 0.9998072404820647 0.01963369246063387 -1.0064886878629483e-21
    outer loop
      vertex 12.402312891277832 -0.11777944727720582 10.1
      vertex 12.4 0 13
      vertex 12.4 0 16
    endloop
  endfacet
  facet normal 0.4364092406733361 0.8997482840522244 0
    outer loop
      vertex 14.03802850078136 -2.673019572565104 10.1
      vertex 14.03802850078136 -2.673019572565104 16
      vertex 14.144020787387717 -2.7244295214752436 10.1
    endloop
  endfacet
  facet normal 0.40074883310314235 0.9161879571171354 0
    outer loop
      vertex 14.144020787387717 -2.7244295214752436 10.1
      vertex 14.144020787387717 -2.7244295214752436 16
      vertex 14.251949702904732 -2.77163859753386 10.1
    endloop
  endfacet
  facet normal 0.3644704998791539 0.9312149347588019 0
    outer loop
      vertex 14.251949702904732 -2.77163859753386 10.1
      vertex 14.251949702904732 -2.77163859753386 16
      vertex 14.361648828767521 -2.8145740077674524 10.1
    endloop
  endfacet
  facet normal 0.3276301795616888 0.9448060464668796 0
    outer loop
      vertex 14.361648828767521 -2.8145740077674524 10.1
      vertex 14.361648828767521 -2.8145740077674524 16
      vertex 14.472949016875159 -2.8531695488854605 10.1
    endloop
  endfacet
  facet normal 0.2902846772544685 0.956940335732207 0
    outer loop
      vertex 14.472949016875159 -2.8531695488854605 10.1
      vertex 14.472949016875159 -2.8531695488854605 16
      vertex 14.585678650404777 -2.887365709360942 10.1
    endloop
  endfacet
  facet normal 0.2524915770151509 0.9675990923602616 0
    outer loop
      vertex 14.585678650404777 -2.887365709360942 10.1
      vertex 14.585678650404777 -2.887365709360942 16
      vertex 14.699663908432285 -2.9171097611930294 10.1
    endloop
  endfacet
  facet normal 0.2143091530650565 0.9767658813208712 0
    outer loop
      vertex 14.699663908432285 -2.9171097611930294 10.1
      vertex 14.699663908432285 -2.9171097611930294 16
      vertex 14.814729033951615 -2.9423558412096913 10.1
    endloop
  endfacet
  facet normal 0.1757962799343535 0.9844265680898919 0
    outer loop
      vertex 14.814729033951615 -2.9423558412096913 10.1
      vertex 14.814729033951615 -2.9423558412096913 16
      vertex 14.930696604879309 -2.9630650217854133 10.1
    endloop
  endfacet
  facet normal 0.13701234168196733 0.9905693404435775 0
    outer loop
      vertex 14.930696604879309 -2.9630650217854133 10.1
      vertex 14.930696604879309 -2.9630650217854133 16
      vertex 15.047387807626487 -2.9792053708647788 10.1
    endloop
  endfacet
  facet normal 0.05887080365118834 0.998265610184716 0
    outer loop
      vertex 15.164622712816465 -2.990752001199384 10.1
      vertex 15.164622712816465 -2.990752001199384 16
      vertex 15.282220552722794 -2.9976871087221686 10.1
    endloop
  endfacet
  facet normal 0.0980171403295605 0.9951847266721969 -3.943448549555447e-21
    outer loop
      vertex 15.164622712816465 -2.990752001199384 10.1
      vertex 15.047387807626487 -2.9792053708647788 10.1
      vertex 15.047387807626487 -2.9792053708647788 16
    endloop
  endfacet
  facet normal 0.01963369246063007 0.9998072404820647 0
    outer loop
      vertex 15.282220552722794 -2.9976871087221686 10.1
      vertex 15.282220552722794 -2.9976871087221686 16
      vertex 15.4 -3 10.1
    endloop
  endfacet
  facet normal -0.01963369246063007 0.9998072404820647 0
    outer loop
      vertex 15.4 -3 10.1
      vertex 15.4 -3 16
      vertex 15.517779447277206 -2.9976871087221686 10.1
    endloop
  endfacet
  facet normal 0.5391383229110043 0.8422172337162839 0
    outer loop
      vertex 13.733289300941195 -2.4944088369076356 10.1
      vertex 13.733289300941195 -2.4944088369076356 16
      vertex 13.832504305852154 -2.557920493062277 10.1
    endloop
  endfacet
  facet normal 0.5056573733779828 0.8627343859777928 0
    outer loop
      vertex 13.832504305852154 -2.557920493062277 10.1
      vertex 13.832504305852154 -2.557920493062277 16
      vertex 13.934136275509136 -2.6174880212183913 10.1
    endloop
  endfacet
  facet normal 0.47139673682600075 0.8819212643483534 -3.602753327565788e-19
    outer loop
      vertex 14.03802850078136 -2.673019572565104 10.1
      vertex 13.934136275509136 -2.6174880212183913 10.1
      vertex 13.934136275509136 -2.6174880212183913 16
    endloop
  endfacet
  facet normal -0.05887080365118834 0.998265610184716 0
    outer loop
      vertex 15.517779447277206 -2.9976871087221686 10.1
      vertex 15.517779447277206 -2.9976871087221686 16
      vertex 15.635377287183536 -2.990752001199384 10.1
    endloop
  endfacet
  facet normal -0.0980171403295605 0.9951847266721969 0
    outer loop
      vertex 15.635377287183536 -2.990752001199384 10.1
      vertex 15.635377287183536 -2.990752001199384 16
      vertex 15.752612192373514 -2.9792053708647788 10.1
    endloop
  endfacet
  facet normal -0.13701234168196733 0.9905693404435775 0
    outer loop
      vertex 15.752612192373514 -2.9792053708647788 10.1
      vertex 15.752612192373514 -2.9792053708647788 16
      vertex 15.869303395120692 -2.9630650217854133 10.1
    endloop
  endfacet
  facet normal -0.1757962799343535 0.9844265680898919 0
    outer loop
      vertex 15.869303395120692 -2.9630650217854133 10.1
      vertex 15.869303395120692 -2.9630650217854133 16
      vertex 15.985270966048386 -2.9423558412096913 10.1
    endloop
  endfacet
  facet normal -0.2143091530650565 0.9767658813208712 0
    outer loop
      vertex 15.985270966048386 -2.9423558412096913 10.1
      vertex 15.985270966048386 -2.9423558412096913 16
      vertex 16.100336091567716 -2.9171097611930294 10.1
    endloop
  endfacet
  facet normal -0.2524915770151509 0.9675990923602616 0
    outer loop
      vertex 16.100336091567716 -2.9171097611930294 10.1
      vertex 16.100336091567716 -2.9171097611930294 16
      vertex 16.214321349595224 -2.887365709360942 10.1
    endloop
  endfacet
  facet normal -0.2902846772544685 0.956940335732207 0
    outer loop
      vertex 16.214321349595224 -2.887365709360942 10.1
      vertex 16.214321349595224 -2.887365709360942 16
      vertex 16.327050983124842 -2.8531695488854605 10.1
    endloop
  endfacet
  facet normal -0.3276301795616888 0.9448060464668796 0
    outer loop
      vertex 16.327050983124842 -2.8531695488854605 10.1
      vertex 16.327050983124842 -2.8531695488854605 16
      vertex 16.43835117123248 -2.8145740077674524 10.1
    endloop
  endfacet
  facet normal -0.3644704998791539 0.9312149347588019 0
    outer loop
      vertex 16.43835117123248 -2.8145740077674524 10.1
      vertex 16.43835117123248 -2.8145740077674524 16
      vertex 16.54805029709527 -2.77163859753386 10.1
    endloop
  endfacet
  facet normal -0.40074883310314235 0.9161879571171354 0
    outer loop
      vertex 16.54805029709527 -2.77163859753386 10.1
      vertex 16.54805029709527 -2.77163859753386 16
      vertex 16.655979212612284 -2.7244295214752436 10.1
    endloop
  endfacet
  facet normal -0.4364092406733301 0.8997482840522273 0
    outer loop
      vertex 16.655979212612284 -2.7244295214752436 10.1
      vertex 16.655979212612284 -2.7244295214752436 16
      vertex 16.761971499218642 -2.673019572565104 10.1
    endloop
  endfacet
  facet normal -0.47139673682600697 0.88192126434835 0
    outer loop
      vertex 16.761971499218642 -2.673019572565104 10.1
      vertex 16.761971499218642 -2.673019572565104 16
      vertex 16.865863724490865 -2.6174880212183913 10.1
    endloop
  endfacet
  facet normal -0.5056573733779828 0.8627343859777928 0
    outer loop
      vertex 16.865863724490865 -2.6174880212183913 10.1
      vertex 16.865863724490865 -2.6174880212183913 16
      vertex 16.967495694147846 -2.557920493062277 10.1
    endloop
  endfacet
  facet normal -0.5391383229110043 0.8422172337162839 0
    outer loop
      vertex 16.967495694147846 -2.557920493062277 10.1
      vertex 16.967495694147846 -2.557920493062277 16
      vertex 17.066710699058806 -2.4944088369076356 10.1
    endloop
  endfacet
  facet normal -0.5717879602276114 0.8204014435255143 0
    outer loop
      vertex 17.066710699058806 -2.4944088369076356 10.1
      vertex 17.066710699058806 -2.4944088369076356 16
      vertex 17.16335575687742 -2.4270509831248424 10.1
    endloop
  endfacet
  facet normal -0.6035559419535695 0.7973206537727087 0
    outer loop
      vertex 17.16335575687742 -2.4270509831248424 10.1
      vertex 17.16335575687742 -2.4270509831248424 16
      vertex 17.2572818479295 -2.355950792642235 10.1
    endloop
  endfacet
  facet normal 0.8997482840522248 0.43640924067333514 0
    outer loop
      vertex 12.726980427434896 -1.3619714992186405 10.1
      vertex 12.675570478524756 -1.2559792126122842 16
      vertex 12.726980427434896 -1.3619714992186405 16
    endloop
  endfacet
  facet normal 0.8819212643483476 0.4713967368260117 0
    outer loop
      vertex 12.78251197878161 -1.4658637244908648 10.1
      vertex 12.726980427434896 -1.3619714992186405 16
      vertex 12.78251197878161 -1.4658637244908648 16
    endloop
  endfacet
  facet normal 0.9448060464668786 0.3276301795616917 0
    outer loop
      vertex 12.585425992232548 -1.0383511712324789 10.1
      vertex 12.54683045111454 -0.9270509831248421 16
      vertex 12.585425992232548 -1.0383511712324789 16
    endloop
  endfacet
  facet normal 0.956940335732208 0.2902846772544654 0
    outer loop
      vertex 12.54683045111454 -0.9270509831248421 10.1
      vertex 12.512634290639058 -0.8143213495952228 16
      vertex 12.54683045111454 -0.9270509831248421 16
    endloop
  endfacet
  facet normal 0.96759909236026 0.2524915770151576 0
    outer loop
      vertex 12.512634290639058 -0.8143213495952228 10.1
      vertex 12.48289023880697 -0.7003360915677161 16
      vertex 12.512634290639058 -0.8143213495952228 16
    endloop
  endfacet
  facet normal 0.9161879571171373 0.40074883310313786 0
    outer loop
      vertex 12.675570478524756 -1.2559792126122842 10.1
      vertex 12.62836140246614 -1.1480502970952693 16
      vertex 12.675570478524756 -1.2559792126122842 16
    endloop
  endfacet
  facet normal 0.9312149347588015 0.3644704998791546 0
    outer loop
      vertex 12.62836140246614 -1.1480502970952693 10.1
      vertex 12.585425992232548 -1.0383511712324789 16
      vertex 12.62836140246614 -1.1480502970952693 16
    endloop
  endfacet
  facet normal 0.984426568089892 0.17579627993435246 0
    outer loop
      vertex 12.457644158790309 -0.5852709660483848 10.1
      vertex 12.436934978214587 -0.46930339512069263 16
      vertex 12.457644158790309 -0.5852709660483848 16
    endloop
  endfacet
  facet normal 0.9905693404435766 0.13701234168197332 0
    outer loop
      vertex 12.436934978214587 -0.46930339512069263 10.1
      vertex 12.420794629135221 -0.35261219237351293 16
      vertex 12.436934978214587 -0.46930339512069263 16
    endloop
  endfacet
  facet normal 0.9767658813208734 0.21430915306504614 0
    outer loop
      vertex 12.48289023880697 -0.7003360915677161 10.1
      vertex 12.457644158790309 -0.5852709660483848 16
      vertex 12.48289023880697 -0.7003360915677161 16
    endloop
  endfacet
  facet normal 0.9982656101847163 0.058870803651180977 0
    outer loop
      vertex 12.409247998800616 -0.23537728718353484 10.1
      vertex 12.402312891277832 -0.11777944727720582 16
      vertex 12.409247998800616 -0.23537728718353484 16
    endloop
  endfacet
  facet normal 0.9951847266721969 0.09801714032956037 0
    outer loop
      vertex 12.420794629135221 -0.35261219237351293 10.1
      vertex 12.409247998800616 -0.23537728718353484 16
      vertex 12.420794629135221 -0.35261219237351293 16
    endloop
  endfacet
  facet normal 0.9998072404820647 0.019633692460633876 0
    outer loop
      vertex 12.402312891277832 -0.11777944727720582 10.1
      vertex 12.4 0 16
      vertex 12.402312891277832 -0.11777944727720582 16
    endloop
  endfacet
  facet normal 0.747508326862606 0.6642524379112713 0
    outer loop
      vertex 13.197032471692943 -2.0364022365988252 10.1
      vertex 13.118782103199909 -1.948344144990551 16
      vertex 13.197032471692943 -2.0364022365988252 16
    endloop
  endfacet
  facet normal 0.7973206537727091 0.603555941953569 0
    outer loop
      vertex 13.044049207357766 -1.857281847929502 10.1
      vertex 12.972949016875159 -1.7633557568774194 16
      vertex 13.044049207357766 -1.857281847929502 16
    endloop
  endfacet
  facet normal 0.8204014435255078 0.5717879602276207 0
    outer loop
      vertex 12.972949016875159 -1.7633557568774194 10.1
      vertex 12.905591163092364 -1.6667106990588065 16
      vertex 12.972949016875159 -1.7633557568774194 16
    endloop
  endfacet
  facet normal 0.8627343859777945 0.50565737337798 0
    outer loop
      vertex 12.842079506937724 -1.5674956941478464 10.1
      vertex 12.78251197878161 -1.4658637244908648 16
      vertex 12.842079506937724 -1.5674956941478464 16
    endloop
  endfacet
  facet normal 0.8422172337162903 0.5391383229109946 0
    outer loop
      vertex 12.905591163092364 -1.6667106990588065 10.1
      vertex 12.842079506937724 -1.5674956941478464 16
      vertex 12.905591163092364 -1.6667106990588065 16
    endloop
  endfacet
  facet normal 0.7730104533627341 0.634393284163649 0
    outer loop
      vertex 13.118782103199909 -1.948344144990551 10.1
      vertex 13.044049207357766 -1.857281847929502 16
      vertex 13.118782103199909 -1.948344144990551 16
    endloop
  endfacet
  facet normal 0.6930873625456293 0.7208535967029251 0
    outer loop
      vertex 13.363597763401176 -2.202967528307057 10.1
      vertex 13.278679656440357 -2.121320343559643 16
      vertex 13.363597763401176 -2.202967528307057 16
    endloop
  endfacet
  facet normal 0.7208535967029196 0.693087362545635 0
    outer loop
      vertex 13.278679656440357 -2.121320343559643 10.1
      vertex 13.197032471692943 -2.0364022365988252 16
      vertex 13.278679656440357 -2.121320343559643 16
    endloop
  endfacet
  facet normal 0.6642524379112844 0.7475083268625944 0
    outer loop
      vertex 13.451655855009449 -2.2812178968000927 10.1
      vertex 13.363597763401176 -2.202967528307057 16
      vertex 13.451655855009449 -2.2812178968000927 16
    endloop
  endfacet
  facet normal 0.6343932841636412 0.7730104533627404 0
    outer loop
      vertex 13.5427181520705 -2.355950792642235 10.1
      vertex 13.451655855009449 -2.2812178968000927 16
      vertex 13.5427181520705 -2.355950792642235 16
    endloop
  endfacet
  facet normal 0.6035559419535768 0.797320653772703 0
    outer loop
      vertex 13.63664424312258 -2.4270509831248424 10.1
      vertex 13.5427181520705 -2.355950792642235 16
      vertex 13.63664424312258 -2.4270509831248424 16
    endloop
  endfacet
  facet normal 0.47139673682600075 0.8819212643483534 0
    outer loop
      vertex 14.03802850078136 -2.673019572565104 10.1
      vertex 13.934136275509136 -2.6174880212183913 16
      vertex 14.03802850078136 -2.673019572565104 16
    endloop
  endfacet
  facet normal 0.4364092406733361 0.8997482840522244 0
    outer loop
      vertex 14.144020787387717 -2.7244295214752436 10.1
      vertex 14.03802850078136 -2.673019572565104 16
      vertex 14.144020787387717 -2.7244295214752436 16
    endloop
  endfacet
  facet normal 0.40074883310314235 0.9161879571171354 0
    outer loop
      vertex 14.251949702904732 -2.77163859753386 10.1
      vertex 14.144020787387717 -2.7244295214752436 16
      vertex 14.251949702904732 -2.77163859753386 16
    endloop
  endfacet
  facet normal 0.3644704998791539 0.9312149347588019 0
    outer loop
      vertex 14.361648828767521 -2.8145740077674524 10.1
      vertex 14.251949702904732 -2.77163859753386 16
      vertex 14.361648828767521 -2.8145740077674524 16
    endloop
  endfacet
  facet normal 0.3276301795616888 0.9448060464668796 0
    outer loop
      vertex 14.472949016875159 -2.8531695488854605 10.1
      vertex 14.361648828767521 -2.8145740077674524 16
      vertex 14.472949016875159 -2.8531695488854605 16
    endloop
  endfacet
  facet normal 0.2902846772544685 0.956940335732207 0
    outer loop
      vertex 14.585678650404777 -2.887365709360942 10.1
      vertex 14.472949016875159 -2.8531695488854605 16
      vertex 14.585678650404777 -2.887365709360942 16
    endloop
  endfacet
  facet normal 0.2524915770151509 0.9675990923602616 0
    outer loop
      vertex 14.699663908432285 -2.9171097611930294 10.1
      vertex 14.585678650404777 -2.887365709360942 16
      vertex 14.699663908432285 -2.9171097611930294 16
    endloop
  endfacet
  facet normal 0.2143091530650565 0.9767658813208712 0
    outer loop
      vertex 14.814729033951615 -2.9423558412096913 10.1
      vertex 14.699663908432285 -2.9171097611930294 16
      vertex 14.814729033951615 -2.9423558412096913 16
    endloop
  endfacet
  facet normal 0.1757962799343535 0.9844265680898919 0
    outer loop
      vertex 14.930696604879309 -2.9630650217854133 10.1
      vertex 14.814729033951615 -2.9423558412096913 16
      vertex 14.930696604879309 -2.9630650217854133 16
    endloop
  endfacet
  facet normal 0.13701234168196733 0.9905693404435775 0
    outer loop
      vertex 15.047387807626487 -2.9792053708647788 10.1
      vertex 14.930696604879309 -2.9630650217854133 16
      vertex 15.047387807626487 -2.9792053708647788 16
    endloop
  endfacet
  facet normal 0.0980171403295605 0.9951847266721969 0
    outer loop
      vertex 15.164622712816465 -2.990752001199384 10.1
      vertex 15.047387807626487 -2.9792053708647788 16
      vertex 15.164622712816465 -2.990752001199384 16
    endloop
  endfacet
  facet normal 0.05887080365118834 0.998265610184716 0
    outer loop
      vertex 15.282220552722794 -2.9976871087221686 10.1
      vertex 15.164622712816465 -2.990752001199384 16
      vertex 15.282220552722794 -2.9976871087221686 16
    endloop
  endfacet
  facet normal 0.01963369246063007 0.9998072404820647 0
    outer loop
      vertex 15.4 -3 10.1
      vertex 15.282220552722794 -2.9976871087221686 16
      vertex 15.4 -3 16
    endloop
  endfacet
  facet normal 0.5391383229110043 0.8422172337162839 0
    outer loop
      vertex 13.832504305852154 -2.557920493062277 10.1
      vertex 13.733289300941195 -2.4944088369076356 16
      vertex 13.832504305852154 -2.557920493062277 16
    endloop
  endfacet
  facet normal 0.5717879602276044 0.8204014435255191 0
    outer loop
      vertex 13.733289300941195 -2.4944088369076356 10.1
      vertex 13.63664424312258 -2.4270509831248424 16
      vertex 13.733289300941195 -2.4944088369076356 16
    endloop
  endfacet
  facet normal 0.5056573733779828 0.8627343859777928 0
    outer loop
      vertex 13.934136275509136 -2.6174880212183913 10.1
      vertex 13.832504305852154 -2.557920493062277 16
      vertex 13.934136275509136 -2.6174880212183913 16
    endloop
  endfacet
  facet normal -0.01963369246063007 0.9998072404820647 0
    outer loop
      vertex 15.517779447277206 -2.9976871087221686 10.1
      vertex 15.4 -3 16
      vertex 15.517779447277206 -2.9976871087221686 16
    endloop
  endfacet
  facet normal -0.05887080365118834 0.998265610184716 0
    outer loop
      vertex 15.635377287183536 -2.990752001199384 10.1
      vertex 15.517779447277206 -2.9976871087221686 16
      vertex 15.635377287183536 -2.990752001199384 16
    endloop
  endfacet
  facet normal -0.0980171403295605 0.9951847266721969 0
    outer loop
      vertex 15.752612192373514 -2.9792053708647788 10.1
      vertex 15.635377287183536 -2.990752001199384 16
      vertex 15.752612192373514 -2.9792053708647788 16
    endloop
  endfacet
  facet normal -0.13701234168196733 0.9905693404435775 0
    outer loop
      vertex 15.869303395120692 -2.9630650217854133 10.1
      vertex 15.752612192373514 -2.9792053708647788 16
      vertex 15.869303395120692 -2.9630650217854133 16
    endloop
  endfacet
  facet normal -0.1757962799343535 0.9844265680898919 0
    outer loop
      vertex 15.985270966048386 -2.9423558412096913 10.1
      vertex 15.869303395120692 -2.9630650217854133 16
      vertex 15.985270966048386 -2.9423558412096913 16
    endloop
  endfacet
  facet normal -0.2143091530650565 0.9767658813208712 0
    outer loop
      vertex 16.100336091567716 -2.9171097611930294 10.1
      vertex 15.985270966048386 -2.9423558412096913 16
      vertex 16.100336091567716 -2.9171097611930294 16
    endloop
  endfacet
  facet normal -0.2524915770151509 0.9675990923602616 0
    outer loop
      vertex 16.214321349595224 -2.887365709360942 10.1
      vertex 16.100336091567716 -2.9171097611930294 16
      vertex 16.214321349595224 -2.887365709360942 16
    endloop
  endfacet
  facet normal -0.2902846772544685 0.956940335732207 0
    outer loop
      vertex 16.327050983124842 -2.8531695488854605 10.1
      vertex 16.214321349595224 -2.887365709360942 16
      vertex 16.327050983124842 -2.8531695488854605 16
    endloop
  endfacet
  facet normal -0.3276301795616888 0.9448060464668796 0
    outer loop
      vertex 16.43835117123248 -2.8145740077674524 10.1
      vertex 16.327050983124842 -2.8531695488854605 16
      vertex 16.43835117123248 -2.8145740077674524 16
    endloop
  endfacet
  facet normal -0.3644704998791539 0.9312149347588019 0
    outer loop
      vertex 16.54805029709527 -2.77163859753386 10.1
      vertex 16.43835117123248 -2.8145740077674524 16
      vertex 16.54805029709527 -2.77163859753386 16
    endloop
  endfacet
  facet normal -0.40074883310314235 0.9161879571171354 0
    outer loop
      vertex 16.655979212612284 -2.7244295214752436 10.1
      vertex 16.54805029709527 -2.77163859753386 16
      vertex 16.655979212612284 -2.7244295214752436 16
    endloop
  endfacet
  facet normal -0.4364092406733301 0.8997482840522273 0
    outer loop
      vertex 16.761971499218642 -2.673019572565104 10.1
      vertex 16.655979212612284 -2.7244295214752436 16
      vertex 16.761971499218642 -2.673019572565104 16
    endloop
  endfacet
  facet normal -0.47139673682600697 0.88192126434835 0
    outer loop
      vertex 16.865863724490865 -2.6174880212183913 10.1
      vertex 16.761971499218642 -2.673019572565104 16
      vertex 16.865863724490865 -2.6174880212183913 16
    endloop
  endfacet
  facet normal -0.5056573733779828 0.8627343859777928 0
    outer loop
      vertex 16.967495694147846 -2.557920493062277 10.1
      vertex 16.865863724490865 -2.6174880212183913 16
      vertex 16.967495694147846 -2.557920493062277 16
    endloop
  endfacet
  facet normal -0.5391383229110043 0.8422172337162839 0
    outer loop
      vertex 17.066710699058806 -2.4944088369076356 10.1
      vertex 16.967495694147846 -2.557920493062277 16
      vertex 17.066710699058806 -2.4944088369076356 16
    endloop
  endfacet
  facet normal -0.5717879602276114 0.8204014435255143 0
    outer loop
      vertex 17.16335575687742 -2.4270509831248424 10.1
      vertex 17.066710699058806 -2.4944088369076356 16
      vertex 17.16335575687742 -2.4270509831248424 16
    endloop
  endfacet
  facet normal -0.6035559419535695 0.7973206537727087 4.453028625979327e-19
    outer loop
      vertex 17.16335575687742 -2.4270509831248424 16
      vertex 17.2572818479295 -2.355950792642235 16
      vertex 17.2572818479295 -2.355950792642235 10.1
    endloop
  endfacet
  facet normal 0 0 1
    outer loop
      vertex 17.2572818479295 -2.355950792642235 10.1
      vertex 17.348344144990552 -2.2812178968000927 10.1
      vertex 17.348344144990552 2.2812178968000927 10.1
    endloop
  endfacet
  facet normal 0 0 1
    outer loop
      vertex 17.348344144990552 -2.2812178968000927 10.1
      vertex 17.436402236598827 -2.202967528307057 10.1
      vertex 17.436402236598827 2.202967528307057 10.1
    endloop
  endfacet
  facet normal 0 0 1
    outer loop
      vertex 17.436402236598827 -2.202967528307057 10.1
      vertex 17.521320343559644 -2.121320343559643 10.1
      vertex 17.521320343559644 2.121320343559643 10.1
    endloop
  endfacet
  facet normal 0 0 1
    outer loop
      vertex 17.521320343559644 -2.121320343559643 10.1
      vertex 17.602967528307058 -2.0364022365988252 10.1
      vertex 17.602967528307058 2.0364022365988252 10.1
    endloop
  endfacet
  facet normal 0 0 1
    outer loop
      vertex 17.602967528307058 -2.0364022365988252 10.1
      vertex 17.681217896800092 -1.948344144990551 10.1
      vertex 17.681217896800092 1.948344144990551 10.1
    endloop
  endfacet
  facet normal 0 0 1
    outer loop
      vertex 17.681217896800092 -1.948344144990551 10.1
      vertex 17.755950792642235 -1.857281847929502 10.1
      vertex 17.755950792642235 1.857281847929502 10.1
    endloop
  endfacet
  facet normal 0 0 1
    outer loop
      vertex 17.755950792642235 -1.857281847929502 10.1
      vertex 17.827050983124842 -1.7633557568774194 10.1
      vertex 17.827050983124842 1.7633557568774194 10.1
    endloop
  endfacet
  facet normal 0 0 1
    outer loop
      vertex 17.827050983124842 -1.7633557568774194 10.1
      vertex 17.894408836907637 -1.6667106990588065 10.1
      vertex 17.894408836907637 1.6667106990588065 10.1
    endloop
  endfacet
  facet normal 0 0 1
    outer loop
      vertex 17.894408836907637 -1.6667106990588065 10.1
      vertex 17.95792049306228 -1.5674956941478464 10.1
      vertex 17.95792049306228 1.5674956941478464 10.1
    endloop
  endfacet
  facet normal 0 0 1
    outer loop
      vertex 17.95792049306228 -1.5674956941478464 10.1
      vertex 18.01748802121839 -1.4658637244908648 10.1
      vertex 18.01748802121839 1.4658637244908648 10.1
    endloop
  endfacet
  facet normal 0 0 1
    outer loop
      vertex 18.01748802121839 -1.4658637244908648 10.1
      vertex 18.073019572565105 -1.3619714992186405 10.1
      vertex 18.073019572565105 1.3619714992186405 10.1
    endloop
  endfacet
  facet normal 0 0 1
    outer loop
      vertex 18.073019572565105 -1.3619714992186405 10.1
      vertex 18.124429521475243 -1.2559792126122842 10.1
      vertex 18.124429521475243 1.2559792126122842 10.1
    endloop
  endfacet
  facet normal 0 0 1
    outer loop
      vertex 18.124429521475243 -1.2559792126122842 10.1
      vertex 18.17163859753386 -1.1480502970952693 10.1
      vertex 18.17163859753386 1.1480502970952693 10.1
    endloop
  endfacet
  facet normal 0 0 1
    outer loop
      vertex 18.17163859753386 -1.1480502970952693 10.1
      vertex 18.214574007767453 -1.0383511712324789 10.1
      vertex 18.214574007767453 1.0383511712324789 10.1
    endloop
  endfacet
  facet normal 0 0 1
    outer loop
      vertex 18.214574007767453 -1.0383511712324789 10.1
      vertex 18.25316954888546 -0.9270509831248421 10.1
      vertex 18.25316954888546 0.9270509831248421 10.1
    endloop
  endfacet
  facet normal 0 0 1
    outer loop
      vertex 18.25316954888546 -0.9270509831248421 10.1
      vertex 18.28736570936094 -0.8143213495952228 10.1
      vertex 18.28736570936094 0.8143213495952228 10.1
    endloop
  endfacet
  facet normal 0 0 1
    outer loop
      vertex 18.28736570936094 -0.8143213495952228 10.1
      vertex 18.31710976119303 -0.7003360915677161 10.1
      vertex 18.31710976119303 0.7003360915677161 10.1
    endloop
  endfacet
  facet normal 0 0 1
    outer loop
      vertex 18.31710976119303 -0.7003360915677161 10.1
      vertex 18.34235584120969 -0.5852709660483848 10.1
      vertex 18.34235584120969 0.5852709660483848 10.1
    endloop
  endfacet
  facet normal 0 0 1
    outer loop
      vertex 18.34235584120969 -0.5852709660483848 10.1
      vertex 18.363065021785413 -0.46930339512069263 10.1
      vertex 18.363065021785413 0.46930339512069263 10.1
    endloop
  endfacet
  facet normal 0 0 1
    outer loop
      vertex 18.363065021785413 -0.46930339512069263 10.1
      vertex 18.379205370864778 -0.35261219237351293 10.1
      vertex 18.379205370864778 0.35261219237351293 10.1
    endloop
  endfacet
  facet normal 0 0 1
    outer loop
      vertex 18.379205370864778 -0.35261219237351293 10.1
      vertex 18.390752001199385 -0.23537728718353484 10.1
      vertex 18.390752001199385 0.23537728718353484 10.1
    endloop
  endfacet
  facet normal 0 0 1
    outer loop
      vertex 18.390752001199385 -0.23537728718353484 10.1
      vertex 18.39768710872217 -0.11777944727720582 10.1
      vertex 18.39768710872217 0.11777944727720582 10.1
    endloop
  endfacet
  facet normal -0.6343932841636412 0.7730104533627404 0
    outer loop
      vertex 17.2572818479295 -2.355950792642235 10.1
      vertex 17.2572818479295 -2.355950792642235 16
      vertex 17.348344144990552 -2.2812178968000927 10.1
    endloop
  endfacet
  facet normal -0.664252437911277 0.747508326862601 0
    outer loop
      vertex 17.348344144990552 -2.2812178968000927 10.1
      vertex 17.348344144990552 -2.2812178968000927 16
      vertex 17.436402236598827 -2.202967528307057 10.1
    endloop
  endfacet
  facet normal -0.6930873625456369 0.7208535967029178 0
    outer loop
      vertex 17.436402236598827 -2.202967528307057 10.1
      vertex 17.436402236598827 -2.202967528307057 16
      vertex 17.521320343559644 -2.121320343559643 10.1
    endloop
  endfacet
  facet normal -0.7208535967029196 0.693087362545635 0
    outer loop
      vertex 17.521320343559644 -2.121320343559643 10.1
      vertex 17.521320343559644 -2.121320343559643 16
      vertex 17.602967528307058 -2.0364022365988252 10.1
    endloop
  endfacet
  facet normal -0.747508326862606 0.6642524379112713 0
    outer loop
      vertex 17.602967528307058 -2.0364022365988252 10.1
      vertex 17.602967528307058 -2.0364022365988252 16
      vertex 17.681217896800092 -1.948344144990551 10.1
    endloop
  endfacet
  facet normal -0.7730104533627341 0.634393284163649 0
    outer loop
      vertex 17.681217896800092 -1.948344144990551 10.1
      vertex 17.681217896800092 -1.948344144990551 16
      vertex 17.755950792642235 -1.857281847929502 10.1
    endloop
  endfacet
  facet normal -0.7973206537727091 0.603555941953569 0
    outer loop
      vertex 17.755950792642235 -1.857281847929502 10.1
      vertex 17.755950792642235 -1.857281847929502 16
      vertex 17.827050983124842 -1.7633557568774194 10.1
    endloop
  endfacet
  facet normal -0.8204014435255078 0.5717879602276207 0
    outer loop
      vertex 17.827050983124842 -1.7633557568774194 10.1
      vertex 17.827050983124842 -1.7633557568774194 16
      vertex 17.894408836907637 -1.6667106990588065 10.1
    endloop
  endfacet
  facet normal -0.8422172337162833 0.5391383229110053 0
    outer loop
      vertex 17.894408836907637 -1.6667106990588065 10.1
      vertex 17.894408836907637 -1.6667106990588065 16
      vertex 17.95792049306228 -1.5674956941478464 10.1
    endloop
  endfacet
  facet normal -0.862734385977801 0.5056573733779688 0
    outer loop
      vertex 17.95792049306228 -1.5674956941478464 10.1
      vertex 17.95792049306228 -1.5674956941478464 16
      vertex 18.01748802121839 -1.4658637244908648 10.1
    endloop
  endfacet
  facet normal -0.8819212643483476 0.4713967368260117 0
    outer loop
      vertex 18.01748802121839 -1.4658637244908648 10.1
      vertex 18.01748802121839 -1.4658637244908648 16
      vertex 18.073019572565105 -1.3619714992186405 10.1
    endloop
  endfacet
  facet normal -0.8997482840522307 0.436409240673323 0
    outer loop
      vertex 18.073019572565105 -1.3619714992186405 10.1
      vertex 18.073019572565105 -1.3619714992186405 16
      vertex 18.124429521475243 -1.2559792126122842 10.1
    endloop
  endfacet
  facet normal -0.9161879571171317 0.4007488331031505 0
    outer loop
      vertex 18.124429521475243 -1.2559792126122842 10.1
      vertex 18.124429521475243 -1.2559792126122842 16
      vertex 18.17163859753386 -1.1480502970952693 10.1
    endloop
  endfacet
  facet normal -0.9312149347588015 0.3644704998791546 0
    outer loop
      vertex 18.17163859753386 -1.1480502970952693 10.1
      vertex 18.17163859753386 -1.1480502970952693 16
      vertex 18.214574007767453 -1.0383511712324789 10.1
    endloop
  endfacet
  facet normal -0.9448060464668833 0.3276301795616783 0
    outer loop
      vertex 18.214574007767453 -1.0383511712324789 10.1
      vertex 18.214574007767453 -1.0383511712324789 16
      vertex 18.25316954888546 -0.9270509831248421 10.1
    endloop
  endfacet
  facet normal -0.956940335732208 0.2902846772544654 0
    outer loop
      vertex 18.25316954888546 -0.9270509831248421 10.1
      vertex 18.25316954888546 -0.9270509831248421 16
      vertex 18.28736570936094 -0.8143213495952228 10.1
    endloop
  endfacet
  facet normal -0.9675990923602562 0.2524915770151718 0
    outer loop
      vertex 18.28736570936094 -0.8143213495952228 10.1
      vertex 18.28736570936094 -0.8143213495952228 16
      vertex 18.31710976119303 -0.7003360915677161 10.1
    endloop
  endfacet
  facet normal -0.9767658813208734 0.21430915306504614 0
    outer loop
      vertex 18.31710976119303 -0.7003360915677161 10.1
      vertex 18.31710976119303 -0.7003360915677161 16
      vertex 18.34235584120969 -0.5852709660483848 10.1
    endloop
  endfacet
  facet normal -0.984426568089892 0.17579627993435246 0
    outer loop
      vertex 18.34235584120969 -0.5852709660483848 10.1
      vertex 18.34235584120969 -0.5852709660483848 16
      vertex 18.363065021785413 -0.46930339512069263 10.1
    endloop
  endfacet
  facet normal -0.9905693404435787 0.13701234168195853 0
    outer loop
      vertex 18.363065021785413 -0.46930339512069263 10.1
      vertex 18.363065021785413 -0.46930339512069263 16
      vertex 18.379205370864778 -0.35261219237351293 10.1
    endloop
  endfacet
  facet normal -0.9951847266721955 0.0980171403295753 0
    outer loop
      vertex 18.379205370864778 -0.35261219237351293 10.1
      vertex 18.379205370864778 -0.35261219237351293 16
      vertex 18.390752001199385 -0.23537728718353484 10.1
    endloop
  endfacet
  facet normal -0.9982656101847155 0.058870803651196 0
    outer loop
      vertex 18.390752001199385 -0.23537728718353484 10.1
      vertex 18.390752001199385 -0.23537728718353484 16
      vertex 18.39768710872217 -0.11777944727720582 10.1
    endloop
  endfacet
  facet normal -0.9998072404820654 0.01963369246060373 0
    outer loop
      vertex 18.39768710872217 -0.11777944727720582 10.1
      vertex 18.39768710872217 -0.11777944727720582 16
      vertex 18.4 0 10.1
    endloop
  endfacet
  facet normal -0.9998072404820653 0.01963369246060373 3.3752520883332337e-20
    outer loop
      vertex 18.39768710872217 -0.11777944727720582 16
      vertex 18.4 0 13
      vertex 18.4 0 10.1
    endloop
  endfacet
  facet normal -0.6343932841636412 0.7730104533627404 0
    outer loop
      vertex 17.348344144990552 -2.2812178968000927 10.1
      vertex 17.2572818479295 -2.355950792642235 16
      vertex 17.348344144990552 -2.2812178968000927 16
    endloop
  endfacet
  facet normal -0.664252437911277 0.747508326862601 0
    outer loop
      vertex 17.436402236598827 -2.202967528307057 10.1
      vertex 17.348344144990552 -2.2812178968000927 16
      vertex 17.436402236598827 -2.202967528307057 16
    endloop
  endfacet
  facet normal -0.6930873625456369 0.7208535967029178 0
    outer loop
      vertex 17.521320343559644 -2.121320343559643 10.1
      vertex 17.436402236598827 -2.202967528307057 16
      vertex 17.521320343559644 -2.121320343559643 16
    endloop
  endfacet
  facet normal -0.7208535967029196 0.693087362545635 0
    outer loop
      vertex 17.602967528307058 -2.0364022365988252 10.1
      vertex 17.521320343559644 -2.121320343559643 16
      vertex 17.602967528307058 -2.0364022365988252 16
    endloop
  endfacet
  facet normal -0.747508326862606 0.6642524379112713 0
    outer loop
      vertex 17.681217896800092 -1.948344144990551 10.1
      vertex 17.602967528307058 -2.0364022365988252 16
      vertex 17.681217896800092 -1.948344144990551 16
    endloop
  endfacet
  facet normal -0.7730104533627341 0.634393284163649 0
    outer loop
      vertex 17.755950792642235 -1.857281847929502 10.1
      vertex 17.681217896800092 -1.948344144990551 16
      vertex 17.755950792642235 -1.857281847929502 16
    endloop
  endfacet
  facet normal -0.7973206537727091 0.603555941953569 0
    outer loop
      vertex 17.827050983124842 -1.7633557568774194 10.1
      vertex 17.755950792642235 -1.857281847929502 16
      vertex 17.827050983124842 -1.7633557568774194 16
    endloop
  endfacet
  facet normal -0.8204014435255078 0.5717879602276207 0
    outer loop
      vertex 17.894408836907637 -1.6667106990588065 10.1
      vertex 17.827050983124842 -1.7633557568774194 16
      vertex 17.894408836907637 -1.6667106990588065 16
    endloop
  endfacet
  facet normal -0.8422172337162833 0.5391383229110053 0
    outer loop
      vertex 17.95792049306228 -1.5674956941478464 10.1
      vertex 17.894408836907637 -1.6667106990588065 16
      vertex 17.95792049306228 -1.5674956941478464 16
    endloop
  endfacet
  facet normal -0.862734385977801 0.5056573733779688 0
    outer loop
      vertex 18.01748802121839 -1.4658637244908648 10.1
      vertex 17.95792049306228 -1.5674956941478464 16
      vertex 18.01748802121839 -1.4658637244908648 16
    endloop
  endfacet
  facet normal -0.8819212643483476 0.4713967368260117 0
    outer loop
      vertex 18.073019572565105 -1.3619714992186405 10.1
      vertex 18.01748802121839 -1.4658637244908648 16
      vertex 18.073019572565105 -1.3619714992186405 16
    endloop
  endfacet
  facet normal -0.8997482840522307 0.436409240673323 0
    outer loop
      vertex 18.124429521475243 -1.2559792126122842 10.1
      vertex 18.073019572565105 -1.3619714992186405 16
      vertex 18.124429521475243 -1.2559792126122842 16
    endloop
  endfacet
  facet normal -0.9161879571171317 0.4007488331031505 0
    outer loop
      vertex 18.17163859753386 -1.1480502970952693 10.1
      vertex 18.124429521475243 -1.2559792126122842 16
      vertex 18.17163859753386 -1.1480502970952693 16
    endloop
  endfacet
  facet normal -0.9312149347588015 0.3644704998791546 0
    outer loop
      vertex 18.214574007767453 -1.0383511712324789 10.1
      vertex 18.17163859753386 -1.1480502970952693 16
      vertex 18.214574007767453 -1.0383511712324789 16
    endloop
  endfacet
  facet normal -0.9448060464668833 0.3276301795616783 0
    outer loop
      vertex 18.25316954888546 -0.9270509831248421 10.1
      vertex 18.214574007767453 -1.0383511712324789 16
      vertex 18.25316954888546 -0.9270509831248421 16
    endloop
  endfacet
  facet normal -0.956940335732208 0.2902846772544654 0
    outer loop
      vertex 18.28736570936094 -0.8143213495952228 10.1
      vertex 18.25316954888546 -0.9270509831248421 16
      vertex 18.28736570936094 -0.8143213495952228 16
    endloop
  endfacet
  facet normal -0.9675990923602562 0.2524915770151718 0
    outer loop
      vertex 18.31710976119303 -0.7003360915677161 10.1
      vertex 18.28736570936094 -0.8143213495952228 16
      vertex 18.31710976119303 -0.7003360915677161 16
    endloop
  endfacet
  facet normal -0.9767658813208734 0.21430915306504614 0
    outer loop
      vertex 18.34235584120969 -0.5852709660483848 10.1
      vertex 18.31710976119303 -0.7003360915677161 16
      vertex 18.34235584120969 -0.5852709660483848 16
    endloop
  endfacet
  facet normal -0.984426568089892 0.17579627993435246 0
    outer loop
      vertex 18.363065021785413 -0.46930339512069263 10.1
      vertex 18.34235584120969 -0.5852709660483848 16
      vertex 18.363065021785413 -0.46930339512069263 16
    endloop
  endfacet
  facet normal -0.9905693404435787 0.13701234168195853 0
    outer loop
      vertex 18.379205370864778 -0.35261219237351293 10.1
      vertex 18.363065021785413 -0.46930339512069263 16
      vertex 18.379205370864778 -0.35261219237351293 16
    endloop
  endfacet
  facet normal -0.9951847266721955 0.0980171403295753 0
    outer loop
      vertex 18.390752001199385 -0.23537728718353484 10.1
      vertex 18.379205370864778 -0.35261219237351293 16
      vertex 18.390752001199385 -0.23537728718353484 16
    endloop
  endfacet
  facet normal -0.9982656101847155 0.058870803651196 0
    outer loop
      vertex 18.39768710872217 -0.11777944727720582 10.1
      vertex 18.390752001199385 -0.23537728718353484 16
      vertex 18.39768710872217 -0.11777944727720582 16
    endloop
  endfacet
  facet normal -0.9998072404820654 0.019633692460603723 3.262743685388792e-20
    outer loop
      vertex 18.39768710872217 -0.11777944727720582 16
      vertex 18.4 0 16
      vertex 18.4 0 13
    endloop
  endfacet
  facet normal 0 0 1
    outer loop
      vertex 12.402312891277832 -0.11777944727720582 10.1
      vertex 12.402312891277832 0.11777944727720582 10.1
      vertex 12.4 0 10.1
    endloop
  endfacet
  facet normal 0 0 1
    outer loop
      vertex 12.402312891277832 -0.11777944727720582 10.1
      vertex 12.409247998800616 0.23537728718353484 10.1
      vertex 12.402312891277832 0.11777944727720582 10.1
    endloop
  endfacet
  facet normal 0 0 1
    outer loop
      vertex 12.409247998800616 -0.23537728718353484 10.1
      vertex 12.420794629135221 0.35261219237351293 10.1
      vertex 12.409247998800616 0.23537728718353484 10.1
    endloop
  endfacet
  facet normal 0 0 1
    outer loop
      vertex 12.420794629135221 -0.35261219237351293 10.1
      vertex 12.436934978214587 0.46930339512069263 10.1
      vertex 12.420794629135221 0.35261219237351293 10.1
    endloop
  endfacet
  facet normal 0 0 1
    outer loop
      vertex 12.436934978214587 -0.46930339512069263 10.1
      vertex 12.457644158790309 0.5852709660483848 10.1
      vertex 12.436934978214587 0.46930339512069263 10.1
    endloop
  endfacet
  facet normal 0 0 1
    outer loop
      vertex 12.457644158790309 -0.5852709660483848 10.1
      vertex 12.48289023880697 0.7003360915677161 10.1
      vertex 12.457644158790309 0.5852709660483848 10.1
    endloop
  endfacet
  facet normal 0 0 1
    outer loop
      vertex 12.48289023880697 -0.7003360915677161 10.1
      vertex 12.512634290639058 0.8143213495952228 10.1
      vertex 12.48289023880697 0.7003360915677161 10.1
    endloop
  endfacet
  facet normal 0 0 1
    outer loop
      vertex 12.512634290639058 -0.8143213495952228 10.1
      vertex 12.54683045111454 0.9270509831248421 10.1
      vertex 12.512634290639058 0.8143213495952228 10.1
    endloop
  endfacet
  facet normal 0 0 1
    outer loop
      vertex 12.54683045111454 -0.9270509831248421 10.1
      vertex 12.585425992232548 1.0383511712324789 10.1
      vertex 12.54683045111454 0.9270509831248421 10.1
    endloop
  endfacet
  facet normal 0 0 1
    outer loop
      vertex 12.585425992232548 -1.0383511712324789 10.1
      vertex 12.62836140246614 1.1480502970952693 10.1
      vertex 12.585425992232548 1.0383511712324789 10.1
    endloop
  endfacet
  facet normal 0 0 1
    outer loop
      vertex 12.62836140246614 -1.1480502970952693 10.1
      vertex 12.675570478524756 1.2559792126122842 10.1
      vertex 12.62836140246614 1.1480502970952693 10.1
    endloop
  endfacet
  facet normal 0 0 1
    outer loop
      vertex 12.675570478524756 -1.2559792126122842 10.1
      vertex 12.726980427434896 1.3619714992186405 10.1
      vertex 12.675570478524756 1.2559792126122842 10.1
    endloop
  endfacet
  facet normal 0 0 1
    outer loop
      vertex 12.726980427434896 -1.3619714992186405 10.1
      vertex 12.78251197878161 1.4658637244908648 10.1
      vertex 12.726980427434896 1.3619714992186405 10.1
    endloop
  endfacet
  facet normal 0 0 1
    outer loop
      vertex 12.78251197878161 -1.4658637244908648 10.1
      vertex 12.842079506937724 1.5674956941478464 10.1
      vertex 12.78251197878161 1.4658637244908648 10.1
    endloop
  endfacet
  facet normal 0 0 1
    outer loop
      vertex 12.842079506937724 -1.5674956941478464 10.1
      vertex 12.905591163092364 1.6667106990588065 10.1
      vertex 12.842079506937724 1.5674956941478464 10.1
    endloop
  endfacet
  facet normal 0 0 1
    outer loop
      vertex 12.905591163092364 -1.6667106990588065 10.1
      vertex 12.972949016875159 1.7633557568774194 10.1
      vertex 12.905591163092364 1.6667106990588065 10.1
    endloop
  endfacet
  facet normal 0 0 1
    outer loop
      vertex 12.972949016875159 -1.7633557568774194 10.1
      vertex 13.044049207357766 1.857281847929502 10.1
      vertex 12.972949016875159 1.7633557568774194 10.1
    endloop
  endfacet
  facet normal 0 0 1
    outer loop
      vertex 13.044049207357766 -1.857281847929502 10.1
      vertex 13.118782103199909 1.948344144990551 10.1
      vertex 13.044049207357766 1.857281847929502 10.1
    endloop
  endfacet
  facet normal 0 0 1
    outer loop
      vertex 13.118782103199909 -1.948344144990551 10.1
      vertex 13.197032471692943 2.0364022365988252 10.1
      vertex 13.118782103199909 1.948344144990551 10.1
    endloop
  endfacet
  facet normal 0 0 1
    outer loop
      vertex 13.197032471692943 -2.0364022365988252 10.1
      vertex 13.278679656440357 2.121320343559643 10.1
      vertex 13.197032471692943 2.0364022365988252 10.1
    endloop
  endfacet
  facet normal 0 0 1
    outer loop
      vertex 13.278679656440357 -2.121320343559643 10.1
      vertex 13.363597763401176 2.202967528307057 10.1
      vertex 13.278679656440357 2.121320343559643 10.1
    endloop
  endfacet
  facet normal 0 0 1
    outer loop
      vertex 13.363597763401176 -2.202967528307057 10.1
      vertex 13.451655855009449 2.2812178968000927 10.1
      vertex 13.363597763401176 2.202967528307057 10.1
    endloop
  endfacet
  facet normal 0 0 1
    outer loop
      vertex 13.451655855009449 -2.2812178968000927 10.1
      vertex 13.5427181520705 2.355950792642235 10.1
      vertex 13.451655855009449 2.2812178968000927 10.1
    endloop
  endfacet
  facet normal 0 0 1
    outer loop
      vertex 13.5427181520705 -2.355950792642235 10.1
      vertex 13.63664424312258 2.4270509831248424 10.1
      vertex 13.5427181520705 2.355950792642235 10.1
    endloop
  endfacet
  facet normal 0 0 1
    outer loop
      vertex 13.63664424312258 -2.4270509831248424 10.1
      vertex 13.733289300941195 2.4944088369076356 10.1
      vertex 13.63664424312258 2.4270509831248424 10.1
    endloop
  endfacet
  facet normal 0.9998072404820648 -0.019633692460633876 0
    outer loop
      vertex 12.4 0 10.1
      vertex 12.402312891277832 0.11777944727720582 10.1
      vertex 12.4 0 13
    endloop
  endfacet
  facet normal 0.9982656101847164 -0.05887080365118097 0
    outer loop
      vertex 12.402312891277832 0.11777944727720582 10.1
      vertex 12.409247998800616 0.23537728718353484 10.1
      vertex 12.402312891277832 0.11777944727720582 13
    endloop
  endfacet
  facet normal 0.9951847266721968 -0.09801714032956035 0
    outer loop
      vertex 12.409247998800616 0.23537728718353484 10.1
      vertex 12.420794629135221 0.35261219237351293 10.1
      vertex 12.409247998800616 0.23537728718353484 13
    endloop
  endfacet
  facet normal 0.9905693404435765 -0.13701234168197332 0
    outer loop
      vertex 12.420794629135221 0.35261219237351293 10.1
      vertex 12.436934978214587 0.46930339512069263 10.1
      vertex 12.420794629135221 0.35261219237351293 13
    endloop
  endfacet
  facet normal 0.984426568089892 -0.17579627993435246 0
    outer loop
      vertex 12.436934978214587 0.46930339512069263 10.1
      vertex 12.457644158790309 0.5852709660483848 10.1
      vertex 12.436934978214587 0.46930339512069263 13
    endloop
  endfacet
  facet normal 0.9767658813208734 -0.21430915306504614 0
    outer loop
      vertex 12.457644158790309 0.5852709660483848 10.1
      vertex 12.48289023880697 0.7003360915677161 10.1
      vertex 12.457644158790309 0.5852709660483848 13
    endloop
  endfacet
  facet normal 0.9675990923602599 -0.2524915770151577 0
    outer loop
      vertex 12.48289023880697 0.7003360915677161 10.1
      vertex 12.512634290639058 0.8143213495952228 10.1
      vertex 12.48289023880697 0.7003360915677161 13
    endloop
  endfacet
  facet normal 0.9569403357322079 -0.2902846772544654 0
    outer loop
      vertex 12.512634290639058 0.8143213495952228 10.1
      vertex 12.54683045111454 0.9270509831248421 10.1
      vertex 12.512634290639058 0.8143213495952228 13
    endloop
  endfacet
  facet normal 0.9448060464668786 -0.32763017956169177 0
    outer loop
      vertex 12.54683045111454 0.9270509831248421 10.1
      vertex 12.585425992232548 1.0383511712324789 10.1
      vertex 12.54683045111454 0.9270509831248421 13
    endloop
  endfacet
  facet normal 0.9312149347588017 -0.36447049987915464 0
    outer loop
      vertex 12.585425992232548 1.0383511712324789 10.1
      vertex 12.62836140246614 1.1480502970952693 10.1
      vertex 12.585425992232548 1.0383511712324789 13
    endloop
  endfacet
  facet normal 0.9161879571171373 -0.4007488331031378 0
    outer loop
      vertex 12.62836140246614 1.1480502970952693 10.1
      vertex 12.675570478524756 1.2559792126122842 10.1
      vertex 12.62836140246614 1.1480502970952693 13
    endloop
  endfacet
  facet normal 0.8997482840522248 -0.43640924067333525 0
    outer loop
      vertex 12.675570478524756 1.2559792126122842 10.1
      vertex 12.726980427434896 1.3619714992186405 10.1
      vertex 12.675570478524756 1.2559792126122842 13
    endloop
  endfacet
  facet normal 0.8819212643483475 -0.47139673682601163 0
    outer loop
      vertex 12.726980427434896 1.3619714992186405 10.1
      vertex 12.78251197878161 1.4658637244908648 10.1
      vertex 12.726980427434896 1.3619714992186405 13
    endloop
  endfacet
  facet normal 0.8627343859777945 -0.50565737337798 0
    outer loop
      vertex 12.78251197878161 1.4658637244908648 10.1
      vertex 12.842079506937724 1.5674956941478464 10.1
      vertex 12.78251197878161 1.4658637244908648 13
    endloop
  endfacet
  facet normal 0.8422172337162901 -0.5391383229109945 0
    outer loop
      vertex 12.842079506937724 1.5674956941478464 10.1
      vertex 12.905591163092364 1.6667106990588065 10.1
      vertex 12.842079506937724 1.5674956941478464 13
    endloop
  endfacet
  facet normal 0.8204014435255078 -0.5717879602276206 0
    outer loop
      vertex 12.905591163092364 1.6667106990588065 10.1
      vertex 12.972949016875159 1.7633557568774194 10.1
      vertex 12.905591163092364 1.6667106990588065 13
    endloop
  endfacet
  facet normal 0.7973206537727091 -0.603555941953569 0
    outer loop
      vertex 12.972949016875159 1.7633557568774194 10.1
      vertex 13.044049207357766 1.857281847929502 10.1
      vertex 12.972949016875159 1.7633557568774194 13
    endloop
  endfacet
  facet normal 0.7730104533627341 -0.6343932841636489 0
    outer loop
      vertex 13.044049207357766 1.857281847929502 10.1
      vertex 13.118782103199909 1.948344144990551 10.1
      vertex 13.044049207357766 1.857281847929502 13
    endloop
  endfacet
  facet normal 0.747508326862606 -0.6642524379112712 0
    outer loop
      vertex 13.118782103199909 1.948344144990551 10.1
      vertex 13.197032471692943 2.0364022365988252 10.1
      vertex 13.118782103199909 1.948344144990551 13
    endloop
  endfacet
  facet normal 0.7208535967029197 -0.693087362545635 0
    outer loop
      vertex 13.197032471692943 2.0364022365988252 10.1
      vertex 13.278679656440357 2.121320343559643 10.1
      vertex 13.197032471692943 2.0364022365988252 13
    endloop
  endfacet
  facet normal 0.6930873625456294 -0.7208535967029251 0
    outer loop
      vertex 13.278679656440357 2.121320343559643 10.1
      vertex 13.363597763401176 2.202967528307057 10.1
      vertex 13.278679656440357 2.121320343559643 13
    endloop
  endfacet
  facet normal 0.6642524379112844 -0.7475083268625944 0
    outer loop
      vertex 13.363597763401176 2.202967528307057 10.1
      vertex 13.451655855009449 2.2812178968000927 10.1
      vertex 13.363597763401176 2.202967528307057 13
    endloop
  endfacet
  facet normal 0.6343932841636413 -0.7730104533627405 0
    outer loop
      vertex 13.451655855009449 2.2812178968000927 10.1
      vertex 13.5427181520705 2.355950792642235 10.1
      vertex 13.451655855009449 2.2812178968000927 13
    endloop
  endfacet
  facet normal 0.6035559419535768 -0.7973206537727032 0
    outer loop
      vertex 13.5427181520705 2.355950792642235 10.1
      vertex 13.63664424312258 2.4270509831248424 10.1
      vertex 13.5427181520705 2.355950792642235 13
    endloop
  endfacet
  facet normal 0.5717879602276044 -0.8204014435255192 0
    outer loop
      vertex 13.63664424312258 2.4270509831248424 10.1
      vertex 13.733289300941195 2.4944088369076356 10.1
      vertex 13.63664424312258 2.4270509831248424 13
    endloop
  endfacet
  facet normal 0 0 1
    outer loop
      vertex 13.832504305852154 -2.557920493062277 10.1
      vertex 13.85 0 10.1
      vertex 13.832504305852154 2.557920493062277 10.1
    endloop
  endfacet
  facet normal 0 0 1
    outer loop
      vertex 13.733289300941195 -2.4944088369076356 10.1
      vertex 13.832504305852154 2.557920493062277 10.1
      vertex 13.733289300941195 2.4944088369076356 10.1
    endloop
  endfacet
  facet normal 0 0 1
    outer loop
      vertex 13.85 0 10.1
      vertex 13.85119499382688 0.06085271442655635 10.1
      vertex 13.832504305852154 2.557920493062277 10.1
    endloop
  endfacet
  facet normal 0 0 1
    outer loop
      vertex 13.85119499382688 0.06085271442655635 10.1
      vertex 13.854778132713651 0.12161159837815967 10.1
      vertex 13.832504305852154 2.557920493062277 10.1
    endloop
  endfacet
  facet normal 0 0 1
    outer loop
      vertex 13.854778132713651 0.12161159837815967 10.1
      vertex 13.860743891719865 0.18218296605964834 10.1
      vertex 13.832504305852154 2.557920493062277 10.1
    endloop
  endfacet
  facet normal 0 0 1
    outer loop
      vertex 13.860743891719865 0.18218296605964834 10.1
      vertex 13.869083072077537 0.24247342081235784 10.1
      vertex 13.832504305852154 2.557920493062277 10.1
    endloop
  endfacet
  facet normal 0 0 1
    outer loop
      vertex 13.869083072077537 0.24247342081235784 10.1
      vertex 13.879782815374993 0.3023899991249988 10.1
      vertex 13.832504305852154 2.557920493062277 10.1
    endloop
  endfacet
  facet normal 0 0 1
    outer loop
      vertex 13.879782815374993 0.3023899991249988 10.1
      vertex 13.892826623383602 0.3618403139766534 10.1
      vertex 13.832504305852154 2.557920493062277 10.1
    endloop
  endfacet
  facet normal 0 0 1
    outer loop
      vertex 13.892826623383602 0.3618403139766534 10.1
      vertex 13.908194383496847 0.4207326972908651 10.1
      vertex 13.934136275509136 2.6174880212183913 10.1
    endloop
  endfacet
  facet normal 0 0 1
    outer loop
      vertex 13.908194383496847 0.4207326972908651 10.1
      vertex 13.925862399742513 0.47897634128116845 10.1
      vertex 13.934136275509136 2.6174880212183913 10.1
    endloop
  endfacet
  facet normal 0 0 1
    outer loop
      vertex 13.925862399742513 0.47897634128116845 10.1
      vertex 13.94580342932015 0.5364814384701141 10.1
      vertex 13.934136275509136 2.6174880212183913 10.1
    endloop
  endfacet
  facet normal 0 0 1
    outer loop
      vertex 13.94580342932015 0.5364814384701141 10.1
      vertex 13.967986724607506 0.5931593201658891 10.1
      vertex 13.934136275509136 2.6174880212183913 10.1
    endloop
  endfacet
  facet normal 0 0 1
    outer loop
      vertex 13.967986724607506 0.5931593201658891 10.1
      vertex 13.992378080571125 0.6489225931830135 10.1
      vertex 13.934136275509136 2.6174880212183913 10.1
    endloop
  endfacet
  facet normal 0 0 1
    outer loop
      vertex 13.992378080571125 0.6489225931830135 10.1
      vertex 14.01893988750803 0.7036852745962976 10.1
      vertex 13.934136275509136 2.6174880212183913 10.1
    endloop
  endfacet
  facet normal 0 0 1
    outer loop
      vertex 13.892826623383602 0.3618403139766534 10.1
      vertex 13.934136275509136 2.6174880212183913 10.1
      vertex 13.832504305852154 2.557920493062277 10.1
    endloop
  endfacet
  facet normal 0 0 1
    outer loop
      vertex 14.01893988750803 0.7036852745962976 10.1
      vertex 14.047631189037165 0.7573629243202802 10.1
      vertex 14.03802850078136 2.673019572565104 10.1
    endloop
  endfacet
  facet normal 0 0 1
    outer loop
      vertex 14.047631189037165 0.7573629243202802 10.1
      vertex 14.078407745251157 0.8098727753097207 10.1
      vertex 14.03802850078136 2.673019572565104 10.1
    endloop
  endfacet
  facet normal 0 0 1
    outer loop
      vertex 14.078407745251157 0.8098727753097207 10.1
      vertex 14.111222100931055 0.8611338611803834 10.1
      vertex 14.03802850078136 2.673019572565104 10.1
    endloop
  endfacet
  facet normal 0 0 1
    outer loop
      vertex 14.111222100931055 0.8611338611803834 10.1
      vertex 14.146023658718832 0.9110671410533334 10.1
      vertex 14.144020787387717 2.7244295214752436 10.1
    endloop
  endfacet
  facet normal 0 0 1
    outer loop
      vertex 14.01893988750803 0.7036852745962976 10.1
      vertex 14.03802850078136 2.673019572565104 10.1
      vertex 13.934136275509136 2.6174880212183913 10.1
    endloop
  endfacet
  facet normal 0 0 1
    outer loop
      vertex 14.111222100931055 0.8611338611803834 10.1
      vertex 14.144020787387717 2.7244295214752436 10.1
      vertex 14.03802850078136 2.673019572565104 10.1
    endloop
  endfacet
  facet normal 0 0 1
    outer loop
      vertex 14.146023658718832 0.9110671410533334 10.1
      vertex 14.182758757134845 0.9595956214302427 10.1
      vertex 14.144020787387717 2.7244295214752436 10.1
    endloop
  endfacet
  facet normal 0 0 1
    outer loop
      vertex 14.182758757134845 0.9595956214302427 10.1
      vertex 14.221370753319952 1.0066444749117847 10.1
      vertex 14.144020787387717 2.7244295214752436 10.1
    endloop
  endfacet
  facet normal 0 0 1
    outer loop
      vertex 14.221370753319952 1.0066444749117847 10.1
      vertex 14.261800110374688 1.0521411555760598 10.1
      vertex 14.251949702904732 2.77163859753386 10.1
    endloop
  endfacet
  facet normal 0 0 1
    outer loop
      vertex 14.261800110374688 1.0521411555760598 10.1
      vertex 14.303984489160852 1.0960155108391487 10.1
      vertex 14.251949702904732 2.77163859753386 10.1
    endloop
  endfacet
  facet normal 0 0 1
    outer loop
      vertex 14.303984489160852 1.0960155108391487 10.1
      vertex 14.347858844423941 1.1381998896253127 10.1
      vertex 14.251949702904732 2.77163859753386 10.1
    endloop
  endfacet
  facet normal 0 0 1
    outer loop
      vertex 14.347858844423941 1.1381998896253127 10.1
      vertex 14.393355525088216 1.1786292466800479 10.1
      vertex 14.361648828767521 2.8145740077674524 10.1
    endloop
  endfacet
  facet normal 0 0 1
    outer loop
      vertex 14.393355525088216 1.1786292466800479 10.1
      vertex 14.440404378569758 1.2172412428651547 10.1
      vertex 14.361648828767521 2.8145740077674524 10.1
    endloop
  endfacet
  facet normal 0 0 1
    outer loop
      vertex 14.440404378569758 1.2172412428651547 10.1
      vertex 14.488932858946667 1.2539763412811686 10.1
      vertex 14.361648828767521 2.8145740077674524 10.1
    endloop
  endfacet
  facet normal 0 0 1
    outer loop
      vertex 14.488932858946667 1.2539763412811686 10.1
      vertex 14.538866138819618 1.2887778990689451 10.1
      vertex 14.472949016875159 2.8531695488854605 10.1
    endloop
  endfacet
  facet normal 0 0 1
    outer loop
      vertex 14.538866138819618 1.2887778990689451 10.1
      vertex 14.59012722469028 1.321592254748843 10.1
      vertex 14.472949016875159 2.8531695488854605 10.1
    endloop
  endfacet
  facet normal 0 0 1
    outer loop
      vertex 14.221370753319952 1.0066444749117847 10.1
      vertex 14.251949702904732 2.77163859753386 10.1
      vertex 14.144020787387717 2.7244295214752436 10.1
    endloop
  endfacet
  facet normal 0 0 1
    outer loop
      vertex 14.347858844423941 1.1381998896253127 10.1
      vertex 14.361648828767521 2.8145740077674524 10.1
      vertex 14.251949702904732 2.77163859753386 10.1
    endloop
  endfacet
  facet normal 0 0 1
    outer loop
      vertex 14.488932858946667 1.2539763412811686 10.1
      vertex 14.472949016875159 2.8531695488854605 10.1
      vertex 14.361648828767521 2.8145740077674524 10.1
    endloop
  endfacet
  facet normal 0 0 1
    outer loop
      vertex 14.59012722469028 1.321592254748843 10.1
      vertex 14.585678650404777 2.887365709360942 10.1
      vertex 14.472949016875159 2.8531695488854605 10.1
    endloop
  endfacet
  facet normal 0 0 1
    outer loop
      vertex 14.59012722469028 1.321592254748843 10.1
      vertex 14.64263707567972 1.3523688109628356 10.1
      vertex 14.585678650404777 2.887365709360942 10.1
    endloop
  endfacet
  facet normal 0 0 1
    outer loop
      vertex 14.64263707567972 1.3523688109628356 10.1
      vertex 14.696314725403703 1.3810601124919704 10.1
      vertex 14.585678650404777 2.887365709360942 10.1
    endloop
  endfacet
  facet normal 0 0 1
    outer loop
      vertex 14.696314725403703 1.3810601124919704 10.1
      vertex 14.751077406816988 1.407621919428876 10.1
      vertex 14.699663908432285 2.9171097611930294 10.1
    endloop
  endfacet
  facet normal 0 0 1
    outer loop
      vertex 14.751077406816988 1.407621919428876 10.1
      vertex 14.806840679834112 1.4320132753924946 10.1
      vertex 14.699663908432285 2.9171097611930294 10.1
    endloop
  endfacet
  facet normal 0 0 1
    outer loop
      vertex 14.806840679834112 1.4320132753924946 10.1
      vertex 14.863518561529887 1.4541965706798505 10.1
      vertex 14.814729033951615 2.9423558412096913 10.1
    endloop
  endfacet
  facet normal 0 0 1
    outer loop
      vertex 14.863518561529887 1.4541965706798505 10.1
      vertex 14.921023658718832 1.474137600257488 10.1
      vertex 14.814729033951615 2.9423558412096913 10.1
    endloop
  endfacet
  facet normal 0 0 1
    outer loop
      vertex 14.921023658718832 1.474137600257488 10.1
      vertex 14.979267302709136 1.4918056165031532 10.1
      vertex 14.930696604879309 2.9630650217854133 10.1
    endloop
  endfacet
  facet normal 0 0 1
    outer loop
      vertex 14.979267302709136 1.4918056165031532 10.1
      vertex 15.038159686023347 1.5071733766163986 10.1
      vertex 14.930696604879309 2.9630650217854133 10.1
    endloop
  endfacet
  facet normal 0 0 1
    outer loop
      vertex 14.696314725403703 1.3810601124919704 10.1
      vertex 14.699663908432285 2.9171097611930294 10.1
      vertex 14.585678650404777 2.887365709360942 10.1
    endloop
  endfacet
  facet normal 0 0 1
    outer loop
      vertex 14.806840679834112 1.4320132753924946 10.1
      vertex 14.814729033951615 2.9423558412096913 10.1
      vertex 14.699663908432285 2.9171097611930294 10.1
    endloop
  endfacet
  facet normal 0 0 1
    outer loop
      vertex 14.921023658718832 1.474137600257488 10.1
      vertex 14.930696604879309 2.9630650217854133 10.1
      vertex 14.814729033951615 2.9423558412096913 10.1
    endloop
  endfacet
  facet normal 0 0 1
    outer loop
      vertex 15.038159686023347 1.5071733766163986 10.1
      vertex 15.047387807626487 2.9792053708647788 10.1
      vertex 14.930696604879309 2.9630650217854133 10.1
    endloop
  endfacet
  facet normal 0 0 1
    outer loop
      vertex 15.038159686023347 1.5071733766163986 10.1
      vertex 15.097610000875001 1.5202171846250072 10.1
      vertex 15.047387807626487 2.9792053708647788 10.1
    endloop
  endfacet
  facet normal 0 0 1
    outer loop
      vertex 15.097610000875001 1.5202171846250072 10.1
      vertex 15.157526579187643 1.5309169279224635 10.1
      vertex 15.047387807626487 2.9792053708647788 10.1
    endloop
  endfacet
  facet normal 0 0 1
    outer loop
      vertex 15.157526579187643 1.5309169279224635 10.1
      vertex 15.217817033940353 1.5392561082801357 10.1
      vertex 15.164622712816465 2.990752001199384 10.1
    endloop
  endfacet
  facet normal 0 0 1
    outer loop
      vertex 15.217817033940353 1.5392561082801357 10.1
      vertex 15.278388401621841 1.5452218672863485 10.1
      vertex 15.164622712816465 2.990752001199384 10.1
    endloop
  endfacet
  facet normal 0 0 1
    outer loop
      vertex 15.157526579187643 1.5309169279224635 10.1
      vertex 15.164622712816465 2.990752001199384 10.1
      vertex 15.047387807626487 2.9792053708647788 10.1
    endloop
  endfacet
  facet normal 0 0 1
    outer loop
      vertex 15.278388401621841 1.5452218672863485 10.1
      vertex 15.282220552722794 2.9976871087221686 10.1
      vertex 15.164622712816465 2.990752001199384 10.1
    endloop
  endfacet
  facet normal 0 0 1
    outer loop
      vertex 15.278388401621841 1.5452218672863485 10.1
      vertex 15.339147285573445 1.5488050061731204 10.1
      vertex 15.282220552722794 2.9976871087221686 10.1
    endloop
  endfacet
  facet normal 0 0 1
    outer loop
      vertex 15.339147285573445 1.5488050061731204 10.1
      vertex 15.4 1.55 10.1
      vertex 15.282220552722794 2.9976871087221686 10.1
    endloop
  endfacet
  facet normal 0 0 1
    outer loop
      vertex 15.4 1.55 10.1
      vertex 15.460852714426556 1.5488050061731204 10.1
      vertex 15.517779447277206 2.9976871087221686 10.1
    endloop
  endfacet
  facet normal 0 0 1
    outer loop
      vertex 15.4 1.55 10.1
      vertex 15.4 3 10.1
      vertex 15.282220552722794 2.9976871087221686 10.1
    endloop
  endfacet
  facet normal 0 0 1
    outer loop
      vertex 15.4 1.55 10.1
      vertex 15.517779447277206 2.9976871087221686 10.1
      vertex 15.4 3 10.1
    endloop
  endfacet
  facet normal 0 0 1
    outer loop
      vertex 15.761840313976654 1.5071733766163986 10.1
      vertex 15.820732697290865 1.4918056165031532 10.1
      vertex 15.869303395120692 2.9630650217854133 10.1
    endloop
  endfacet
  facet normal 0 0 1
    outer loop
      vertex 15.878976341281168 1.474137600257488 10.1
      vertex 15.869303395120692 2.9630650217854133 10.1
      vertex 15.820732697290865 1.4918056165031532 10.1
    endloop
  endfacet
  facet normal 0 0 1
    outer loop
      vertex 15.460852714426556 1.5488050061731204 10.1
      vertex 15.52161159837816 1.5452218672863485 10.1
      vertex 15.517779447277206 2.9976871087221686 10.1
    endloop
  endfacet
  facet normal 0 0 1
    outer loop
      vertex 15.52161159837816 1.5452218672863485 10.1
      vertex 15.582182966059648 1.5392561082801357 10.1
      vertex 15.635377287183536 2.990752001199384 10.1
    endloop
  endfacet
  facet normal 0 0 1
    outer loop
      vertex 15.582182966059648 1.5392561082801357 10.1
      vertex 15.642473420812358 1.5309169279224635 10.1
      vertex 15.635377287183536 2.990752001199384 10.1
    endloop
  endfacet
  facet normal 0 0 1
    outer loop
      vertex 15.52161159837816 1.5452218672863485 10.1
      vertex 15.635377287183536 2.990752001199384 10.1
      vertex 15.517779447277206 2.9976871087221686 10.1
    endloop
  endfacet
  facet normal 0 0 1
    outer loop
      vertex 15.642473420812358 1.5309169279224635 10.1
      vertex 15.752612192373514 2.9792053708647788 10.1
      vertex 15.635377287183536 2.990752001199384 10.1
    endloop
  endfacet
  facet normal 0 0 1
    outer loop
      vertex 15.642473420812358 1.5309169279224635 10.1
      vertex 15.702389999125 1.5202171846250072 10.1
      vertex 15.752612192373514 2.9792053708647788 10.1
    endloop
  endfacet
  facet normal 0 0 1
    outer loop
      vertex 15.702389999125 1.5202171846250072 10.1
      vertex 15.761840313976654 1.5071733766163986 10.1
      vertex 15.752612192373514 2.9792053708647788 10.1
    endloop
  endfacet
  facet normal 0 0 1
    outer loop
      vertex 15.761840313976654 1.5071733766163986 10.1
      vertex 15.869303395120692 2.9630650217854133 10.1
      vertex 15.752612192373514 2.9792053708647788 10.1
    endloop
  endfacet
  facet normal 0 0 1
    outer loop
      vertex 15.878976341281168 1.474137600257488 10.1
      vertex 15.985270966048386 2.9423558412096913 10.1
      vertex 15.869303395120692 2.9630650217854133 10.1
    endloop
  endfacet
  facet normal 0 0 1
    outer loop
      vertex 15.878976341281168 1.474137600257488 10.1
      vertex 15.936481438470114 1.4541965706798505 10.1
      vertex 15.985270966048386 2.9423558412096913 10.1
    endloop
  endfacet
  facet normal 0 0 1
    outer loop
      vertex 15.936481438470114 1.4541965706798505 10.1
      vertex 15.993159320165889 1.4320132753924946 10.1
      vertex 15.985270966048386 2.9423558412096913 10.1
    endloop
  endfacet
  facet normal 0 0 1
    outer loop
      vertex 16.048922593183015 1.407621919428876 10.1
      vertex 16.103685274596298 1.3810601124919704 10.1
      vertex 16.100336091567716 2.9171097611930294 10.1
    endloop
  endfacet
  facet normal 0 0 1
    outer loop
      vertex 15.993159320165889 1.4320132753924946 10.1
      vertex 16.048922593183015 1.407621919428876 10.1
      vertex 16.100336091567716 2.9171097611930294 10.1
    endloop
  endfacet
  facet normal 0 0 1
    outer loop
      vertex 16.103685274596298 1.3810601124919704 10.1
      vertex 16.15736292432028 1.3523688109628356 10.1
      vertex 16.214321349595224 2.887365709360942 10.1
    endloop
  endfacet
  facet normal 0 0 1
    outer loop
      vertex 16.20987277530972 1.321592254748843 10.1
      vertex 16.214321349595224 2.887365709360942 10.1
      vertex 16.15736292432028 1.3523688109628356 10.1
    endloop
  endfacet
  facet normal 0 0 1
    outer loop
      vertex 16.20987277530972 1.321592254748843 10.1
      vertex 16.261133861180383 1.2887778990689451 10.1
      vertex 16.214321349595224 2.887365709360942 10.1
    endloop
  endfacet
  facet normal 0 0 1
    outer loop
      vertex 16.261133861180383 1.2887778990689451 10.1
      vertex 16.311067141053332 1.2539763412811686 10.1
      vertex 16.327050983124842 2.8531695488854605 10.1
    endloop
  endfacet
  facet normal 0 0 1
    outer loop
      vertex 16.359595621430245 1.2172412428651547 10.1
      vertex 16.327050983124842 2.8531695488854605 10.1
      vertex 16.311067141053332 1.2539763412811686 10.1
    endloop
  endfacet
  facet normal 0 0 1
    outer loop
      vertex 15.993159320165889 1.4320132753924946 10.1
      vertex 16.100336091567716 2.9171097611930294 10.1
      vertex 15.985270966048386 2.9423558412096913 10.1
    endloop
  endfacet
  facet normal 0 0 1
    outer loop
      vertex 16.103685274596298 1.3810601124919704 10.1
      vertex 16.214321349595224 2.887365709360942 10.1
      vertex 16.100336091567716 2.9171097611930294 10.1
    endloop
  endfacet
  facet normal 0 0 1
    outer loop
      vertex 16.261133861180383 1.2887778990689451 10.1
      vertex 16.327050983124842 2.8531695488854605 10.1
      vertex 16.214321349595224 2.887365709360942 10.1
    endloop
  endfacet
  facet normal 0 0 1
    outer loop
      vertex 16.967495694147846 -2.557920493062277 10.1
      vertex 16.967495694147846 2.557920493062277 10.1
      vertex 16.95 0 10.1
    endloop
  endfacet
  facet normal 0 0 1
    outer loop
      vertex 16.95 0 10.1
      vertex 16.967495694147846 2.557920493062277 10.1
      vertex 16.94880500617312 0.06085271442655635 10.1
    endloop
  endfacet
  facet normal 0 0 1
    outer loop
      vertex 16.94880500617312 0.06085271442655635 10.1
      vertex 16.967495694147846 2.557920493062277 10.1
      vertex 16.94522186728635 0.12161159837815967 10.1
    endloop
  endfacet
  facet normal 0 0 1
    outer loop
      vertex 16.94522186728635 0.12161159837815967 10.1
      vertex 16.967495694147846 2.557920493062277 10.1
      vertex 16.939256108280137 0.18218296605964834 10.1
    endloop
  endfacet
  facet normal 0 0 1
    outer loop
      vertex 16.939256108280137 0.18218296605964834 10.1
      vertex 16.967495694147846 2.557920493062277 10.1
      vertex 16.930916927922464 0.24247342081235784 10.1
    endloop
  endfacet
  facet normal 0 0 1
    outer loop
      vertex 16.967495694147846 -2.557920493062277 10.1
      vertex 17.066710699058806 2.4944088369076356 10.1
      vertex 16.967495694147846 2.557920493062277 10.1
    endloop
  endfacet
  facet normal 0 0 1
    outer loop
      vertex 16.874137600257487 0.47897634128116845 10.1
      vertex 16.891805616503152 0.4207326972908651 10.1
      vertex 16.967495694147846 2.557920493062277 10.1
    endloop
  endfacet
  facet normal 0 0 1
    outer loop
      vertex 16.85419657067985 0.5364814384701141 10.1
      vertex 16.865863724490865 2.6174880212183913 10.1
      vertex 16.832013275392494 0.5931593201658891 10.1
    endloop
  endfacet
  facet normal 0 0 1
    outer loop
      vertex 16.807621919428875 0.6489225931830135 10.1
      vertex 16.832013275392494 0.5931593201658891 10.1
      vertex 16.865863724490865 2.6174880212183913 10.1
    endloop
  endfacet
  facet normal 0 0 1
    outer loop
      vertex 16.807621919428875 0.6489225931830135 10.1
      vertex 16.865863724490865 2.6174880212183913 10.1
      vertex 16.78106011249197 0.7036852745962976 10.1
    endloop
  endfacet
  facet normal 0 0 1
    outer loop
      vertex 16.874137600257487 0.47897634128116845 10.1
      vertex 16.865863724490865 2.6174880212183913 10.1
      vertex 16.85419657067985 0.5364814384701141 10.1
    endloop
  endfacet
  facet normal 0 0 1
    outer loop
      vertex 16.930916927922464 0.24247342081235784 10.1
      vertex 16.967495694147846 2.557920493062277 10.1
      vertex 16.920217184625006 0.3023899991249988 10.1
    endloop
  endfacet
  facet normal 0 0 1
    outer loop
      vertex 16.920217184625006 0.3023899991249988 10.1
      vertex 16.967495694147846 2.557920493062277 10.1
      vertex 16.9071733766164 0.3618403139766534 10.1
    endloop
  endfacet
  facet normal 0 0 1
    outer loop
      vertex 16.9071733766164 0.3618403139766534 10.1
      vertex 16.967495694147846 2.557920493062277 10.1
      vertex 16.891805616503152 0.4207326972908651 10.1
    endloop
  endfacet
  facet normal 0 0 1
    outer loop
      vertex 17.066710699058806 -2.4944088369076356 10.1
      vertex 17.16335575687742 2.4270509831248424 10.1
      vertex 17.066710699058806 2.4944088369076356 10.1
    endloop
  endfacet
  facet normal 0 0 1
    outer loop
      vertex 17.16335575687742 -2.4270509831248424 10.1
      vertex 17.2572818479295 2.355950792642235 10.1
      vertex 17.16335575687742 2.4270509831248424 10.1
    endloop
  endfacet
  facet normal 0 0 1
    outer loop
      vertex 16.49601551083915 1.0960155108391487 10.1
      vertex 16.538199889625314 1.0521411555760598 10.1
      vertex 16.54805029709527 2.77163859753386 10.1
    endloop
  endfacet
  facet normal 0 0 1
    outer loop
      vertex 16.538199889625314 1.0521411555760598 10.1
      vertex 16.57862924668005 1.0066444749117847 10.1
      vertex 16.54805029709527 2.77163859753386 10.1
    endloop
  endfacet
  facet normal 0 0 1
    outer loop
      vertex 16.359595621430245 1.2172412428651547 10.1
      vertex 16.406644474911786 1.1786292466800479 10.1
      vertex 16.43835117123248 2.8145740077674524 10.1
    endloop
  endfacet
  facet normal 0 0 1
    outer loop
      vertex 16.45214115557606 1.1381998896253127 10.1
      vertex 16.43835117123248 2.8145740077674524 10.1
      vertex 16.406644474911786 1.1786292466800479 10.1
    endloop
  endfacet
  facet normal 0 0 1
    outer loop
      vertex 16.45214115557606 1.1381998896253127 10.1
      vertex 16.49601551083915 1.0960155108391487 10.1
      vertex 16.54805029709527 2.77163859753386 10.1
    endloop
  endfacet
  facet normal 0 0 1
    outer loop
      vertex 16.57862924668005 1.0066444749117847 10.1
      vertex 16.617241242865155 0.9595956214302427 10.1
      vertex 16.655979212612284 2.7244295214752436 10.1
    endloop
  endfacet
  facet normal 0 0 1
    outer loop
      vertex 16.65397634128117 0.9110671410533334 10.1
      vertex 16.688777899068945 0.8611338611803834 10.1
      vertex 16.655979212612284 2.7244295214752436 10.1
    endloop
  endfacet
  facet normal 0 0 1
    outer loop
      vertex 16.617241242865155 0.9595956214302427 10.1
      vertex 16.65397634128117 0.9110671410533334 10.1
      vertex 16.655979212612284 2.7244295214752436 10.1
    endloop
  endfacet
  facet normal 0 0 1
    outer loop
      vertex 16.688777899068945 0.8611338611803834 10.1
      vertex 16.721592254748842 0.8098727753097207 10.1
      vertex 16.761971499218642 2.673019572565104 10.1
    endloop
  endfacet
  facet normal 0 0 1
    outer loop
      vertex 16.721592254748842 0.8098727753097207 10.1
      vertex 16.752368810962835 0.7573629243202802 10.1
      vertex 16.761971499218642 2.673019572565104 10.1
    endloop
  endfacet
  facet normal 0 0 1
    outer loop
      vertex 16.752368810962835 0.7573629243202802 10.1
      vertex 16.78106011249197 0.7036852745962976 10.1
      vertex 16.761971499218642 2.673019572565104 10.1
    endloop
  endfacet
  facet normal 0 0 1
    outer loop
      vertex 16.359595621430245 1.2172412428651547 10.1
      vertex 16.43835117123248 2.8145740077674524 10.1
      vertex 16.327050983124842 2.8531695488854605 10.1
    endloop
  endfacet
  facet normal 0 0 1
    outer loop
      vertex 16.45214115557606 1.1381998896253127 10.1
      vertex 16.54805029709527 2.77163859753386 10.1
      vertex 16.43835117123248 2.8145740077674524 10.1
    endloop
  endfacet
  facet normal 0 0 1
    outer loop
      vertex 16.57862924668005 1.0066444749117847 10.1
      vertex 16.655979212612284 2.7244295214752436 10.1
      vertex 16.54805029709527 2.77163859753386 10.1
    endloop
  endfacet
  facet normal 0 0 1
    outer loop
      vertex 16.688777899068945 0.8611338611803834 10.1
      vertex 16.761971499218642 2.673019572565104 10.1
      vertex 16.655979212612284 2.7244295214752436 10.1
    endloop
  endfacet
  facet normal 0 0 1
    outer loop
      vertex 16.78106011249197 0.7036852745962976 10.1
      vertex 16.865863724490865 2.6174880212183913 10.1
      vertex 16.761971499218642 2.673019572565104 10.1
    endloop
  endfacet
  facet normal 0 0 1
    outer loop
      vertex 16.874137600257487 0.47897634128116845 10.1
      vertex 16.967495694147846 2.557920493062277 10.1
      vertex 16.865863724490865 2.6174880212183913 10.1
    endloop
  endfacet
  facet normal 0.5391383229110043 -0.8422172337162839 0
    outer loop
      vertex 13.733289300941195 2.4944088369076356 10.1
      vertex 13.832504305852154 2.557920493062277 10.1
      vertex 13.733289300941195 2.4944088369076356 13
    endloop
  endfacet
  facet normal 0.5056573733779828 -0.862734385977793 0
    outer loop
      vertex 13.832504305852154 2.557920493062277 10.1
      vertex 13.934136275509136 2.6174880212183913 10.1
      vertex 13.832504305852154 2.557920493062277 13
    endloop
  endfacet
  facet normal 0.47139673682600075 -0.8819212643483534 0
    outer loop
      vertex 13.934136275509136 2.6174880212183913 10.1
      vertex 14.03802850078136 2.673019572565104 10.1
      vertex 13.934136275509136 2.6174880212183913 13
    endloop
  endfacet
  facet normal 0.43640924067333603 -0.8997482840522244 0
    outer loop
      vertex 14.03802850078136 2.673019572565104 10.1
      vertex 14.144020787387717 2.7244295214752436 10.1
      vertex 14.03802850078136 2.673019572565104 13
    endloop
  endfacet
  facet normal 0.40074883310314247 -0.9161879571171354 0
    outer loop
      vertex 14.144020787387717 2.7244295214752436 10.1
      vertex 14.251949702904732 2.77163859753386 10.1
      vertex 14.144020787387717 2.7244295214752436 13
    endloop
  endfacet
  facet normal 0.36447049987915386 -0.9312149347588019 0
    outer loop
      vertex 14.251949702904732 2.77163859753386 10.1
      vertex 14.361648828767521 2.8145740077674524 10.1
      vertex 14.251949702904732 2.77163859753386 13
    endloop
  endfacet
  facet normal 0.32763017956168883 -0.9448060464668796 0
    outer loop
      vertex 14.361648828767521 2.8145740077674524 10.1
      vertex 14.472949016875159 2.8531695488854605 10.1
      vertex 14.361648828767521 2.8145740077674524 13
    endloop
  endfacet
  facet normal 0.29028467725446855 -0.9569403357322072 0
    outer loop
      vertex 14.472949016875159 2.8531695488854605 10.1
      vertex 14.585678650404777 2.887365709360942 10.1
      vertex 14.472949016875159 2.8531695488854605 13
    endloop
  endfacet
  facet normal 0.2524915770151509 -0.9675990923602615 0
    outer loop
      vertex 14.585678650404777 2.887365709360942 10.1
      vertex 14.699663908432285 2.9171097611930294 10.1
      vertex 14.585678650404777 2.887365709360942 13
    endloop
  endfacet
  facet normal 0.21430915306505646 -0.9767658813208712 0
    outer loop
      vertex 14.699663908432285 2.9171097611930294 10.1
      vertex 14.814729033951615 2.9423558412096913 10.1
      vertex 14.699663908432285 2.9171097611930294 13
    endloop
  endfacet
  facet normal 0.17579627993435348 -0.9844265680898918 0
    outer loop
      vertex 14.814729033951615 2.9423558412096913 10.1
      vertex 14.930696604879309 2.9630650217854133 10.1
      vertex 14.814729033951615 2.9423558412096913 13
    endloop
  endfacet
  facet normal 0.13701234168196733 -0.9905693404435774 0
    outer loop
      vertex 14.930696604879309 2.9630650217854133 10.1
      vertex 15.047387807626487 2.9792053708647788 10.1
      vertex 14.930696604879309 2.9630650217854133 13
    endloop
  endfacet
  facet normal 0.0980171403295605 -0.9951847266721969 0
    outer loop
      vertex 15.047387807626487 2.9792053708647788 10.1
      vertex 15.164622712816465 2.990752001199384 10.1
      vertex 15.047387807626487 2.9792053708647788 13
    endloop
  endfacet
  facet normal 0.05887080365118834 -0.9982656101847159 0
    outer loop
      vertex 15.164622712816465 2.990752001199384 10.1
      vertex 15.282220552722794 2.9976871087221686 10.1
      vertex 15.164622712816465 2.990752001199384 13
    endloop
  endfacet
  facet normal 0.01963369246063007 -0.9998072404820648 0
    outer loop
      vertex 15.282220552722794 2.9976871087221686 10.1
      vertex 15.4 3 10.1
      vertex 15.282220552722794 2.9976871087221686 13
    endloop
  endfacet
  facet normal -0.01963369246063007 -0.9998072404820648 0
    outer loop
      vertex 15.4 3 10.1
      vertex 15.517779447277206 2.9976871087221686 10.1
      vertex 15.4 3 13
    endloop
  endfacet
  facet normal -0.5056573733779828 -0.862734385977793 0
    outer loop
      vertex 16.865863724490865 2.6174880212183913 10.1
      vertex 16.967495694147846 2.557920493062277 10.1
      vertex 16.865863724490865 2.6174880212183913 13
    endloop
  endfacet
  facet normal -0.5391383229110043 -0.8422172337162839 0
    outer loop
      vertex 16.967495694147846 2.557920493062277 10.1
      vertex 17.066710699058806 2.4944088369076356 10.1
      vertex 16.967495694147846 2.557920493062277 13
    endloop
  endfacet
  facet normal -0.5717879602276114 -0.8204014435255143 0
    outer loop
      vertex 17.066710699058806 2.4944088369076356 10.1
      vertex 17.16335575687742 2.4270509831248424 10.1
      vertex 17.066710699058806 2.4944088369076356 13
    endloop
  endfacet
  facet normal -0.6035559419535695 -0.7973206537727087 0
    outer loop
      vertex 17.16335575687742 2.4270509831248424 10.1
      vertex 17.2572818479295 2.355950792642235 10.1
      vertex 17.16335575687742 2.4270509831248424 13
    endloop
  endfacet
  facet normal -0.05887080365118834 -0.9982656101847159 0
    outer loop
      vertex 15.517779447277206 2.9976871087221686 10.1
      vertex 15.635377287183536 2.990752001199384 10.1
      vertex 15.517779447277206 2.9976871087221686 13
    endloop
  endfacet
  facet normal -0.0980171403295605 -0.9951847266721969 0
    outer loop
      vertex 15.635377287183536 2.990752001199384 10.1
      vertex 15.752612192373514 2.9792053708647788 10.1
      vertex 15.635377287183536 2.990752001199384 13
    endloop
  endfacet
  facet normal -0.13701234168196733 -0.9905693404435774 0
    outer loop
      vertex 15.752612192373514 2.9792053708647788 10.1
      vertex 15.869303395120692 2.9630650217854133 10.1
      vertex 15.752612192373514 2.9792053708647788 13
    endloop
  endfacet
  facet normal -0.17579627993435348 -0.9844265680898918 0
    outer loop
      vertex 15.869303395120692 2.9630650217854133 10.1
      vertex 15.985270966048386 2.9423558412096913 10.1
      vertex 15.869303395120692 2.9630650217854133 13
    endloop
  endfacet
  facet normal -0.21430915306505646 -0.9767658813208712 0
    outer loop
      vertex 15.985270966048386 2.9423558412096913 10.1
      vertex 16.100336091567716 2.9171097611930294 10.1
      vertex 15.985270966048386 2.9423558412096913 13
    endloop
  endfacet
  facet normal -0.2524915770151509 -0.9675990923602615 0
    outer loop
      vertex 16.100336091567716 2.9171097611930294 10.1
      vertex 16.214321349595224 2.887365709360942 10.1
      vertex 16.100336091567716 2.9171097611930294 13
    endloop
  endfacet
  facet normal -0.29028467725446855 -0.9569403357322072 0
    outer loop
      vertex 16.214321349595224 2.887365709360942 10.1
      vertex 16.327050983124842 2.8531695488854605 10.1
      vertex 16.214321349595224 2.887365709360942 13
    endloop
  endfacet
  facet normal -0.32763017956168883 -0.9448060464668796 0
    outer loop
      vertex 16.327050983124842 2.8531695488854605 10.1
      vertex 16.43835117123248 2.8145740077674524 10.1
      vertex 16.327050983124842 2.8531695488854605 13
    endloop
  endfacet
  facet normal -0.36447049987915386 -0.9312149347588019 0
    outer loop
      vertex 16.43835117123248 2.8145740077674524 10.1
      vertex 16.54805029709527 2.77163859753386 10.1
      vertex 16.43835117123248 2.8145740077674524 13
    endloop
  endfacet
  facet normal -0.40074883310314247 -0.9161879571171354 0
    outer loop
      vertex 16.54805029709527 2.77163859753386 10.1
      vertex 16.655979212612284 2.7244295214752436 10.1
      vertex 16.54805029709527 2.77163859753386 13
    endloop
  endfacet
  facet normal -0.43640924067333015 -0.8997482840522274 0
    outer loop
      vertex 16.655979212612284 2.7244295214752436 10.1
      vertex 16.761971499218642 2.673019572565104 10.1
      vertex 16.655979212612284 2.7244295214752436 13
    endloop
  endfacet
  facet normal -0.471396736826007 -0.88192126434835 1.1169267697723067e-18
    outer loop
      vertex 16.865863724490865 2.6174880212183913 10.1
      vertex 16.761971499218642 2.673019572565104 13
      vertex 16.761971499218642 2.673019572565104 10.1
    endloop
  endfacet
  facet normal 0.9998072404820648 -0.019633692460633876 0
    outer loop
      vertex 12.402312891277832 0.11777944727720582 10.1
      vertex 12.402312891277832 0.11777944727720582 13
      vertex 12.4 0 13
    endloop
  endfacet
  facet normal 0.9982656101847164 -0.05887080365118097 0
    outer loop
      vertex 12.409247998800616 0.23537728718353484 10.1
      vertex 12.409247998800616 0.23537728718353484 13
      vertex 12.402312891277832 0.11777944727720582 13
    endloop
  endfacet
  facet normal 0.9951847266721968 -0.09801714032956035 0
    outer loop
      vertex 12.420794629135221 0.35261219237351293 10.1
      vertex 12.420794629135221 0.35261219237351293 13
      vertex 12.409247998800616 0.23537728718353484 13
    endloop
  endfacet
  facet normal 0.9905693404435765 -0.13701234168197332 0
    outer loop
      vertex 12.436934978214587 0.46930339512069263 10.1
      vertex 12.436934978214587 0.46930339512069263 13
      vertex 12.420794629135221 0.35261219237351293 13
    endloop
  endfacet
  facet normal 0.984426568089892 -0.17579627993435246 0
    outer loop
      vertex 12.457644158790309 0.5852709660483848 10.1
      vertex 12.457644158790309 0.5852709660483848 13
      vertex 12.436934978214587 0.46930339512069263 13
    endloop
  endfacet
  facet normal 0.9767658813208734 -0.21430915306504614 0
    outer loop
      vertex 12.48289023880697 0.7003360915677161 10.1
      vertex 12.48289023880697 0.7003360915677161 13
      vertex 12.457644158790309 0.5852709660483848 13
    endloop
  endfacet
  facet normal 0.9675990923602599 -0.2524915770151577 0
    outer loop
      vertex 12.512634290639058 0.8143213495952228 10.1
      vertex 12.512634290639058 0.8143213495952228 13
      vertex 12.48289023880697 0.7003360915677161 13
    endloop
  endfacet
  facet normal 0.9569403357322079 -0.2902846772544654 0
    outer loop
      vertex 12.54683045111454 0.9270509831248421 10.1
      vertex 12.54683045111454 0.9270509831248421 13
      vertex 12.512634290639058 0.8143213495952228 13
    endloop
  endfacet
  facet normal 0.9448060464668786 -0.32763017956169177 0
    outer loop
      vertex 12.585425992232548 1.0383511712324789 10.1
      vertex 12.585425992232548 1.0383511712324789 13
      vertex 12.54683045111454 0.9270509831248421 13
    endloop
  endfacet
  facet normal 0.9312149347588017 -0.36447049987915464 0
    outer loop
      vertex 12.62836140246614 1.1480502970952693 10.1
      vertex 12.62836140246614 1.1480502970952693 13
      vertex 12.585425992232548 1.0383511712324789 13
    endloop
  endfacet
  facet normal 0.9161879571171373 -0.4007488331031378 0
    outer loop
      vertex 12.675570478524756 1.2559792126122842 10.1
      vertex 12.675570478524756 1.2559792126122842 13
      vertex 12.62836140246614 1.1480502970952693 13
    endloop
  endfacet
  facet normal 0.8997482840522248 -0.43640924067333525 0
    outer loop
      vertex 12.726980427434896 1.3619714992186405 10.1
      vertex 12.726980427434896 1.3619714992186405 13
      vertex 12.675570478524756 1.2559792126122842 13
    endloop
  endfacet
  facet normal 0.8819212643483475 -0.47139673682601163 0
    outer loop
      vertex 12.78251197878161 1.4658637244908648 10.1
      vertex 12.78251197878161 1.4658637244908648 13
      vertex 12.726980427434896 1.3619714992186405 13
    endloop
  endfacet
  facet normal 0.8627343859777945 -0.50565737337798 0
    outer loop
      vertex 12.842079506937724 1.5674956941478464 10.1
      vertex 12.842079506937724 1.5674956941478464 13
      vertex 12.78251197878161 1.4658637244908648 13
    endloop
  endfacet
  facet normal 0.8422172337162901 -0.5391383229109945 0
    outer loop
      vertex 12.905591163092364 1.6667106990588065 10.1
      vertex 12.905591163092364 1.6667106990588065 13
      vertex 12.842079506937724 1.5674956941478464 13
    endloop
  endfacet
  facet normal 0.8204014435255078 -0.5717879602276206 0
    outer loop
      vertex 12.972949016875159 1.7633557568774194 10.1
      vertex 12.972949016875159 1.7633557568774194 13
      vertex 12.905591163092364 1.6667106990588065 13
    endloop
  endfacet
  facet normal 0.7973206537727091 -0.603555941953569 0
    outer loop
      vertex 13.044049207357766 1.857281847929502 10.1
      vertex 13.044049207357766 1.857281847929502 13
      vertex 12.972949016875159 1.7633557568774194 13
    endloop
  endfacet
  facet normal 0.7730104533627341 -0.6343932841636489 0
    outer loop
      vertex 13.118782103199909 1.948344144990551 10.1
      vertex 13.118782103199909 1.948344144990551 13
      vertex 13.044049207357766 1.857281847929502 13
    endloop
  endfacet
  facet normal 0.747508326862606 -0.6642524379112712 0
    outer loop
      vertex 13.197032471692943 2.0364022365988252 10.1
      vertex 13.197032471692943 2.0364022365988252 13
      vertex 13.118782103199909 1.948344144990551 13
    endloop
  endfacet
  facet normal 0.7208535967029197 -0.693087362545635 0
    outer loop
      vertex 13.278679656440357 2.121320343559643 10.1
      vertex 13.278679656440357 2.121320343559643 13
      vertex 13.197032471692943 2.0364022365988252 13
    endloop
  endfacet
  facet normal 0.6930873625456294 -0.7208535967029251 0
    outer loop
      vertex 13.363597763401176 2.202967528307057 10.1
      vertex 13.363597763401176 2.202967528307057 13
      vertex 13.278679656440357 2.121320343559643 13
    endloop
  endfacet
  facet normal 0.6642524379112844 -0.7475083268625944 0
    outer loop
      vertex 13.451655855009449 2.2812178968000927 10.1
      vertex 13.451655855009449 2.2812178968000927 13
      vertex 13.363597763401176 2.202967528307057 13
    endloop
  endfacet
  facet normal 0.6343932841636413 -0.7730104533627405 0
    outer loop
      vertex 13.5427181520705 2.355950792642235 10.1
      vertex 13.5427181520705 2.355950792642235 13
      vertex 13.451655855009449 2.2812178968000927 13
    endloop
  endfacet
  facet normal 0.6035559419535768 -0.7973206537727032 0
    outer loop
      vertex 13.63664424312258 2.4270509831248424 10.1
      vertex 13.63664424312258 2.4270509831248424 13
      vertex 13.5427181520705 2.355950792642235 13
    endloop
  endfacet
  facet normal 0.5717879602276044 -0.8204014435255192 0
    outer loop
      vertex 13.733289300941195 2.4944088369076356 10.1
      vertex 13.733289300941195 2.4944088369076356 13
      vertex 13.63664424312258 2.4270509831248424 13
    endloop
  endfacet
  facet normal 0.5391383229110043 -0.8422172337162839 0
    outer loop
      vertex 13.832504305852154 2.557920493062277 10.1
      vertex 13.832504305852154 2.557920493062277 13
      vertex 13.733289300941195 2.4944088369076356 13
    endloop
  endfacet
  facet normal 0.5056573733779828 -0.862734385977793 0
    outer loop
      vertex 13.934136275509136 2.6174880212183913 10.1
      vertex 13.934136275509136 2.6174880212183913 13
      vertex 13.832504305852154 2.557920493062277 13
    endloop
  endfacet
  facet normal 0.47139673682600075 -0.8819212643483534 0
    outer loop
      vertex 14.03802850078136 2.673019572565104 10.1
      vertex 14.03802850078136 2.673019572565104 13
      vertex 13.934136275509136 2.6174880212183913 13
    endloop
  endfacet
  facet normal 0.43640924067333603 -0.8997482840522244 0
    outer loop
      vertex 14.144020787387717 2.7244295214752436 10.1
      vertex 14.144020787387717 2.7244295214752436 13
      vertex 14.03802850078136 2.673019572565104 13
    endloop
  endfacet
  facet normal 0.40074883310314247 -0.9161879571171354 0
    outer loop
      vertex 14.251949702904732 2.77163859753386 10.1
      vertex 14.251949702904732 2.77163859753386 13
      vertex 14.144020787387717 2.7244295214752436 13
    endloop
  endfacet
  facet normal 0.36447049987915386 -0.9312149347588019 0
    outer loop
      vertex 14.361648828767521 2.8145740077674524 10.1
      vertex 14.361648828767521 2.8145740077674524 13
      vertex 14.251949702904732 2.77163859753386 13
    endloop
  endfacet
  facet normal 0.32763017956168883 -0.9448060464668796 0
    outer loop
      vertex 14.472949016875159 2.8531695488854605 10.1
      vertex 14.472949016875159 2.8531695488854605 13
      vertex 14.361648828767521 2.8145740077674524 13
    endloop
  endfacet
  facet normal 0.29028467725446855 -0.9569403357322072 0
    outer loop
      vertex 14.585678650404777 2.887365709360942 10.1
      vertex 14.585678650404777 2.887365709360942 13
      vertex 14.472949016875159 2.8531695488854605 13
    endloop
  endfacet
  facet normal 0.2524915770151509 -0.9675990923602615 0
    outer loop
      vertex 14.699663908432285 2.9171097611930294 10.1
      vertex 14.699663908432285 2.9171097611930294 13
      vertex 14.585678650404777 2.887365709360942 13
    endloop
  endfacet
  facet normal 0.21430915306505646 -0.9767658813208712 0
    outer loop
      vertex 14.814729033951615 2.9423558412096913 10.1
      vertex 14.814729033951615 2.9423558412096913 13
      vertex 14.699663908432285 2.9171097611930294 13
    endloop
  endfacet
  facet normal 0.17579627993435348 -0.9844265680898918 0
    outer loop
      vertex 14.930696604879309 2.9630650217854133 10.1
      vertex 14.930696604879309 2.9630650217854133 13
      vertex 14.814729033951615 2.9423558412096913 13
    endloop
  endfacet
  facet normal 0.13701234168196733 -0.9905693404435774 0
    outer loop
      vertex 15.047387807626487 2.9792053708647788 10.1
      vertex 15.047387807626487 2.9792053708647788 13
      vertex 14.930696604879309 2.9630650217854133 13
    endloop
  endfacet
  facet normal 0.0980171403295605 -0.9951847266721969 0
    outer loop
      vertex 15.164622712816465 2.990752001199384 10.1
      vertex 15.164622712816465 2.990752001199384 13
      vertex 15.047387807626487 2.9792053708647788 13
    endloop
  endfacet
  facet normal 0.05887080365118834 -0.9982656101847159 0
    outer loop
      vertex 15.282220552722794 2.9976871087221686 10.1
      vertex 15.282220552722794 2.9976871087221686 13
      vertex 15.164622712816465 2.990752001199384 13
    endloop
  endfacet
  facet normal 0.01963369246063007 -0.9998072404820648 0
    outer loop
      vertex 15.4 3 10.1
      vertex 15.4 3 13
      vertex 15.282220552722794 2.9976871087221686 13
    endloop
  endfacet
  facet normal -0.471396736826007 -0.88192126434835 0
    outer loop
      vertex 16.865863724490865 2.6174880212183913 10.1
      vertex 16.865863724490865 2.6174880212183913 13
      vertex 16.761971499218642 2.673019572565104 13
    endloop
  endfacet
  facet normal -0.5056573733779828 -0.862734385977793 0
    outer loop
      vertex 16.967495694147846 2.557920493062277 10.1
      vertex 16.967495694147846 2.557920493062277 13
      vertex 16.865863724490865 2.6174880212183913 13
    endloop
  endfacet
  facet normal -0.5717879602276114 -0.8204014435255143 0
    outer loop
      vertex 17.16335575687742 2.4270509831248424 10.1
      vertex 17.16335575687742 2.4270509831248424 13
      vertex 17.066710699058806 2.4944088369076356 13
    endloop
  endfacet
  facet normal -0.5391383229110043 -0.8422172337162839 0
    outer loop
      vertex 17.066710699058806 2.4944088369076356 10.1
      vertex 17.066710699058806 2.4944088369076356 13
      vertex 16.967495694147846 2.557920493062277 13
    endloop
  endfacet
  facet normal -0.6035559419535695 -0.7973206537727087 0
    outer loop
      vertex 17.2572818479295 2.355950792642235 10.1
      vertex 17.2572818479295 2.355950792642235 13
      vertex 17.16335575687742 2.4270509831248424 13
    endloop
  endfacet
  facet normal -0.01963369246063007 -0.9998072404820648 0
    outer loop
      vertex 15.517779447277206 2.9976871087221686 10.1
      vertex 15.517779447277206 2.9976871087221686 13
      vertex 15.4 3 13
    endloop
  endfacet
  facet normal -0.05887080365118834 -0.9982656101847159 0
    outer loop
      vertex 15.635377287183536 2.990752001199384 10.1
      vertex 15.635377287183536 2.990752001199384 13
      vertex 15.517779447277206 2.9976871087221686 13
    endloop
  endfacet
  facet normal -0.0980171403295605 -0.9951847266721969 0
    outer loop
      vertex 15.752612192373514 2.9792053708647788 10.1
      vertex 15.752612192373514 2.9792053708647788 13
      vertex 15.635377287183536 2.990752001199384 13
    endloop
  endfacet
  facet normal -0.13701234168196733 -0.9905693404435774 0
    outer loop
      vertex 15.869303395120692 2.9630650217854133 10.1
      vertex 15.869303395120692 2.9630650217854133 13
      vertex 15.752612192373514 2.9792053708647788 13
    endloop
  endfacet
  facet normal -0.17579627993435348 -0.9844265680898918 0
    outer loop
      vertex 15.985270966048386 2.9423558412096913 10.1
      vertex 15.985270966048386 2.9423558412096913 13
      vertex 15.869303395120692 2.9630650217854133 13
    endloop
  endfacet
  facet normal -0.21430915306505646 -0.9767658813208712 0
    outer loop
      vertex 16.100336091567716 2.9171097611930294 10.1
      vertex 16.100336091567716 2.9171097611930294 13
      vertex 15.985270966048386 2.9423558412096913 13
    endloop
  endfacet
  facet normal -0.2524915770151509 -0.9675990923602615 0
    outer loop
      vertex 16.214321349595224 2.887365709360942 10.1
      vertex 16.214321349595224 2.887365709360942 13
      vertex 16.100336091567716 2.9171097611930294 13
    endloop
  endfacet
  facet normal -0.29028467725446855 -0.9569403357322072 0
    outer loop
      vertex 16.327050983124842 2.8531695488854605 10.1
      vertex 16.327050983124842 2.8531695488854605 13
      vertex 16.214321349595224 2.887365709360942 13
    endloop
  endfacet
  facet normal -0.32763017956168883 -0.9448060464668796 0
    outer loop
      vertex 16.43835117123248 2.8145740077674524 10.1
      vertex 16.43835117123248 2.8145740077674524 13
      vertex 16.327050983124842 2.8531695488854605 13
    endloop
  endfacet
  facet normal -0.36447049987915386 -0.9312149347588019 0
    outer loop
      vertex 16.54805029709527 2.77163859753386 10.1
      vertex 16.54805029709527 2.77163859753386 13
      vertex 16.43835117123248 2.8145740077674524 13
    endloop
  endfacet
  facet normal -0.40074883310314247 -0.9161879571171354 0
    outer loop
      vertex 16.655979212612284 2.7244295214752436 10.1
      vertex 16.655979212612284 2.7244295214752436 13
      vertex 16.54805029709527 2.77163859753386 13
    endloop
  endfacet
  facet normal -0.43640924067333015 -0.8997482840522274 0
    outer loop
      vertex 16.761971499218642 2.673019572565104 10.1
      vertex 16.761971499218642 2.673019572565104 13
      vertex 16.655979212612284 2.7244295214752436 13
    endloop
  endfacet
  facet normal 0 0 1
    outer loop
      vertex 17.602967528307058 -2.0364022365988252 10.1
      vertex 17.681217896800092 1.948344144990551 10.1
      vertex 17.602967528307058 2.0364022365988252 10.1
    endloop
  endfacet
  facet normal 0 0 1
    outer loop
      vertex 17.2572818479295 -2.355950792642235 10.1
      vertex 17.348344144990552 2.2812178968000927 10.1
      vertex 17.2572818479295 2.355950792642235 10.1
    endloop
  endfacet
  facet normal 0 0 1
    outer loop
      vertex 17.348344144990552 -2.2812178968000927 10.1
      vertex 17.436402236598827 2.202967528307057 10.1
      vertex 17.348344144990552 2.2812178968000927 10.1
    endloop
  endfacet
  facet normal 0 0 1
    outer loop
      vertex 17.436402236598827 -2.202967528307057 10.1
      vertex 17.521320343559644 2.121320343559643 10.1
      vertex 17.436402236598827 2.202967528307057 10.1
    endloop
  endfacet
  facet normal 0 0 1
    outer loop
      vertex 17.521320343559644 -2.121320343559643 10.1
      vertex 17.602967528307058 2.0364022365988252 10.1
      vertex 17.521320343559644 2.121320343559643 10.1
    endloop
  endfacet
  facet normal 0 0 1
    outer loop
      vertex 17.681217896800092 -1.948344144990551 10.1
      vertex 17.755950792642235 1.857281847929502 10.1
      vertex 17.681217896800092 1.948344144990551 10.1
    endloop
  endfacet
  facet normal 0 0 1
    outer loop
      vertex 17.755950792642235 -1.857281847929502 10.1
      vertex 17.827050983124842 1.7633557568774194 10.1
      vertex 17.755950792642235 1.857281847929502 10.1
    endloop
  endfacet
  facet normal 0 0 1
    outer loop
      vertex 17.827050983124842 -1.7633557568774194 10.1
      vertex 17.894408836907637 1.6667106990588065 10.1
      vertex 17.827050983124842 1.7633557568774194 10.1
    endloop
  endfacet
  facet normal 0 0 1
    outer loop
      vertex 17.894408836907637 -1.6667106990588065 10.1
      vertex 17.95792049306228 1.5674956941478464 10.1
      vertex 17.894408836907637 1.6667106990588065 10.1
    endloop
  endfacet
  facet normal 0 0 1
    outer loop
      vertex 17.95792049306228 -1.5674956941478464 10.1
      vertex 18.01748802121839 1.4658637244908648 10.1
      vertex 17.95792049306228 1.5674956941478464 10.1
    endloop
  endfacet
  facet normal 0 0 1
    outer loop
      vertex 18.01748802121839 -1.4658637244908648 10.1
      vertex 18.073019572565105 1.3619714992186405 10.1
      vertex 18.01748802121839 1.4658637244908648 10.1
    endloop
  endfacet
  facet normal 0 0 1
    outer loop
      vertex 18.124429521475243 -1.2559792126122842 10.1
      vertex 18.17163859753386 1.1480502970952693 10.1
      vertex 18.124429521475243 1.2559792126122842 10.1
    endloop
  endfacet
  facet normal 0 0 1
    outer loop
      vertex 18.073019572565105 -1.3619714992186405 10.1
      vertex 18.124429521475243 1.2559792126122842 10.1
      vertex 18.073019572565105 1.3619714992186405 10.1
    endloop
  endfacet
  facet normal 0 0 1
    outer loop
      vertex 18.214574007767453 -1.0383511712324789 10.1
      vertex 18.25316954888546 0.9270509831248421 10.1
      vertex 18.214574007767453 1.0383511712324789 10.1
    endloop
  endfacet
  facet normal 0 0 1
    outer loop
      vertex 18.34235584120969 -0.5852709660483848 10.1
      vertex 18.363065021785413 0.46930339512069263 10.1
      vertex 18.34235584120969 0.5852709660483848 10.1
    endloop
  endfacet
  facet normal 0 0 1
    outer loop
      vertex 18.28736570936094 -0.8143213495952228 10.1
      vertex 18.31710976119303 0.7003360915677161 10.1
      vertex 18.28736570936094 0.8143213495952228 10.1
    endloop
  endfacet
  facet normal 0 0 1
    outer loop
      vertex 18.25316954888546 -0.9270509831248421 10.1
      vertex 18.28736570936094 0.8143213495952228 10.1
      vertex 18.25316954888546 0.9270509831248421 10.1
    endloop
  endfacet
  facet normal 0 0 1
    outer loop
      vertex 18.31710976119303 -0.7003360915677161 10.1
      vertex 18.34235584120969 0.5852709660483848 10.1
      vertex 18.31710976119303 0.7003360915677161 10.1
    endloop
  endfacet
  facet normal 0 0 1
    outer loop
      vertex 18.17163859753386 -1.1480502970952693 10.1
      vertex 18.214574007767453 1.0383511712324789 10.1
      vertex 18.17163859753386 1.1480502970952693 10.1
    endloop
  endfacet
  facet normal 0 0 1
    outer loop
      vertex 18.390752001199385 -0.23537728718353484 10.1
      vertex 18.39768710872217 0.11777944727720582 10.1
      vertex 18.390752001199385 0.23537728718353484 10.1
    endloop
  endfacet
  facet normal 0 0 1
    outer loop
      vertex 18.379205370864778 -0.35261219237351293 10.1
      vertex 18.390752001199385 0.23537728718353484 10.1
      vertex 18.379205370864778 0.35261219237351293 10.1
    endloop
  endfacet
  facet normal 0 0 1
    outer loop
      vertex 18.39768710872217 -0.11777944727720582 10.1
      vertex 18.4 0 10.1
      vertex 18.39768710872217 0.11777944727720582 10.1
    endloop
  endfacet
  facet normal 0 0 1
    outer loop
      vertex 18.363065021785413 -0.46930339512069263 10.1
      vertex 18.379205370864778 0.35261219237351293 10.1
      vertex 18.363065021785413 0.46930339512069263 10.1
    endloop
  endfacet
  facet normal -0.9161879571171319 -0.4007488331031505 0
    outer loop
      vertex 18.124429521475243 1.2559792126122842 10.1
      vertex 18.17163859753386 1.1480502970952693 10.1
      vertex 18.124429521475243 1.2559792126122842 13
    endloop
  endfacet
  facet normal -0.664252437911277 -0.7475083268626012 0
    outer loop
      vertex 17.348344144990552 2.2812178968000927 10.1
      vertex 17.436402236598827 2.202967528307057 10.1
      vertex 17.348344144990552 2.2812178968000927 13
    endloop
  endfacet
  facet normal -0.6930873625456369 -0.7208535967029178 0
    outer loop
      vertex 17.436402236598827 2.202967528307057 10.1
      vertex 17.521320343559644 2.121320343559643 10.1
      vertex 17.436402236598827 2.202967528307057 13
    endloop
  endfacet
  facet normal -0.6343932841636413 -0.7730104533627405 7.863959353697535e-19
    outer loop
      vertex 17.348344144990552 2.2812178968000927 10.1
      vertex 17.2572818479295 2.355950792642235 13
      vertex 17.2572818479295 2.355950792642235 10.1
    endloop
  endfacet
  facet normal -0.7208535967029197 -0.693087362545635 0
    outer loop
      vertex 17.521320343559644 2.121320343559643 10.1
      vertex 17.602967528307058 2.0364022365988252 10.1
      vertex 17.521320343559644 2.121320343559643 13
    endloop
  endfacet
  facet normal -0.747508326862606 -0.6642524379112712 -2.5802512550864157e-19
    outer loop
      vertex 17.681217896800092 1.948344144990551 10.1
      vertex 17.602967528307058 2.0364022365988252 13
      vertex 17.602967528307058 2.0364022365988252 10.1
    endloop
  endfacet
  facet normal -0.8422172337162833 -0.5391383229110052 0
    outer loop
      vertex 17.894408836907637 1.6667106990588065 10.1
      vertex 17.95792049306228 1.5674956941478464 10.1
      vertex 17.894408836907637 1.6667106990588065 13
    endloop
  endfacet
  facet normal -0.7730104533627341 -0.6343932841636489 0
    outer loop
      vertex 17.681217896800092 1.948344144990551 10.1
      vertex 17.755950792642235 1.857281847929502 10.1
      vertex 17.681217896800092 1.948344144990551 13
    endloop
  endfacet
  facet normal -0.7973206537727091 -0.603555941953569 0
    outer loop
      vertex 17.755950792642235 1.857281847929502 10.1
      vertex 17.827050983124842 1.7633557568774194 10.1
      vertex 17.755950792642235 1.857281847929502 13
    endloop
  endfacet
  facet normal -0.8204014435255078 -0.5717879602276206 0
    outer loop
      vertex 17.827050983124842 1.7633557568774194 10.1
      vertex 17.894408836907637 1.6667106990588065 10.1
      vertex 17.827050983124842 1.7633557568774194 13
    endloop
  endfacet
  facet normal -0.862734385977801 -0.5056573733779688 2.948594933028216e-19
    outer loop
      vertex 18.01748802121839 1.4658637244908648 10.1
      vertex 17.95792049306228 1.5674956941478464 13
      vertex 17.95792049306228 1.5674956941478464 10.1
    endloop
  endfacet
  facet normal -0.8819212643483475 -0.47139673682601163 0
    outer loop
      vertex 18.01748802121839 1.4658637244908648 10.1
      vertex 18.073019572565105 1.3619714992186405 10.1
      vertex 18.01748802121839 1.4658637244908648 13
    endloop
  endfacet
  facet normal -0.8997482840522308 -0.43640924067332304 -2.5601390037183093e-20
    outer loop
      vertex 18.124429521475243 1.2559792126122842 10.1
      vertex 18.073019572565105 1.3619714992186405 13
      vertex 18.073019572565105 1.3619714992186405 10.1
    endloop
  endfacet
  facet normal -0.984426568089892 -0.17579627993435246 6.010392693194201e-19
    outer loop
      vertex 18.363065021785413 0.46930339512069263 10.1
      vertex 18.34235584120969 0.5852709660483848 13
      vertex 18.34235584120969 0.5852709660483848 10.1
    endloop
  endfacet
  facet normal -0.9767658813208734 -0.21430915306504614 3.290178005284459e-19
    outer loop
      vertex 18.34235584120969 0.5852709660483848 10.1
      vertex 18.31710976119303 0.7003360915677161 13
      vertex 18.31710976119303 0.7003360915677161 10.1
    endloop
  endfacet
  facet normal -0.9998072404820653 -0.019633692460603726 -3.3752520883332337e-20
    outer loop
      vertex 18.4 0 10.1
      vertex 18.39768710872217 0.11777944727720582 13
      vertex 18.39768710872217 0.11777944727720582 10.1
    endloop
  endfacet
  facet normal -0.9982656101847155 -0.05887080365119599 1.215329321640728e-19
    outer loop
      vertex 18.39768710872217 0.11777944727720582 10.1
      vertex 18.390752001199385 0.23537728718353484 13
      vertex 18.390752001199385 0.23537728718353484 10.1
    endloop
  endfacet
  facet normal -0.9951847266721955 -0.09801714032957531 -1.7061240774203545e-19
    outer loop
      vertex 18.390752001199385 0.23537728718353484 10.1
      vertex 18.379205370864778 0.35261219237351293 13
      vertex 18.379205370864778 0.35261219237351293 10.1
    endloop
  endfacet
  facet normal -0.9905693404435786 -0.13701234168195853 0
    outer loop
      vertex 18.363065021785413 0.46930339512069263 10.1
      vertex 18.379205370864778 0.35261219237351293 10.1
      vertex 18.363065021785413 0.46930339512069263 13
    endloop
  endfacet
  facet normal -0.9675990923602563 -0.2524915770151718 0
    outer loop
      vertex 18.28736570936094 0.8143213495952228 10.1
      vertex 18.31710976119303 0.7003360915677161 10.1
      vertex 18.28736570936094 0.8143213495952228 13
    endloop
  endfacet
  facet normal -0.9569403357322079 -0.2902846772544654 0
    outer loop
      vertex 18.25316954888546 0.9270509831248421 10.1
      vertex 18.28736570936094 0.8143213495952228 10.1
      vertex 18.25316954888546 0.9270509831248421 13
    endloop
  endfacet
  facet normal -0.9312149347588017 -0.36447049987915464 0
    outer loop
      vertex 18.17163859753386 1.1480502970952693 10.1
      vertex 18.214574007767453 1.0383511712324789 10.1
      vertex 18.17163859753386 1.1480502970952693 13
    endloop
  endfacet
  facet normal -0.9448060464668834 -0.3276301795616783 4.950379637223476e-19
    outer loop
      vertex 18.25316954888546 0.9270509831248421 10.1
      vertex 18.214574007767453 1.0383511712324789 13
      vertex 18.214574007767453 1.0383511712324789 10.1
    endloop
  endfacet
  facet normal -0.8997482840522308 -0.43640924067332304 0
    outer loop
      vertex 18.124429521475243 1.2559792126122842 10.1
      vertex 18.124429521475243 1.2559792126122842 13
      vertex 18.073019572565105 1.3619714992186405 13
    endloop
  endfacet
  facet normal -0.747508326862606 -0.6642524379112712 0
    outer loop
      vertex 17.681217896800092 1.948344144990551 10.1
      vertex 17.681217896800092 1.948344144990551 13
      vertex 17.602967528307058 2.0364022365988252 13
    endloop
  endfacet
  facet normal -0.6343932841636413 -0.7730104533627405 0
    outer loop
      vertex 17.348344144990552 2.2812178968000927 10.1
      vertex 17.348344144990552 2.2812178968000927 13
      vertex 17.2572818479295 2.355950792642235 13
    endloop
  endfacet
  facet normal -0.664252437911277 -0.7475083268626012 0
    outer loop
      vertex 17.436402236598827 2.202967528307057 10.1
      vertex 17.436402236598827 2.202967528307057 13
      vertex 17.348344144990552 2.2812178968000927 13
    endloop
  endfacet
  facet normal -0.6930873625456369 -0.7208535967029178 0
    outer loop
      vertex 17.521320343559644 2.121320343559643 10.1
      vertex 17.521320343559644 2.121320343559643 13
      vertex 17.436402236598827 2.202967528307057 13
    endloop
  endfacet
  facet normal -0.7208535967029197 -0.693087362545635 0
    outer loop
      vertex 17.602967528307058 2.0364022365988252 10.1
      vertex 17.602967528307058 2.0364022365988252 13
      vertex 17.521320343559644 2.121320343559643 13
    endloop
  endfacet
  facet normal -0.7973206537727091 -0.603555941953569 0
    outer loop
      vertex 17.827050983124842 1.7633557568774194 10.1
      vertex 17.827050983124842 1.7633557568774194 13
      vertex 17.755950792642235 1.857281847929502 13
    endloop
  endfacet
  facet normal -0.7730104533627341 -0.6343932841636489 0
    outer loop
      vertex 17.755950792642235 1.857281847929502 10.1
      vertex 17.755950792642235 1.857281847929502 13
      vertex 17.681217896800092 1.948344144990551 13
    endloop
  endfacet
  facet normal -0.8204014435255078 -0.5717879602276206 0
    outer loop
      vertex 17.894408836907637 1.6667106990588065 10.1
      vertex 17.894408836907637 1.6667106990588065 13
      vertex 17.827050983124842 1.7633557568774194 13
    endloop
  endfacet
  facet normal -0.8422172337162833 -0.5391383229110052 0
    outer loop
      vertex 17.95792049306228 1.5674956941478464 10.1
      vertex 17.95792049306228 1.5674956941478464 13
      vertex 17.894408836907637 1.6667106990588065 13
    endloop
  endfacet
  facet normal -0.862734385977801 -0.5056573733779688 0
    outer loop
      vertex 18.01748802121839 1.4658637244908648 10.1
      vertex 18.01748802121839 1.4658637244908648 13
      vertex 17.95792049306228 1.5674956941478464 13
    endloop
  endfacet
  facet normal -0.8819212643483475 -0.47139673682601163 0
    outer loop
      vertex 18.073019572565105 1.3619714992186405 10.1
      vertex 18.073019572565105 1.3619714992186405 13
      vertex 18.01748802121839 1.4658637244908648 13
    endloop
  endfacet
  facet normal -0.984426568089892 -0.17579627993435246 0
    outer loop
      vertex 18.363065021785413 0.46930339512069263 10.1
      vertex 18.363065021785413 0.46930339512069263 13
      vertex 18.34235584120969 0.5852709660483848 13
    endloop
  endfacet
  facet normal -0.9767658813208734 -0.21430915306504614 0
    outer loop
      vertex 18.34235584120969 0.5852709660483848 10.1
      vertex 18.34235584120969 0.5852709660483848 13
      vertex 18.31710976119303 0.7003360915677161 13
    endloop
  endfacet
  facet normal -0.9998072404820653 -0.019633692460603726 0
    outer loop
      vertex 18.4 0 10.1
      vertex 18.4 0 13
      vertex 18.39768710872217 0.11777944727720582 13
    endloop
  endfacet
  facet normal -0.9982656101847155 -0.05887080365119599 0
    outer loop
      vertex 18.39768710872217 0.11777944727720582 10.1
      vertex 18.39768710872217 0.11777944727720582 13
      vertex 18.390752001199385 0.23537728718353484 13
    endloop
  endfacet
  facet normal -0.9951847266721955 -0.09801714032957531 0
    outer loop
      vertex 18.390752001199385 0.23537728718353484 10.1
      vertex 18.390752001199385 0.23537728718353484 13
      vertex 18.379205370864778 0.35261219237351293 13
    endloop
  endfacet
  facet normal -0.9905693404435786 -0.13701234168195853 0
    outer loop
      vertex 18.379205370864778 0.35261219237351293 10.1
      vertex 18.379205370864778 0.35261219237351293 13
      vertex 18.363065021785413 0.46930339512069263 13
    endloop
  endfacet
  facet normal -0.9448060464668834 -0.3276301795616783 0
    outer loop
      vertex 18.25316954888546 0.9270509831248421 10.1
      vertex 18.25316954888546 0.9270509831248421 13
      vertex 18.214574007767453 1.0383511712324789 13
    endloop
  endfacet
  facet normal -0.9675990923602563 -0.2524915770151718 0
    outer loop
      vertex 18.31710976119303 0.7003360915677161 10.1
      vertex 18.31710976119303 0.7003360915677161 13
      vertex 18.28736570936094 0.8143213495952228 13
    endloop
  endfacet
  facet normal -0.9569403357322079 -0.2902846772544654 0
    outer loop
      vertex 18.28736570936094 0.8143213495952228 10.1
      vertex 18.28736570936094 0.8143213495952228 13
      vertex 18.25316954888546 0.9270509831248421 13
    endloop
  endfacet
  facet normal -0.9312149347588017 -0.36447049987915464 0
    outer loop
      vertex 18.214574007767453 1.0383511712324789 10.1
      vertex 18.214574007767453 1.0383511712324789 13
      vertex 18.17163859753386 1.1480502970952693 13
    endloop
  endfacet
  facet normal -0.9161879571171319 -0.4007488331031505 0
    outer loop
      vertex 18.17163859753386 1.1480502970952693 10.1
      vertex 18.17163859753386 1.1480502970952693 13
      vertex 18.124429521475243 1.2559792126122842 13
    endloop
  endfacet
  facet normal 0.7730104533627266 0.6343932841636583 -1.0343652808326829e-18
    outer loop
      vertex 41.76827464619987 -2.7601542054032806 0
      vertex 41.66240304375683 -2.6311492845667943 0
      vertex 41.66240304375683 -2.6311492845667943 4
    endloop
  endfacet
  facet normal 0.7475083268625996 0.6642524379112785 0
    outer loop
      vertex 41.76827464619987 -2.7601542054032806 0
      vertex 41.76827464619987 -2.7601542054032806 4
      vertex 41.87912933489834 -2.8849031685150024 0
    endloop
  endfacet
  facet normal 0.720853596702931 0.6930873625456231 0
    outer loop
      vertex 41.87912933489834 -2.8849031685150024 0
      vertex 41.87912933489834 -2.8849031685150024 4
      vertex 41.99479617995717 -3.0052038200428273 0
    endloop
  endfacet
  facet normal 0.6930873625456262 0.7208535967029281 0
    outer loop
      vertex 41.99479617995717 -3.0052038200428273 0
      vertex 41.99479617995717 -3.0052038200428273 4
      vertex 42.115096831485 -3.1208706651016636 0
    endloop
  endfacet
  facet normal 0.6642524379112854 0.7475083268625935 0
    outer loop
      vertex 42.115096831485 -3.1208706651016636 0
      vertex 42.115096831485 -3.1208706651016636 4
      vertex 42.23984579459672 -3.2317253538001314 0
    endloop
  endfacet
  facet normal 0.9312149347588085 0.36447049987913743 2.052293129838857e-19
    outer loop
      vertex 41.07351198682703 -1.6264045875516315 0
      vertex 41.01268682232944 -1.470997492579345 0
      vertex 41.01268682232944 -1.470997492579345 4
    endloop
  endfacet
  facet normal 0.9448060464668777 0.32763017956169455 -1.23212631966148e-18
    outer loop
      vertex 41.01268682232944 -1.470997492579345 0
      vertex 40.9580098057456 -1.3133222260935264 0
      vertex 40.9580098057456 -1.3133222260935264 4
    endloop
  endfacet
  facet normal 0.8997482840522256 0.4364092406733336 0
    outer loop
      vertex 41.14039151124341 -1.7793038845340694 0
      vertex 41.14039151124341 -1.7793038845340694 4
      vertex 41.21322227219944 -1.929459623893074 0
    endloop
  endfacet
  facet normal 0.9161879571171234 0.4007488331031696 0
    outer loop
      vertex 41.07351198682703 -1.6264045875516315 0
      vertex 41.07351198682703 -1.6264045875516315 4
      vertex 41.14039151124341 -1.7793038845340694 0
    endloop
  endfacet
  facet normal 0.8819212643483527 0.47139673682600186 1.2160076583418152e-18
    outer loop
      vertex 41.291891969940615 -2.0766402763620584 0
      vertex 41.21322227219944 -1.929459623893074 0
      vertex 41.21322227219944 -1.929459623893074 4
    endloop
  endfacet
  facet normal 0.9767658813208723 0.21430915306505108 0
    outer loop
      vertex 40.83166255828627 -0.8291338685685451 0
      vertex 40.83166255828627 -0.8291338685685451 4
      vertex 40.86742783830987 -0.992142796387598 0
    endloop
  endfacet
  facet normal 0.9844265680898945 0.17579627993433866 -3.7361561605638935e-19
    outer loop
      vertex 40.83166255828627 -0.8291338685685451 0
      vertex 40.802324552470665 -0.6648464764209812 0
      vertex 40.802324552470665 -0.6648464764209812 4
    endloop
  endfacet
  facet normal 0.9905693404435786 0.1370123416819586 -1.5302571377725072e-19
    outer loop
      vertex 40.802324552470665 -0.6648464764209812 0
      vertex 40.779459057941565 -0.49953393919581 0
      vertex 40.779459057941565 -0.49953393919581 4
    endloop
  endfacet
  facet normal 0.995184726672194 0.09801714032958934 1.2053565010867048e-19
    outer loop
      vertex 40.779459057941565 -0.49953393919581 0
      vertex 40.7631013316342 -0.33345115684334103 0
      vertex 40.7631013316342 -0.33345115684334103 4
    endloop
  endfacet
  facet normal 0.9982656101847169 0.05887080365117125 -7.638269342910616e-20
    outer loop
      vertex 40.7631013316342 -0.33345115684334103 0
      vertex 40.75327659597693 -0.16685421697604158 0
      vertex 40.75327659597693 -0.16685421697604158 4
    endloop
  endfacet
  facet normal 0.9998072404820649 0.019633692460630327 5.990578784071555e-20
    outer loop
      vertex 40.75327659597693 -0.16685421697604158 0
      vertex 40.75 0 0
      vertex 40.75 0 4
    endloop
  endfacet
  facet normal 0.956940335732215 0.29028467725444235 -5.722026031931764e-19
    outer loop
      vertex 40.9580098057456 -1.3133222260935264 0
      vertex 40.909565245072 -1.1536219119265656 0
      vertex 40.909565245072 -1.1536219119265656 4
    endloop
  endfacet
  facet normal 0.9675990923602519 0.2524915770151886 -3.1833734913132463e-19
    outer loop
      vertex 40.909565245072 -1.1536219119265656 0
      vertex 40.86742783830987 -0.992142796387598 0
      vertex 40.86742783830987 -0.992142796387598 4
    endloop
  endfacet
  facet normal 0.8204014435255083 0.5717879602276198 0
    outer loop
      vertex 41.46625414771418 -2.361173490333309 0
      vertex 41.46625414771418 -2.361173490333309 4
      vertex 41.561677773906474 -2.498087322243011 0
    endloop
  endfacet
  facet normal 0.8422172337162948 0.5391383229109873 -1.1317379027597923e-18
    outer loop
      vertex 41.46625414771418 -2.361173490333309 0
      vertex 41.37627930149511 -2.2206189000427825 0
      vertex 41.37627930149511 -2.2206189000427825 4
    endloop
  endfacet
  facet normal 0.8627343859777928 0.505657373377983 0
    outer loop
      vertex 41.291891969940615 -2.0766402763620584 0
      vertex 41.291891969940615 -2.0766402763620584 4
      vertex 41.37627930149511 -2.2206189000427825 0
    endloop
  endfacet
  facet normal 0.7973206537727148 0.6035559419535613 0
    outer loop
      vertex 41.561677773906474 -2.498087322243011 0
      vertex 41.561677773906474 -2.498087322243011 4
      vertex 41.66240304375683 -2.6311492845667943 0
    endloop
  endfacet
  facet normal 0.6035559419535625 0.7973206537727139 0
    outer loop
      vertex 42.368850715433204 -3.337596956243166 0
      vertex 42.368850715433204 -3.337596956243166 4
      vertex 42.50191267775699 -3.4383222260935264 0
    endloop
  endfacet
  facet normal 0.5717879602276109 0.8204014435255146 0
    outer loop
      vertex 42.50191267775699 -3.4383222260935264 0
      vertex 42.50191267775699 -3.4383222260935264 4
      vertex 42.63882650966669 -3.533745852285817 0
    endloop
  endfacet
  facet normal 0.6343932841636455 0.773010453362737 -5.092337241738958e-19
    outer loop
      vertex 42.368850715433204 -3.337596956243166 0
      vertex 42.23984579459672 -3.2317253538001314 0
      vertex 42.23984579459672 -3.2317253538001314 4
    endloop
  endfacet
  facet normal 0.5056573733779861 0.862734385977791 0
    outer loop
      vertex 42.77938109995722 -3.623720698504892 0
      vertex 42.77938109995722 -3.623720698504892 4
      vertex 42.923359723637944 -3.708108030059388 0
    endloop
  endfacet
  facet normal 0.539138322911 0.8422172337162867 0
    outer loop
      vertex 42.63882650966669 -3.533745852285817 0
      vertex 42.63882650966669 -3.533745852285817 4
      vertex 42.77938109995722 -3.623720698504892 0
    endloop
  endfacet
  facet normal 0.47139673682600275 0.8819212643483524 0
    outer loop
      vertex 42.923359723637944 -3.708108030059388 0
      vertex 42.923359723637944 -3.708108030059388 4
      vertex 43.070540376106926 -3.7867777278005637 0
    endloop
  endfacet
  facet normal 0.3276301795616914 0.9448060464668787 0
    outer loop
      vertex 43.52900250742066 -3.9873131776705577 0
      vertex 43.52900250742066 -3.9873131776705577 4
      vertex 43.686677773906474 -4.041990194254402 0
    endloop
  endfacet
  facet normal 0.29028467725446516 0.9569403357322079 0
    outer loop
      vertex 43.686677773906474 -4.041990194254402 0
      vertex 43.686677773906474 -4.041990194254402 4
      vertex 43.846378088073436 -4.090434754928001 0
    endloop
  endfacet
  facet normal 0.252491577015155 0.9675990923602605 0
    outer loop
      vertex 43.846378088073436 -4.090434754928001 0
      vertex 43.846378088073436 -4.090434754928001 4
      vertex 44.0078572036124 -4.132572161690125 0
    endloop
  endfacet
  facet normal 0.43640924067333275 0.899748284052226 0
    outer loop
      vertex 43.070540376106926 -3.7867777278005637 0
      vertex 43.070540376106926 -3.7867777278005637 4
      vertex 43.220696115465934 -3.8596084887565953 0
    endloop
  endfacet
  facet normal 0.40074883310315135 0.9161879571171314 0
    outer loop
      vertex 43.220696115465934 -3.8596084887565953 0
      vertex 43.220696115465934 -3.8596084887565953 4
      vertex 43.37359541244837 -3.9264880131729685 0
    endloop
  endfacet
  facet normal 0.3644704998791445 0.9312149347588056 -1.0671099451015563e-18
    outer loop
      vertex 43.52900250742066 -3.9873131776705577 0
      vertex 43.37359541244837 -3.9264880131729685 0
      vertex 43.37359541244837 -3.9264880131729685 4
    endloop
  endfacet
  facet normal 0.2143091530650602 0.9767658813208704 0
    outer loop
      vertex 44.0078572036124 -4.132572161690125 0
      vertex 44.0078572036124 -4.132572161690125 4
      vertex 44.17086613143145 -4.16833744171373 0
    endloop
  endfacet
  facet normal 0.175796279934354 0.9844265680898917 0
    outer loop
      vertex 44.17086613143145 -4.16833744171373 0
      vertex 44.17086613143145 -4.16833744171373 4
      vertex 44.33515352357902 -4.197675447529336 0
    endloop
  endfacet
  facet normal 0.13701234168195947 0.9905693404435784 0
    outer loop
      vertex 44.33515352357902 -4.197675447529336 0
      vertex 44.33515352357902 -4.197675447529336 4
      vertex 44.50046606080419 -4.220540942058436 0
    endloop
  endfacet
  facet normal 0.09801714032956332 0.9951847266721967 0
    outer loop
      vertex 44.50046606080419 -4.220540942058436 0
      vertex 44.50046606080419 -4.220540942058436 4
      vertex 44.66654884315666 -4.236898668365794 0
    endloop
  endfacet
  facet normal 0.058870803651188 0.9982656101847159 0
    outer loop
      vertex 44.66654884315666 -4.236898668365794 0
      vertex 44.66654884315666 -4.236898668365794 4
      vertex 44.83314578302396 -4.246723404023072 0
    endloop
  endfacet
  facet normal 0.019633692460630348 0.9998072404820649 0
    outer loop
      vertex 44.83314578302396 -4.246723404023072 0
      vertex 44.83314578302396 -4.246723404023072 4
      vertex 45 -4.25 0
    endloop
  endfacet
  facet normal -0.019633692460630348 0.9998072404820649 0
    outer loop
      vertex 45 -4.25 0
      vertex 45 -4.25 4
      vertex 45.16685421697604 -4.246723404023072 0
    endloop
  endfacet
  facet normal -0.058870803651188 0.9982656101847159 0
    outer loop
      vertex 45.16685421697604 -4.246723404023072 0
      vertex 45.16685421697604 -4.246723404023072 4
      vertex 45.33345115684334 -4.236898668365794 0
    endloop
  endfacet
  facet normal -0.09801714032956332 0.9951847266721967 0
    outer loop
      vertex 45.33345115684334 -4.236898668365794 0
      vertex 45.33345115684334 -4.236898668365794 4
      vertex 45.49953393919581 -4.220540942058436 0
    endloop
  endfacet
  facet normal -0.13701234168195947 0.9905693404435784 0
    outer loop
      vertex 45.49953393919581 -4.220540942058436 0
      vertex 45.49953393919581 -4.220540942058436 4
      vertex 45.66484647642098 -4.197675447529336 0
    endloop
  endfacet
  facet normal -0.175796279934354 0.9844265680898917 0
    outer loop
      vertex 45.66484647642098 -4.197675447529336 0
      vertex 45.66484647642098 -4.197675447529336 4
      vertex 45.82913386856855 -4.16833744171373 0
    endloop
  endfacet
  facet normal 0.7730104533627266 0.6343932841636583 0
    outer loop
      vertex 41.76827464619987 -2.7601542054032806 0
      vertex 41.66240304375683 -2.6311492845667943 4
      vertex 41.76827464619987 -2.7601542054032806 4
    endloop
  endfacet
  facet normal 0.7475083268625996 0.6642524379112785 0
    outer loop
      vertex 41.87912933489834 -2.8849031685150024 0
      vertex 41.76827464619987 -2.7601542054032806 4
      vertex 41.87912933489834 -2.8849031685150024 4
    endloop
  endfacet
  facet normal 0.720853596702931 0.6930873625456231 0
    outer loop
      vertex 41.99479617995717 -3.0052038200428273 0
      vertex 41.87912933489834 -2.8849031685150024 4
      vertex 41.99479617995717 -3.0052038200428273 4
    endloop
  endfacet
  facet normal 0.6930873625456262 0.7208535967029281 0
    outer loop
      vertex 42.115096831485 -3.1208706651016636 0
      vertex 41.99479617995717 -3.0052038200428273 4
      vertex 42.115096831485 -3.1208706651016636 4
    endloop
  endfacet
  facet normal 0.8819212643483527 0.47139673682600186 0
    outer loop
      vertex 41.291891969940615 -2.0766402763620584 0
      vertex 41.21322227219944 -1.929459623893074 4
      vertex 41.291891969940615 -2.0766402763620584 4
    endloop
  endfacet
  facet normal 0.9312149347588085 0.36447049987913743 0
    outer loop
      vertex 41.07351198682703 -1.6264045875516315 0
      vertex 41.01268682232944 -1.470997492579345 4
      vertex 41.07351198682703 -1.6264045875516315 4
    endloop
  endfacet
  facet normal 0.9448060464668777 0.32763017956169455 0
    outer loop
      vertex 41.01268682232944 -1.470997492579345 0
      vertex 40.9580098057456 -1.3133222260935264 4
      vertex 41.01268682232944 -1.470997492579345 4
    endloop
  endfacet
  facet normal 0.9161879571171234 0.4007488331031696 0
    outer loop
      vertex 41.14039151124341 -1.7793038845340694 0
      vertex 41.07351198682703 -1.6264045875516315 4
      vertex 41.14039151124341 -1.7793038845340694 4
    endloop
  endfacet
  facet normal 0.8997482840522256 0.4364092406733336 0
    outer loop
      vertex 41.21322227219944 -1.929459623893074 0
      vertex 41.14039151124341 -1.7793038845340694 4
      vertex 41.21322227219944 -1.929459623893074 4
    endloop
  endfacet
  facet normal 0.9844265680898945 0.17579627993433866 0
    outer loop
      vertex 40.83166255828627 -0.8291338685685451 0
      vertex 40.802324552470665 -0.6648464764209812 4
      vertex 40.83166255828627 -0.8291338685685451 4
    endloop
  endfacet
  facet normal 0.9905693404435786 0.1370123416819586 0
    outer loop
      vertex 40.802324552470665 -0.6648464764209812 0
      vertex 40.779459057941565 -0.49953393919581 4
      vertex 40.802324552470665 -0.6648464764209812 4
    endloop
  endfacet
  facet normal 0.995184726672194 0.09801714032958934 0
    outer loop
      vertex 40.779459057941565 -0.49953393919581 0
      vertex 40.7631013316342 -0.33345115684334103 4
      vertex 40.779459057941565 -0.49953393919581 4
    endloop
  endfacet
  facet normal 0.9982656101847169 0.05887080365117125 0
    outer loop
      vertex 40.7631013316342 -0.33345115684334103 0
      vertex 40.75327659597693 -0.16685421697604158 4
      vertex 40.7631013316342 -0.33345115684334103 4
    endloop
  endfacet
  facet normal 0.9998072404820649 0.019633692460630327 0
    outer loop
      vertex 40.75327659597693 -0.16685421697604158 0
      vertex 40.75 0 4
      vertex 40.75327659597693 -0.16685421697604158 4
    endloop
  endfacet
  facet normal 0.956940335732215 0.29028467725444235 0
    outer loop
      vertex 40.9580098057456 -1.3133222260935264 0
      vertex 40.909565245072 -1.1536219119265656 4
      vertex 40.9580098057456 -1.3133222260935264 4
    endloop
  endfacet
  facet normal 0.9675990923602519 0.2524915770151886 0
    outer loop
      vertex 40.909565245072 -1.1536219119265656 0
      vertex 40.86742783830987 -0.992142796387598 4
      vertex 40.909565245072 -1.1536219119265656 4
    endloop
  endfacet
  facet normal 0.9767658813208723 0.21430915306505108 0
    outer loop
      vertex 40.86742783830987 -0.992142796387598 0
      vertex 40.83166255828627 -0.8291338685685451 4
      vertex 40.86742783830987 -0.992142796387598 4
    endloop
  endfacet
  facet normal 0.8627343859777928 0.505657373377983 0
    outer loop
      vertex 41.37627930149511 -2.2206189000427825 0
      vertex 41.291891969940615 -2.0766402763620584 4
      vertex 41.37627930149511 -2.2206189000427825 4
    endloop
  endfacet
  facet normal 0.8422172337162948 0.5391383229109873 0
    outer loop
      vertex 41.46625414771418 -2.361173490333309 0
      vertex 41.37627930149511 -2.2206189000427825 4
      vertex 41.46625414771418 -2.361173490333309 4
    endloop
  endfacet
  facet normal 0.7973206537727148 0.6035559419535613 0
    outer loop
      vertex 41.66240304375683 -2.6311492845667943 0
      vertex 41.561677773906474 -2.498087322243011 4
      vertex 41.66240304375683 -2.6311492845667943 4
    endloop
  endfacet
  facet normal 0.8204014435255083 0.5717879602276198 0
    outer loop
      vertex 41.561677773906474 -2.498087322243011 0
      vertex 41.46625414771418 -2.361173490333309 4
      vertex 41.561677773906474 -2.498087322243011 4
    endloop
  endfacet
  facet normal 0.6035559419535625 0.7973206537727139 0
    outer loop
      vertex 42.50191267775699 -3.4383222260935264 0
      vertex 42.368850715433204 -3.337596956243166 4
      vertex 42.50191267775699 -3.4383222260935264 4
    endloop
  endfacet
  facet normal 0.5717879602276109 0.8204014435255146 0
    outer loop
      vertex 42.63882650966669 -3.533745852285817 0
      vertex 42.50191267775699 -3.4383222260935264 4
      vertex 42.63882650966669 -3.533745852285817 4
    endloop
  endfacet
  facet normal 0.6642524379112854 0.7475083268625935 0
    outer loop
      vertex 42.23984579459672 -3.2317253538001314 0
      vertex 42.115096831485 -3.1208706651016636 4
      vertex 42.23984579459672 -3.2317253538001314 4
    endloop
  endfacet
  facet normal 0.6343932841636455 0.773010453362737 0
    outer loop
      vertex 42.368850715433204 -3.337596956243166 0
      vertex 42.23984579459672 -3.2317253538001314 4
      vertex 42.368850715433204 -3.337596956243166 4
    endloop
  endfacet
  facet normal 0.539138322911 0.8422172337162867 0
    outer loop
      vertex 42.77938109995722 -3.623720698504892 0
      vertex 42.63882650966669 -3.533745852285817 4
      vertex 42.77938109995722 -3.623720698504892 4
    endloop
  endfacet
  facet normal 0.5056573733779861 0.862734385977791 0
    outer loop
      vertex 42.923359723637944 -3.708108030059388 0
      vertex 42.77938109995722 -3.623720698504892 4
      vertex 42.923359723637944 -3.708108030059388 4
    endloop
  endfacet
  facet normal 0.47139673682600275 0.8819212643483524 0
    outer loop
      vertex 43.070540376106926 -3.7867777278005637 0
      vertex 42.923359723637944 -3.708108030059388 4
      vertex 43.070540376106926 -3.7867777278005637 4
    endloop
  endfacet
  facet normal 0.3276301795616914 0.9448060464668787 0
    outer loop
      vertex 43.686677773906474 -4.041990194254402 0
      vertex 43.52900250742066 -3.9873131776705577 4
      vertex 43.686677773906474 -4.041990194254402 4
    endloop
  endfacet
  facet normal 0.29028467725446516 0.9569403357322079 0
    outer loop
      vertex 43.846378088073436 -4.090434754928001 0
      vertex 43.686677773906474 -4.041990194254402 4
      vertex 43.846378088073436 -4.090434754928001 4
    endloop
  endfacet
  facet normal 0.252491577015155 0.9675990923602605 0
    outer loop
      vertex 44.0078572036124 -4.132572161690125 0
      vertex 43.846378088073436 -4.090434754928001 4
      vertex 44.0078572036124 -4.132572161690125 4
    endloop
  endfacet
  facet normal 0.43640924067333275 0.899748284052226 0
    outer loop
      vertex 43.220696115465934 -3.8596084887565953 0
      vertex 43.070540376106926 -3.7867777278005637 4
      vertex 43.220696115465934 -3.8596084887565953 4
    endloop
  endfacet
  facet normal 0.40074883310315135 0.9161879571171314 0
    outer loop
      vertex 43.37359541244837 -3.9264880131729685 0
      vertex 43.220696115465934 -3.8596084887565953 4
      vertex 43.37359541244837 -3.9264880131729685 4
    endloop
  endfacet
  facet normal 0.3644704998791445 0.9312149347588056 0
    outer loop
      vertex 43.52900250742066 -3.9873131776705577 0
      vertex 43.37359541244837 -3.9264880131729685 4
      vertex 43.52900250742066 -3.9873131776705577 4
    endloop
  endfacet
  facet normal 0.2143091530650602 0.9767658813208704 0
    outer loop
      vertex 44.17086613143145 -4.16833744171373 0
      vertex 44.0078572036124 -4.132572161690125 4
      vertex 44.17086613143145 -4.16833744171373 4
    endloop
  endfacet
  facet normal 0.175796279934354 0.9844265680898917 0
    outer loop
      vertex 44.33515352357902 -4.197675447529336 0
      vertex 44.17086613143145 -4.16833744171373 4
      vertex 44.33515352357902 -4.197675447529336 4
    endloop
  endfacet
  facet normal 0.13701234168195947 0.9905693404435784 0
    outer loop
      vertex 44.50046606080419 -4.220540942058436 0
      vertex 44.33515352357902 -4.197675447529336 4
      vertex 44.50046606080419 -4.220540942058436 4
    endloop
  endfacet
  facet normal 0.09801714032956332 0.9951847266721967 0
    outer loop
      vertex 44.66654884315666 -4.236898668365794 0
      vertex 44.50046606080419 -4.220540942058436 4
      vertex 44.66654884315666 -4.236898668365794 4
    endloop
  endfacet
  facet normal 0.058870803651188 0.9982656101847159 0
    outer loop
      vertex 44.83314578302396 -4.246723404023072 0
      vertex 44.66654884315666 -4.236898668365794 4
      vertex 44.83314578302396 -4.246723404023072 4
    endloop
  endfacet
  facet normal 0.019633692460630348 0.9998072404820649 0
    outer loop
      vertex 45 -4.25 0
      vertex 44.83314578302396 -4.246723404023072 4
      vertex 45 -4.25 4
    endloop
  endfacet
  facet normal -0.019633692460630348 0.9998072404820649 0
    outer loop
      vertex 45.16685421697604 -4.246723404023072 0
      vertex 45 -4.25 4
      vertex 45.16685421697604 -4.246723404023072 4
    endloop
  endfacet
  facet normal -0.058870803651188 0.9982656101847159 0
    outer loop
      vertex 45.33345115684334 -4.236898668365794 0
      vertex 45.16685421697604 -4.246723404023072 4
      vertex 45.33345115684334 -4.236898668365794 4
    endloop
  endfacet
  facet normal -0.09801714032956332 0.9951847266721967 0
    outer loop
      vertex 45.49953393919581 -4.220540942058436 0
      vertex 45.33345115684334 -4.236898668365794 4
      vertex 45.49953393919581 -4.220540942058436 4
    endloop
  endfacet
  facet normal -0.13701234168195947 0.9905693404435784 0
    outer loop
      vertex 45.66484647642098 -4.197675447529336 0
      vertex 45.49953393919581 -4.220540942058436 4
      vertex 45.66484647642098 -4.197675447529336 4
    endloop
  endfacet
  facet normal -0.2143091530650602 0.9767658813208704 0
    outer loop
      vertex 45.82913386856855 -4.16833744171373 0
      vertex 45.82913386856855 -4.16833744171373 4
      vertex 45.9921427963876 -4.132572161690125 0
    endloop
  endfacet
  facet normal -0.252491577015155 0.9675990923602605 0
    outer loop
      vertex 45.9921427963876 -4.132572161690125 0
      vertex 45.9921427963876 -4.132572161690125 4
      vertex 46.153621911926564 -4.090434754928001 0
    endloop
  endfacet
  facet normal -0.29028467725446516 0.9569403357322079 0
    outer loop
      vertex 46.153621911926564 -4.090434754928001 0
      vertex 46.153621911926564 -4.090434754928001 4
      vertex 46.313322226093526 -4.041990194254402 0
    endloop
  endfacet
  facet normal -0.3276301795616914 0.9448060464668787 0
    outer loop
      vertex 46.313322226093526 -4.041990194254402 0
      vertex 46.313322226093526 -4.041990194254402 4
      vertex 46.47099749257934 -3.9873131776705577 0
    endloop
  endfacet
  facet normal -0.3644704998791445 0.9312149347588056 0
    outer loop
      vertex 46.47099749257934 -3.9873131776705577 0
      vertex 46.47099749257934 -3.9873131776705577 4
      vertex 46.62640458755163 -3.9264880131729685 0
    endloop
  endfacet
  facet normal -0.40074883310315135 0.9161879571171314 0
    outer loop
      vertex 46.62640458755163 -3.9264880131729685 0
      vertex 46.62640458755163 -3.9264880131729685 4
      vertex 46.779303884534066 -3.8596084887565953 0
    endloop
  endfacet
  facet normal -0.43640924067333275 0.899748284052226 0
    outer loop
      vertex 46.779303884534066 -3.8596084887565953 0
      vertex 46.779303884534066 -3.8596084887565953 4
      vertex 46.929459623893074 -3.7867777278005637 0
    endloop
  endfacet
  facet normal -0.47139673682600275 0.8819212643483524 0
    outer loop
      vertex 46.929459623893074 -3.7867777278005637 0
      vertex 46.929459623893074 -3.7867777278005637 4
      vertex 47.076640276362056 -3.708108030059388 0
    endloop
  endfacet
  facet normal -0.5056573733779861 0.862734385977791 0
    outer loop
      vertex 47.076640276362056 -3.708108030059388 0
      vertex 47.076640276362056 -3.708108030059388 4
      vertex 47.22061890004278 -3.623720698504892 0
    endloop
  endfacet
  facet normal -0.539138322911 0.8422172337162867 0
    outer loop
      vertex 47.22061890004278 -3.623720698504892 0
      vertex 47.22061890004278 -3.623720698504892 4
      vertex 47.36117349033331 -3.533745852285817 0
    endloop
  endfacet
  facet normal -0.5717879602276109 0.8204014435255146 0
    outer loop
      vertex 47.36117349033331 -3.533745852285817 0
      vertex 47.36117349033331 -3.533745852285817 4
      vertex 47.49808732224301 -3.4383222260935264 0
    endloop
  endfacet
  facet normal -0.6035559419535625 0.7973206537727139 0
    outer loop
      vertex 47.49808732224301 -3.4383222260935264 0
      vertex 47.49808732224301 -3.4383222260935264 4
      vertex 47.631149284566796 -3.337596956243166 0
    endloop
  endfacet
  facet normal -0.6343932841636455 0.773010453362737 0
    outer loop
      vertex 47.631149284566796 -3.337596956243166 0
      vertex 47.631149284566796 -3.337596956243166 4
      vertex 47.76015420540328 -3.2317253538001314 0
    endloop
  endfacet
  facet normal -0.6642524379112854 0.7475083268625935 0
    outer loop
      vertex 47.76015420540328 -3.2317253538001314 0
      vertex 47.76015420540328 -3.2317253538001314 4
      vertex 47.884903168515 -3.1208706651016636 0
    endloop
  endfacet
  facet normal -0.6930873625456262 0.7208535967029281 2.829820272785082e-16
    outer loop
      vertex 47.884903168515 -3.1208706651016636 0
      vertex 47.89039059023367 -3.1155946109020833 4
      vertex 48.00520382004283 -3.0052038200428273 0
    endloop
  endfacet
  facet normal -0.175796279934354 0.9844265680898917 -3.4603966816728484e-19
    outer loop
      vertex 45.66484647642098 -4.197675447529336 4
      vertex 45.82913386856855 -4.16833744171373 4
      vertex 45.82913386856855 -4.16833744171373 0
    endloop
  endfacet
  facet normal -0.2143091530650602 0.9767658813208704 0
    outer loop
      vertex 45.9921427963876 -4.132572161690125 0
      vertex 45.82913386856855 -4.16833744171373 4
      vertex 45.9921427963876 -4.132572161690125 4
    endloop
  endfacet
  facet normal -0.252491577015155 0.9675990923602605 0
    outer loop
      vertex 46.153621911926564 -4.090434754928001 0
      vertex 45.9921427963876 -4.132572161690125 4
      vertex 46.153621911926564 -4.090434754928001 4
    endloop
  endfacet
  facet normal -0.29028467725446516 0.9569403357322079 0
    outer loop
      vertex 46.313322226093526 -4.041990194254402 0
      vertex 46.153621911926564 -4.090434754928001 4
      vertex 46.313322226093526 -4.041990194254402 4
    endloop
  endfacet
  facet normal -0.3276301795616914 0.9448060464668787 0
    outer loop
      vertex 46.47099749257934 -3.9873131776705577 0
      vertex 46.313322226093526 -4.041990194254402 4
      vertex 46.47099749257934 -3.9873131776705577 4
    endloop
  endfacet
  facet normal -0.3644704998791445 0.9312149347588056 0
    outer loop
      vertex 46.62640458755163 -3.9264880131729685 0
      vertex 46.47099749257934 -3.9873131776705577 4
      vertex 46.62640458755163 -3.9264880131729685 4
    endloop
  endfacet
  facet normal -0.40074883310315135 0.9161879571171314 0
    outer loop
      vertex 46.779303884534066 -3.8596084887565953 0
      vertex 46.62640458755163 -3.9264880131729685 4
      vertex 46.779303884534066 -3.8596084887565953 4
    endloop
  endfacet
  facet normal -0.43640924067333275 0.899748284052226 0
    outer loop
      vertex 46.929459623893074 -3.7867777278005637 0
      vertex 46.779303884534066 -3.8596084887565953 4
      vertex 46.929459623893074 -3.7867777278005637 4
    endloop
  endfacet
  facet normal -0.47139673682600275 0.8819212643483524 0
    outer loop
      vertex 47.076640276362056 -3.708108030059388 0
      vertex 46.929459623893074 -3.7867777278005637 4
      vertex 47.076640276362056 -3.708108030059388 4
    endloop
  endfacet
  facet normal -0.5056573733779861 0.862734385977791 0
    outer loop
      vertex 47.22061890004278 -3.623720698504892 0
      vertex 47.076640276362056 -3.708108030059388 4
      vertex 47.22061890004278 -3.623720698504892 4
    endloop
  endfacet
  facet normal -0.539138322911 0.8422172337162867 0
    outer loop
      vertex 47.36117349033331 -3.533745852285817 0
      vertex 47.22061890004278 -3.623720698504892 4
      vertex 47.36117349033331 -3.533745852285817 4
    endloop
  endfacet
  facet normal -0.5717879602276109 0.8204014435255146 0
    outer loop
      vertex 47.49808732224301 -3.4383222260935264 0
      vertex 47.36117349033331 -3.533745852285817 4
      vertex 47.49808732224301 -3.4383222260935264 4
    endloop
  endfacet
  facet normal -0.6035559419535625 0.7973206537727139 0
    outer loop
      vertex 47.631149284566796 -3.337596956243166 0
      vertex 47.49808732224301 -3.4383222260935264 4
      vertex 47.631149284566796 -3.337596956243166 4
    endloop
  endfacet
  facet normal -0.6343932841636455 0.773010453362737 0
    outer loop
      vertex 47.76015420540328 -3.2317253538001314 0
      vertex 47.631149284566796 -3.337596956243166 4
      vertex 47.76015420540328 -3.2317253538001314 4
    endloop
  endfacet
  facet normal -0.6642524379112854 0.7475083268625935 0
    outer loop
      vertex 47.884903168515 -3.1208706651016636 0
      vertex 47.76015420540328 -3.2317253538001314 4
      vertex 47.884903168515 -3.1208706651016636 4
    endloop
  endfacet
  facet normal -0.693087362545519 0.7208535967030312 0
    outer loop
      vertex 47.884903168515 -3.1208706651016636 0
      vertex 47.884903168515 -3.1208706651016636 4
      vertex 47.89039059023367 -3.1155946109020833 4
    endloop
  endfacet
  facet normal -0.7208535967029068 0.6930873625456484 0
    outer loop
      vertex 48.00520382004283 -3.0052038200428273 0
      vertex 48.00520382004283 -3.0052038200428273 16
      vertex 48.04545942503105 -2.9633355084686177 0
    endloop
  endfacet
  facet normal -0.720853596702944 0.6930873625456097 -1.9498461683662216e-16
    outer loop
      vertex 48.04545942503105 -2.9633355084686177 0
      vertex 48.00520382004283 -3.0052038200428273 16
      vertex 48.12087066510166 -2.8849031685150024 0
    endloop
  endfacet
  facet normal -0.7475083268625996 0.6642524379112785 0
    outer loop
      vertex 48.12087066510166 -2.8849031685150024 0
      vertex 48.12087066510166 -2.8849031685150024 16
      vertex 48.23172535380013 -2.7601542054032806 0
    endloop
  endfacet
  facet normal -0.7730104533627266 0.6343932841636583 0
    outer loop
      vertex 48.23172535380013 -2.7601542054032806 0
      vertex 48.23172535380013 -2.7601542054032806 16
      vertex 48.33759695624317 -2.6311492845667943 0
    endloop
  endfacet
  facet normal -0.7973206537727148 0.6035559419535613 0
    outer loop
      vertex 48.33759695624317 -2.6311492845667943 0
      vertex 48.33759695624317 -2.6311492845667943 16
      vertex 48.438322226093526 -2.498087322243011 0
    endloop
  endfacet
  facet normal -0.8204014435255083 0.5717879602276198 0
    outer loop
      vertex 48.438322226093526 -2.498087322243011 0
      vertex 48.438322226093526 -2.498087322243011 16
      vertex 48.53374585228582 -2.361173490333309 0
    endloop
  endfacet
  facet normal -0.8422172337162948 0.5391383229109873 0
    outer loop
      vertex 48.53374585228582 -2.361173490333309 0
      vertex 48.53374585228582 -2.361173490333309 16
      vertex 48.62372069850489 -2.2206189000427825 0
    endloop
  endfacet
  facet normal -0.8627343859777928 0.505657373377983 0
    outer loop
      vertex 48.62372069850489 -2.2206189000427825 0
      vertex 48.62372069850489 -2.2206189000427825 16
      vertex 48.708108030059385 -2.0766402763620584 0
    endloop
  endfacet
  facet normal -0.8819212643483527 0.47139673682600186 0
    outer loop
      vertex 48.708108030059385 -2.0766402763620584 0
      vertex 48.708108030059385 -2.0766402763620584 16
      vertex 48.78677772780056 -1.929459623893074 0
    endloop
  endfacet
  facet normal -0.8997482840522256 0.4364092406733336 0
    outer loop
      vertex 48.78677772780056 -1.929459623893074 0
      vertex 48.78677772780056 -1.929459623893074 16
      vertex 48.85960848875659 -1.7793038845340694 0
    endloop
  endfacet
  facet normal -0.9161879571171234 0.4007488331031696 0
    outer loop
      vertex 48.85960848875659 -1.7793038845340694 0
      vertex 48.85960848875659 -1.7793038845340694 16
      vertex 48.92648801317297 -1.6264045875516315 0
    endloop
  endfacet
  facet normal -0.9312149347588085 0.36447049987913743 0
    outer loop
      vertex 48.92648801317297 -1.6264045875516315 0
      vertex 48.92648801317297 -1.6264045875516315 16
      vertex 48.98731317767056 -1.470997492579345 0
    endloop
  endfacet
  facet normal -0.9448060464668777 0.32763017956169455 0
    outer loop
      vertex 48.98731317767056 -1.470997492579345 0
      vertex 48.98731317767056 -1.470997492579345 16
      vertex 49.0419901942544 -1.3133222260935264 0
    endloop
  endfacet
  facet normal -0.956940335732215 0.29028467725444235 0
    outer loop
      vertex 49.0419901942544 -1.3133222260935264 0
      vertex 49.0419901942544 -1.3133222260935264 16
      vertex 49.090434754928 -1.1536219119265656 0
    endloop
  endfacet
  facet normal -0.9675990923602519 0.2524915770151886 0
    outer loop
      vertex 49.090434754928 -1.1536219119265656 0
      vertex 49.090434754928 -1.1536219119265656 16
      vertex 49.13257216169013 -0.992142796387598 0
    endloop
  endfacet
  facet normal -0.9767658813208723 0.21430915306505108 0
    outer loop
      vertex 49.13257216169013 -0.992142796387598 0
      vertex 49.13257216169013 -0.992142796387598 16
      vertex 49.16833744171373 -0.8291338685685451 0
    endloop
  endfacet
  facet normal -0.9844265680898945 0.17579627993433866 0
    outer loop
      vertex 49.16833744171373 -0.8291338685685451 0
      vertex 49.16833744171373 -0.8291338685685451 16
      vertex 49.197675447529335 -0.6648464764209812 0
    endloop
  endfacet
  facet normal -0.9905693404435786 0.1370123416819586 0
    outer loop
      vertex 49.197675447529335 -0.6648464764209812 0
      vertex 49.197675447529335 -0.6648464764209812 16
      vertex 49.220540942058435 -0.49953393919581 0
    endloop
  endfacet
  facet normal -0.995184726672194 0.09801714032958934 0
    outer loop
      vertex 49.220540942058435 -0.49953393919581 0
      vertex 49.220540942058435 -0.49953393919581 16
      vertex 49.2368986683658 -0.33345115684334103 0
    endloop
  endfacet
  facet normal -0.9982656101847169 0.05887080365117125 0
    outer loop
      vertex 49.2368986683658 -0.33345115684334103 0
      vertex 49.2368986683658 -0.33345115684334103 16
      vertex 49.24672340402307 -0.16685421697604158 0
    endloop
  endfacet
  facet normal -0.9998072404820649 0.019633692460630327 0
    outer loop
      vertex 49.24672340402307 -0.16685421697604158 0
      vertex 49.24672340402307 -0.16685421697604158 16
      vertex 49.25 0 0
    endloop
  endfacet
  facet normal -0.6930873625456313 0.7208535967029231 3.5634596056179317e-19
    outer loop
      vertex 48.00520382004283 -3.0052038200428273 0
      vertex 47.89039059023367 -3.1155946109020833 4
      vertex 47.89039059023367 -3.1155946109020833 16
    endloop
  endfacet
  facet normal -0.9998072404820648 0.019633692460630327 -1.843255010483555e-20
    outer loop
      vertex 49.24672340402307 -0.16685421697604158 16
      vertex 49.25 0 13
      vertex 49.25 0 0
    endloop
  endfacet
  facet normal -0.6930873625456314 0.7208535967029233 0
    outer loop
      vertex 48.00520382004283 -3.0052038200428273 0
      vertex 47.89039059023367 -3.1155946109020833 16
      vertex 48.00520382004283 -3.0052038200428273 16
    endloop
  endfacet
  facet normal -0.720853596702931 0.6930873625456231 0
    outer loop
      vertex 48.12087066510166 -2.8849031685150024 0
      vertex 48.00520382004283 -3.0052038200428273 16
      vertex 48.12087066510166 -2.8849031685150024 16
    endloop
  endfacet
  facet normal -0.7475083268625996 0.6642524379112785 0
    outer loop
      vertex 48.23172535380013 -2.7601542054032806 0
      vertex 48.12087066510166 -2.8849031685150024 16
      vertex 48.23172535380013 -2.7601542054032806 16
    endloop
  endfacet
  facet normal -0.7730104533627266 0.6343932841636583 0
    outer loop
      vertex 48.33759695624317 -2.6311492845667943 0
      vertex 48.23172535380013 -2.7601542054032806 16
      vertex 48.33759695624317 -2.6311492845667943 16
    endloop
  endfacet
  facet normal -0.7973206537727148 0.6035559419535613 0
    outer loop
      vertex 48.438322226093526 -2.498087322243011 0
      vertex 48.33759695624317 -2.6311492845667943 16
      vertex 48.438322226093526 -2.498087322243011 16
    endloop
  endfacet
  facet normal -0.8204014435255083 0.5717879602276198 0
    outer loop
      vertex 48.53374585228582 -2.361173490333309 0
      vertex 48.438322226093526 -2.498087322243011 16
      vertex 48.53374585228582 -2.361173490333309 16
    endloop
  endfacet
  facet normal -0.8422172337162948 0.5391383229109873 0
    outer loop
      vertex 48.62372069850489 -2.2206189000427825 0
      vertex 48.53374585228582 -2.361173490333309 16
      vertex 48.62372069850489 -2.2206189000427825 16
    endloop
  endfacet
  facet normal -0.8627343859777928 0.505657373377983 0
    outer loop
      vertex 48.708108030059385 -2.0766402763620584 0
      vertex 48.62372069850489 -2.2206189000427825 16
      vertex 48.708108030059385 -2.0766402763620584 16
    endloop
  endfacet
  facet normal -0.8819212643483527 0.47139673682600186 0
    outer loop
      vertex 48.78677772780056 -1.929459623893074 0
      vertex 48.708108030059385 -2.0766402763620584 16
      vertex 48.78677772780056 -1.929459623893074 16
    endloop
  endfacet
  facet normal -0.8997482840522256 0.4364092406733336 0
    outer loop
      vertex 48.85960848875659 -1.7793038845340694 0
      vertex 48.78677772780056 -1.929459623893074 16
      vertex 48.85960848875659 -1.7793038845340694 16
    endloop
  endfacet
  facet normal -0.9161879571171234 0.4007488331031696 0
    outer loop
      vertex 48.92648801317297 -1.6264045875516315 0
      vertex 48.85960848875659 -1.7793038845340694 16
      vertex 48.92648801317297 -1.6264045875516315 16
    endloop
  endfacet
  facet normal -0.9312149347588085 0.36447049987913743 0
    outer loop
      vertex 48.98731317767056 -1.470997492579345 0
      vertex 48.92648801317297 -1.6264045875516315 16
      vertex 48.98731317767056 -1.470997492579345 16
    endloop
  endfacet
  facet normal -0.9448060464668777 0.32763017956169455 0
    outer loop
      vertex 49.0419901942544 -1.3133222260935264 0
      vertex 48.98731317767056 -1.470997492579345 16
      vertex 49.0419901942544 -1.3133222260935264 16
    endloop
  endfacet
  facet normal -0.956940335732215 0.29028467725444235 0
    outer loop
      vertex 49.090434754928 -1.1536219119265656 0
      vertex 49.0419901942544 -1.3133222260935264 16
      vertex 49.090434754928 -1.1536219119265656 16
    endloop
  endfacet
  facet normal -0.9675990923602519 0.2524915770151886 0
    outer loop
      vertex 49.13257216169013 -0.992142796387598 0
      vertex 49.090434754928 -1.1536219119265656 16
      vertex 49.13257216169013 -0.992142796387598 16
    endloop
  endfacet
  facet normal -0.9767658813208723 0.21430915306505108 0
    outer loop
      vertex 49.16833744171373 -0.8291338685685451 0
      vertex 49.13257216169013 -0.992142796387598 16
      vertex 49.16833744171373 -0.8291338685685451 16
    endloop
  endfacet
  facet normal -0.9844265680898945 0.17579627993433866 0
    outer loop
      vertex 49.197675447529335 -0.6648464764209812 0
      vertex 49.16833744171373 -0.8291338685685451 16
      vertex 49.197675447529335 -0.6648464764209812 16
    endloop
  endfacet
  facet normal -0.9905693404435786 0.1370123416819586 0
    outer loop
      vertex 49.220540942058435 -0.49953393919581 0
      vertex 49.197675447529335 -0.6648464764209812 16
      vertex 49.220540942058435 -0.49953393919581 16
    endloop
  endfacet
  facet normal -0.995184726672194 0.09801714032958934 0
    outer loop
      vertex 49.2368986683658 -0.33345115684334103 0
      vertex 49.220540942058435 -0.49953393919581 16
      vertex 49.2368986683658 -0.33345115684334103 16
    endloop
  endfacet
  facet normal -0.9982656101847169 0.05887080365117125 0
    outer loop
      vertex 49.24672340402307 -0.16685421697604158 0
      vertex 49.2368986683658 -0.33345115684334103 16
      vertex 49.24672340402307 -0.16685421697604158 16
    endloop
  endfacet
  facet normal -0.9998072404820648 0.019633692460630327 -7.987438378762074e-20
    outer loop
      vertex 49.24672340402307 -0.16685421697604158 16
      vertex 49.25 0 16
      vertex 49.25 0 13
    endloop
  endfacet
  facet normal 0.9998072404820649 -0.019633692460630327 -5.990578784071555e-20
    outer loop
      vertex 40.75 0 0
      vertex 40.75327659597693 0.16685421697604158 0
      vertex 40.75327659597693 0.16685421697604158 4
    endloop
  endfacet
  facet normal 0.9982656101847169 -0.05887080365117125 7.638269342910616e-20
    outer loop
      vertex 40.75327659597693 0.16685421697604158 0
      vertex 40.7631013316342 0.33345115684334103 0
      vertex 40.7631013316342 0.33345115684334103 4
    endloop
  endfacet
  facet normal 0.995184726672194 -0.09801714032958934 -1.2053565010867048e-19
    outer loop
      vertex 40.7631013316342 0.33345115684334103 0
      vertex 40.779459057941565 0.49953393919581 0
      vertex 40.779459057941565 0.49953393919581 4
    endloop
  endfacet
  facet normal 0.9905693404435786 -0.1370123416819586 1.5302571377725072e-19
    outer loop
      vertex 40.779459057941565 0.49953393919581 0
      vertex 40.802324552470665 0.6648464764209812 0
      vertex 40.802324552470665 0.6648464764209812 4
    endloop
  endfacet
  facet normal 0.9844265680898945 -0.17579627993433866 3.7361561605638935e-19
    outer loop
      vertex 40.802324552470665 0.6648464764209812 0
      vertex 40.83166255828627 0.8291338685685451 0
      vertex 40.83166255828627 0.8291338685685451 4
    endloop
  endfacet
  facet normal 0.9767658813208723 -0.21430915306505108 1.4814784423400625e-19
    outer loop
      vertex 40.83166255828627 0.8291338685685451 0
      vertex 40.86742783830987 0.992142796387598 0
      vertex 40.86742783830987 0.992142796387598 4
    endloop
  endfacet
  facet normal 0.9675990923602519 -0.2524915770151886 3.1833734913132463e-19
    outer loop
      vertex 40.86742783830987 0.992142796387598 0
      vertex 40.909565245072 1.1536219119265656 0
      vertex 40.909565245072 1.1536219119265656 4
    endloop
  endfacet
  facet normal 0.956940335732215 -0.29028467725444235 5.722026031931764e-19
    outer loop
      vertex 40.909565245072 1.1536219119265656 0
      vertex 40.9580098057456 1.3133222260935264 0
      vertex 40.9580098057456 1.3133222260935264 4
    endloop
  endfacet
  facet normal 0.9448060464668777 -0.32763017956169455 1.23212631966148e-18
    outer loop
      vertex 40.9580098057456 1.3133222260935264 0
      vertex 41.01268682232944 1.470997492579345 0
      vertex 41.01268682232944 1.470997492579345 4
    endloop
  endfacet
  facet normal 0.9312149347588085 -0.36447049987913743 -2.052293129838857e-19
    outer loop
      vertex 41.01268682232944 1.470997492579345 0
      vertex 41.07351198682703 1.6264045875516315 0
      vertex 41.07351198682703 1.6264045875516315 4
    endloop
  endfacet
  facet normal 0.9161879571171234 -0.4007488331031696 -9.651732454111534e-19
    outer loop
      vertex 41.07351198682703 1.6264045875516315 0
      vertex 41.14039151124341 1.7793038845340694 0
      vertex 41.14039151124341 1.7793038845340694 4
    endloop
  endfacet
  facet normal 0.8997482840522256 -0.4364092406733336 -2.749418566917475e-19
    outer loop
      vertex 41.14039151124341 1.7793038845340694 0
      vertex 41.21322227219944 1.929459623893074 0
      vertex 41.21322227219944 1.929459623893074 4
    endloop
  endfacet
  facet normal 0.8819212643483527 -0.47139673682600186 -1.2160076583418152e-18
    outer loop
      vertex 41.21322227219944 1.929459623893074 0
      vertex 41.291891969940615 2.0766402763620584 0
      vertex 41.291891969940615 2.0766402763620584 4
    endloop
  endfacet
  facet normal 0.8627343859777928 -0.505657373377983 -4.0582485257128115e-21
    outer loop
      vertex 41.291891969940615 2.0766402763620584 0
      vertex 41.37627930149511 2.2206189000427825 0
      vertex 41.37627930149511 2.2206189000427825 4
    endloop
  endfacet
  facet normal 0.8422172337162948 -0.5391383229109873 1.1317379027597923e-18
    outer loop
      vertex 41.37627930149511 2.2206189000427825 0
      vertex 41.46625414771418 2.361173490333309 0
      vertex 41.46625414771418 2.361173490333309 4
    endloop
  endfacet
  facet normal 0.8204014435255083 -0.5717879602276198 7.080384005561526e-19
    outer loop
      vertex 41.46625414771418 2.361173490333309 0
      vertex 41.561677773906474 2.498087322243011 0
      vertex 41.561677773906474 2.498087322243011 4
    endloop
  endfacet
  facet normal 0.7973206537727148 -0.6035559419535613 7.322854583734274e-20
    outer loop
      vertex 41.561677773906474 2.498087322243011 0
      vertex 41.66240304375683 2.6311492845667943 0
      vertex 41.66240304375683 2.6311492845667943 4
    endloop
  endfacet
  facet normal 0.7730104533627266 -0.6343932841636583 1.0343652808326829e-18
    outer loop
      vertex 41.66240304375683 2.6311492845667943 0
      vertex 41.76827464619987 2.7601542054032806 0
      vertex 41.76827464619987 2.7601542054032806 4
    endloop
  endfacet
  facet normal 0.7475083268625996 -0.6642524379112785 3.1824274346439814e-19
    outer loop
      vertex 41.76827464619987 2.7601542054032806 0
      vertex 41.87912933489834 2.8849031685150024 0
      vertex 41.87912933489834 2.8849031685150024 4
    endloop
  endfacet
  facet normal 0.720853596702931 -0.6930873625456231 -5.73824508865132e-19
    outer loop
      vertex 41.87912933489834 2.8849031685150024 0
      vertex 41.99479617995717 3.0052038200428273 0
      vertex 41.99479617995717 3.0052038200428273 4
    endloop
  endfacet
  facet normal 0.6930873625456262 -0.7208535967029281 -4.698564632718527e-19
    outer loop
      vertex 41.99479617995717 3.0052038200428273 0
      vertex 42.115096831485 3.1208706651016636 0
      vertex 42.115096831485 3.1208706651016636 4
    endloop
  endfacet
  facet normal 0.6642524379112854 -0.7475083268625935 -3.7022477741779914e-19
    outer loop
      vertex 42.115096831485 3.1208706651016636 0
      vertex 42.23984579459672 3.2317253538001314 0
      vertex 42.23984579459672 3.2317253538001314 4
    endloop
  endfacet
  facet normal 0.6343932841636455 -0.773010453362737 5.092337241738958e-19
    outer loop
      vertex 42.23984579459672 3.2317253538001314 0
      vertex 42.368850715433204 3.337596956243166 0
      vertex 42.368850715433204 3.337596956243166 4
    endloop
  endfacet
  facet normal 0.6035559419535625 -0.7973206537727139 -2.3118438557570907e-19
    outer loop
      vertex 42.368850715433204 3.337596956243166 0
      vertex 42.50191267775699 3.4383222260935264 0
      vertex 42.50191267775699 3.4383222260935264 4
    endloop
  endfacet
  facet normal 0.5717879602276109 -0.8204014435255146 5.91405691035808e-20
    outer loop
      vertex 42.50191267775699 3.4383222260935264 0
      vertex 42.63882650966669 3.533745852285817 0
      vertex 42.63882650966669 3.533745852285817 4
    endloop
  endfacet
  facet normal 0.539138322911 -0.8422172337162867 9.314389021152846e-19
    outer loop
      vertex 42.63882650966669 3.533745852285817 0
      vertex 42.77938109995722 3.623720698504892 0
      vertex 42.77938109995722 3.623720698504892 4
    endloop
  endfacet
  facet normal 0.5056573733779861 -0.862734385977791 6.5956343067703425e-19
    outer loop
      vertex 42.77938109995722 3.623720698504892 0
      vertex 42.923359723637944 3.708108030059388 0
      vertex 42.923359723637944 3.708108030059388 4
    endloop
  endfacet
  facet normal 0.47139673682600275 -0.8819212643483524 -1.174392368600025e-18
    outer loop
      vertex 42.923359723637944 3.708108030059388 0
      vertex 43.070540376106926 3.7867777278005637 0
      vertex 43.070540376106926 3.7867777278005637 4
    endloop
  endfacet
  facet normal 0.43640924067333275 -0.899748284052226 -7.10655275318022e-19
    outer loop
      vertex 43.070540376106926 3.7867777278005637 0
      vertex 43.220696115465934 3.8596084887565953 0
      vertex 43.220696115465934 3.8596084887565953 4
    endloop
  endfacet
  facet normal 0.40074883310315135 -0.9161879571171314 1.1615666806270041e-18
    outer loop
      vertex 43.220696115465934 3.8596084887565953 0
      vertex 43.37359541244837 3.9264880131729685 0
      vertex 43.37359541244837 3.9264880131729685 4
    endloop
  endfacet
  facet normal 0.3644704998791445 -0.9312149347588056 1.0671099451015563e-18
    outer loop
      vertex 43.37359541244837 3.9264880131729685 0
      vertex 43.52900250742066 3.9873131776705577 0
      vertex 43.52900250742066 3.9873131776705577 4
    endloop
  endfacet
  facet normal 0.3276301795616914 -0.9448060464668787 -6.502617854850246e-19
    outer loop
      vertex 43.52900250742066 3.9873131776705577 0
      vertex 43.686677773906474 4.041990194254402 0
      vertex 43.686677773906474 4.041990194254402 4
    endloop
  endfacet
  facet normal 0.29028467725446516 -0.9569403357322079 -3.726197024234536e-19
    outer loop
      vertex 43.686677773906474 4.041990194254402 0
      vertex 43.846378088073436 4.090434754928001 0
      vertex 43.846378088073436 4.090434754928001 4
    endloop
  endfacet
  facet normal 0.252491577015155 -0.9675990923602605 -5.01545796186345e-19
    outer loop
      vertex 43.846378088073436 4.090434754928001 0
      vertex 44.0078572036124 4.132572161690125 0
      vertex 44.0078572036124 4.132572161690125 4
    endloop
  endfacet
  facet normal 0.2143091530650602 -0.9767658813208704 3.5658974063233794e-19
    outer loop
      vertex 44.0078572036124 4.132572161690125 0
      vertex 44.17086613143145 4.16833744171373 0
      vertex 44.17086613143145 4.16833744171373 4
    endloop
  endfacet
  facet normal 0.175796279934354 -0.9844265680898917 -3.4603966816728484e-19
    outer loop
      vertex 44.17086613143145 4.16833744171373 0
      vertex 44.33515352357902 4.197675447529336 0
      vertex 44.33515352357902 4.197675447529336 4
    endloop
  endfacet
  facet normal 0.13701234168195947 -0.9905693404435784 -1.514897308296368e-19
    outer loop
      vertex 44.33515352357902 4.197675447529336 0
      vertex 44.50046606080419 4.220540942058436 0
      vertex 44.50046606080419 4.220540942058436 4
    endloop
  endfacet
  facet normal 0.09801714032956332 -0.9951847266721967 1.227112339520086e-19
    outer loop
      vertex 44.50046606080419 4.220540942058436 0
      vertex 44.66654884315666 4.236898668365794 0
      vertex 44.66654884315666 4.236898668365794 4
    endloop
  endfacet
  facet normal 0.058870803651188 -0.9982656101847159 7.394871567778532e-20
    outer loop
      vertex 44.66654884315666 4.236898668365794 0
      vertex 44.83314578302396 4.246723404023072 0
      vertex 44.83314578302396 4.246723404023072 4
    endloop
  endfacet
  facet normal 0.019633692460630348 -0.9998072404820649 -6.524139106358087e-20
    outer loop
      vertex 44.83314578302396 4.246723404023072 0
      vertex 45 4.25 0
      vertex 45 4.25 4
    endloop
  endfacet
  facet normal -0.019633692460630348 -0.9998072404820649 6.524139106358087e-20
    outer loop
      vertex 45 4.25 0
      vertex 45.16685421697604 4.246723404023072 0
      vertex 45.16685421697604 4.246723404023072 4
    endloop
  endfacet
  facet normal -0.058870803651188 -0.9982656101847159 -7.394871567778532e-20
    outer loop
      vertex 45.16685421697604 4.246723404023072 0
      vertex 45.33345115684334 4.236898668365794 0
      vertex 45.33345115684334 4.236898668365794 4
    endloop
  endfacet
  facet normal -0.09801714032956332 -0.9951847266721967 -1.227112339520086e-19
    outer loop
      vertex 45.33345115684334 4.236898668365794 0
      vertex 45.49953393919581 4.220540942058436 0
      vertex 45.49953393919581 4.220540942058436 4
    endloop
  endfacet
  facet normal -0.13701234168195947 -0.9905693404435784 1.514897308296368e-19
    outer loop
      vertex 45.49953393919581 4.220540942058436 0
      vertex 45.66484647642098 4.197675447529336 0
      vertex 45.66484647642098 4.197675447529336 4
    endloop
  endfacet
  facet normal 0.9998072404820649 -0.019633692460630327 0
    outer loop
      vertex 40.75 0 0
      vertex 40.75327659597693 0.16685421697604158 4
      vertex 40.75 0 4
    endloop
  endfacet
  facet normal 0.9982656101847169 -0.05887080365117125 0
    outer loop
      vertex 40.75327659597693 0.16685421697604158 0
      vertex 40.7631013316342 0.33345115684334103 4
      vertex 40.75327659597693 0.16685421697604158 4
    endloop
  endfacet
  facet normal 0.995184726672194 -0.09801714032958934 0
    outer loop
      vertex 40.7631013316342 0.33345115684334103 0
      vertex 40.779459057941565 0.49953393919581 4
      vertex 40.7631013316342 0.33345115684334103 4
    endloop
  endfacet
  facet normal 0.9905693404435786 -0.1370123416819586 0
    outer loop
      vertex 40.779459057941565 0.49953393919581 0
      vertex 40.802324552470665 0.6648464764209812 4
      vertex 40.779459057941565 0.49953393919581 4
    endloop
  endfacet
  facet normal 0.9844265680898945 -0.17579627993433866 0
    outer loop
      vertex 40.802324552470665 0.6648464764209812 0
      vertex 40.83166255828627 0.8291338685685451 4
      vertex 40.802324552470665 0.6648464764209812 4
    endloop
  endfacet
  facet normal 0.9767658813208723 -0.21430915306505108 0
    outer loop
      vertex 40.83166255828627 0.8291338685685451 0
      vertex 40.86742783830987 0.992142796387598 4
      vertex 40.83166255828627 0.8291338685685451 4
    endloop
  endfacet
  facet normal 0.9675990923602519 -0.2524915770151886 0
    outer loop
      vertex 40.86742783830987 0.992142796387598 0
      vertex 40.909565245072 1.1536219119265656 4
      vertex 40.86742783830987 0.992142796387598 4
    endloop
  endfacet
  facet normal 0.956940335732215 -0.29028467725444235 0
    outer loop
      vertex 40.909565245072 1.1536219119265656 0
      vertex 40.9580098057456 1.3133222260935264 4
      vertex 40.909565245072 1.1536219119265656 4
    endloop
  endfacet
  facet normal 0.9448060464668777 -0.32763017956169455 0
    outer loop
      vertex 40.9580098057456 1.3133222260935264 0
      vertex 41.01268682232944 1.470997492579345 4
      vertex 40.9580098057456 1.3133222260935264 4
    endloop
  endfacet
  facet normal 0.9312149347588085 -0.36447049987913743 0
    outer loop
      vertex 41.01268682232944 1.470997492579345 0
      vertex 41.07351198682703 1.6264045875516315 4
      vertex 41.01268682232944 1.470997492579345 4
    endloop
  endfacet
  facet normal 0.9161879571171234 -0.4007488331031696 0
    outer loop
      vertex 41.07351198682703 1.6264045875516315 0
      vertex 41.14039151124341 1.7793038845340694 4
      vertex 41.07351198682703 1.6264045875516315 4
    endloop
  endfacet
  facet normal 0.8997482840522256 -0.4364092406733336 0
    outer loop
      vertex 41.14039151124341 1.7793038845340694 0
      vertex 41.21322227219944 1.929459623893074 4
      vertex 41.14039151124341 1.7793038845340694 4
    endloop
  endfacet
  facet normal 0.8819212643483527 -0.47139673682600186 0
    outer loop
      vertex 41.21322227219944 1.929459623893074 0
      vertex 41.291891969940615 2.0766402763620584 4
      vertex 41.21322227219944 1.929459623893074 4
    endloop
  endfacet
  facet normal 0.8627343859777928 -0.505657373377983 0
    outer loop
      vertex 41.291891969940615 2.0766402763620584 0
      vertex 41.37627930149511 2.2206189000427825 4
      vertex 41.291891969940615 2.0766402763620584 4
    endloop
  endfacet
  facet normal 0.8422172337162948 -0.5391383229109873 0
    outer loop
      vertex 41.37627930149511 2.2206189000427825 0
      vertex 41.46625414771418 2.361173490333309 4
      vertex 41.37627930149511 2.2206189000427825 4
    endloop
  endfacet
  facet normal 0.8204014435255083 -0.5717879602276198 0
    outer loop
      vertex 41.46625414771418 2.361173490333309 0
      vertex 41.561677773906474 2.498087322243011 4
      vertex 41.46625414771418 2.361173490333309 4
    endloop
  endfacet
  facet normal 0.7973206537727148 -0.6035559419535613 0
    outer loop
      vertex 41.561677773906474 2.498087322243011 0
      vertex 41.66240304375683 2.6311492845667943 4
      vertex 41.561677773906474 2.498087322243011 4
    endloop
  endfacet
  facet normal 0.7730104533627266 -0.6343932841636583 0
    outer loop
      vertex 41.66240304375683 2.6311492845667943 0
      vertex 41.76827464619987 2.7601542054032806 4
      vertex 41.66240304375683 2.6311492845667943 4
    endloop
  endfacet
  facet normal 0.7475083268625996 -0.6642524379112785 0
    outer loop
      vertex 41.76827464619987 2.7601542054032806 0
      vertex 41.87912933489834 2.8849031685150024 4
      vertex 41.76827464619987 2.7601542054032806 4
    endloop
  endfacet
  facet normal 0.720853596702931 -0.6930873625456231 0
    outer loop
      vertex 41.87912933489834 2.8849031685150024 0
      vertex 41.99479617995717 3.0052038200428273 4
      vertex 41.87912933489834 2.8849031685150024 4
    endloop
  endfacet
  facet normal 0.6930873625456262 -0.7208535967029281 0
    outer loop
      vertex 41.99479617995717 3.0052038200428273 0
      vertex 42.115096831485 3.1208706651016636 4
      vertex 41.99479617995717 3.0052038200428273 4
    endloop
  endfacet
  facet normal 0.6642524379112854 -0.7475083268625935 0
    outer loop
      vertex 42.115096831485 3.1208706651016636 0
      vertex 42.23984579459672 3.2317253538001314 4
      vertex 42.115096831485 3.1208706651016636 4
    endloop
  endfacet
  facet normal 0.6343932841636455 -0.773010453362737 0
    outer loop
      vertex 42.23984579459672 3.2317253538001314 0
      vertex 42.368850715433204 3.337596956243166 4
      vertex 42.23984579459672 3.2317253538001314 4
    endloop
  endfacet
  facet normal 0.6035559419535625 -0.7973206537727139 0
    outer loop
      vertex 42.368850715433204 3.337596956243166 0
      vertex 42.50191267775699 3.4383222260935264 4
      vertex 42.368850715433204 3.337596956243166 4
    endloop
  endfacet
  facet normal 0.5717879602276109 -0.8204014435255146 0
    outer loop
      vertex 42.50191267775699 3.4383222260935264 0
      vertex 42.63882650966669 3.533745852285817 4
      vertex 42.50191267775699 3.4383222260935264 4
    endloop
  endfacet
  facet normal 0.539138322911 -0.8422172337162867 0
    outer loop
      vertex 42.63882650966669 3.533745852285817 0
      vertex 42.77938109995722 3.623720698504892 4
      vertex 42.63882650966669 3.533745852285817 4
    endloop
  endfacet
  facet normal 0.5056573733779861 -0.862734385977791 0
    outer loop
      vertex 42.77938109995722 3.623720698504892 0
      vertex 42.923359723637944 3.708108030059388 4
      vertex 42.77938109995722 3.623720698504892 4
    endloop
  endfacet
  facet normal 0.47139673682600275 -0.8819212643483524 0
    outer loop
      vertex 42.923359723637944 3.708108030059388 0
      vertex 43.070540376106926 3.7867777278005637 4
      vertex 42.923359723637944 3.708108030059388 4
    endloop
  endfacet
  facet normal 0.43640924067333275 -0.899748284052226 0
    outer loop
      vertex 43.070540376106926 3.7867777278005637 0
      vertex 43.220696115465934 3.8596084887565953 4
      vertex 43.070540376106926 3.7867777278005637 4
    endloop
  endfacet
  facet normal 0.40074883310315135 -0.9161879571171314 0
    outer loop
      vertex 43.220696115465934 3.8596084887565953 0
      vertex 43.37359541244837 3.9264880131729685 4
      vertex 43.220696115465934 3.8596084887565953 4
    endloop
  endfacet
  facet normal 0.3644704998791445 -0.9312149347588056 0
    outer loop
      vertex 43.37359541244837 3.9264880131729685 0
      vertex 43.52900250742066 3.9873131776705577 4
      vertex 43.37359541244837 3.9264880131729685 4
    endloop
  endfacet
  facet normal 0.3276301795616914 -0.9448060464668787 0
    outer loop
      vertex 43.52900250742066 3.9873131776705577 0
      vertex 43.686677773906474 4.041990194254402 4
      vertex 43.52900250742066 3.9873131776705577 4
    endloop
  endfacet
  facet normal 0.29028467725446516 -0.9569403357322079 0
    outer loop
      vertex 43.686677773906474 4.041990194254402 0
      vertex 43.846378088073436 4.090434754928001 4
      vertex 43.686677773906474 4.041990194254402 4
    endloop
  endfacet
  facet normal 0.252491577015155 -0.9675990923602605 0
    outer loop
      vertex 43.846378088073436 4.090434754928001 0
      vertex 44.0078572036124 4.132572161690125 4
      vertex 43.846378088073436 4.090434754928001 4
    endloop
  endfacet
  facet normal 0.2143091530650602 -0.9767658813208704 0
    outer loop
      vertex 44.0078572036124 4.132572161690125 0
      vertex 44.17086613143145 4.16833744171373 4
      vertex 44.0078572036124 4.132572161690125 4
    endloop
  endfacet
  facet normal 0.175796279934354 -0.9844265680898917 0
    outer loop
      vertex 44.17086613143145 4.16833744171373 0
      vertex 44.33515352357902 4.197675447529336 4
      vertex 44.17086613143145 4.16833744171373 4
    endloop
  endfacet
  facet normal 0.13701234168195947 -0.9905693404435784 0
    outer loop
      vertex 44.33515352357902 4.197675447529336 0
      vertex 44.50046606080419 4.220540942058436 4
      vertex 44.33515352357902 4.197675447529336 4
    endloop
  endfacet
  facet normal 0.09801714032956332 -0.9951847266721967 0
    outer loop
      vertex 44.50046606080419 4.220540942058436 0
      vertex 44.66654884315666 4.236898668365794 4
      vertex 44.50046606080419 4.220540942058436 4
    endloop
  endfacet
  facet normal 0.058870803651188 -0.9982656101847159 0
    outer loop
      vertex 44.66654884315666 4.236898668365794 0
      vertex 44.83314578302396 4.246723404023072 4
      vertex 44.66654884315666 4.236898668365794 4
    endloop
  endfacet
  facet normal 0.019633692460630348 -0.9998072404820649 0
    outer loop
      vertex 44.83314578302396 4.246723404023072 0
      vertex 45 4.25 4
      vertex 44.83314578302396 4.246723404023072 4
    endloop
  endfacet
  facet normal -0.019633692460630348 -0.9998072404820649 0
    outer loop
      vertex 45 4.25 0
      vertex 45.16685421697604 4.246723404023072 4
      vertex 45 4.25 4
    endloop
  endfacet
  facet normal -0.058870803651188 -0.9982656101847159 0
    outer loop
      vertex 45.16685421697604 4.246723404023072 0
      vertex 45.33345115684334 4.236898668365794 4
      vertex 45.16685421697604 4.246723404023072 4
    endloop
  endfacet
  facet normal -0.09801714032956332 -0.9951847266721967 0
    outer loop
      vertex 45.33345115684334 4.236898668365794 0
      vertex 45.49953393919581 4.220540942058436 4
      vertex 45.33345115684334 4.236898668365794 4
    endloop
  endfacet
  facet normal -0.13701234168195947 -0.9905693404435784 0
    outer loop
      vertex 45.49953393919581 4.220540942058436 0
      vertex 45.66484647642098 4.197675447529336 4
      vertex 45.49953393919581 4.220540942058436 4
    endloop
  endfacet
  facet normal -0.175796279934354 -0.9844265680898917 0
    outer loop
      vertex 45.66484647642098 4.197675447529336 0
      vertex 45.82913386856855 4.16833744171373 4
      vertex 45.66484647642098 4.197675447529336 4
    endloop
  endfacet
  facet normal -0.3644704998791445 -0.9312149347588056 0
    outer loop
      vertex 46.62640458755163 3.9264880131729685 0
      vertex 46.62640458755163 3.9264880131729685 4
      vertex 46.47099749257934 3.9873131776705577 0
    endloop
  endfacet
  facet normal -0.175796279934354 -0.9844265680898917 3.4603966816728484e-19
    outer loop
      vertex 45.66484647642098 4.197675447529336 0
      vertex 45.82913386856855 4.16833744171373 0
      vertex 45.82913386856855 4.16833744171373 4
    endloop
  endfacet
  facet normal -0.2143091530650602 -0.9767658813208704 -3.5658974063233794e-19
    outer loop
      vertex 45.82913386856855 4.16833744171373 0
      vertex 45.9921427963876 4.132572161690125 0
      vertex 45.9921427963876 4.132572161690125 4
    endloop
  endfacet
  facet normal -0.252491577015155 -0.9675990923602605 5.01545796186345e-19
    outer loop
      vertex 45.9921427963876 4.132572161690125 0
      vertex 46.153621911926564 4.090434754928001 0
      vertex 46.153621911926564 4.090434754928001 4
    endloop
  endfacet
  facet normal -0.29028467725446516 -0.9569403357322079 3.726197024234536e-19
    outer loop
      vertex 46.153621911926564 4.090434754928001 0
      vertex 46.313322226093526 4.041990194254402 0
      vertex 46.313322226093526 4.041990194254402 4
    endloop
  endfacet
  facet normal -0.3276301795616914 -0.9448060464668787 6.502617854850246e-19
    outer loop
      vertex 46.313322226093526 4.041990194254402 0
      vertex 46.47099749257934 3.9873131776705577 0
      vertex 46.47099749257934 3.9873131776705577 4
    endloop
  endfacet
  facet normal -0.40074883310315135 -0.9161879571171314 -1.1615666806270041e-18
    outer loop
      vertex 46.62640458755163 3.9264880131729685 0
      vertex 46.779303884534066 3.8596084887565953 0
      vertex 46.779303884534066 3.8596084887565953 4
    endloop
  endfacet
  facet normal -0.43640924067333275 -0.899748284052226 7.10655275318022e-19
    outer loop
      vertex 46.779303884534066 3.8596084887565953 0
      vertex 46.929459623893074 3.7867777278005637 0
      vertex 46.929459623893074 3.7867777278005637 4
    endloop
  endfacet
  facet normal -0.47139673682600275 -0.8819212643483524 1.174392368600025e-18
    outer loop
      vertex 46.929459623893074 3.7867777278005637 0
      vertex 47.076640276362056 3.708108030059388 0
      vertex 47.076640276362056 3.708108030059388 4
    endloop
  endfacet
  facet normal -0.5056573733779861 -0.862734385977791 -6.5956343067703425e-19
    outer loop
      vertex 47.076640276362056 3.708108030059388 0
      vertex 47.22061890004278 3.623720698504892 0
      vertex 47.22061890004278 3.623720698504892 4
    endloop
  endfacet
  facet normal -0.539138322911 -0.8422172337162867 -9.314389021152846e-19
    outer loop
      vertex 47.22061890004278 3.623720698504892 0
      vertex 47.36117349033331 3.533745852285817 0
      vertex 47.36117349033331 3.533745852285817 4
    endloop
  endfacet
  facet normal -0.5717879602276109 -0.8204014435255146 -5.91405691035808e-20
    outer loop
      vertex 47.36117349033331 3.533745852285817 0
      vertex 47.49808732224301 3.4383222260935264 0
      vertex 47.49808732224301 3.4383222260935264 4
    endloop
  endfacet
  facet normal -0.6343932841636455 -0.773010453362737 0
    outer loop
      vertex 47.76015420540328 3.2317253538001314 0
      vertex 47.76015420540328 3.2317253538001314 4
      vertex 47.631149284566796 3.337596956243166 0
    endloop
  endfacet
  facet normal -0.6642524379112854 -0.7475083268625935 3.7022477741779914e-19
    outer loop
      vertex 47.76015420540328 3.2317253538001314 0
      vertex 47.884903168515 3.1208706651016636 0
      vertex 47.884903168515 3.1208706651016636 4
    endloop
  endfacet
  facet normal -0.6930873625456262 -0.7208535967029281 2.8296493779235497e-16
    outer loop
      vertex 47.884903168515 3.1208706651016636 0
      vertex 48.00520382004283 3.0052038200428273 0
      vertex 47.89039059023367 3.1155946109020833 4
    endloop
  endfacet
  facet normal -0.6035559419535625 -0.7973206537727139 2.3118438557570907e-19
    outer loop
      vertex 47.49808732224301 3.4383222260935264 0
      vertex 47.631149284566796 3.337596956243166 0
      vertex 47.631149284566796 3.337596956243166 4
    endloop
  endfacet
  facet normal -0.3644704998791445 -0.9312149347588056 0
    outer loop
      vertex 46.47099749257934 3.9873131776705577 0
      vertex 46.62640458755163 3.9264880131729685 4
      vertex 46.47099749257934 3.9873131776705577 4
    endloop
  endfacet
  facet normal -0.2143091530650602 -0.9767658813208704 0
    outer loop
      vertex 45.82913386856855 4.16833744171373 0
      vertex 45.9921427963876 4.132572161690125 4
      vertex 45.82913386856855 4.16833744171373 4
    endloop
  endfacet
  facet normal -0.252491577015155 -0.9675990923602605 0
    outer loop
      vertex 45.9921427963876 4.132572161690125 0
      vertex 46.153621911926564 4.090434754928001 4
      vertex 45.9921427963876 4.132572161690125 4
    endloop
  endfacet
  facet normal -0.29028467725446516 -0.9569403357322079 0
    outer loop
      vertex 46.153621911926564 4.090434754928001 0
      vertex 46.313322226093526 4.041990194254402 4
      vertex 46.153621911926564 4.090434754928001 4
    endloop
  endfacet
  facet normal -0.3276301795616914 -0.9448060464668787 0
    outer loop
      vertex 46.313322226093526 4.041990194254402 0
      vertex 46.47099749257934 3.9873131776705577 4
      vertex 46.313322226093526 4.041990194254402 4
    endloop
  endfacet
  facet normal -0.40074883310315135 -0.9161879571171314 0
    outer loop
      vertex 46.62640458755163 3.9264880131729685 0
      vertex 46.779303884534066 3.8596084887565953 4
      vertex 46.62640458755163 3.9264880131729685 4
    endloop
  endfacet
  facet normal -0.43640924067333275 -0.899748284052226 0
    outer loop
      vertex 46.779303884534066 3.8596084887565953 0
      vertex 46.929459623893074 3.7867777278005637 4
      vertex 46.779303884534066 3.8596084887565953 4
    endloop
  endfacet
  facet normal -0.47139673682600275 -0.8819212643483524 0
    outer loop
      vertex 46.929459623893074 3.7867777278005637 0
      vertex 47.076640276362056 3.708108030059388 4
      vertex 46.929459623893074 3.7867777278005637 4
    endloop
  endfacet
  facet normal -0.539138322911 -0.8422172337162867 0
    outer loop
      vertex 47.22061890004278 3.623720698504892 0
      vertex 47.36117349033331 3.533745852285817 4
      vertex 47.22061890004278 3.623720698504892 4
    endloop
  endfacet
  facet normal -0.5056573733779861 -0.862734385977791 0
    outer loop
      vertex 47.076640276362056 3.708108030059388 0
      vertex 47.22061890004278 3.623720698504892 4
      vertex 47.076640276362056 3.708108030059388 4
    endloop
  endfacet
  facet normal -0.5717879602276109 -0.8204014435255146 0
    outer loop
      vertex 47.36117349033331 3.533745852285817 0
      vertex 47.49808732224301 3.4383222260935264 4
      vertex 47.36117349033331 3.533745852285817 4
    endloop
  endfacet
  facet normal -0.6343932841636455 -0.773010453362737 0
    outer loop
      vertex 47.631149284566796 3.337596956243166 0
      vertex 47.76015420540328 3.2317253538001314 4
      vertex 47.631149284566796 3.337596956243166 4
    endloop
  endfacet
  facet normal -0.6642524379112854 -0.7475083268625935 0
    outer loop
      vertex 47.76015420540328 3.2317253538001314 0
      vertex 47.884903168515 3.1208706651016636 4
      vertex 47.76015420540328 3.2317253538001314 4
    endloop
  endfacet
  facet normal -0.693087362545519 -0.7208535967030312 0
    outer loop
      vertex 47.884903168515 3.1208706651016636 0
      vertex 47.89039059023367 3.1155946109020833 4
      vertex 47.884903168515 3.1208706651016636 4
    endloop
  endfacet
  facet normal -0.6035559419535625 -0.7973206537727139 0
    outer loop
      vertex 47.49808732224301 3.4383222260935264 0
      vertex 47.631149284566796 3.337596956243166 4
      vertex 47.49808732224301 3.4383222260935264 4
    endloop
  endfacet
  facet normal -0.7973206537727148 -0.6035559419535613 0
    outer loop
      vertex 48.33759695624317 2.6311492845667943 0
      vertex 48.438322226093526 2.498087322243011 0
      vertex 48.33759695624317 2.6311492845667943 13
    endloop
  endfacet
  facet normal -0.9998072404820648 -0.019633692460630327 1.843255010483555e-20
    outer loop
      vertex 49.25 0 0
      vertex 49.24672340402307 0.16685421697604158 13
      vertex 49.24672340402307 0.16685421697604158 0
    endloop
  endfacet
  facet normal -0.998265610184717 -0.05887080365117125 -2.3502367208955742e-20
    outer loop
      vertex 49.24672340402307 0.16685421697604158 0
      vertex 49.2368986683658 0.33345115684334103 13
      vertex 49.2368986683658 0.33345115684334103 0
    endloop
  endfacet
  facet normal -0.995184726672194 -0.09801714032958934 3.708789234112938e-20
    outer loop
      vertex 49.2368986683658 0.33345115684334103 0
      vertex 49.220540942058435 0.49953393919581 13
      vertex 49.220540942058435 0.49953393919581 0
    endloop
  endfacet
  facet normal -0.9905693404435785 -0.13701234168195858 -4.708483500838483e-20
    outer loop
      vertex 49.220540942058435 0.49953393919581 0
      vertex 49.197675447529335 0.6648464764209812 13
      vertex 49.197675447529335 0.6648464764209812 0
    endloop
  endfacet
  facet normal -0.9569403357322149 -0.2902846772544423 -1.7606233944405428e-19
    outer loop
      vertex 49.090434754928 1.1536219119265656 0
      vertex 49.0419901942544 1.3133222260935264 13
      vertex 49.0419901942544 1.3133222260935264 0
    endloop
  endfacet
  facet normal -0.9844265680898944 -0.17579627993433863 -1.1495865109427365e-19
    outer loop
      vertex 49.197675447529335 0.6648464764209812 0
      vertex 49.16833744171373 0.8291338685685451 13
      vertex 49.16833744171373 0.8291338685685451 0
    endloop
  endfacet
  facet normal -0.9767658813208723 -0.21430915306505108 0
    outer loop
      vertex 49.13257216169013 0.992142796387598 0
      vertex 49.16833744171373 0.8291338685685451 0
      vertex 49.13257216169013 0.992142796387598 13
    endloop
  endfacet
  facet normal -0.9675990923602519 -0.25249157701518865 0
    outer loop
      vertex 49.090434754928 1.1536219119265656 0
      vertex 49.13257216169013 0.992142796387598 0
      vertex 49.090434754928 1.1536219119265656 13
    endloop
  endfacet
  facet normal -0.8997482840522255 -0.43640924067333353 8.459749436669153e-20
    outer loop
      vertex 48.85960848875659 1.7793038845340694 0
      vertex 48.78677772780056 1.929459623893074 13
      vertex 48.78677772780056 1.929459623893074 0
    endloop
  endfacet
  facet normal -0.8422172337162949 -0.5391383229109873 -3.4822704700301307e-19
    outer loop
      vertex 48.62372069850489 2.2206189000427825 0
      vertex 48.53374585228582 2.361173490333309 13
      vertex 48.53374585228582 2.361173490333309 0
    endloop
  endfacet
  facet normal -0.8204014435255083 -0.5717879602276198 -2.1785796940189307e-19
    outer loop
      vertex 48.53374585228582 2.361173490333309 0
      vertex 48.438322226093526 2.498087322243011 13
      vertex 48.438322226093526 2.498087322243011 0
    endloop
  endfacet
  facet normal -0.8819212643483528 -0.4713967368260019 3.741562025667124e-19
    outer loop
      vertex 48.78677772780056 1.929459623893074 0
      vertex 48.708108030059385 2.0766402763620584 13
      vertex 48.708108030059385 2.0766402763620584 0
    endloop
  endfacet
  facet normal -0.8627343859777928 -0.505657373377983 0
    outer loop
      vertex 48.62372069850489 2.2206189000427825 0
      vertex 48.708108030059385 2.0766402763620584 0
      vertex 48.62372069850489 2.2206189000427825 13
    endloop
  endfacet
  facet normal -0.9312149347588082 -0.36447049987913743 0
    outer loop
      vertex 48.92648801317297 1.6264045875516315 0
      vertex 48.98731317767056 1.470997492579345 0
      vertex 48.92648801317297 1.6264045875516315 13
    endloop
  endfacet
  facet normal -0.9448060464668777 -0.32763017956169455 -3.7911579066507076e-19
    outer loop
      vertex 49.0419901942544 1.3133222260935264 0
      vertex 48.98731317767056 1.470997492579345 13
      vertex 48.98731317767056 1.470997492579345 0
    endloop
  endfacet
  facet normal -0.9161879571171233 -0.40074883310316955 0
    outer loop
      vertex 48.85960848875659 1.7793038845340694 0
      vertex 48.92648801317297 1.6264045875516315 0
      vertex 48.85960848875659 1.7793038845340694 13
    endloop
  endfacet
  facet normal -0.7208535967029421 -0.6930873625456115 3.427974581455064e-16
    outer loop
      vertex 48.06443435681619 2.9436004093113053 0
      vertex 48.099183131653135 2.9074595406764696 13
      vertex 48.00520382004283 3.0052038200428273 0
    endloop
  endfacet
  facet normal -0.7208535967029193 -0.6930873625456352 1.5748632280431874e-19
    outer loop
      vertex 48.06443435681619 2.9436004093113053 0
      vertex 48.12087066510166 2.8849031685150024 0
      vertex 48.12087066510166 2.8849031685150024 13
    endloop
  endfacet
  facet normal -0.7475083268625996 -0.6642524379112785 0
    outer loop
      vertex 48.12087066510166 2.8849031685150024 0
      vertex 48.23172535380013 2.7601542054032806 0
      vertex 48.12087066510166 2.8849031685150024 13
    endloop
  endfacet
  facet normal -0.7730104533627266 -0.6343932841636583 -3.182662402562101e-19
    outer loop
      vertex 48.33759695624317 2.6311492845667943 0
      vertex 48.23172535380013 2.7601542054032806 13
      vertex 48.23172535380013 2.7601542054032806 0
    endloop
  endfacet
  facet normal -0.6930873625456313 -0.7208535967029231 -4.751279474157242e-19
    outer loop
      vertex 48.00520382004283 3.0052038200428273 0
      vertex 47.89039059023367 3.1155946109020833 13
      vertex 47.89039059023367 3.1155946109020833 4
    endloop
  endfacet
  facet normal -0.7973206537727148 -0.6035559419535613 0
    outer loop
      vertex 48.438322226093526 2.498087322243011 0
      vertex 48.438322226093526 2.498087322243011 13
      vertex 48.33759695624317 2.6311492845667943 13
    endloop
  endfacet
  facet normal -0.9998072404820648 -0.019633692460630327 0
    outer loop
      vertex 49.25 0 0
      vertex 49.25 0 13
      vertex 49.24672340402307 0.16685421697604158 13
    endloop
  endfacet
  facet normal -0.998265610184717 -0.05887080365117125 0
    outer loop
      vertex 49.24672340402307 0.16685421697604158 0
      vertex 49.24672340402307 0.16685421697604158 13
      vertex 49.2368986683658 0.33345115684334103 13
    endloop
  endfacet
  facet normal -0.995184726672194 -0.09801714032958934 0
    outer loop
      vertex 49.2368986683658 0.33345115684334103 0
      vertex 49.2368986683658 0.33345115684334103 13
      vertex 49.220540942058435 0.49953393919581 13
    endloop
  endfacet
  facet normal -0.9905693404435785 -0.13701234168195858 0
    outer loop
      vertex 49.220540942058435 0.49953393919581 0
      vertex 49.220540942058435 0.49953393919581 13
      vertex 49.197675447529335 0.6648464764209812 13
    endloop
  endfacet
  facet normal -0.9569403357322149 -0.2902846772544423 0
    outer loop
      vertex 49.090434754928 1.1536219119265656 0
      vertex 49.090434754928 1.1536219119265656 13
      vertex 49.0419901942544 1.3133222260935264 13
    endloop
  endfacet
  facet normal -0.9844265680898944 -0.17579627993433863 0
    outer loop
      vertex 49.197675447529335 0.6648464764209812 0
      vertex 49.197675447529335 0.6648464764209812 13
      vertex 49.16833744171373 0.8291338685685451 13
    endloop
  endfacet
  facet normal -0.9767658813208723 -0.21430915306505108 0
    outer loop
      vertex 49.16833744171373 0.8291338685685451 0
      vertex 49.16833744171373 0.8291338685685451 13
      vertex 49.13257216169013 0.992142796387598 13
    endloop
  endfacet
  facet normal -0.9675990923602519 -0.25249157701518865 0
    outer loop
      vertex 49.13257216169013 0.992142796387598 0
      vertex 49.13257216169013 0.992142796387598 13
      vertex 49.090434754928 1.1536219119265656 13
    endloop
  endfacet
  facet normal -0.8819212643483528 -0.4713967368260019 0
    outer loop
      vertex 48.78677772780056 1.929459623893074 0
      vertex 48.78677772780056 1.929459623893074 13
      vertex 48.708108030059385 2.0766402763620584 13
    endloop
  endfacet
  facet normal -0.8997482840522255 -0.43640924067333353 0
    outer loop
      vertex 48.85960848875659 1.7793038845340694 0
      vertex 48.85960848875659 1.7793038845340694 13
      vertex 48.78677772780056 1.929459623893074 13
    endloop
  endfacet
  facet normal -0.8422172337162949 -0.5391383229109873 0
    outer loop
      vertex 48.62372069850489 2.2206189000427825 0
      vertex 48.62372069850489 2.2206189000427825 13
      vertex 48.53374585228582 2.361173490333309 13
    endloop
  endfacet
  facet normal -0.8204014435255083 -0.5717879602276198 0
    outer loop
      vertex 48.53374585228582 2.361173490333309 0
      vertex 48.53374585228582 2.361173490333309 13
      vertex 48.438322226093526 2.498087322243011 13
    endloop
  endfacet
  facet normal -0.8627343859777928 -0.505657373377983 0
    outer loop
      vertex 48.708108030059385 2.0766402763620584 0
      vertex 48.708108030059385 2.0766402763620584 13
      vertex 48.62372069850489 2.2206189000427825 13
    endloop
  endfacet
  facet normal -0.9312149347588082 -0.36447049987913743 0
    outer loop
      vertex 48.98731317767056 1.470997492579345 0
      vertex 48.98731317767056 1.470997492579345 13
      vertex 48.92648801317297 1.6264045875516315 13
    endloop
  endfacet
  facet normal -0.9448060464668777 -0.32763017956169455 0
    outer loop
      vertex 49.0419901942544 1.3133222260935264 0
      vertex 49.0419901942544 1.3133222260935264 13
      vertex 48.98731317767056 1.470997492579345 13
    endloop
  endfacet
  facet normal -0.9161879571171233 -0.40074883310316955 0
    outer loop
      vertex 48.92648801317297 1.6264045875516315 0
      vertex 48.92648801317297 1.6264045875516315 13
      vertex 48.85960848875659 1.7793038845340694 13
    endloop
  endfacet
  facet normal -0.6930873625456313 -0.7208535967029231 0
    outer loop
      vertex 48.00520382004283 3.0052038200428273 0
      vertex 48.00520382004283 3.0052038200428273 13
      vertex 47.89039059023367 3.1155946109020833 13
    endloop
  endfacet
  facet normal -0.7208535967029195 -0.6930873625456353 0
    outer loop
      vertex 48.00520382004283 3.0052038200428273 0
      vertex 48.099183131653135 2.9074595406764696 13
      vertex 48.00520382004283 3.0052038200428273 13
    endloop
  endfacet
  facet normal -0.7475083268625996 -0.6642524379112785 0
    outer loop
      vertex 48.23172535380013 2.7601542054032806 0
      vertex 48.23172535380013 2.7601542054032806 13
      vertex 48.12087066510166 2.8849031685150024 13
    endloop
  endfacet
  facet normal -0.7730104533627266 -0.6343932841636583 0
    outer loop
      vertex 48.33759695624317 2.6311492845667943 0
      vertex 48.33759695624317 2.6311492845667943 13
      vertex 48.23172535380013 2.7601542054032806 13
    endloop
  endfacet
  facet normal -0.7208535967030408 -0.693087362545509 8.914786592762652e-16
    outer loop
      vertex 48.06443435681619 2.9436004093113053 0
      vertex 48.12087066510166 2.8849031685150024 16
      vertex 48.099183131653135 2.9074595406764696 13
    endloop
  endfacet
  facet normal -0.7208535967029194 -0.6930873625456352 6.824407321520479e-19
    outer loop
      vertex 48.06443435681619 2.9436004093113053 0
      vertex 48.12087066510166 2.8849031685150024 13
      vertex 48.12087066510166 2.8849031685150024 16
    endloop
  endfacet
  facet normal 0.7208535967029815 0.6930873625455706 0
    outer loop
      vertex 48.12087066510166 2.8849031685150024 16
      vertex 48.12087066510166 2.8849031685150024 13
      vertex 48.099183131653135 2.9074595406764696 13
    endloop
  endfacet
  facet normal -0.7208535967029192 0.6930873625456355 0
    outer loop
      vertex 3.0052038200428273 -3.005203820042827 0
      vertex 3.0052038200428273 -3.005203820042827 16
      vertex 3.1208706651016636 -2.8849031685150024 0
    endloop
  endfacet
  facet normal -0.747508326862597 0.6642524379112815 0
    outer loop
      vertex 3.1208706651016636 -2.8849031685150024 0
      vertex 3.1208706651016636 -2.8849031685150024 16
      vertex 3.2317253538001314 -2.7601542054032806 0
    endloop
  endfacet
  facet normal -0.773010453362737 0.6343932841636455 0
    outer loop
      vertex 3.2317253538001314 -2.7601542054032806 0
      vertex 3.2317253538001314 -2.7601542054032806 16
      vertex 3.337596956243166 -2.6311492845667943 0
    endloop
  endfacet
  facet normal -0.7973206537727071 0.6035559419535714 0
    outer loop
      vertex 3.337596956243166 -2.6311492845667943 0
      vertex 3.337596956243166 -2.6311492845667943 16
      vertex 3.4383222260935264 -2.498087322243011 0
    endloop
  endfacet
  facet normal -0.8204014435255146 0.5717879602276109 0
    outer loop
      vertex 3.4383222260935264 -2.498087322243011 0
      vertex 3.4383222260935264 -2.498087322243011 16
      vertex 3.533745852285817 -2.361173490333309 0
    endloop
  endfacet
  facet normal -0.8422172337162851 0.5391383229110024 0
    outer loop
      vertex 3.533745852285817 -2.361173490333309 0
      vertex 3.533745852285817 -2.361173490333309 16
      vertex 3.623720698504892 -2.2206189000427825 0
    endloop
  endfacet
  facet normal -0.8627343859777917 0.505657373377985 0
    outer loop
      vertex 3.623720698504892 -2.2206189000427825 0
      vertex 3.623720698504892 -2.2206189000427825 16
      vertex 3.708108030059388 -2.0766402763620584 0
    endloop
  endfacet
  facet normal -0.8819212643483549 0.4713967368259977 0
    outer loop
      vertex 3.708108030059388 -2.0766402763620584 0
      vertex 3.708108030059388 -2.0766402763620584 16
      vertex 3.7867777278005637 -1.929459623893074 0
    endloop
  endfacet
  facet normal -0.8997482840522225 0.4364092406733401 0
    outer loop
      vertex 3.7867777278005637 -1.929459623893074 0
      vertex 3.7867777278005637 -1.929459623893074 16
      vertex 3.8596084887565953 -1.7793038845340694 0
    endloop
  endfacet
  facet normal -0.9161879571171362 0.40074883310314063 0
    outer loop
      vertex 3.8596084887565953 -1.7793038845340694 0
      vertex 3.8596084887565953 -1.7793038845340694 16
      vertex 3.9264880131729685 -1.6264045875516315 0
    endloop
  endfacet
  facet normal -0.931214934758803 0.3644704998791513 0
    outer loop
      vertex 3.9264880131729685 -1.6264045875516315 0
      vertex 3.9264880131729685 -1.6264045875516315 16
      vertex 3.9873131776705577 -1.470997492579345 0
    endloop
  endfacet
  facet normal -0.9448060464668793 0.32763017956168977 0
    outer loop
      vertex 3.9873131776705577 -1.470997492579345 0
      vertex 3.9873131776705577 -1.470997492579345 16
      vertex 4.041990194254402 -1.3133222260935264 0
    endloop
  endfacet
  facet normal -0.9569403357322075 0.29028467725446666 0
    outer loop
      vertex 4.041990194254402 -1.3133222260935264 0
      vertex 4.041990194254402 -1.3133222260935264 16
      vertex 4.090434754928001 -1.1536219119265656 0
    endloop
  endfacet
  facet normal -0.967599092360261 0.25249157701515373 0
    outer loop
      vertex 4.090434754928001 -1.1536219119265656 0
      vertex 4.090434754928001 -1.1536219119265656 16
      vertex 4.132572161690125 -0.992142796387598 0
    endloop
  endfacet
  facet normal -0.9767658813208712 0.21430915306505613 0
    outer loop
      vertex 4.132572161690125 -0.992142796387598 0
      vertex 4.132572161690125 -0.992142796387598 16
      vertex 4.16833744171373 -0.8291338685685451 0
    endloop
  endfacet
  facet normal -0.9844265680898917 0.17579627993435412 0
    outer loop
      vertex 4.16833744171373 -0.8291338685685451 0
      vertex 4.16833744171373 -0.8291338685685451 16
      vertex 4.197675447529336 -0.6648464764209812 0
    endloop
  endfacet
  facet normal -0.9905693404435779 0.13701234168196383 0
    outer loop
      vertex 4.197675447529336 -0.6648464764209812 0
      vertex 4.197675447529336 -0.6648464764209812 16
      vertex 4.220540942058436 -0.49953393919581 0
    endloop
  endfacet
  facet normal -0.9951847266721967 0.09801714032956299 0
    outer loop
      vertex 4.220540942058436 -0.49953393919581 0
      vertex 4.220540942058436 -0.49953393919581 16
      vertex 4.236898668365794 -0.33345115684334103 0
    endloop
  endfacet
  facet normal -0.9982656101847159 0.05887080365118715 0
    outer loop
      vertex 4.236898668365794 -0.33345115684334103 0
      vertex 4.236898668365794 -0.33345115684334103 16
      vertex 4.246723404023072 -0.16685421697604158 0
    endloop
  endfacet
  facet normal -0.9998072404820649 0.019633692460630327 0
    outer loop
      vertex 4.246723404023072 -0.16685421697604158 0
      vertex 4.246723404023072 -0.16685421697604158 16
      vertex 4.25 0 0
    endloop
  endfacet
  facet normal -0.9998072404820648 0.019633692460630327 -1.843255010483555e-20
    outer loop
      vertex 4.246723404023072 -0.16685421697604158 16
      vertex 4.25 0 13
      vertex 4.25 0 0
    endloop
  endfacet
  facet normal -0.7208535967029192 0.6930873625456355 0
    outer loop
      vertex 3.1208706651016636 -2.8849031685150024 0
      vertex 3.0052038200428273 -3.005203820042827 16
      vertex 3.1208706651016636 -2.8849031685150024 16
    endloop
  endfacet
  facet normal -0.747508326862597 0.6642524379112815 0
    outer loop
      vertex 3.2317253538001314 -2.7601542054032806 0
      vertex 3.1208706651016636 -2.8849031685150024 16
      vertex 3.2317253538001314 -2.7601542054032806 16
    endloop
  endfacet
  facet normal -0.773010453362737 0.6343932841636455 0
    outer loop
      vertex 3.337596956243166 -2.6311492845667943 0
      vertex 3.2317253538001314 -2.7601542054032806 16
      vertex 3.337596956243166 -2.6311492845667943 16
    endloop
  endfacet
  facet normal -0.7973206537727071 0.6035559419535714 0
    outer loop
      vertex 3.4383222260935264 -2.498087322243011 0
      vertex 3.337596956243166 -2.6311492845667943 16
      vertex 3.4383222260935264 -2.498087322243011 16
    endloop
  endfacet
  facet normal -0.8204014435255146 0.5717879602276109 0
    outer loop
      vertex 3.533745852285817 -2.361173490333309 0
      vertex 3.4383222260935264 -2.498087322243011 16
      vertex 3.533745852285817 -2.361173490333309 16
    endloop
  endfacet
  facet normal -0.8422172337162851 0.5391383229110024 0
    outer loop
      vertex 3.623720698504892 -2.2206189000427825 0
      vertex 3.533745852285817 -2.361173490333309 16
      vertex 3.623720698504892 -2.2206189000427825 16
    endloop
  endfacet
  facet normal -0.8627343859777917 0.505657373377985 0
    outer loop
      vertex 3.708108030059388 -2.0766402763620584 0
      vertex 3.623720698504892 -2.2206189000427825 16
      vertex 3.708108030059388 -2.0766402763620584 16
    endloop
  endfacet
  facet normal -0.8819212643483549 0.4713967368259977 0
    outer loop
      vertex 3.7867777278005637 -1.929459623893074 0
      vertex 3.708108030059388 -2.0766402763620584 16
      vertex 3.7867777278005637 -1.929459623893074 16
    endloop
  endfacet
  facet normal -0.8997482840522225 0.4364092406733401 0
    outer loop
      vertex 3.8596084887565953 -1.7793038845340694 0
      vertex 3.7867777278005637 -1.929459623893074 16
      vertex 3.8596084887565953 -1.7793038845340694 16
    endloop
  endfacet
  facet normal -0.9161879571171362 0.40074883310314063 0
    outer loop
      vertex 3.9264880131729685 -1.6264045875516315 0
      vertex 3.8596084887565953 -1.7793038845340694 16
      vertex 3.9264880131729685 -1.6264045875516315 16
    endloop
  endfacet
  facet normal -0.931214934758803 0.3644704998791513 0
    outer loop
      vertex 3.9873131776705577 -1.470997492579345 0
      vertex 3.9264880131729685 -1.6264045875516315 16
      vertex 3.9873131776705577 -1.470997492579345 16
    endloop
  endfacet
  facet normal -0.9448060464668793 0.32763017956168977 0
    outer loop
      vertex 4.041990194254402 -1.3133222260935264 0
      vertex 3.9873131776705577 -1.470997492579345 16
      vertex 4.041990194254402 -1.3133222260935264 16
    endloop
  endfacet
  facet normal -0.9569403357322075 0.29028467725446666 0
    outer loop
      vertex 4.090434754928001 -1.1536219119265656 0
      vertex 4.041990194254402 -1.3133222260935264 16
      vertex 4.090434754928001 -1.1536219119265656 16
    endloop
  endfacet
  facet normal -0.967599092360261 0.25249157701515373 0
    outer loop
      vertex 4.132572161690125 -0.992142796387598 0
      vertex 4.090434754928001 -1.1536219119265656 16
      vertex 4.132572161690125 -0.992142796387598 16
    endloop
  endfacet
  facet normal -0.9767658813208712 0.21430915306505613 0
    outer loop
      vertex 4.16833744171373 -0.8291338685685451 0
      vertex 4.132572161690125 -0.992142796387598 16
      vertex 4.16833744171373 -0.8291338685685451 16
    endloop
  endfacet
  facet normal -0.9844265680898917 0.17579627993435412 0
    outer loop
      vertex 4.197675447529336 -0.6648464764209812 0
      vertex 4.16833744171373 -0.8291338685685451 16
      vertex 4.197675447529336 -0.6648464764209812 16
    endloop
  endfacet
  facet normal -0.9905693404435779 0.13701234168196383 0
    outer loop
      vertex 4.220540942058436 -0.49953393919581 0
      vertex 4.197675447529336 -0.6648464764209812 16
      vertex 4.220540942058436 -0.49953393919581 16
    endloop
  endfacet
  facet normal -0.9951847266721967 0.09801714032956299 0
    outer loop
      vertex 4.236898668365794 -0.33345115684334103 0
      vertex 4.220540942058436 -0.49953393919581 16
      vertex 4.236898668365794 -0.33345115684334103 16
    endloop
  endfacet
  facet normal -0.9982656101847159 0.05887080365118715 0
    outer loop
      vertex 4.246723404023072 -0.16685421697604158 0
      vertex 4.236898668365794 -0.33345115684334103 16
      vertex 4.246723404023072 -0.16685421697604158 16
    endloop
  endfacet
  facet normal -0.9998072404820648 0.019633692460630327 -7.987438378762074e-20
    outer loop
      vertex 4.246723404023072 -0.16685421697604158 16
      vertex 4.25 0 16
      vertex 4.25 0 13
    endloop
  endfacet
  facet normal -0.7973206537727071 -0.6035559419535714 0
    outer loop
      vertex 3.337596956243166 2.6311492845667943 0
      vertex 3.4383222260935264 2.498087322243011 0
      vertex 3.337596956243166 2.6311492845667943 13
    endloop
  endfacet
  facet normal -0.9161879571171361 -0.4007488331031405 0
    outer loop
      vertex 3.8596084887565953 1.7793038845340694 0
      vertex 3.9264880131729685 1.6264045875516315 0
      vertex 3.8596084887565953 1.7793038845340694 13
    endloop
  endfacet
  facet normal -0.8997482840522225 -0.4364092406733401 -1.7095692820694992e-19
    outer loop
      vertex 3.8596084887565953 1.7793038845340694 0
      vertex 3.7867777278005637 1.929459623893074 13
      vertex 3.7867777278005637 1.929459623893074 0
    endloop
  endfacet
  facet normal -0.8422172337162852 -0.5391383229110024 -2.3292726174224986e-19
    outer loop
      vertex 3.623720698504892 2.2206189000427825 0
      vertex 3.533745852285817 2.361173490333309 13
      vertex 3.533745852285817 2.361173490333309 0
    endloop
  endfacet
  facet normal -0.8627343859777916 -0.5056573733779849 0
    outer loop
      vertex 3.623720698504892 2.2206189000427825 0
      vertex 3.708108030059388 2.0766402763620584 0
      vertex 3.623720698504892 2.2206189000427825 13
    endloop
  endfacet
  facet normal -0.8204014435255146 -0.5717879602276109 0
    outer loop
      vertex 3.4383222260935264 2.498087322243011 0
      vertex 3.533745852285817 2.361173490333309 0
      vertex 3.4383222260935264 2.498087322243011 13
    endloop
  endfacet
  facet normal -0.881921264348355 -0.47139673682599775 -1.4038309718071767e-19
    outer loop
      vertex 3.7867777278005637 1.929459623893074 0
      vertex 3.708108030059388 2.0766402763620584 13
      vertex 3.708108030059388 2.0766402763620584 0
    endloop
  endfacet
  facet normal -0.9998072404820648 -0.019633692460630327 1.843255010483555e-20
    outer loop
      vertex 4.25 0 0
      vertex 4.246723404023072 0.16685421697604158 13
      vertex 4.246723404023072 0.16685421697604158 0
    endloop
  endfacet
  facet normal -0.998265610184716 -0.05887080365118715 -3.7814692469888493e-20
    outer loop
      vertex 4.246723404023072 0.16685421697604158 0
      vertex 4.236898668365794 0.33345115684334103 13
      vertex 4.236898668365794 0.33345115684334103 0
    endloop
  endfacet
  facet normal -0.9951847266721966 -0.09801714032956299 0
    outer loop
      vertex 4.220540942058436 0.49953393919581 0
      vertex 4.236898668365794 0.33345115684334103 0
      vertex 4.220540942058436 0.49953393919581 13
    endloop
  endfacet
  facet normal -0.9905693404435778 -0.13701234168196383 4.085454995210952e-20
    outer loop
      vertex 4.220540942058436 0.49953393919581 0
      vertex 4.197675447529336 0.6648464764209812 13
      vertex 4.197675447529336 0.6648464764209812 0
    endloop
  endfacet
  facet normal -0.9675990923602608 -0.25249157701515373 0
    outer loop
      vertex 4.090434754928001 1.1536219119265656 0
      vertex 4.132572161690125 0.992142796387598 0
      vertex 4.090434754928001 1.1536219119265656 13
    endloop
  endfacet
  facet normal -0.9569403357322074 -0.2902846772544666 -4.237472233612756e-20
    outer loop
      vertex 4.090434754928001 1.1536219119265656 0
      vertex 4.041990194254402 1.3133222260935264 13
      vertex 4.041990194254402 1.3133222260935264 0
    endloop
  endfacet
  facet normal -0.9844265680898918 -0.17579627993435412 8.630118981410462e-21
    outer loop
      vertex 4.197675447529336 0.6648464764209812 0
      vertex 4.16833744171373 0.8291338685685451 13
      vertex 4.16833744171373 0.8291338685685451 0
    endloop
  endfacet
  facet normal -0.9767658813208713 -0.21430915306505618 -1.405705136965265e-20
    outer loop
      vertex 4.16833744171373 0.8291338685685451 0
      vertex 4.132572161690125 0.992142796387598 13
      vertex 4.132572161690125 0.992142796387598 0
    endloop
  endfacet
  facet normal -0.9448060464668793 -0.32763017956168977 2.0437234251685026e-19
    outer loop
      vertex 4.041990194254402 1.3133222260935264 0
      vertex 3.9873131776705577 1.470997492579345 13
      vertex 3.9873131776705577 1.470997492579345 0
    endloop
  endfacet
  facet normal -0.9312149347588029 -0.3644704998791513 2.987876130837921e-19
    outer loop
      vertex 3.9873131776705577 1.470997492579345 0
      vertex 3.9264880131729685 1.6264045875516315 13
      vertex 3.9264880131729685 1.6264045875516315 0
    endloop
  endfacet
  facet normal -0.720853596702919 -0.6930873625456354 3.644468627699224e-19
    outer loop
      vertex 3.1208706651016636 2.8849031685150024 0
      vertex 3.0052038200428273 3.005203820042827 13
      vertex 3.0052038200428273 3.005203820042827 0
    endloop
  endfacet
  facet normal -0.747508326862597 -0.6642524379112815 0
    outer loop
      vertex 3.1208706651016636 2.8849031685150024 0
      vertex 3.2317253538001314 2.7601542054032806 0
      vertex 3.1208706651016636 2.8849031685150024 13
    endloop
  endfacet
  facet normal -0.773010453362737 -0.6343932841636455 -1.5668729974581409e-19
    outer loop
      vertex 3.337596956243166 2.6311492845667943 0
      vertex 3.2317253538001314 2.7601542054032806 13
      vertex 3.2317253538001314 2.7601542054032806 0
    endloop
  endfacet
  facet normal -0.7973206537727071 -0.6035559419535714 0
    outer loop
      vertex 3.4383222260935264 2.498087322243011 0
      vertex 3.4383222260935264 2.498087322243011 13
      vertex 3.337596956243166 2.6311492845667943 13
    endloop
  endfacet
  facet normal -0.881921264348355 -0.47139673682599775 0
    outer loop
      vertex 3.7867777278005637 1.929459623893074 0
      vertex 3.7867777278005637 1.929459623893074 13
      vertex 3.708108030059388 2.0766402763620584 13
    endloop
  endfacet
  facet normal -0.8997482840522225 -0.4364092406733401 0
    outer loop
      vertex 3.8596084887565953 1.7793038845340694 0
      vertex 3.8596084887565953 1.7793038845340694 13
      vertex 3.7867777278005637 1.929459623893074 13
    endloop
  endfacet
  facet normal -0.8422172337162852 -0.5391383229110024 0
    outer loop
      vertex 3.623720698504892 2.2206189000427825 0
      vertex 3.623720698504892 2.2206189000427825 13
      vertex 3.533745852285817 2.361173490333309 13
    endloop
  endfacet
  facet normal -0.8204014435255146 -0.5717879602276109 0
    outer loop
      vertex 3.533745852285817 2.361173490333309 0
      vertex 3.533745852285817 2.361173490333309 13
      vertex 3.4383222260935264 2.498087322243011 13
    endloop
  endfacet
  facet normal -0.8627343859777916 -0.5056573733779849 0
    outer loop
      vertex 3.708108030059388 2.0766402763620584 0
      vertex 3.708108030059388 2.0766402763620584 13
      vertex 3.623720698504892 2.2206189000427825 13
    endloop
  endfacet
  facet normal -0.9998072404820648 -0.019633692460630327 0
    outer loop
      vertex 4.25 0 0
      vertex 4.25 0 13
      vertex 4.246723404023072 0.16685421697604158 13
    endloop
  endfacet
  facet normal -0.998265610184716 -0.05887080365118715 0
    outer loop
      vertex 4.246723404023072 0.16685421697604158 0
      vertex 4.246723404023072 0.16685421697604158 13
      vertex 4.236898668365794 0.33345115684334103 13
    endloop
  endfacet
  facet normal -0.9905693404435778 -0.13701234168196383 0
    outer loop
      vertex 4.220540942058436 0.49953393919581 0
      vertex 4.220540942058436 0.49953393919581 13
      vertex 4.197675447529336 0.6648464764209812 13
    endloop
  endfacet
  facet normal -0.9951847266721966 -0.09801714032956299 0
    outer loop
      vertex 4.236898668365794 0.33345115684334103 0
      vertex 4.236898668365794 0.33345115684334103 13
      vertex 4.220540942058436 0.49953393919581 13
    endloop
  endfacet
  facet normal -0.9569403357322074 -0.2902846772544666 0
    outer loop
      vertex 4.090434754928001 1.1536219119265656 0
      vertex 4.090434754928001 1.1536219119265656 13
      vertex 4.041990194254402 1.3133222260935264 13
    endloop
  endfacet
  facet normal -0.9844265680898918 -0.17579627993435412 0
    outer loop
      vertex 4.197675447529336 0.6648464764209812 0
      vertex 4.197675447529336 0.6648464764209812 13
      vertex 4.16833744171373 0.8291338685685451 13
    endloop
  endfacet
  facet normal -0.9767658813208713 -0.21430915306505618 0
    outer loop
      vertex 4.16833744171373 0.8291338685685451 0
      vertex 4.16833744171373 0.8291338685685451 13
      vertex 4.132572161690125 0.992142796387598 13
    endloop
  endfacet
  facet normal -0.9675990923602608 -0.25249157701515373 0
    outer loop
      vertex 4.132572161690125 0.992142796387598 0
      vertex 4.132572161690125 0.992142796387598 13
      vertex 4.090434754928001 1.1536219119265656 13
    endloop
  endfacet
  facet normal -0.9312149347588029 -0.3644704998791513 0
    outer loop
      vertex 3.9873131776705577 1.470997492579345 0
      vertex 3.9873131776705577 1.470997492579345 13
      vertex 3.9264880131729685 1.6264045875516315 13
    endloop
  endfacet
  facet normal -0.9448060464668793 -0.32763017956168977 0
    outer loop
      vertex 4.041990194254402 1.3133222260935264 0
      vertex 4.041990194254402 1.3133222260935264 13
      vertex 3.9873131776705577 1.470997492579345 13
    endloop
  endfacet
  facet normal -0.9161879571171361 -0.4007488331031405 0
    outer loop
      vertex 3.9264880131729685 1.6264045875516315 0
      vertex 3.9264880131729685 1.6264045875516315 13
      vertex 3.8596084887565953 1.7793038845340694 13
    endloop
  endfacet
  facet normal -0.720853596702919 -0.6930873625456354 0
    outer loop
      vertex 3.1208706651016636 2.8849031685150024 0
      vertex 3.1208706651016636 2.8849031685150024 13
      vertex 3.0052038200428273 3.005203820042827 13
    endloop
  endfacet
  facet normal -0.747508326862597 -0.6642524379112815 0
    outer loop
      vertex 3.2317253538001314 2.7601542054032806 0
      vertex 3.2317253538001314 2.7601542054032806 13
      vertex 3.1208706651016636 2.8849031685150024 13
    endloop
  endfacet
  facet normal -0.773010453362737 -0.6343932841636455 0
    outer loop
      vertex 3.337596956243166 2.6311492845667943 0
      vertex 3.337596956243166 2.6311492845667943 13
      vertex 3.2317253538001314 2.7601542054032806 13
    endloop
  endfacet
  facet normal -0.7071067811865477 -0.7071067811865475 0
    outer loop
      vertex 3.0052038200428273 -3.005203820042827 0
      vertex 13.647421108614553 -13.647421108614553 0
      vertex 3.0052038200428273 -3.005203820042827 16
    endloop
  endfacet
  facet normal -0.7071067811865475 -0.7071067811865476 2.0180463468106339e-16
    outer loop
      vertex 13.647421108614553 -13.647421108614553 0
      vertex 15.556349186104047 -15.556349186104045 4
      vertex 3.0052038200428273 -3.005203820042827 16
    endloop
  endfacet
  facet normal -0.7071067811865475 -0.7071067811865475 -1.4085079104602913e-16
    outer loop
      vertex 13.647421108614553 -13.647421108614553 0
      vertex 34.13080121669438 -34.13080121669438 0
      vertex 33.941125496954285 -33.941125496954285 4
    endloop
  endfacet
  facet normal -0.7071067811865476 -0.7071067811865476 3.8020903850304423e-16
    outer loop
      vertex 13.647421108614553 -13.647421108614553 0
      vertex 33.941125496954285 -33.941125496954285 4
      vertex 15.556349186104047 -15.556349186104045 4
    endloop
  endfacet
  facet normal -0.7071067811865474 -0.7071067811865478 0
    outer loop
      vertex 15.556349186104047 -15.556349186104045 4
      vertex 15.556349186104047 -15.556349186104045 15.999999999999982
      vertex 12.28199445153768 -12.28199445153768 16
    endloop
  endfacet
  facet normal -0.7071067811865476 -0.7071067811865476 -1.1691634924382328e-16
    outer loop
      vertex 15.556349186104047 -15.556349186104045 4
      vertex 12.28199445153768 -12.28199445153768 16
      vertex 3.0052038200428273 -3.005203820042827 16
    endloop
  endfacet
  facet normal -0.7071067811865476 0.7071067811865476 6.996621102412601e-17
    outer loop
      vertex 3.0052038200428273 3.005203820042827 0
      vertex 13.203009429967569 13.203009429967567 13
      vertex 13.819307638327807 13.819307638327807 0
    endloop
  endfacet
  facet normal -0.7071067811865471 0.7071067811865478 -2.495181678245849e-18
    outer loop
      vertex 13.819307638327807 13.819307638327807 0
      vertex 15.556349186104047 15.556349186104045 13
      vertex 15.556349186104047 15.556349186104045 4.000000000000018
    endloop
  endfacet
  facet normal -0.7071067811865476 0.7071067811865476 3.1035476084018157e-16
    outer loop
      vertex 13.819307638327807 13.819307638327807 0
      vertex 15.556349186104047 15.556349186104045 4.000000000000018
      vertex 34.12740870236855 34.12740870236855 0
    endloop
  endfacet
  facet normal -0.7071067811865476 0.7071067811865475 -2.7749395548426764e-16
    outer loop
      vertex 15.556349186104047 15.556349186104045 4.000000000000018
      vertex 33.941125496954285 33.941125496954285 4
      vertex 34.12740870236855 34.12740870236855 0
    endloop
  endfacet
  facet normal -0.7071067811865476 0.7071067811865474 0
    outer loop
      vertex 3.0052038200428273 3.005203820042827 0
      vertex 3.0052038200428273 3.005203820042827 13
      vertex 4.21368010664403 4.21368010664403 16
    endloop
  endfacet
  facet normal -0.7071067811865475 0.7071067811865476 -3.6218196712213373e-17
    outer loop
      vertex 3.0052038200428273 3.005203820042827 0
      vertex 4.21368010664403 4.21368010664403 16
      vertex 13.203009429967569 13.203009429967567 13
    endloop
  endfacet
  facet normal -0.7071067811865476 0.7071067811865474 9.00755924078273e-17
    outer loop
      vertex 13.819307638327807 13.819307638327807 0
      vertex 13.203009429967569 13.203009429967567 13
      vertex 13.574589391462801 13.5745893914628 13.473684210526315
    endloop
  endfacet
  facet normal -0.7071067811865475 0.7071067811865475 9.370426868298269e-17
    outer loop
      vertex 13.819307638327807 13.819307638327807 0
      vertex 13.574589391462801 13.5745893914628 13.473684210526315
      vertex 14.210996441777711 14.21099644177771 13.35582967330747
    endloop
  endfacet
  facet normal -0.7071067811865477 0.7071067811865475 1.0114738368622861e-16
    outer loop
      vertex 13.819307638327807 13.819307638327807 0
      vertex 14.210996441777711 14.21099644177771 13.35582967330747
      vertex 15.556349186104047 15.556349186104045 16
    endloop
  endfacet
  facet normal -0.7071067811865471 0.7071067811865479 -7.485545034737532e-18
    outer loop
      vertex 13.819307638327807 13.819307638327807 0
      vertex 15.556349186104047 15.556349186104045 16
      vertex 15.556349186104047 15.556349186104045 13
    endloop
  endfacet
  facet normal -0.7071067811865477 0.7071067811865475 0
    outer loop
      vertex 3.0052038200428273 3.005203820042827 16
      vertex 4.21368010664403 4.21368010664403 16
      vertex 3.0052038200428273 3.005203820042827 13
    endloop
  endfacet
  facet normal -0.7071067811865475 0.7071067811865475 -3.9333705740591055e-20
    outer loop
      vertex 13.203009429967569 13.203009429967567 13
      vertex 4.21368010664403 4.21368010664403 16
      vertex 13.574589391462801 13.5745893914628 13.473684210526315
    endloop
  endfacet
  facet normal -0.7071067811865475 -0.7071067811865475 -1.2319733330732136e-18
    outer loop
      vertex 34.13080121669438 -34.13080121669438 0
      vertex 42.42640686780214 -42.42640686780214 0
      vertex 33.941125496954285 -33.941125496954285 4
    endloop
  endfacet
  facet normal -0.7071067811865476 -0.7071067811865476 0
    outer loop
      vertex 42.42640686780214 -42.42640686780214 0
      vertex 42.42640686780214 -42.42640686780214 16
      vertex 33.941125496954285 -33.941125496954285 4
    endloop
  endfacet
  facet normal 0.7730104531169316 -0.6343932844631602 -2.78565434423333e-17
    outer loop
      vertex 42.42640686780214 -42.42640686780214 0
      vertex 49.88817673913757 -33.33421397963764 0
      vertex 49.88817673913757 -33.33421397963764 16
    endloop
  endfacet
  facet normal 0.8819212643615376 -0.4713967368013348 1.1905605867507764e-17
    outer loop
      vertex 49.88817673930299 -33.33421397937923 0
      vertex 55.43277195096016 -22.961005941033363 0
      vertex 55.43277195096016 -22.961005941033363 16
    endloop
  endfacet
  facet normal 0.9569403357953976 -0.2902846770461574 -3.2446634979757955e-18
    outer loop
      vertex 55.43277195096016 -22.961005941033363 0
      vertex 58.8471168205142 -11.705419324338436 0
      vertex 58.8471168205142 -11.705419324338436 16
    endloop
  endfacet
  facet normal 0.9951847266444342 -0.09801714061143936 -4.7195105389288925e-18
    outer loop
      vertex 58.8471168205142 -11.705419324338436 0
      vertex 60 0 0
      vertex 60 0 13
    endloop
  endfacet
  facet normal 0.7730104531169316 -0.6343932844631602 0
    outer loop
      vertex 42.42640686780214 -42.42640686780214 0
      vertex 49.88817673913757 -33.33421397963764 16
      vertex 42.42640686780214 -42.42640686780214 16
    endloop
  endfacet
  facet normal -0.7071067811865476 -0.7071067811865476 0
    outer loop
      vertex 33.941125496954285 -33.941125496954285 4
      vertex 42.42640686780214 -42.42640686780214 16
      vertex 33.941125496954285 -33.941125496954285 16
    endloop
  endfacet
  facet normal 0.8819212643615376 -0.4713967368013348 0
    outer loop
      vertex 49.88817673930299 -33.33421397937923 0
      vertex 55.43277195096016 -22.961005941033363 16
      vertex 49.88817673930299 -33.33421397937923 16
    endloop
  endfacet
  facet normal 0.9569403357953976 -0.2902846770461574 0
    outer loop
      vertex 55.43277195096016 -22.961005941033363 0
      vertex 58.8471168205142 -11.705419324338436 16
      vertex 55.43277195096016 -22.961005941033363 16
    endloop
  endfacet
  facet normal 0.9951847266444342 -0.09801714061143936 -2.0451212335358537e-17
    outer loop
      vertex 58.8471168205142 -11.705419324338436 0
      vertex 60 0 13
      vertex 60 0 16
    endloop
  endfacet
  facet normal 0.9951847266444342 -0.09801714061143936 0
    outer loop
      vertex 58.8471168205142 -11.705419324338436 0
      vertex 60 0 16
      vertex 58.8471168205142 -11.705419324338436 16
    endloop
  endfacet
  facet normal -0.7071067811865476 0.7071067811865476 7.765609496715555e-19
    outer loop
      vertex 34.12740870236855 34.12740870236855 0
      vertex 33.941125496954285 33.941125496954285 4
      vertex 42.42640686780214 42.42640686780214 0
    endloop
  endfacet
  facet normal -0.7071067811865475 0.7071067811865475 0
    outer loop
      vertex 42.42640686780214 42.42640686780214 0
      vertex 33.941125496954285 33.941125496954285 4
      vertex 42.42640686780214 42.42640686780214 13
    endloop
  endfacet
  facet normal 0.9951847266444342 0.09801714061143936 0
    outer loop
      vertex 60 0 0
      vertex 58.8471168205142 11.705419324338436 0
      vertex 60 0 13
    endloop
  endfacet
  facet normal 0.9569403357953975 0.2902846770461574 0
    outer loop
      vertex 58.8471168205142 11.705419324338436 0
      vertex 55.43277195096016 22.961005941033363 0
      vertex 58.8471168205142 11.705419324338436 13
    endloop
  endfacet
  facet normal 0.7730104531169315 0.6343932844631602 5.202354326857422e-13
    outer loop
      vertex 42.42640686780214 42.42640686780214 0
      vertex 49.888176739168586 33.33421397958919 13
      vertex 49.88817673913757 33.33421397963764 0
    endloop
  endfacet
  facet normal 0.8819212643615376 0.4713967368013348 -1.465305337539417e-17
    outer loop
      vertex 49.88817673930299 33.33421397937923 0
      vertex 55.43277195096016 22.961005941033363 13
      vertex 55.43277195096016 22.961005941033363 0
    endloop
  endfacet
  facet normal -0.7071067811865476 0.7071067811865476 0
    outer loop
      vertex 33.941125496954285 33.941125496954285 4
      vertex 33.941125496954285 33.941125496954285 13
      vertex 42.42640686780214 42.42640686780214 13
    endloop
  endfacet
  facet normal 0.7730104531172963 0.6343932844627158 0
    outer loop
      vertex 42.42640686780214 42.42640686780214 0
      vertex 42.42640686780214 42.42640686780214 13
      vertex 49.888176739168586 33.33421397958919 13
    endloop
  endfacet
  facet normal 0.9951847266444342 0.09801714061143936 0
    outer loop
      vertex 58.8471168205142 11.705419324338436 0
      vertex 58.8471168205142 11.705419324338436 13
      vertex 60 0 13
    endloop
  endfacet
  facet normal 0.9569403357953975 0.2902846770461574 0
    outer loop
      vertex 55.43277195096016 22.961005941033363 0
      vertex 55.43277195096016 22.961005941033363 13
      vertex 58.8471168205142 11.705419324338436 13
    endloop
  endfacet
  facet normal 0.8819212643615376 0.4713967368013348 0
    outer loop
      vertex 49.88817673930299 33.33421397937923 0
      vertex 49.88817673930299 33.33421397937923 13
      vertex 55.43277195096016 22.961005941033363 13
    endloop
  endfacet
  facet normal 0.7071067811865475 -0.7071067811865476 0
    outer loop
      vertex 3.0052038200428273 3.005203820042827 16
      vertex 3.0052038200428273 3.005203820042827 13
      vertex 13.203009429967569 13.203009429967567 13
    endloop
  endfacet
  facet normal 0.7071067811865475 -0.7071067811865474 -1.7201528477838005e-16
    outer loop
      vertex 3.0052038200428273 3.005203820042827 16
      vertex 13.203009429967569 13.203009429967567 13
      vertex 13.574589391462801 13.5745893914628 13.473684210526315
    endloop
  endfacet
  facet normal 0.7071067811865477 -0.7071067811865475 9.248867823242437e-16
    outer loop
      vertex 4.21368010664403 4.21368010664403 16
      vertex 3.0052038200428273 3.005203820042827 16
      vertex 13.574589391462801 13.5745893914628 13.473684210526315
    endloop
  endfacet
  facet normal 0.7071067811865475 -0.7071067811865475 1.6846790874049018e-18
    outer loop
      vertex 13.203009429967569 13.203009429967567 13
      vertex 15.556349186104047 15.556349186104045 13
      vertex 13.574589391462801 13.5745893914628 13.473684210526315
    endloop
  endfacet
  facet normal 0.7071067811865478 -0.7071067811865474 -7.554876789174147e-16
    outer loop
      vertex 13.574589391462801 13.5745893914628 13.473684210526315
      vertex 15.556349186104047 15.556349186104045 13
      vertex 14.210996441777711 14.21099644177771 13.35582967330747
    endloop
  endfacet
  facet normal 0.7071067811865476 -0.7071067811865476 0
    outer loop
      vertex 15.556349186104047 15.556349186104045 16
      vertex 14.210996441777711 14.21099644177771 13.35582967330747
      vertex 15.556349186104047 15.556349186104045 13
    endloop
  endfacet
  facet normal 0 0 1
    outer loop
      vertex 3.0052038200428273 3.005203820042827 13
      vertex 3.1208706651016636 2.8849031685150024 13
      vertex 13.203009429967569 13.203009429967567 13
    endloop
  endfacet
  facet normal 0 0 1
    outer loop
      vertex 4.246723404023072 0.16685421697604158 13
      vertex 4.25 0 13
      vertex 12.402312891277832 0.11777944727720582 13
    endloop
  endfacet
  facet normal 0 0 1
    outer loop
      vertex 4.236898668365794 0.33345115684334103 13
      vertex 4.246723404023072 0.16685421697604158 13
      vertex 12.409247998800616 0.23537728718353484 13
    endloop
  endfacet
  facet normal 0 0 1
    outer loop
      vertex 4.220540942058436 0.49953393919581 13
      vertex 4.236898668365794 0.33345115684334103 13
      vertex 12.420794629135221 0.35261219237351293 13
    endloop
  endfacet
  facet normal 0 0 1
    outer loop
      vertex 4.197675447529336 0.6648464764209812 13
      vertex 4.220540942058436 0.49953393919581 13
      vertex 12.436934978214587 0.46930339512069263 13
    endloop
  endfacet
  facet normal 0 0 1
    outer loop
      vertex 4.16833744171373 0.8291338685685451 13
      vertex 4.197675447529336 0.6648464764209812 13
      vertex 12.457644158790309 0.5852709660483848 13
    endloop
  endfacet
  facet normal 0 0 1
    outer loop
      vertex 4.132572161690125 0.992142796387598 13
      vertex 4.16833744171373 0.8291338685685451 13
      vertex 12.48289023880697 0.7003360915677161 13
    endloop
  endfacet
  facet normal 0 0 1
    outer loop
      vertex 3.9873131776705577 1.470997492579345 13
      vertex 4.041990194254402 1.3133222260935264 13
      vertex 12.62836140246614 1.1480502970952693 13
    endloop
  endfacet
  facet normal 0 0 1
    outer loop
      vertex 4.090434754928001 1.1536219119265656 13
      vertex 4.132572161690125 0.992142796387598 13
      vertex 12.54683045111454 0.9270509831248421 13
    endloop
  endfacet
  facet normal 0 0 1
    outer loop
      vertex 4.041990194254402 1.3133222260935264 13
      vertex 4.090434754928001 1.1536219119265656 13
      vertex 12.585425992232548 1.0383511712324789 13
    endloop
  endfacet
  facet normal 0 0 1
    outer loop
      vertex 12.4 0 13
      vertex 12.402312891277832 0.11777944727720582 13
      vertex 4.25 0 13
    endloop
  endfacet
  facet normal 0 0 1
    outer loop
      vertex 12.402312891277832 0.11777944727720582 13
      vertex 12.409247998800616 0.23537728718353484 13
      vertex 4.246723404023072 0.16685421697604158 13
    endloop
  endfacet
  facet normal 0 0 1
    outer loop
      vertex 12.409247998800616 0.23537728718353484 13
      vertex 12.420794629135221 0.35261219237351293 13
      vertex 4.236898668365794 0.33345115684334103 13
    endloop
  endfacet
  facet normal 0 0 1
    outer loop
      vertex 12.420794629135221 0.35261219237351293 13
      vertex 12.436934978214587 0.46930339512069263 13
      vertex 4.220540942058436 0.49953393919581 13
    endloop
  endfacet
  facet normal 0 0 1
    outer loop
      vertex 12.436934978214587 0.46930339512069263 13
      vertex 12.457644158790309 0.5852709660483848 13
      vertex 4.197675447529336 0.6648464764209812 13
    endloop
  endfacet
  facet normal 0 0 1
    outer loop
      vertex 12.457644158790309 0.5852709660483848 13
      vertex 12.48289023880697 0.7003360915677161 13
      vertex 4.16833744171373 0.8291338685685451 13
    endloop
  endfacet
  facet normal 0 0 1
    outer loop
      vertex 12.48289023880697 0.7003360915677161 13
      vertex 12.512634290639058 0.8143213495952228 13
      vertex 4.132572161690125 0.992142796387598 13
    endloop
  endfacet
  facet normal 0 0 1
    outer loop
      vertex 12.512634290639058 0.8143213495952228 13
      vertex 12.54683045111454 0.9270509831248421 13
      vertex 4.132572161690125 0.992142796387598 13
    endloop
  endfacet
  facet normal 0 0 1
    outer loop
      vertex 12.54683045111454 0.9270509831248421 13
      vertex 12.585425992232548 1.0383511712324789 13
      vertex 4.090434754928001 1.1536219119265656 13
    endloop
  endfacet
  facet normal 0 0 1
    outer loop
      vertex 12.585425992232548 1.0383511712324789 13
      vertex 12.62836140246614 1.1480502970952693 13
      vertex 4.041990194254402 1.3133222260935264 13
    endloop
  endfacet
  facet normal 0 0 1
    outer loop
      vertex 12.62836140246614 1.1480502970952693 13
      vertex 12.675570478524756 1.2559792126122842 13
      vertex 3.9873131776705577 1.470997492579345 13
    endloop
  endfacet
  facet normal 0 0 1
    outer loop
      vertex 12.675570478524756 1.2559792126122842 13
      vertex 12.726980427434896 1.3619714992186405 13
      vertex 3.9873131776705577 1.470997492579345 13
    endloop
  endfacet
  facet normal 0 0 1
    outer loop
      vertex 12.726980427434896 1.3619714992186405 13
      vertex 12.78251197878161 1.4658637244908648 13
      vertex 3.9873131776705577 1.470997492579345 13
    endloop
  endfacet
  facet normal 0 0 1
    outer loop
      vertex 12.78251197878161 1.4658637244908648 13
      vertex 12.842079506937724 1.5674956941478464 13
      vertex 3.9873131776705577 1.470997492579345 13
    endloop
  endfacet
  facet normal 0 0 1
    outer loop
      vertex 12.842079506937724 1.5674956941478464 13
      vertex 12.905591163092364 1.6667106990588065 13
      vertex 3.9873131776705577 1.470997492579345 13
    endloop
  endfacet
  facet normal 0 0 1
    outer loop
      vertex 12.905591163092364 1.6667106990588065 13
      vertex 12.972949016875159 1.7633557568774194 13
      vertex 3.9873131776705577 1.470997492579345 13
    endloop
  endfacet
  facet normal 0 0 1
    outer loop
      vertex 12.972949016875159 1.7633557568774194 13
      vertex 13.044049207357766 1.857281847929502 13
      vertex 3.9873131776705577 1.470997492579345 13
    endloop
  endfacet
  facet normal 0 0 1
    outer loop
      vertex 13.044049207357766 1.857281847929502 13
      vertex 13.118782103199909 1.948344144990551 13
      vertex 3.9873131776705577 1.470997492579345 13
    endloop
  endfacet
  facet normal 0 0 1
    outer loop
      vertex 13.118782103199909 1.948344144990551 13
      vertex 13.197032471692943 2.0364022365988252 13
      vertex 3.9873131776705577 1.470997492579345 13
    endloop
  endfacet
  facet normal 0 0 1
    outer loop
      vertex 3.623720698504892 2.2206189000427825 13
      vertex 3.708108030059388 2.0766402763620584 13
      vertex 18.75808361579003 11.494968423750873 13
    endloop
  endfacet
  facet normal 0 0 1
    outer loop
      vertex 3.7867777278005637 1.929459623893074 13
      vertex 3.8596084887565953 1.7793038845340694 13
      vertex 19.602143532144094 9.98779099427003 13
    endloop
  endfacet
  facet normal 0 0 1
    outer loop
      vertex 3.708108030059388 2.0766402763620584 13
      vertex 3.7867777278005637 1.929459623893074 13
      vertex 19.19491215560154 10.74966731293301 13
    endloop
  endfacet
  facet normal 0 0 1
    outer loop
      vertex 3.9264880131729685 1.6264045875516315 13
      vertex 3.9873131776705577 1.470997492579345 13
      vertex 20.325349715248308 8.419035512031975 13
    endloop
  endfacet
  facet normal 0 0 1
    outer loop
      vertex 3.8596084887565953 1.7793038845340694 13
      vertex 3.9264880131729685 1.6264045875516315 13
      vertex 19.979149824151786 9.210514225823418 13
    endloop
  endfacet
  facet normal 0 0 1
    outer loop
      vertex 3.337596956243166 2.6311492845667943 13
      vertex 3.4383222260935264 2.498087322243011 13
      vertex 15.556349186104047 15.556349186104045 13
    endloop
  endfacet
  facet normal 0 0 1
    outer loop
      vertex 3.1208706651016636 2.8849031685150024 13
      vertex 3.2317253538001314 2.7601542054032806 13
      vertex 15.556349186104047 15.556349186104045 13
    endloop
  endfacet
  facet normal 0 0 1
    outer loop
      vertex 3.2317253538001314 2.7601542054032806 13
      vertex 3.337596956243166 2.6311492845667943 13
      vertex 15.556349186104047 15.556349186104045 13
    endloop
  endfacet
  facet normal 0 0 1
    outer loop
      vertex 3.533745852285817 2.361173490333309 13
      vertex 3.623720698504892 2.2206189000427825 13
      vertex 18.292331470655995 12.222545126431248 13
    endloop
  endfacet
  facet normal 0 0 1
    outer loop
      vertex 3.4383222260935264 2.498087322243011 13
      vertex 3.533745852285817 2.361173490333309 13
      vertex 18.292331470655995 12.222545126431248 13
    endloop
  endfacet
  facet normal 0 1 0
    outer loop
      vertex 12.4 0 13
      vertex 4.25 0 13
      vertex 12.4 0 16
    endloop
  endfacet
  facet normal 0 1 0
    outer loop
      vertex 4.25 0 16
      vertex 12.4 0 16
      vertex 4.25 0 13
    endloop
  endfacet
  facet normal 0 0 1
    outer loop
      vertex 13.197032471692943 2.0364022365988252 13
      vertex 13.278679656440357 2.121320343559643 13
      vertex 3.9873131776705577 1.470997492579345 13
    endloop
  endfacet
  facet normal 0 0 1
    outer loop
      vertex 13.278679656440357 2.121320343559643 13
      vertex 13.363597763401176 2.202967528307057 13
      vertex 3.9873131776705577 1.470997492579345 13
    endloop
  endfacet
  facet normal 0 0 1
    outer loop
      vertex 3.9873131776705577 1.470997492579345 13
      vertex 13.363597763401176 2.202967528307057 13
      vertex 20.325349715248308 8.419035512031975 13
    endloop
  endfacet
  facet normal 0 0 1
    outer loop
      vertex 15.556349186104047 15.556349186104045 13
      vertex 13.203009429967569 13.203009429967567 13
      vertex 3.1208706651016636 2.8849031685150024 13
    endloop
  endfacet
  facet normal 0 0 1
    outer loop
      vertex 17.27697247937639 13.620066884816348 13
      vertex 16.72893124320068 14.28785706326404 13
      vertex 3.4383222260935264 2.498087322243011 13
    endloop
  endfacet
  facet normal 0 0 1
    outer loop
      vertex 18.292331470655995 12.222545126431248 13
      vertex 17.798373876248846 12.931275550434409 13
      vertex 3.4383222260935264 2.498087322243011 13
    endloop
  endfacet
  facet normal 0 0 1
    outer loop
      vertex 18.75808361579003 11.494968423750873 13
      vertex 18.292331470655995 12.222545126431248 13
      vertex 3.623720698504892 2.2206189000427825 13
    endloop
  endfacet
  facet normal 0 0 1
    outer loop
      vertex 17.798373876248846 12.931275550434409 13
      vertex 17.27697247937639 13.620066884816348 13
      vertex 3.4383222260935264 2.498087322243011 13
    endloop
  endfacet
  facet normal 0 0 1
    outer loop
      vertex 13.363597763401176 2.202967528307057 13
      vertex 13.451655855009449 2.2812178968000927 13
      vertex 20.325349715248308 8.419035512031975 13
    endloop
  endfacet
  facet normal 0 0 1
    outer loop
      vertex 13.451655855009449 2.2812178968000927 13
      vertex 13.5427181520705 2.355950792642235 13
      vertex 20.325349715248308 8.419035512031975 13
    endloop
  endfacet
  facet normal 0 0 1
    outer loop
      vertex 13.5427181520705 2.355950792642235 13
      vertex 13.63664424312258 2.4270509831248424 13
      vertex 20.325349715248308 8.419035512031975 13
    endloop
  endfacet
  facet normal 0 0 1
    outer loop
      vertex 13.63664424312258 2.4270509831248424 13
      vertex 13.733289300941195 2.4944088369076356 13
      vertex 20.325349715248308 8.419035512031975 13
    endloop
  endfacet
  facet normal 0 0 1
    outer loop
      vertex 13.733289300941195 2.4944088369076356 13
      vertex 13.832504305852154 2.557920493062277 13
      vertex 20.325349715248308 8.419035512031975 13
    endloop
  endfacet
  facet normal 0 0 1
    outer loop
      vertex 13.832504305852154 2.557920493062277 13
      vertex 13.934136275509136 2.6174880212183913 13
      vertex 20.325349715248308 8.419035512031975 13
    endloop
  endfacet
  facet normal 0 0 1
    outer loop
      vertex 13.934136275509136 2.6174880212183913 13
      vertex 14.03802850078136 2.673019572565104 13
      vertex 20.325349715248308 8.419035512031975 13
    endloop
  endfacet
  facet normal 0 0 1
    outer loop
      vertex 14.03802850078136 2.673019572565104 13
      vertex 14.144020787387717 2.7244295214752436 13
      vertex 20.325349715248308 8.419035512031975 13
    endloop
  endfacet
  facet normal 0 0 1
    outer loop
      vertex 14.144020787387717 2.7244295214752436 13
      vertex 14.251949702904732 2.77163859753386 13
      vertex 20.325349715248308 8.419035512031975 13
    endloop
  endfacet
  facet normal 0 0 1
    outer loop
      vertex 14.251949702904732 2.77163859753386 13
      vertex 14.361648828767521 2.8145740077674524 13
      vertex 20.325349715248308 8.419035512031975 13
    endloop
  endfacet
  facet normal 0 0 1
    outer loop
      vertex 14.361648828767521 2.8145740077674524 13
      vertex 14.472949016875159 2.8531695488854605 13
      vertex 20.325349715248308 8.419035512031975 13
    endloop
  endfacet
  facet normal 0 0 1
    outer loop
      vertex 14.472949016875159 2.8531695488854605 13
      vertex 14.585678650404777 2.887365709360942 13
      vertex 20.325349715248308 8.419035512031975 13
    endloop
  endfacet
  facet normal 0 0 1
    outer loop
      vertex 14.585678650404777 2.887365709360942 13
      vertex 14.699663908432285 2.9171097611930294 13
      vertex 20.325349715248308 8.419035512031975 13
    endloop
  endfacet
  facet normal 0 0 1
    outer loop
      vertex 14.699663908432285 2.9171097611930294 13
      vertex 14.814729033951615 2.9423558412096913 13
      vertex 20.325349715248308 8.419035512031975 13
    endloop
  endfacet
  facet normal 0 0 1
    outer loop
      vertex 14.814729033951615 2.9423558412096913 13
      vertex 14.930696604879309 2.9630650217854133 13
      vertex 20.325349715248308 8.419035512031975 13
    endloop
  endfacet
  facet normal 0 0 1
    outer loop
      vertex 14.930696604879309 2.9630650217854133 13
      vertex 15.047387807626487 2.9792053708647788 13
      vertex 20.325349715248308 8.419035512031975 13
    endloop
  endfacet
  facet normal 0 0 1
    outer loop
      vertex 15.047387807626487 2.9792053708647788 13
      vertex 15.164622712816465 2.990752001199384 13
      vertex 20.325349715248308 8.419035512031975 13
    endloop
  endfacet
  facet normal 0 0 1
    outer loop
      vertex 15.164622712816465 2.990752001199384 13
      vertex 15.282220552722794 2.9976871087221686 13
      vertex 20.325349715248308 8.419035512031975 13
    endloop
  endfacet
  facet normal 0 0 1
    outer loop
      vertex 15.282220552722794 2.9976871087221686 13
      vertex 15.4 3 13
      vertex 20.325349715248308 8.419035512031975 13
    endloop
  endfacet
  facet normal 0 0 1
    outer loop
      vertex 15.4 3 13
      vertex 15.517779447277206 2.9976871087221686 13
      vertex 20.325349715248308 8.419035512031975 13
    endloop
  endfacet
  facet normal 0 0 1
    outer loop
      vertex 15.517779447277206 2.9976871087221686 13
      vertex 15.635377287183536 2.990752001199384 13
      vertex 20.325349715248308 8.419035512031975 13
    endloop
  endfacet
  facet normal 0 0 1
    outer loop
      vertex 15.635377287183536 2.990752001199384 13
      vertex 15.752612192373514 2.9792053708647788 13
      vertex 20.325349715248308 8.419035512031975 13
    endloop
  endfacet
  facet normal 0 0 1
    outer loop
      vertex 19.979149824151786 9.210514225823418 13
      vertex 19.602143532144094 9.98779099427003 13
      vertex 3.8596084887565953 1.7793038845340694 13
    endloop
  endfacet
  facet normal 0 0 1
    outer loop
      vertex 19.602143532144094 9.98779099427003 13
      vertex 19.19491215560154 10.74966731293301 13
      vertex 3.7867777278005637 1.929459623893074 13
    endloop
  endfacet
  facet normal 0 0 1
    outer loop
      vertex 20.325349715248308 8.419035512031975 13
      vertex 19.979149824151786 9.210514225823418 13
      vertex 3.9264880131729685 1.6264045875516315 13
    endloop
  endfacet
  facet normal 0 0 1
    outer loop
      vertex 19.19491215560154 10.74966731293301 13
      vertex 18.75808361579003 11.494968423750873 13
      vertex 3.708108030059388 2.0766402763620584 13
    endloop
  endfacet
  facet normal 0 0 1
    outer loop
      vertex 3.4383222260935264 2.498087322243011 13
      vertex 16.72893124320068 14.28785706326404 13
      vertex 15.556349186104047 15.556349186104045 13
    endloop
  endfacet
  facet normal 0 0 1
    outer loop
      vertex 16.15509520758508 14.93361640172472 13
      vertex 15.556349186104047 15.556349186104045 13
      vertex 16.72893124320068 14.28785706326404 13
    endloop
  endfacet
  facet normal 0 0 1
    outer loop
      vertex 15.752612192373514 2.9792053708647788 13
      vertex 15.869303395120692 2.9630650217854133 13
      vertex 20.325349715248308 8.419035512031975 13
    endloop
  endfacet
  facet normal 0 0 1
    outer loop
      vertex 15.869303395120692 2.9630650217854133 13
      vertex 15.985270966048386 2.9423558412096913 13
      vertex 20.325349715248308 8.419035512031975 13
    endloop
  endfacet
  facet normal 0 0 1
    outer loop
      vertex 15.985270966048386 2.9423558412096913 13
      vertex 16.100336091567716 2.9171097611930294 13
      vertex 20.325349715248308 8.419035512031975 13
    endloop
  endfacet
  facet normal 0 0 1
    outer loop
      vertex 16.100336091567716 2.9171097611930294 13
      vertex 16.214321349595224 2.887365709360942 13
      vertex 20.325349715248308 8.419035512031975 13
    endloop
  endfacet
  facet normal 0 0 1
    outer loop
      vertex 16.214321349595224 2.887365709360942 13
      vertex 16.327050983124842 2.8531695488854605 13
      vertex 20.64020939029465 7.614575255704845 13
    endloop
  endfacet
  facet normal 0 0 1
    outer loop
      vertex 16.327050983124842 2.8531695488854605 13
      vertex 16.43835117123248 2.8145740077674524 13
      vertex 20.64020939029465 7.614575255704845 13
    endloop
  endfacet
  facet normal 0 0 1
    outer loop
      vertex 16.43835117123248 2.8145740077674524 13
      vertex 16.54805029709527 2.77163859753386 13
      vertex 20.64020939029465 7.614575255704845 13
    endloop
  endfacet
  facet normal 0 0 1
    outer loop
      vertex 16.54805029709527 2.77163859753386 13
      vertex 16.655979212612284 2.7244295214752436 13
      vertex 20.923243358493377 6.798373876248843 13
    endloop
  endfacet
  facet normal 0 0 1
    outer loop
      vertex 16.655979212612284 2.7244295214752436 13
      vertex 16.761971499218642 2.673019572565104 13
      vertex 20.923243358493377 6.798373876248843 13
    endloop
  endfacet
  facet normal 0 0 1
    outer loop
      vertex 16.865863724490865 2.6174880212183913 13
      vertex 16.967495694147846 2.557920493062277 13
      vertex 21.17401520198024 5.971689897031633 13
    endloop
  endfacet
  facet normal 0 0 1
    outer loop
      vertex 17.066710699058806 2.4944088369076356 13
      vertex 17.16335575687742 2.4270509831248424 13
      vertex 21.17401520198024 5.971689897031633 13
    endloop
  endfacet
  facet normal 0 0 1
    outer loop
      vertex 17.16335575687742 2.4270509831248424 13
      vertex 17.2572818479295 2.355950792642235 13
      vertex 21.17401520198024 5.971689897031633 13
    endloop
  endfacet
  facet normal 0 0 1
    outer loop
      vertex 16.967495694147846 2.557920493062277 13
      vertex 17.066710699058806 2.4944088369076356 13
      vertex 21.17401520198024 5.971689897031633 13
    endloop
  endfacet
  facet normal 0 0 1
    outer loop
      vertex 17.2572818479295 2.355950792642235 13
      vertex 17.348344144990552 2.2812178968000927 13
      vertex 21.392138248748886 5.135798004829919 13
    endloop
  endfacet
  facet normal 0 0 1
    outer loop
      vertex 17.348344144990552 2.2812178968000927 13
      vertex 17.436402236598827 2.202967528307057 13
      vertex 21.392138248748886 5.135798004829919 13
    endloop
  endfacet
  facet normal 0 0 1
    outer loop
      vertex 17.436402236598827 2.202967528307057 13
      vertex 17.521320343559644 2.121320343559643 13
      vertex 21.392138248748886 5.135798004829919 13
    endloop
  endfacet
  facet normal 0 0 1
    outer loop
      vertex 17.521320343559644 2.121320343559643 13
      vertex 17.602967528307058 2.0364022365988252 13
      vertex 21.57727616887107 4.291987084354822 13
    endloop
  endfacet
  facet normal 0 0 1
    outer loop
      vertex 17.602967528307058 2.0364022365988252 13
      vertex 17.681217896800092 1.948344144990551 13
      vertex 21.57727616887107 4.291987084354822 13
    endloop
  endfacet
  facet normal 0 0 1
    outer loop
      vertex 17.681217896800092 1.948344144990551 13
      vertex 17.755950792642235 1.857281847929502 13
      vertex 21.57727616887107 4.291987084354822 13
    endloop
  endfacet
  facet normal 0 0 1
    outer loop
      vertex 16.761971499218642 2.673019572565104 13
      vertex 16.865863724490865 2.6174880212183913 13
      vertex 20.923243358493377 6.798373876248843 13
    endloop
  endfacet
  facet normal 0 0 1
    outer loop
      vertex 18.39768710872217 0.11777944727720582 13
      vertex 18.4 0 13
      vertex 21.983038797295904 0.8637159466995095 13
    endloop
  endfacet
  facet normal 0 0 1
    outer loop
      vertex 18.390752001199385 0.23537728718353484 13
      vertex 18.39768710872217 0.11777944727720582 13
      vertex 21.983038797295904 0.8637159466995095 13
    endloop
  endfacet
  facet normal 0 0 1
    outer loop
      vertex 18.379205370864778 0.35261219237351293 13
      vertex 18.390752001199385 0.23537728718353484 13
      vertex 21.983038797295904 0.8637159466995095 13
    endloop
  endfacet
  facet normal 0 0 1
    outer loop
      vertex 18.363065021785413 0.46930339512069263 13
      vertex 18.379205370864778 0.35261219237351293 13
      vertex 21.983038797295904 0.8637159466995095 13
    endloop
  endfacet
  facet normal 0 0 1
    outer loop
      vertex 18.34235584120969 0.5852709660483848 13
      vertex 18.363065021785413 0.46930339512069263 13
      vertex 21.932181342128814 1.7261001060125887 13
    endloop
  endfacet
  facet normal 0 0 1
    outer loop
      vertex 18.31710976119303 0.7003360915677161 13
      vertex 18.34235584120969 0.5852709660483848 13
      vertex 21.932181342128814 1.7261001060125887 13
    endloop
  endfacet
  facet normal 0 0 1
    outer loop
      vertex 18.28736570936094 0.8143213495952228 13
      vertex 18.31710976119303 0.7003360915677161 13
      vertex 21.932181342128814 1.7261001060125887 13
    endloop
  endfacet
  facet normal 0 0 1
    outer loop
      vertex 18.25316954888546 0.9270509831248421 13
      vertex 18.28736570936094 0.8143213495952228 13
      vertex 21.932181342128814 1.7261001060125887 13
    endloop
  endfacet
  facet normal 0 0 1
    outer loop
      vertex 18.17163859753386 1.1480502970952693 13
      vertex 18.214574007767453 1.0383511712324789 13
      vertex 21.847506053008377 2.585822744072428 13
    endloop
  endfacet
  facet normal 0 0 1
    outer loop
      vertex 18.214574007767453 1.0383511712324789 13
      vertex 18.25316954888546 0.9270509831248421 13
      vertex 21.847506053008377 2.585822744072428 13
    endloop
  endfacet
  facet normal 0 0 1
    outer loop
      vertex 18.073019572565105 1.3619714992186405 13
      vertex 18.124429521475243 1.2559792126122842 13
      vertex 21.847506053008377 2.585822744072428 13
    endloop
  endfacet
  facet normal 0 0 1
    outer loop
      vertex 18.124429521475243 1.2559792126122842 13
      vertex 18.17163859753386 1.1480502970952693 13
      vertex 21.847506053008377 2.585822744072428 13
    endloop
  endfacet
  facet normal 0 0 1
    outer loop
      vertex 17.894408836907637 1.6667106990588065 13
      vertex 17.95792049306228 1.5674956941478464 13
      vertex 21.72914349309303 3.441558230885079 13
    endloop
  endfacet
  facet normal 0 0 1
    outer loop
      vertex 17.827050983124842 1.7633557568774194 13
      vertex 17.894408836907637 1.6667106990588065 13
      vertex 21.72914349309303 3.441558230885079 13
    endloop
  endfacet
  facet normal 0 0 1
    outer loop
      vertex 17.95792049306228 1.5674956941478464 13
      vertex 18.01748802121839 1.4658637244908648 13
      vertex 21.72914349309303 3.441558230885079 13
    endloop
  endfacet
  facet normal 0 0 1
    outer loop
      vertex 17.755950792642235 1.857281847929502 13
      vertex 17.827050983124842 1.7633557568774194 13
      vertex 21.57727616887107 4.291987084354822 13
    endloop
  endfacet
  facet normal 0 0 1
    outer loop
      vertex 18.01748802121839 1.4658637244908648 13
      vertex 18.073019572565105 1.3619714992186405 13
      vertex 21.72914349309303 3.441558230885079 13
    endloop
  endfacet
  facet normal 0 0 1
    outer loop
      vertex 22 0 13
      vertex 21.983038797295904 0.8637159466995095 13
      vertex 18.4 0 13
    endloop
  endfacet
  facet normal 0 0 1
    outer loop
      vertex 21.983038797295904 0.8637159466995095 13
      vertex 21.932181342128814 1.7261001060125887 13
      vertex 18.363065021785413 0.46930339512069263 13
    endloop
  endfacet
  facet normal 0 0 1
    outer loop
      vertex 21.932181342128814 1.7261001060125887 13
      vertex 21.847506053008377 2.585822744072428 13
      vertex 18.25316954888546 0.9270509831248421 13
    endloop
  endfacet
  facet normal 0 0 1
    outer loop
      vertex 21.847506053008377 2.585822744072428 13
      vertex 21.72914349309303 3.441558230885079 13
      vertex 18.073019572565105 1.3619714992186405 13
    endloop
  endfacet
  facet normal 0 0 1
    outer loop
      vertex 21.17401520198024 5.971689897031633 13
      vertex 20.923243358493377 6.798373876248843 13
      vertex 16.865863724490865 2.6174880212183913 13
    endloop
  endfacet
  facet normal 0 0 1
    outer loop
      vertex 21.57727616887107 4.291987084354822 13
      vertex 21.392138248748886 5.135798004829919 13
      vertex 17.521320343559644 2.121320343559643 13
    endloop
  endfacet
  facet normal 0 0 1
    outer loop
      vertex 21.72914349309303 3.441558230885079 13
      vertex 21.57727616887107 4.291987084354822 13
      vertex 17.827050983124842 1.7633557568774194 13
    endloop
  endfacet
  facet normal 0 0 1
    outer loop
      vertex 21.392138248748886 5.135798004829919 13
      vertex 21.17401520198024 5.971689897031633 13
      vertex 17.2572818479295 2.355950792642235 13
    endloop
  endfacet
  facet normal 0 0 1
    outer loop
      vertex 20.923243358493377 6.798373876248843 13
      vertex 20.64020939029465 7.614575255704845 13
      vertex 16.54805029709527 2.77163859753386 13
    endloop
  endfacet
  facet normal 0 0 1
    outer loop
      vertex 20.64020939029465 7.614575255704845 13
      vertex 20.325349715248308 8.419035512031975 13
      vertex 16.214321349595224 2.887365709360942 13
    endloop
  endfacet
  facet normal 0 1 0
    outer loop
      vertex 18.4 0 16
      vertex 22 0 13
      vertex 18.4 0 13
    endloop
  endfacet
  facet normal 0 1 0
    outer loop
      vertex 22 0 16
      vertex 22 0 13
      vertex 18.4 0 16
    endloop
  endfacet
  facet normal 0 0 1
    outer loop
      vertex 42.42640686780214 42.42640686780214 13
      vertex 33.941125496954285 33.941125496954285 13
      vertex 35.24748045291291 32.582435785581204 13
    endloop
  endfacet
  facet normal 0 0 1
    outer loop
      vertex 35.24748045291291 32.582435785581204 13
      vertex 36.49948634880148 31.173506319848816 13
      vertex 42.42640686780214 42.42640686780214 13
    endloop
  endfacet
  facet normal 0 0 1
    outer loop
      vertex 37.69521268227576 29.71650956687203 13
      vertex 38.83281572999748 28.21369211003871 13
      vertex 49.888176739168586 33.33421397958919 13
    endloop
  endfacet
  facet normal 0 0 1
    outer loop
      vertex 36.49948634880148 31.173506319848816 13
      vertex 37.69521268227576 29.71650956687203 13
      vertex 49.888176739168586 33.33421397958919 13
    endloop
  endfacet
  facet normal 0 0 1
    outer loop
      vertex 41.87980833949426 23.453819591853836 13
      vertex 42.76831316104166 21.791543987498248 13
      vertex 49.88817673930299 33.33421397937923 13
    endloop
  endfacet
  facet normal 0 0 1
    outer loop
      vertex 42.76831316104166 21.791543987498248 13
      vertex 43.5908723436039 20.095667401796547 13
      vertex 49.88817673930299 33.33421397937923 13
    endloop
  endfacet
  facet normal 0 0 1
    outer loop
      vertex 39.91054139052217 26.667371184940905 13
      vertex 40.92672788899643 25.079931106365542 13
      vertex 49.888176739168586 33.33421397958919 13
    endloop
  endfacet
  facet normal 0 0 1
    outer loop
      vertex 38.83281572999748 28.21369211003871 13
      vertex 39.91054139052217 26.667371184940905 13
      vertex 49.888176739168586 33.33421397958919 13
    endloop
  endfacet
  facet normal 0 0 1
    outer loop
      vertex 40.92672788899643 25.079931106365542 13
      vertex 41.87980833949426 23.453819591853836 13
      vertex 49.88817673930299 33.33421397937923 13
    endloop
  endfacet
  facet normal 0 0 1
    outer loop
      vertex 49.888176739168586 33.33421397958919 13
      vertex 42.42640686780214 42.42640686780214 13
      vertex 36.49948634880148 31.173506319848816 13
    endloop
  endfacet
  facet normal 0 0 1
    outer loop
      vertex 47.89039059023367 3.1155946109020833 13
      vertex 48.00520382004283 3.0052038200428273 13
      vertex 60 0 13
    endloop
  endfacet
  facet normal 0 0 1
    outer loop
      vertex 47.85203201919014 3.7660365949365575 13
      vertex 47.89039059023367 3.1155946109020833 13
      vertex 60 0 13
    endloop
  endfacet
  facet normal 0 0 1
    outer loop
      vertex 49.24672340402307 0.16685421697604158 13
      vertex 49.25 0 13
      vertex 60 0 13
    endloop
  endfacet
  facet normal 0 0 1
    outer loop
      vertex 49.220540942058435 0.49953393919581 13
      vertex 49.2368986683658 0.33345115684334103 13
      vertex 60 0 13
    endloop
  endfacet
  facet normal 0 0 1
    outer loop
      vertex 49.2368986683658 0.33345115684334103 13
      vertex 49.24672340402307 0.16685421697604158 13
      vertex 60 0 13
    endloop
  endfacet
  facet normal 0 0 1
    outer loop
      vertex 49.197675447529335 0.6648464764209812 13
      vertex 49.220540942058435 0.49953393919581 13
      vertex 60 0 13
    endloop
  endfacet
  facet normal 0 0 1
    outer loop
      vertex 49.16833744171373 0.8291338685685451 13
      vertex 49.197675447529335 0.6648464764209812 13
      vertex 60 0 13
    endloop
  endfacet
  facet normal 0 0 1
    outer loop
      vertex 49.13257216169013 0.992142796387598 13
      vertex 49.16833744171373 0.8291338685685451 13
      vertex 60 0 13
    endloop
  endfacet
  facet normal 0 0 1
    outer loop
      vertex 48.85960848875659 1.7793038845340694 13
      vertex 48.92648801317297 1.6264045875516315 13
      vertex 60 0 13
    endloop
  endfacet
  facet normal 0 0 1
    outer loop
      vertex 48.92648801317297 1.6264045875516315 13
      vertex 48.98731317767056 1.470997492579345 13
      vertex 60 0 13
    endloop
  endfacet
  facet normal 0 0 1
    outer loop
      vertex 48.78677772780056 1.929459623893074 13
      vertex 48.85960848875659 1.7793038845340694 13
      vertex 60 0 13
    endloop
  endfacet
  facet normal 0 0 1
    outer loop
      vertex 49.090434754928 1.1536219119265656 13
      vertex 49.13257216169013 0.992142796387598 13
      vertex 60 0 13
    endloop
  endfacet
  facet normal 0 0 1
    outer loop
      vertex 49.0419901942544 1.3133222260935264 13
      vertex 49.090434754928 1.1536219119265656 13
      vertex 60 0 13
    endloop
  endfacet
  facet normal 0 0 1
    outer loop
      vertex 48.98731317767056 1.470997492579345 13
      vertex 49.0419901942544 1.3133222260935264 13
      vertex 60 0 13
    endloop
  endfacet
  facet normal 0 0 1
    outer loop
      vertex 60 0 13
      vertex 48.00520382004283 3.0052038200428273 13
      vertex 48.099183131653135 2.9074595406764696 13
    endloop
  endfacet
  facet normal 0 0 1
    outer loop
      vertex 60 0 13
      vertex 48.099183131653135 2.9074595406764696 13
      vertex 48.12087066510166 2.8849031685150024 13
    endloop
  endfacet
  facet normal 0 0 1
    outer loop
      vertex 48.23172535380013 2.7601542054032806 13
      vertex 48.33759695624317 2.6311492845667943 13
      vertex 60 0 13
    endloop
  endfacet
  facet normal 0 0 1
    outer loop
      vertex 48.12087066510166 2.8849031685150024 13
      vertex 48.23172535380013 2.7601542054032806 13
      vertex 60 0 13
    endloop
  endfacet
  facet normal 0 0 1
    outer loop
      vertex 48.438322226093526 2.498087322243011 13
      vertex 48.53374585228582 2.361173490333309 13
      vertex 60 0 13
    endloop
  endfacet
  facet normal 0 0 1
    outer loop
      vertex 48.53374585228582 2.361173490333309 13
      vertex 48.62372069850489 2.2206189000427825 13
      vertex 60 0 13
    endloop
  endfacet
  facet normal 0 0 1
    outer loop
      vertex 48.33759695624317 2.6311492845667943 13
      vertex 48.438322226093526 2.498087322243011 13
      vertex 60 0 13
    endloop
  endfacet
  facet normal 0 0 1
    outer loop
      vertex 48.62372069850489 2.2206189000427825 13
      vertex 48.708108030059385 2.0766402763620584 13
      vertex 60 0 13
    endloop
  endfacet
  facet normal 0 0 1
    outer loop
      vertex 48.708108030059385 2.0766402763620584 13
      vertex 48.78677772780056 1.929459623893074 13
      vertex 60 0 13
    endloop
  endfacet
  facet normal 0 0 1
    outer loop
      vertex 47.66728593383646 5.641795077976207 13
      vertex 47.85203201919014 3.7660365949365575 13
      vertex 60 0 13
    endloop
  endfacet
  facet normal 0 0 1
    outer loop
      vertex 47.40904034856661 7.508854321931082 13
      vertex 47.66728593383646 5.641795077976207 13
      vertex 60 0 13
    endloop
  endfacet
  facet normal 0 0 1
    outer loop
      vertex 47.07769345935506 9.364335456774157 13
      vertex 47.40904034856661 7.508854321931082 13
      vertex 60 0 13
    endloop
  endfacet
  facet normal 0 0 1
    outer loop
      vertex 46.67375617908847 11.205377465083458 13
      vertex 47.07769345935506 9.364335456774157 13
      vertex 60 0 13
    endloop
  endfacet
  facet normal 0 1 0
    outer loop
      vertex 49.25 0 16
      vertex 60 0 13
      vertex 49.25 0 13
    endloop
  endfacet
  facet normal 0 0 1
    outer loop
      vertex 45.65071278216737 14.832815729997474 13
      vertex 46.19785134977507 13.029141593523565 13
      vertex 55.43277195096016 22.961005941033363 13
    endloop
  endfacet
  facet normal 0 0 1
    outer loop
      vertex 45.03318412427924 16.613618739719662 13
      vertex 45.65071278216737 14.832815729997474 13
      vertex 55.43277195096016 22.961005941033363 13
    endloop
  endfacet
  facet normal 0 0 1
    outer loop
      vertex 44.34621756054176 18.36880475352431 13
      vertex 45.03318412427924 16.613618739719662 13
      vertex 55.43277195096016 22.961005941033363 13
    endloop
  endfacet
  facet normal 0 0 1
    outer loop
      vertex 43.5908723436039 20.095667401796547 13
      vertex 44.34621756054176 18.36880475352431 13
      vertex 55.43277195096016 22.961005941033363 13
    endloop
  endfacet
  facet normal 0 0 1
    outer loop
      vertex 46.19785134977507 13.029141593523565 13
      vertex 46.67375617908847 11.205377465083458 13
      vertex 55.43277195096016 22.961005941033363 13
    endloop
  endfacet
  facet normal 0 1 0
    outer loop
      vertex 60 0 16
      vertex 60 0 13
      vertex 49.25 0 16
    endloop
  endfacet
  facet normal 0 0 1
    outer loop
      vertex 55.43277195096016 22.961005941033363 13
      vertex 46.67375617908847 11.205377465083458 13
      vertex 60 0 13
    endloop
  endfacet
  facet normal 0 0 1
    outer loop
      vertex 60 0 13
      vertex 58.8471168205142 11.705419324338436 13
      vertex 55.43277195096016 22.961005941033363 13
    endloop
  endfacet
  facet normal 0 0 1
    outer loop
      vertex 49.88817673930299 33.33421397937923 13
      vertex 49.888176739168586 33.33421397958919 13
      vertex 40.92672788899643 25.079931106365542 13
    endloop
  endfacet
  facet normal 0 0 1
    outer loop
      vertex 55.43277195096016 22.961005941033363 13
      vertex 49.88817673930299 33.33421397937923 13
      vertex 43.5908723436039 20.095667401796547 13
    endloop
  endfacet
endsolid OpenSCAD_Model
