solid OpenSCAD_Model
  facet normal -0.8422137766047554 -0.5391437234144113 0
    outer loop
      vertex -49.88817673913757 -33.33421397963764 16
      vertex -49.88817673930299 -33.33421397937923 13
      vertex -49.88817673913757 -33.33421397963764 13
    endloop
  endfacet
  facet normal -0.539135822770979 -0.8422188341547934 0
    outer loop
      vertex -33.33421397963766 -49.888176739137556 16
      vertex -33.33421397963766 -49.888176739137556 13
      vertex -33.3342139793792 -49.888176739303006 13
    endloop
  endfacet
  facet normal -0.8422137766047554 -0.5391437234144113 0
    outer loop
      vertex -49.88817673913757 -33.33421397963764 16
      vertex -49.88817673930299 -33.33421397937923 16
      vertex -49.88817673930299 -33.33421397937923 13
    endloop
  endfacet
  facet normal -0.539135822770979 -0.8422188341547934 0
    outer loop
      vertex -33.3342139793792 -49.888176739303006 16
      vertex -33.33421397963766 -49.888176739137556 16
      vertex -33.3342139793792 -49.888176739303006 13
    endloop
  endfacet
  facet normal 0 0 1
    outer loop
      vertex -44.34621756054176 -18.36880475352431 16
      vertex -49.88817673913757 -33.33421397963764 16
      vertex -42.42640686780214 -42.42640686780214 16
    endloop
  endfacet
  facet normal 0 0 1
    outer loop
      vertex -32.582435785581204 -35.24748045291291 16
      vertex -33.33421397963766 -49.888176739137556 16
      vertex -33.3342139793792 -49.888176739303006 16
    endloop
  endfacet
  facet normal 0 0 1
    outer loop
      vertex -41.87980833949426 -23.453819591853836 16
      vertex -42.42640686780214 -42.42640686780214 16
      vertex -33.33421397963766 -49.888176739137556 16
    endloop
  endfacet
  facet normal 0 0 1
    outer loop
      vertex -39.91054139052217 -26.667371184940905 16
      vertex -40.92672788899643 -25.079931106365542 16
      vertex -33.33421397963766 -49.888176739137556 16
    endloop
  endfacet
  facet normal 0 0 1
    outer loop
      vertex -41.87980833949426 -23.453819591853836 16
      vertex -33.33421397963766 -49.888176739137556 16
      vertex -40.92672788899643 -25.079931106365542 16
    endloop
  endfacet
  facet normal 0 0 1
    outer loop
      vertex -36.49948634880148 -31.173506319848816 16
      vertex -33.33421397963766 -49.888176739137556 16
      vertex -35.24748045291291 -32.582435785581204 16
    endloop
  endfacet
  facet normal 0 0 1
    outer loop
      vertex -33.941125496954285 -33.941125496954285 16
      vertex -35.24748045291291 -32.582435785581204 16
      vertex -33.33421397963766 -49.888176739137556 16
    endloop
  endfacet
  facet normal 0 0 1
    outer loop
      vertex -31.173506319848816 -36.49948634880148 16
      vertex -33.3342139793792 -49.888176739303006 16
      vertex -29.71650956687203 -37.69521268227576 16
    endloop
  endfacet
  facet normal 0 0 1
    outer loop
      vertex -29.71650956687203 -37.69521268227576 16
      vertex -33.3342139793792 -49.888176739303006 16
      vertex -28.21369211003871 -38.83281572999748 16
    endloop
  endfacet
  facet normal 0 0 1
    outer loop
      vertex -33.941125496954285 -33.941125496954285 16
      vertex -33.33421397963766 -49.888176739137556 16
      vertex -32.582435785581204 -35.24748045291291 16
    endloop
  endfacet
  facet normal 0 0 1
    outer loop
      vertex -32.582435785581204 -35.24748045291291 16
      vertex -33.3342139793792 -49.888176739303006 16
      vertex -31.173506319848816 -36.49948634880148 16
    endloop
  endfacet
  facet normal 0 0 1
    outer loop
      vertex -38.83281572999748 -28.21369211003871 16
      vertex -33.33421397963766 -49.888176739137556 16
      vertex -37.69521268227576 -29.71650956687203 16
    endloop
  endfacet
  facet normal 0 0 1
    outer loop
      vertex -36.49948634880148 -31.173506319848816 16
      vertex -37.69521268227576 -29.71650956687203 16
      vertex -33.33421397963766 -49.888176739137556 16
    endloop
  endfacet
  facet normal 0 0 1
    outer loop
      vertex -39.91054139052217 -26.667371184940905 16
      vertex -33.33421397963766 -49.888176739137556 16
      vertex -38.83281572999748 -28.21369211003871 16
    endloop
  endfacet
  facet normal 0 0 1
    outer loop
      vertex -49.88817673930299 -33.33421397937923 16
      vertex -60 0 16
      vertex -55.43277195096016 -22.961005941033363 16
    endloop
  endfacet
  facet normal 0 0 1
    outer loop
      vertex -49.88817673913757 -33.33421397963764 16
      vertex -60 0 16
      vertex -49.88817673930299 -33.33421397937923 16
    endloop
  endfacet
  facet normal 0 0 1
    outer loop
      vertex -45.03318412427924 -16.613618739719662 16
      vertex -49.88817673913757 -33.33421397963764 16
      vertex -44.34621756054176 -18.36880475352431 16
    endloop
  endfacet
  facet normal 0 0 1
    outer loop
      vertex -45.65071278216737 -14.832815729997474 16
      vertex -46.19785134977507 -13.029141593523565 16
      vertex -49.88817673913757 -33.33421397963764 16
    endloop
  endfacet
  facet normal 0 0 1
    outer loop
      vertex -46.19785134977507 -13.029141593523565 16
      vertex -46.67375617908847 -11.205377465083458 16
      vertex -49.88817673913757 -33.33421397963764 16
    endloop
  endfacet
  facet normal 0 0 1
    outer loop
      vertex -45.03318412427924 -16.613618739719662 16
      vertex -45.65071278216737 -14.832815729997474 16
      vertex -49.88817673913757 -33.33421397963764 16
    endloop
  endfacet
  facet normal 0 0 1
    outer loop
      vertex -47.07769345935506 -9.364335456774157 16
      vertex -49.88817673913757 -33.33421397963764 16
      vertex -46.67375617908847 -11.205377465083458 16
    endloop
  endfacet
  facet normal 0 0 1
    outer loop
      vertex -47.07769345935506 -9.364335456774157 16
      vertex -47.40904034856661 -7.508854321931082 16
      vertex -49.88817673913757 -33.33421397963764 16
    endloop
  endfacet
  facet normal 0 0 1
    outer loop
      vertex -47.40904034856661 -7.508854321931082 16
      vertex -47.66728593383646 -5.641795077976207 16
      vertex -49.88817673913757 -33.33421397963764 16
    endloop
  endfacet
  facet normal 0 0 1
    outer loop
      vertex -55.43277195096016 -22.961005941033363 16
      vertex -60 0 16
      vertex -58.8471168205142 -11.705419324338436 16
    endloop
  endfacet
  facet normal 0 0 1
    outer loop
      vertex -49.25 0 16
      vertex -60 0 16
      vertex -49.88817673913757 -33.33421397963764 16
    endloop
  endfacet
  facet normal 0 0 1
    outer loop
      vertex -48.85960848875659 -1.7793038845340694 16
      vertex -48.92648801317297 -1.6264045875516315 16
      vertex -49.88817673913757 -33.33421397963764 16
    endloop
  endfacet
  facet normal 0 0 1
    outer loop
      vertex -48.33759695624317 -2.6311492845667943 16
      vertex -49.88817673913757 -33.33421397963764 16
      vertex -48.23172535380013 -2.7601542054032806 16
    endloop
  endfacet
  facet normal 0 0 1
    outer loop
      vertex -48.33759695624317 -2.6311492845667943 16
      vertex -48.438322226093526 -2.498087322243011 16
      vertex -49.88817673913757 -33.33421397963764 16
    endloop
  endfacet
  facet normal 0 0 1
    outer loop
      vertex -48.53374585228582 -2.361173490333309 16
      vertex -49.88817673913757 -33.33421397963764 16
      vertex -48.438322226093526 -2.498087322243011 16
    endloop
  endfacet
  facet normal 0 0 1
    outer loop
      vertex -48.78677772780056 -1.929459623893074 16
      vertex -49.88817673913757 -33.33421397963764 16
      vertex -48.708108030059385 -2.0766402763620584 16
    endloop
  endfacet
  facet normal 0 0 1
    outer loop
      vertex -48.53374585228582 -2.361173490333309 16
      vertex -48.62372069850489 -2.2206189000427825 16
      vertex -49.88817673913757 -33.33421397963764 16
    endloop
  endfacet
  facet normal 0 0 1
    outer loop
      vertex -48.62372069850489 -2.2206189000427825 16
      vertex -48.708108030059385 -2.0766402763620584 16
      vertex -49.88817673913757 -33.33421397963764 16
    endloop
  endfacet
  facet normal 0 0 1
    outer loop
      vertex -48.78677772780056 -1.929459623893074 16
      vertex -48.85960848875659 -1.7793038845340694 16
      vertex -49.88817673913757 -33.33421397963764 16
    endloop
  endfacet
  facet normal 0 0 1
    outer loop
      vertex -48.98731317767056 -1.470997492579345 16
      vertex -49.88817673913757 -33.33421397963764 16
      vertex -48.92648801317297 -1.6264045875516315 16
    endloop
  endfacet
  facet normal 0 0 1
    outer loop
      vertex -48.98731317767056 -1.470997492579345 16
      vertex -49.0419901942544 -1.3133222260935264 16
      vertex -49.88817673913757 -33.33421397963764 16
    endloop
  endfacet
  facet normal 0 0 1
    outer loop
      vertex -49.0419901942544 -1.3133222260935264 16
      vertex -49.090434754928 -1.1536219119265656 16
      vertex -49.88817673913757 -33.33421397963764 16
    endloop
  endfacet
  facet normal 0 0 1
    outer loop
      vertex -49.13257216169013 -0.992142796387598 16
      vertex -49.88817673913757 -33.33421397963764 16
      vertex -49.090434754928 -1.1536219119265656 16
    endloop
  endfacet
  facet normal 0 0 1
    outer loop
      vertex -49.2368986683658 -0.33345115684334103 16
      vertex -49.24672340402307 -0.16685421697604158 16
      vertex -49.88817673913757 -33.33421397963764 16
    endloop
  endfacet
  facet normal 0 0 1
    outer loop
      vertex -49.13257216169013 -0.992142796387598 16
      vertex -49.16833744171373 -0.8291338685685451 16
      vertex -49.88817673913757 -33.33421397963764 16
    endloop
  endfacet
  facet normal 0 0 1
    outer loop
      vertex -49.16833744171373 -0.8291338685685451 16
      vertex -49.197675447529335 -0.6648464764209812 16
      vertex -49.88817673913757 -33.33421397963764 16
    endloop
  endfacet
  facet normal 0 0 1
    outer loop
      vertex -49.220540942058435 -0.49953393919581 16
      vertex -49.88817673913757 -33.33421397963764 16
      vertex -49.197675447529335 -0.6648464764209812 16
    endloop
  endfacet
  facet normal 0 0 1
    outer loop
      vertex -49.220540942058435 -0.49953393919581 16
      vertex -49.2368986683658 -0.33345115684334103 16
      vertex -49.88817673913757 -33.33421397963764 16
    endloop
  endfacet
  facet normal 0 0 1
    outer loop
      vertex -49.24672340402307 -0.16685421697604158 16
      vertex -49.25 0 16
      vertex -49.88817673913757 -33.33421397963764 16
    endloop
  endfacet
  facet normal 0 0 1
    outer loop
      vertex -47.66728593383646 -5.641795077976207 16
      vertex -47.85203201919014 -3.7660365949365575 16
      vertex -49.88817673913757 -33.33421397963764 16
    endloop
  endfacet
  facet normal 0 0 1
    outer loop
      vertex -47.85203201919014 -3.7660365949365575 16
      vertex -48.00520382004283 -3.0052038200428273 16
      vertex -49.88817673913757 -33.33421397963764 16
    endloop
  endfacet
  facet normal 0 0 1
    outer loop
      vertex -48.12087066510166 -2.8849031685150024 16
      vertex -49.88817673913757 -33.33421397963764 16
      vertex -48.00520382004283 -3.0052038200428273 16
    endloop
  endfacet
  facet normal 0 0 1
    outer loop
      vertex -48.12087066510166 -2.8849031685150024 16
      vertex -48.23172535380013 -2.7601542054032806 16
      vertex -49.88817673913757 -33.33421397963764 16
    endloop
  endfacet
  facet normal 0 0 1
    outer loop
      vertex -47.85203201919014 -3.7660365949365575 16
      vertex -47.89039059023367 -3.1155946109020833 16
      vertex -48.00520382004283 -3.0052038200428273 16
    endloop
  endfacet
  facet normal 0 0 1
    outer loop
      vertex -43.5908723436039 -20.095667401796547 16
      vertex -44.34621756054176 -18.36880475352431 16
      vertex -42.42640686780214 -42.42640686780214 16
    endloop
  endfacet
  facet normal 0 0 1
    outer loop
      vertex -41.87980833949426 -23.453819591853836 16
      vertex -42.76831316104166 -21.791543987498248 16
      vertex -42.42640686780214 -42.42640686780214 16
    endloop
  endfacet
  facet normal 0 0 1
    outer loop
      vertex -43.5908723436039 -20.095667401796547 16
      vertex -42.42640686780214 -42.42640686780214 16
      vertex -42.76831316104166 -21.791543987498248 16
    endloop
  endfacet
  facet normal 0 0 1
    outer loop
      vertex -26.590434754928 -40.124765082226304 16
      vertex -33.3342139793792 -49.888176739303006 16
      vertex -22.961005941033363 -55.43277195096016 16
    endloop
  endfacet
  facet normal 0 0 1
    outer loop
      vertex -26.487313177670558 -40.44214066287908 16
      vertex -26.541990194254403 -40.284465396393266 16
      vertex -22.961005941033363 -55.43277195096016 16
    endloop
  endfacet
  facet normal 0 0 1
    outer loop
      vertex -26.541990194254403 -40.284465396393266 16
      vertex -26.590434754928 -40.124765082226304 16
      vertex -22.961005941033363 -55.43277195096016 16
    endloop
  endfacet
  facet normal 0 0 1
    outer loop
      vertex -26.03374585228582 -41.33231666063305 16
      vertex -22.961005941033363 -55.43277195096016 16
      vertex -25.938322226093526 -41.46923049254275 16
    endloop
  endfacet
  facet normal 0 0 1
    outer loop
      vertex -26.03374585228582 -41.33231666063305 16
      vertex -26.123720698504894 -41.19176207034252 16
      vertex -22.961005941033363 -55.43277195096016 16
    endloop
  endfacet
  facet normal 0 0 1
    outer loop
      vertex -25.837596956243168 -41.602292454866536 16
      vertex -25.938322226093526 -41.46923049254275 16
      vertex -22.961005941033363 -55.43277195096016 16
    endloop
  endfacet
  facet normal 0 0 1
    outer loop
      vertex -25.505203820042826 -41.97634699034257 16
      vertex -22.961005941033363 -55.43277195096016 16
      vertex -25.384903168515002 -42.0920138354014 16
    endloop
  endfacet
  facet normal 0 0 1
    outer loop
      vertex -25.620870665101663 -41.85604633881474 16
      vertex -22.961005941033363 -55.43277195096016 16
      vertex -25.505203820042826 -41.97634699034257 16
    endloop
  endfacet
  facet normal 0 0 1
    outer loop
      vertex -25.260154205403282 -42.20286852409987 16
      vertex -22.961005941033363 -55.43277195096016 16
      vertex -25.131149284566796 -42.30874012654291 16
    endloop
  endfacet
  facet normal 0 0 1
    outer loop
      vertex -25.384903168515002 -42.0920138354014 16
      vertex -22.961005941033363 -55.43277195096016 16
      vertex -25.260154205403282 -42.20286852409987 16
    endloop
  endfacet
  facet normal 0 0 1
    outer loop
      vertex -25.73172535380013 -41.73129737570302 16
      vertex -22.961005941033363 -55.43277195096016 16
      vertex -25.620870665101663 -41.85604633881474 16
    endloop
  endfacet
  facet normal 0 0 1
    outer loop
      vertex -25.837596956243168 -41.602292454866536 16
      vertex -22.961005941033363 -55.43277195096016 16
      vertex -25.73172535380013 -41.73129737570302 16
    endloop
  endfacet
  facet normal 0 0 1
    outer loop
      vertex -26.20810803005939 -41.047783446661796 16
      vertex -22.961005941033363 -55.43277195096016 16
      vertex -26.123720698504894 -41.19176207034252 16
    endloop
  endfacet
  facet normal 0 0 1
    outer loop
      vertex -26.286777727800562 -40.900602794192814 16
      vertex -22.961005941033363 -55.43277195096016 16
      vertex -26.20810803005939 -41.047783446661796 16
    endloop
  endfacet
  facet normal 0 0 1
    outer loop
      vertex -26.286777727800562 -40.900602794192814 16
      vertex -26.359608488756596 -40.750447054833806 16
      vertex -22.961005941033363 -55.43277195096016 16
    endloop
  endfacet
  facet normal 0 0 1
    outer loop
      vertex -26.426488013172968 -40.59754775785137 16
      vertex -22.961005941033363 -55.43277195096016 16
      vertex -26.359608488756596 -40.750447054833806 16
    endloop
  endfacet
  facet normal 0 0 1
    outer loop
      vertex -26.487313177670558 -40.44214066287908 16
      vertex -22.961005941033363 -55.43277195096016 16
      vertex -26.426488013172968 -40.59754775785137 16
    endloop
  endfacet
  facet normal 0 0 1
    outer loop
      vertex -24.57664027636206 -42.679251200359126 16
      vertex -24.720618900042783 -42.59486386880463 16
      vertex -22.961005941033363 -55.43277195096016 16
    endloop
  endfacet
  facet normal 0 0 1
    outer loop
      vertex -24.57664027636206 -42.679251200359126 16
      vertex -22.961005941033363 -55.43277195096016 16
      vertex -24.429459623893074 -42.7579208981003 16
    endloop
  endfacet
  facet normal 0 0 1
    outer loop
      vertex -24.429459623893074 -42.7579208981003 16
      vertex -22.961005941033363 -55.43277195096016 16
      vertex -24.27930388453407 -42.83075165905633 16
    endloop
  endfacet
  facet normal 0 0 1
    outer loop
      vertex -24.27930388453407 -42.83075165905633 16
      vertex -22.961005941033363 -55.43277195096016 16
      vertex -24.126404587551633 -42.89763118347271 16
    endloop
  endfacet
  facet normal 0 0 1
    outer loop
      vertex -24.126404587551633 -42.89763118347271 16
      vertex -22.961005941033363 -55.43277195096016 16
      vertex -23.970997492579343 -42.9584563479703 16
    endloop
  endfacet
  facet normal 0 0 1
    outer loop
      vertex -23.970997492579343 -42.9584563479703 16
      vertex -22.961005941033363 -55.43277195096016 16
      vertex -23.813322226093526 -43.01313336455414 16
    endloop
  endfacet
  facet normal 0 0 1
    outer loop
      vertex -23.813322226093526 -43.01313336455414 16
      vertex -22.961005941033363 -55.43277195096016 16
      vertex -23.653621911926564 -43.06157792522774 16
    endloop
  endfacet
  facet normal 0 0 1
    outer loop
      vertex -23.653621911926564 -43.06157792522774 16
      vertex -22.961005941033363 -55.43277195096016 16
      vertex -23.492142796387597 -43.10371533198987 16
    endloop
  endfacet
  facet normal 0 0 1
    outer loop
      vertex -23.329133868568544 -43.13948061201347 16
      vertex -23.492142796387597 -43.10371533198987 16
      vertex -22.961005941033363 -55.43277195096016 16
    endloop
  endfacet
  facet normal 0 0 1
    outer loop
      vertex -23.329133868568544 -43.13948061201347 16
      vertex -22.961005941033363 -55.43277195096016 16
      vertex -23.16484647642098 -43.168818617829075 16
    endloop
  endfacet
  facet normal 0 0 1
    outer loop
      vertex -23.16484647642098 -43.168818617829075 16
      vertex -22.961005941033363 -55.43277195096016 16
      vertex -22.99953393919581 -43.191684112358175 16
    endloop
  endfacet
  facet normal 0 0 1
    outer loop
      vertex -22.99953393919581 -43.191684112358175 16
      vertex -22.961005941033363 -55.43277195096016 16
      vertex -22.833451156843342 -43.20804183866554 16
    endloop
  endfacet
  facet normal 0 0 1
    outer loop
      vertex -22.833451156843342 -43.20804183866554 16
      vertex -22.961005941033363 -55.43277195096016 16
      vertex -22.66685421697604 -43.21786657432281 16
    endloop
  endfacet
  facet normal 0 0 1
    outer loop
      vertex -22.66685421697604 -43.21786657432281 16
      vertex -22.961005941033363 -55.43277195096016 16
      vertex -22.5 -43.22114317029974 16
    endloop
  endfacet
  facet normal 0 0 1
    outer loop
      vertex -22.5 -43.22114317029974 16
      vertex -22.961005941033363 -55.43277195096016 16
      vertex -22.33314578302396 -43.21786657432281 16
    endloop
  endfacet
  facet normal 0 0 1
    outer loop
      vertex -24.861173490333307 -42.50488902258556 16
      vertex -24.99808732224301 -42.409465396393266 16
      vertex -22.961005941033363 -55.43277195096016 16
    endloop
  endfacet
  facet normal 0 0 1
    outer loop
      vertex -25.131149284566796 -42.30874012654291 16
      vertex -22.961005941033363 -55.43277195096016 16
      vertex -24.99808732224301 -42.409465396393266 16
    endloop
  endfacet
  facet normal 0 0 1
    outer loop
      vertex -24.861173490333307 -42.50488902258556 16
      vertex -22.961005941033363 -55.43277195096016 16
      vertex -24.720618900042783 -42.59486386880463 16
    endloop
  endfacet
  facet normal 0 0 1
    outer loop
      vertex -21.83515352357902 -43.168818617829075 16
      vertex -22.961005941033363 -55.43277195096016 16
      vertex -11.705419324338436 -58.8471168205142 16
    endloop
  endfacet
  facet normal 0 0 1
    outer loop
      vertex -22.33314578302396 -43.21786657432281 16
      vertex -22.961005941033363 -55.43277195096016 16
      vertex -22.166548843156658 -43.20804183866554 16
    endloop
  endfacet
  facet normal 0 0 1
    outer loop
      vertex -22.166548843156658 -43.20804183866554 16
      vertex -22.961005941033363 -55.43277195096016 16
      vertex -22.00046606080419 -43.191684112358175 16
    endloop
  endfacet
  facet normal 0 0 1
    outer loop
      vertex -22.00046606080419 -43.191684112358175 16
      vertex -22.961005941033363 -55.43277195096016 16
      vertex -21.83515352357902 -43.168818617829075 16
    endloop
  endfacet
  facet normal 0 0 1
    outer loop
      vertex -20.095667401796547 -43.5908723436039 16
      vertex -11.705419324338436 -58.8471168205142 16
      vertex -18.36880475352431 -44.34621756054176 16
    endloop
  endfacet
  facet normal 0 0 1
    outer loop
      vertex -16.613618739719662 -45.03318412427924 16
      vertex -18.36880475352431 -44.34621756054176 16
      vertex -11.705419324338436 -58.8471168205142 16
    endloop
  endfacet
  facet normal 0 0 1
    outer loop
      vertex -21.83515352357902 -43.168818617829075 16
      vertex -11.705419324338436 -58.8471168205142 16
      vertex -21.670866131431456 -43.13948061201347 16
    endloop
  endfacet
  facet normal 0 0 1
    outer loop
      vertex -21.670866131431456 -43.13948061201347 16
      vertex -11.705419324338436 -58.8471168205142 16
      vertex -21.507857203612403 -43.10371533198987 16
    endloop
  endfacet
  facet normal 0 0 1
    outer loop
      vertex -21.507857203612403 -43.10371533198987 16
      vertex -11.705419324338436 -58.8471168205142 16
      vertex -21.346378088073436 -43.06157792522774 16
    endloop
  endfacet
  facet normal 0 0 1
    outer loop
      vertex -21.346378088073436 -43.06157792522774 16
      vertex -11.705419324338436 -58.8471168205142 16
      vertex -20.095667401796547 -43.5908723436039 16
    endloop
  endfacet
  facet normal 0 0 1
    outer loop
      vertex -26.632572161690124 -39.96328596668734 16
      vertex -26.640349440523813 -39.927839134363005 16
      vertex -33.3342139793792 -49.888176739303006 16
    endloop
  endfacet
  facet normal 0 0 1
    outer loop
      vertex -26.590434754928 -40.124765082226304 16
      vertex -26.632572161690124 -39.96328596668734 16
      vertex -33.3342139793792 -49.888176739303006 16
    endloop
  endfacet
  facet normal 0 0 1
    outer loop
      vertex -26.667371184940905 -39.91054139052217 16
      vertex -33.3342139793792 -49.888176739303006 16
      vertex -26.640349440523813 -39.927839134363005 16
    endloop
  endfacet
  facet normal 0 0 1
    outer loop
      vertex -28.21369211003871 -38.83281572999748 16
      vertex -33.3342139793792 -49.888176739303006 16
      vertex -26.667371184940905 -39.91054139052217 16
    endloop
  endfacet
  facet normal 0 0 1
    outer loop
      vertex -21.346378088073436 -43.06157792522774 16
      vertex -20.095667401796547 -43.5908723436039 16
      vertex -21.24827354635736 -43.03181823785135 16
    endloop
  endfacet
  facet normal 0 0 1
    outer loop
      vertex -13.029141593523565 -46.19785134977507 16
      vertex -11.705419324338436 -58.8471168205142 16
      vertex 0 -60 16
    endloop
  endfacet
  facet normal 0 0 1
    outer loop
      vertex -16.613618739719662 -45.03318412427924 16
      vertex -11.705419324338436 -58.8471168205142 16
      vertex -14.832815729997474 -45.65071278216737 16
    endloop
  endfacet
  facet normal 0 0 1
    outer loop
      vertex -14.832815729997474 -45.65071278216737 16
      vertex -11.705419324338436 -58.8471168205142 16
      vertex -13.029141593523565 -46.19785134977507 16
    endloop
  endfacet
  facet normal 0 0 1
    outer loop
      vertex -13.029141593523565 -46.19785134977507 16
      vertex 0 -60 16
      vertex -11.205377465083458 -46.67375617908847 16
    endloop
  endfacet
  facet normal 0 0 1
    outer loop
      vertex -11.205377465083458 -46.67375617908847 16
      vertex 0 -60 16
      vertex -9.364335456774157 -47.07769345935506 16
    endloop
  endfacet
  facet normal 0 0 1
    outer loop
      vertex -9.364335456774157 -47.07769345935506 16
      vertex 0 -60 16
      vertex -7.508854321931082 -47.40904034856661 16
    endloop
  endfacet
  facet normal 0 0 1
    outer loop
      vertex -7.508854321931082 -47.40904034856661 16
      vertex 0 -60 16
      vertex -5.641795077976207 -47.66728593383646 16
    endloop
  endfacet
  facet normal 0 0 1
    outer loop
      vertex -5.641795077976207 -47.66728593383646 16
      vertex 0 -60 16
      vertex -3.7660365949365575 -47.85203201919014 16
    endloop
  endfacet
  facet normal 0 0 1
    outer loop
      vertex -3.7660365949365575 -47.85203201919014 16
      vertex 0 -60 16
      vertex -1.8844711564352932 -47.9629937395547 16
    endloop
  endfacet
  facet normal 0 0 1
    outer loop
      vertex -1.8844711564352932 -47.9629937395547 16
      vertex 0 -60 16
      vertex 0 -48 16
    endloop
  endfacet
  facet normal 0.539135822770979 0.8422188341547934 0
    outer loop
      vertex 33.33421397963766 49.888176739137556 16
      vertex 33.33421397963766 49.888176739137556 13
      vertex 33.3342139793792 49.888176739303006 13
    endloop
  endfacet
  facet normal 0.8422137766047554 0.5391437234144113 0
    outer loop
      vertex 49.88817673913757 33.33421397963764 16
      vertex 49.88817673930299 33.33421397937923 13
      vertex 49.88817673913757 33.33421397963764 13
    endloop
  endfacet
  facet normal 0 0 1
    outer loop
      vertex 0 48 16
      vertex 1.8844711564352932 47.9629937395547 16
      vertex 0 60 16
    endloop
  endfacet
  facet normal 0 0 1
    outer loop
      vertex 1.8844711564352932 47.9629937395547 16
      vertex 3.7660365949365575 47.85203201919014 16
      vertex 0 60 16
    endloop
  endfacet
  facet normal 0 0 1
    outer loop
      vertex 3.7660365949365575 47.85203201919014 16
      vertex 5.641795077976207 47.66728593383646 16
      vertex 0 60 16
    endloop
  endfacet
  facet normal 0 0 1
    outer loop
      vertex 5.641795077976207 47.66728593383646 16
      vertex 7.508854321931082 47.40904034856661 16
      vertex 0 60 16
    endloop
  endfacet
  facet normal 0 0 1
    outer loop
      vertex 7.508854321931082 47.40904034856661 16
      vertex 9.364335456774157 47.07769345935506 16
      vertex 0 60 16
    endloop
  endfacet
  facet normal 0 0 1
    outer loop
      vertex 9.364335456774157 47.07769345935506 16
      vertex 11.205377465083458 46.67375617908847 16
      vertex 0 60 16
    endloop
  endfacet
  facet normal 0 0 1
    outer loop
      vertex 11.205377465083458 46.67375617908847 16
      vertex 13.029141593523565 46.19785134977507 16
      vertex 0 60 16
    endloop
  endfacet
  facet normal 0 0 1
    outer loop
      vertex 13.029141593523565 46.19785134977507 16
      vertex 14.832815729997474 45.65071278216737 16
      vertex 11.705419324338436 58.8471168205142 16
    endloop
  endfacet
  facet normal 0 0 1
    outer loop
      vertex 14.832815729997474 45.65071278216737 16
      vertex 16.613618739719662 45.03318412427924 16
      vertex 11.705419324338436 58.8471168205142 16
    endloop
  endfacet
  facet normal 0 0 1
    outer loop
      vertex 13.029141593523565 46.19785134977507 16
      vertex 11.705419324338436 58.8471168205142 16
      vertex 0 60 16
    endloop
  endfacet
  facet normal 0 0 1
    outer loop
      vertex 20.095667401796547 43.5908723436039 16
      vertex 21.24827354635736 43.03181823785135 16
      vertex 21.346378088073436 43.06157792522774 16
    endloop
  endfacet
  facet normal 0 0 1
    outer loop
      vertex 24.720618900042783 42.59486386880463 16
      vertex 24.861173490333307 42.50488902258556 16
      vertex 33.3342139793792 49.888176739303006 16
    endloop
  endfacet
  facet normal 0 0 1
    outer loop
      vertex 24.99808732224301 42.409465396393266 16
      vertex 33.3342139793792 49.888176739303006 16
      vertex 24.861173490333307 42.50488902258556 16
    endloop
  endfacet
  facet normal 0 0 1
    outer loop
      vertex 24.99808732224301 42.409465396393266 16
      vertex 25.131149284566796 42.30874012654291 16
      vertex 33.3342139793792 49.888176739303006 16
    endloop
  endfacet
  facet normal 0 0 1
    outer loop
      vertex 25.260154205403282 42.20286852409987 16
      vertex 25.384903168515002 42.0920138354014 16
      vertex 33.3342139793792 49.888176739303006 16
    endloop
  endfacet
  facet normal 0 0 1
    outer loop
      vertex 25.384903168515002 42.0920138354014 16
      vertex 25.505203820042826 41.97634699034257 16
      vertex 33.3342139793792 49.888176739303006 16
    endloop
  endfacet
  facet normal 0 0 1
    outer loop
      vertex 25.131149284566796 42.30874012654291 16
      vertex 25.260154205403282 42.20286852409987 16
      vertex 33.3342139793792 49.888176739303006 16
    endloop
  endfacet
  facet normal 0 0 1
    outer loop
      vertex 26.667371184940905 39.91054139052217 16
      vertex 28.21369211003871 38.83281572999748 16
      vertex 33.3342139793792 49.888176739303006 16
    endloop
  endfacet
  facet normal 0 0 1
    outer loop
      vertex 26.123720698504894 41.19176207034252 16
      vertex 26.20810803005939 41.047783446661796 16
      vertex 33.3342139793792 49.888176739303006 16
    endloop
  endfacet
  facet normal 0 0 1
    outer loop
      vertex 26.590434754928 40.124765082226304 16
      vertex 33.3342139793792 49.888176739303006 16
      vertex 26.541990194254403 40.284465396393266 16
    endloop
  endfacet
  facet normal 0 0 1
    outer loop
      vertex 26.541990194254403 40.284465396393266 16
      vertex 33.3342139793792 49.888176739303006 16
      vertex 26.487313177670558 40.44214066287908 16
    endloop
  endfacet
  facet normal 0 0 1
    outer loop
      vertex 26.667371184940905 39.91054139052217 16
      vertex 33.3342139793792 49.888176739303006 16
      vertex 26.640349440523813 39.927839134363005 16
    endloop
  endfacet
  facet normal 0 0 1
    outer loop
      vertex 26.640349440523813 39.927839134363005 16
      vertex 33.3342139793792 49.888176739303006 16
      vertex 26.632572161690124 39.96328596668734 16
    endloop
  endfacet
  facet normal 0 0 1
    outer loop
      vertex 26.632572161690124 39.96328596668734 16
      vertex 33.3342139793792 49.888176739303006 16
      vertex 26.590434754928 40.124765082226304 16
    endloop
  endfacet
  facet normal 0 0 1
    outer loop
      vertex 26.359608488756596 40.750447054833806 16
      vertex 26.426488013172968 40.59754775785137 16
      vertex 33.3342139793792 49.888176739303006 16
    endloop
  endfacet
  facet normal 0 0 1
    outer loop
      vertex 26.426488013172968 40.59754775785137 16
      vertex 26.487313177670558 40.44214066287908 16
      vertex 33.3342139793792 49.888176739303006 16
    endloop
  endfacet
  facet normal 0 0 1
    outer loop
      vertex 26.359608488756596 40.750447054833806 16
      vertex 33.3342139793792 49.888176739303006 16
      vertex 26.286777727800562 40.900602794192814 16
    endloop
  endfacet
  facet normal 0 0 1
    outer loop
      vertex 26.20810803005939 41.047783446661796 16
      vertex 26.286777727800562 40.900602794192814 16
      vertex 33.3342139793792 49.888176739303006 16
    endloop
  endfacet
  facet normal 0 0 1
    outer loop
      vertex 25.620870665101663 41.85604633881474 16
      vertex 25.73172535380013 41.73129737570302 16
      vertex 33.3342139793792 49.888176739303006 16
    endloop
  endfacet
  facet normal 0 0 1
    outer loop
      vertex 25.73172535380013 41.73129737570302 16
      vertex 25.837596956243168 41.602292454866536 16
      vertex 33.3342139793792 49.888176739303006 16
    endloop
  endfacet
  facet normal 0 0 1
    outer loop
      vertex 25.938322226093526 41.46923049254275 16
      vertex 26.03374585228582 41.33231666063305 16
      vertex 33.3342139793792 49.888176739303006 16
    endloop
  endfacet
  facet normal 0 0 1
    outer loop
      vertex 26.123720698504894 41.19176207034252 16
      vertex 33.3342139793792 49.888176739303006 16
      vertex 26.03374585228582 41.33231666063305 16
    endloop
  endfacet
  facet normal 0 0 1
    outer loop
      vertex 25.938322226093526 41.46923049254275 16
      vertex 33.3342139793792 49.888176739303006 16
      vertex 25.837596956243168 41.602292454866536 16
    endloop
  endfacet
  facet normal 0 0 1
    outer loop
      vertex 25.505203820042826 41.97634699034257 16
      vertex 25.620870665101663 41.85604633881474 16
      vertex 33.3342139793792 49.888176739303006 16
    endloop
  endfacet
  facet normal 0 0 1
    outer loop
      vertex 20.095667401796547 43.5908723436039 16
      vertex 21.346378088073436 43.06157792522774 16
      vertex 11.705419324338436 58.8471168205142 16
    endloop
  endfacet
  facet normal 0 0 1
    outer loop
      vertex 21.346378088073436 43.06157792522774 16
      vertex 21.507857203612403 43.10371533198987 16
      vertex 11.705419324338436 58.8471168205142 16
    endloop
  endfacet
  facet normal 0 0 1
    outer loop
      vertex 21.507857203612403 43.10371533198987 16
      vertex 21.670866131431456 43.13948061201347 16
      vertex 11.705419324338436 58.8471168205142 16
    endloop
  endfacet
  facet normal 0 0 1
    outer loop
      vertex 21.670866131431456 43.13948061201347 16
      vertex 21.83515352357902 43.168818617829075 16
      vertex 11.705419324338436 58.8471168205142 16
    endloop
  endfacet
  facet normal 0 0 1
    outer loop
      vertex 18.36880475352431 44.34621756054176 16
      vertex 11.705419324338436 58.8471168205142 16
      vertex 16.613618739719662 45.03318412427924 16
    endloop
  endfacet
  facet normal 0 0 1
    outer loop
      vertex 18.36880475352431 44.34621756054176 16
      vertex 20.095667401796547 43.5908723436039 16
      vertex 11.705419324338436 58.8471168205142 16
    endloop
  endfacet
  facet normal 0 0 1
    outer loop
      vertex 21.83515352357902 43.168818617829075 16
      vertex 22.00046606080419 43.191684112358175 16
      vertex 22.961005941033363 55.43277195096016 16
    endloop
  endfacet
  facet normal 0 0 1
    outer loop
      vertex 22.00046606080419 43.191684112358175 16
      vertex 22.166548843156658 43.20804183866554 16
      vertex 22.961005941033363 55.43277195096016 16
    endloop
  endfacet
  facet normal 0 0 1
    outer loop
      vertex 22.166548843156658 43.20804183866554 16
      vertex 22.33314578302396 43.21786657432281 16
      vertex 22.961005941033363 55.43277195096016 16
    endloop
  endfacet
  facet normal 0 0 1
    outer loop
      vertex 21.83515352357902 43.168818617829075 16
      vertex 22.961005941033363 55.43277195096016 16
      vertex 11.705419324338436 58.8471168205142 16
    endloop
  endfacet
  facet normal 0 0 1
    outer loop
      vertex 22.33314578302396 43.21786657432281 16
      vertex 22.5 43.22114317029974 16
      vertex 22.961005941033363 55.43277195096016 16
    endloop
  endfacet
  facet normal 0 0 1
    outer loop
      vertex 22.5 43.22114317029974 16
      vertex 22.66685421697604 43.21786657432281 16
      vertex 22.961005941033363 55.43277195096016 16
    endloop
  endfacet
  facet normal 0 0 1
    outer loop
      vertex 22.66685421697604 43.21786657432281 16
      vertex 22.833451156843342 43.20804183866554 16
      vertex 22.961005941033363 55.43277195096016 16
    endloop
  endfacet
  facet normal 0 0 1
    outer loop
      vertex 22.833451156843342 43.20804183866554 16
      vertex 22.99953393919581 43.191684112358175 16
      vertex 22.961005941033363 55.43277195096016 16
    endloop
  endfacet
  facet normal 0 0 1
    outer loop
      vertex 22.99953393919581 43.191684112358175 16
      vertex 23.16484647642098 43.168818617829075 16
      vertex 22.961005941033363 55.43277195096016 16
    endloop
  endfacet
  facet normal 0 0 1
    outer loop
      vertex 23.16484647642098 43.168818617829075 16
      vertex 23.329133868568544 43.13948061201347 16
      vertex 22.961005941033363 55.43277195096016 16
    endloop
  endfacet
  facet normal 0 0 1
    outer loop
      vertex 23.492142796387597 43.10371533198987 16
      vertex 22.961005941033363 55.43277195096016 16
      vertex 23.329133868568544 43.13948061201347 16
    endloop
  endfacet
  facet normal 0 0 1
    outer loop
      vertex 23.492142796387597 43.10371533198987 16
      vertex 23.653621911926564 43.06157792522774 16
      vertex 33.3342139793792 49.888176739303006 16
    endloop
  endfacet
  facet normal 0 0 1
    outer loop
      vertex 23.653621911926564 43.06157792522774 16
      vertex 23.813322226093526 43.01313336455414 16
      vertex 33.3342139793792 49.888176739303006 16
    endloop
  endfacet
  facet normal 0 0 1
    outer loop
      vertex 23.813322226093526 43.01313336455414 16
      vertex 23.970997492579343 42.9584563479703 16
      vertex 33.3342139793792 49.888176739303006 16
    endloop
  endfacet
  facet normal 0 0 1
    outer loop
      vertex 23.970997492579343 42.9584563479703 16
      vertex 24.126404587551633 42.89763118347271 16
      vertex 33.3342139793792 49.888176739303006 16
    endloop
  endfacet
  facet normal 0 0 1
    outer loop
      vertex 24.126404587551633 42.89763118347271 16
      vertex 24.27930388453407 42.83075165905633 16
      vertex 33.3342139793792 49.888176739303006 16
    endloop
  endfacet
  facet normal 0 0 1
    outer loop
      vertex 24.27930388453407 42.83075165905633 16
      vertex 24.429459623893074 42.7579208981003 16
      vertex 33.3342139793792 49.888176739303006 16
    endloop
  endfacet
  facet normal 0 0 1
    outer loop
      vertex 24.429459623893074 42.7579208981003 16
      vertex 24.57664027636206 42.679251200359126 16
      vertex 33.3342139793792 49.888176739303006 16
    endloop
  endfacet
  facet normal 0 0 1
    outer loop
      vertex 24.720618900042783 42.59486386880463 16
      vertex 33.3342139793792 49.888176739303006 16
      vertex 24.57664027636206 42.679251200359126 16
    endloop
  endfacet
  facet normal 0 0 1
    outer loop
      vertex 23.492142796387597 43.10371533198987 16
      vertex 33.3342139793792 49.888176739303006 16
      vertex 22.961005941033363 55.43277195096016 16
    endloop
  endfacet
  facet normal 0 0 1
    outer loop
      vertex 44.34621756054176 18.36880475352431 16
      vertex 45.03318412427924 16.613618739719662 16
      vertex 42.42640686780214 42.42640686780214 16
    endloop
  endfacet
  facet normal 0 0 1
    outer loop
      vertex 42.76831316104166 21.791543987498248 16
      vertex 43.5908723436039 20.095667401796547 16
      vertex 42.42640686780214 42.42640686780214 16
    endloop
  endfacet
  facet normal 0 0 1
    outer loop
      vertex 42.76831316104166 21.791543987498248 16
      vertex 42.42640686780214 42.42640686780214 16
      vertex 41.87980833949426 23.453819591853836 16
    endloop
  endfacet
  facet normal 0 0 1
    outer loop
      vertex 44.34621756054176 18.36880475352431 16
      vertex 42.42640686780214 42.42640686780214 16
      vertex 43.5908723436039 20.095667401796547 16
    endloop
  endfacet
  facet normal 0 0 1
    outer loop
      vertex 48.00520382004283 3.0052038200428273 16
      vertex 47.85203201919014 3.7660365949365575 16
      vertex 47.89039059023367 3.1155946109020833 16
    endloop
  endfacet
  facet normal 0 0 1
    outer loop
      vertex 48.23172535380013 2.7601542054032806 16
      vertex 49.88817673913757 33.33421397963764 16
      vertex 48.12087066510166 2.8849031685150024 16
    endloop
  endfacet
  facet normal 0 0 1
    outer loop
      vertex 48.00520382004283 3.0052038200428273 16
      vertex 48.12087066510166 2.8849031685150024 16
      vertex 49.88817673913757 33.33421397963764 16
    endloop
  endfacet
  facet normal 0 0 1
    outer loop
      vertex 48.00520382004283 3.0052038200428273 16
      vertex 49.88817673913757 33.33421397963764 16
      vertex 47.85203201919014 3.7660365949365575 16
    endloop
  endfacet
  facet normal 0 0 1
    outer loop
      vertex 47.85203201919014 3.7660365949365575 16
      vertex 49.88817673913757 33.33421397963764 16
      vertex 47.66728593383646 5.641795077976207 16
    endloop
  endfacet
  facet normal 0 0 1
    outer loop
      vertex 49.25 0 16
      vertex 49.88817673913757 33.33421397963764 16
      vertex 49.24672340402307 0.16685421697604158 16
    endloop
  endfacet
  facet normal 0 0 1
    outer loop
      vertex 49.2368986683658 0.33345115684334103 16
      vertex 49.88817673913757 33.33421397963764 16
      vertex 49.220540942058435 0.49953393919581 16
    endloop
  endfacet
  facet normal 0 0 1
    outer loop
      vertex 49.197675447529335 0.6648464764209812 16
      vertex 49.220540942058435 0.49953393919581 16
      vertex 49.88817673913757 33.33421397963764 16
    endloop
  endfacet
  facet normal 0 0 1
    outer loop
      vertex 49.197675447529335 0.6648464764209812 16
      vertex 49.88817673913757 33.33421397963764 16
      vertex 49.16833744171373 0.8291338685685451 16
    endloop
  endfacet
  facet normal 0 0 1
    outer loop
      vertex 49.16833744171373 0.8291338685685451 16
      vertex 49.88817673913757 33.33421397963764 16
      vertex 49.13257216169013 0.992142796387598 16
    endloop
  endfacet
  facet normal 0 0 1
    outer loop
      vertex 49.24672340402307 0.16685421697604158 16
      vertex 49.88817673913757 33.33421397963764 16
      vertex 49.2368986683658 0.33345115684334103 16
    endloop
  endfacet
  facet normal 0 0 1
    outer loop
      vertex 49.090434754928 1.1536219119265656 16
      vertex 49.13257216169013 0.992142796387598 16
      vertex 49.88817673913757 33.33421397963764 16
    endloop
  endfacet
  facet normal 0 0 1
    outer loop
      vertex 49.090434754928 1.1536219119265656 16
      vertex 49.88817673913757 33.33421397963764 16
      vertex 49.0419901942544 1.3133222260935264 16
    endloop
  endfacet
  facet normal 0 0 1
    outer loop
      vertex 49.0419901942544 1.3133222260935264 16
      vertex 49.88817673913757 33.33421397963764 16
      vertex 48.98731317767056 1.470997492579345 16
    endloop
  endfacet
  facet normal 0 0 1
    outer loop
      vertex 48.92648801317297 1.6264045875516315 16
      vertex 48.98731317767056 1.470997492579345 16
      vertex 49.88817673913757 33.33421397963764 16
    endloop
  endfacet
  facet normal 0 0 1
    outer loop
      vertex 48.85960848875659 1.7793038845340694 16
      vertex 49.88817673913757 33.33421397963764 16
      vertex 48.78677772780056 1.929459623893074 16
    endloop
  endfacet
  facet normal 0 0 1
    outer loop
      vertex 48.708108030059385 2.0766402763620584 16
      vertex 49.88817673913757 33.33421397963764 16
      vertex 48.62372069850489 2.2206189000427825 16
    endloop
  endfacet
  facet normal 0 0 1
    outer loop
      vertex 48.62372069850489 2.2206189000427825 16
      vertex 49.88817673913757 33.33421397963764 16
      vertex 48.53374585228582 2.361173490333309 16
    endloop
  endfacet
  facet normal 0 0 1
    outer loop
      vertex 48.708108030059385 2.0766402763620584 16
      vertex 48.78677772780056 1.929459623893074 16
      vertex 49.88817673913757 33.33421397963764 16
    endloop
  endfacet
  facet normal 0 0 1
    outer loop
      vertex 48.438322226093526 2.498087322243011 16
      vertex 48.53374585228582 2.361173490333309 16
      vertex 49.88817673913757 33.33421397963764 16
    endloop
  endfacet
  facet normal 0 0 1
    outer loop
      vertex 48.438322226093526 2.498087322243011 16
      vertex 49.88817673913757 33.33421397963764 16
      vertex 48.33759695624317 2.6311492845667943 16
    endloop
  endfacet
  facet normal 0 0 1
    outer loop
      vertex 48.23172535380013 2.7601542054032806 16
      vertex 48.33759695624317 2.6311492845667943 16
      vertex 49.88817673913757 33.33421397963764 16
    endloop
  endfacet
  facet normal 0 0 1
    outer loop
      vertex 48.92648801317297 1.6264045875516315 16
      vertex 49.88817673913757 33.33421397963764 16
      vertex 48.85960848875659 1.7793038845340694 16
    endloop
  endfacet
  facet normal 0 0 1
    outer loop
      vertex 49.25 0 16
      vertex 60 0 16
      vertex 49.88817673913757 33.33421397963764 16
    endloop
  endfacet
  facet normal 0 0 1
    outer loop
      vertex 55.43277195096016 22.961005941033363 16
      vertex 60 0 16
      vertex 58.8471168205142 11.705419324338436 16
    endloop
  endfacet
  facet normal 0 0 1
    outer loop
      vertex 47.66728593383646 5.641795077976207 16
      vertex 49.88817673913757 33.33421397963764 16
      vertex 47.40904034856661 7.508854321931082 16
    endloop
  endfacet
  facet normal 0 0 1
    outer loop
      vertex 47.40904034856661 7.508854321931082 16
      vertex 49.88817673913757 33.33421397963764 16
      vertex 47.07769345935506 9.364335456774157 16
    endloop
  endfacet
  facet normal 0 0 1
    outer loop
      vertex 46.67375617908847 11.205377465083458 16
      vertex 47.07769345935506 9.364335456774157 16
      vertex 49.88817673913757 33.33421397963764 16
    endloop
  endfacet
  facet normal 0 0 1
    outer loop
      vertex 45.65071278216737 14.832815729997474 16
      vertex 49.88817673913757 33.33421397963764 16
      vertex 45.03318412427924 16.613618739719662 16
    endloop
  endfacet
  facet normal 0 0 1
    outer loop
      vertex 46.67375617908847 11.205377465083458 16
      vertex 49.88817673913757 33.33421397963764 16
      vertex 46.19785134977507 13.029141593523565 16
    endloop
  endfacet
  facet normal 0 0 1
    outer loop
      vertex 46.19785134977507 13.029141593523565 16
      vertex 49.88817673913757 33.33421397963764 16
      vertex 45.65071278216737 14.832815729997474 16
    endloop
  endfacet
  facet normal 0 0 1
    outer loop
      vertex 49.88817673913757 33.33421397963764 16
      vertex 60 0 16
      vertex 49.88817673930299 33.33421397937923 16
    endloop
  endfacet
  facet normal 0 0 1
    outer loop
      vertex 49.88817673930299 33.33421397937923 16
      vertex 60 0 16
      vertex 55.43277195096016 22.961005941033363 16
    endloop
  endfacet
  facet normal 0.539135822770979 0.8422188341547934 0
    outer loop
      vertex 33.3342139793792 49.888176739303006 16
      vertex 33.33421397963766 49.888176739137556 16
      vertex 33.3342139793792 49.888176739303006 13
    endloop
  endfacet
  facet normal 0.8422137766047554 0.5391437234144113 0
    outer loop
      vertex 49.88817673913757 33.33421397963764 16
      vertex 49.88817673930299 33.33421397937923 16
      vertex 49.88817673930299 33.33421397937923 13
    endloop
  endfacet
  facet normal 0 0 1
    outer loop
      vertex 38.83281572999748 28.21369211003871 16
      vertex 39.91054139052217 26.667371184940905 16
      vertex 33.33421397963766 49.888176739137556 16
    endloop
  endfacet
  facet normal 0 0 1
    outer loop
      vertex 37.69521268227576 29.71650956687203 16
      vertex 33.33421397963766 49.888176739137556 16
      vertex 36.49948634880148 31.173506319848816 16
    endloop
  endfacet
  facet normal 0 0 1
    outer loop
      vertex 37.69521268227576 29.71650956687203 16
      vertex 38.83281572999748 28.21369211003871 16
      vertex 33.33421397963766 49.888176739137556 16
    endloop
  endfacet
  facet normal 0 0 1
    outer loop
      vertex 31.173506319848816 36.49948634880148 16
      vertex 32.582435785581204 35.24748045291291 16
      vertex 33.3342139793792 49.888176739303006 16
    endloop
  endfacet
  facet normal 0 0 1
    outer loop
      vertex 32.582435785581204 35.24748045291291 16
      vertex 33.941125496954285 33.941125496954285 16
      vertex 33.33421397963766 49.888176739137556 16
    endloop
  endfacet
  facet normal 0 0 1
    outer loop
      vertex 28.21369211003871 38.83281572999748 16
      vertex 29.71650956687203 37.69521268227576 16
      vertex 33.3342139793792 49.888176739303006 16
    endloop
  endfacet
  facet normal 0 0 1
    outer loop
      vertex 29.71650956687203 37.69521268227576 16
      vertex 31.173506319848816 36.49948634880148 16
      vertex 33.3342139793792 49.888176739303006 16
    endloop
  endfacet
  facet normal 0 0 1
    outer loop
      vertex 35.24748045291291 32.582435785581204 16
      vertex 33.33421397963766 49.888176739137556 16
      vertex 33.941125496954285 33.941125496954285 16
    endloop
  endfacet
  facet normal 0 0 1
    outer loop
      vertex 35.24748045291291 32.582435785581204 16
      vertex 36.49948634880148 31.173506319848816 16
      vertex 33.33421397963766 49.888176739137556 16
    endloop
  endfacet
  facet normal 0 0 1
    outer loop
      vertex 40.92672788899643 25.079931106365542 16
      vertex 41.87980833949426 23.453819591853836 16
      vertex 33.33421397963766 49.888176739137556 16
    endloop
  endfacet
  facet normal 0 0 1
    outer loop
      vertex 40.92672788899643 25.079931106365542 16
      vertex 33.33421397963766 49.888176739137556 16
      vertex 39.91054139052217 26.667371184940905 16
    endloop
  endfacet
  facet normal 0 0 1
    outer loop
      vertex 41.87980833949426 23.453819591853836 16
      vertex 42.42640686780214 42.42640686780214 16
      vertex 33.33421397963766 49.888176739137556 16
    endloop
  endfacet
  facet normal 0 0 1
    outer loop
      vertex 32.582435785581204 35.24748045291291 16
      vertex 33.33421397963766 49.888176739137556 16
      vertex 33.3342139793792 49.888176739303006 16
    endloop
  endfacet
  facet normal 0 0 1
    outer loop
      vertex 45.03318412427924 16.613618739719662 16
      vertex 49.88817673913757 33.33421397963764 16
      vertex 42.42640686780214 42.42640686780214 16
    endloop
  endfacet
  facet normal 0.7475083268625985 0.6642524379112796 0
    outer loop
      vertex -35.24748045291291 -32.582435785581204 16
      vertex -35.24748045291291 -32.582435785581204 13
      vertex -36.49948634880148 -31.173506319848816 13
    endloop
  endfacet
  facet normal 0.7730104533627359 0.6343932841636467 0
    outer loop
      vertex -36.49948634880148 -31.173506319848816 16
      vertex -36.49948634880148 -31.173506319848816 13
      vertex -37.69521268227576 -29.71650956687203 13
    endloop
  endfacet
  facet normal 0.7208535967029196 0.693087362545635 0
    outer loop
      vertex -33.941125496954285 -33.941125496954285 16
      vertex -33.941125496954285 -33.941125496954285 13
      vertex -35.24748045291291 -32.582435785581204 13
    endloop
  endfacet
  facet normal 0.693087362545635 0.7208535967029196 0
    outer loop
      vertex -32.582435785581204 -35.24748045291291 16
      vertex -32.582435785581204 -35.24748045291291 13
      vertex -33.941125496954285 -33.941125496954285 13
    endloop
  endfacet
  facet normal 0.6642524379112796 0.7475083268625985 0
    outer loop
      vertex -31.173506319848816 -36.49948634880148 16
      vertex -31.173506319848816 -36.49948634880148 13
      vertex -32.582435785581204 -35.24748045291291 13
    endloop
  endfacet
  facet normal 0.6343932841636467 0.7730104533627359 0
    outer loop
      vertex -29.71650956687203 -37.69521268227576 16
      vertex -29.71650956687203 -37.69521268227576 13
      vertex -31.173506319848816 -36.49948634880148 13
    endloop
  endfacet
  facet normal 0.9448060464668787 0.32763017956169177 0
    outer loop
      vertex -45.03318412427924 -16.613618739719662 16
      vertex -45.03318412427924 -16.613618739719662 13
      vertex -45.65071278216737 -14.832815729997474 13
    endloop
  endfacet
  facet normal 0.9569403357322079 0.2902846772544654 0
    outer loop
      vertex -45.65071278216737 -14.832815729997474 16
      vertex -45.65071278216737 -14.832815729997474 13
      vertex -46.19785134977507 -13.029141593523565 13
    endloop
  endfacet
  facet normal 0.9675990923602608 0.2524915770151541 0
    outer loop
      vertex -46.19785134977507 -13.029141593523565 16
      vertex -46.19785134977507 -13.029141593523565 13
      vertex -46.67375617908847 -11.205377465083458 13
    endloop
  endfacet
  facet normal 0.9844265680898914 0.1757962799343561 0
    outer loop
      vertex -47.07769345935506 -9.364335456774157 16
      vertex -47.07769345935506 -9.364335456774157 13
      vertex -47.40904034856661 -7.508854321931082 13
    endloop
  endfacet
  facet normal 0.9767658813208718 0.21430915306505333 0
    outer loop
      vertex -46.67375617908847 -11.205377465083458 16
      vertex -46.67375617908847 -11.205377465083458 13
      vertex -47.07769345935506 -9.364335456774157 13
    endloop
  endfacet
  facet normal 0.9905693404435776 0.1370123416819659 0
    outer loop
      vertex -47.40904034856661 -7.508854321931082 16
      vertex -47.40904034856661 -7.508854321931082 13
      vertex -47.66728593383646 -5.641795077976207 13
    endloop
  endfacet
  facet normal 0.9951847266721969 0.09801714032956037 0
    outer loop
      vertex -47.66728593383646 -5.641795077976207 16
      vertex -47.66728593383646 -5.641795077976207 13
      vertex -47.85203201919014 -3.7660365949365575 13
    endloop
  endfacet
  facet normal 0.9982656101847158 0.05887080365119076 0
    outer loop
      vertex -47.85203201919014 -3.7660365949365575 16
      vertex -47.85203201919014 -3.7660365949365575 13
      vertex -47.89039059023367 -3.1155946109020833 13
    endloop
  endfacet
  facet normal 0.8819212643483538 0.471396736826 0
    outer loop
      vertex -41.87980833949426 -23.453819591853836 16
      vertex -41.87980833949426 -23.453819591853836 13
      vertex -42.76831316104166 -21.791543987498248 13
    endloop
  endfacet
  facet normal 0.7973206537727073 0.6035559419535713 0
    outer loop
      vertex -37.69521268227576 -29.71650956687203 16
      vertex -37.69521268227576 -29.71650956687203 13
      vertex -38.83281572999748 -28.21369211003871 13
    endloop
  endfacet
  facet normal 0.8204014435255148 0.5717879602276105 0
    outer loop
      vertex -38.83281572999748 -28.21369211003871 16
      vertex -38.83281572999748 -28.21369211003871 13
      vertex -39.91054139052217 -26.667371184940905 13
    endloop
  endfacet
  facet normal 0.8627343859777928 0.5056573733779829 0
    outer loop
      vertex -40.92672788899643 -25.079931106365542 16
      vertex -40.92672788899643 -25.079931106365542 13
      vertex -41.87980833949426 -23.453819591853836 13
    endloop
  endfacet
  facet normal 0.842217233716285 0.5391383229110026 0
    outer loop
      vertex -39.91054139052217 -26.667371184940905 16
      vertex -39.91054139052217 -26.667371184940905 13
      vertex -40.92672788899643 -25.079931106365542 13
    endloop
  endfacet
  facet normal 0.9161879571171359 0.40074883310314097 0
    outer loop
      vertex -43.5908723436039 -20.095667401796547 16
      vertex -43.5908723436039 -20.095667401796547 13
      vertex -44.34621756054176 -18.36880475352431 13
    endloop
  endfacet
  facet normal 0.8997482840522233 0.43640924067333825 0
    outer loop
      vertex -42.76831316104166 -21.791543987498248 16
      vertex -42.76831316104166 -21.791543987498248 13
      vertex -43.5908723436039 -20.095667401796547 13
    endloop
  endfacet
  facet normal 0.9312149347588029 0.3644704998791514 0
    outer loop
      vertex -44.34621756054176 -18.36880475352431 16
      vertex -44.34621756054176 -18.36880475352431 13
      vertex -45.03318412427924 -16.613618739719662 13
    endloop
  endfacet
  facet normal 0.32763017956169177 0.9448060464668787 0
    outer loop
      vertex -14.832815729997474 -45.65071278216737 16
      vertex -14.832815729997474 -45.65071278216737 13
      vertex -16.613618739719662 -45.03318412427924 13
    endloop
  endfacet
  facet normal 0.6035559419535713 0.7973206537727073 0
    outer loop
      vertex -28.21369211003871 -38.83281572999748 16
      vertex -28.21369211003871 -38.83281572999748 13
      vertex -29.71650956687203 -37.69521268227576 13
    endloop
  endfacet
  facet normal 0.5717879602276105 0.8204014435255148 0
    outer loop
      vertex -26.667371184940905 -39.91054139052217 16
      vertex -26.667371184940905 -39.91054139052217 13
      vertex -28.21369211003871 -38.83281572999748 13
    endloop
  endfacet
  facet normal 0.5391383229110281 0.8422172337162687 0
    outer loop
      vertex -26.640349440523813 -39.927839134363005 16
      vertex -26.640349440523813 -39.927839134363005 13
      vertex -26.667371184940905 -39.91054139052217 13
    endloop
  endfacet
  facet normal 0.436409240673338 0.8997482840522234 0
    outer loop
      vertex -20.095667401796547 -43.5908723436039 16
      vertex -20.095667401796547 -43.5908723436039 13
      vertex -21.24827354635736 -43.03181823785135 13
    endloop
  endfacet
  facet normal 0.40074883310314097 0.9161879571171359 0
    outer loop
      vertex -18.36880475352431 -44.34621756054176 16
      vertex -18.36880475352431 -44.34621756054176 13
      vertex -20.095667401796547 -43.5908723436039 13
    endloop
  endfacet
  facet normal 0.3644704998791514 0.9312149347588029 0
    outer loop
      vertex -16.613618739719662 -45.03318412427924 16
      vertex -16.613618739719662 -45.03318412427924 13
      vertex -18.36880475352431 -44.34621756054176 13
    endloop
  endfacet
  facet normal 0.2902846772544654 0.9569403357322079 0
    outer loop
      vertex -13.029141593523565 -46.19785134977507 16
      vertex -13.029141593523565 -46.19785134977507 13
      vertex -14.832815729997474 -45.65071278216737 13
    endloop
  endfacet
  facet normal 0.2524915770151541 0.9675990923602608 0
    outer loop
      vertex -11.205377465083458 -46.67375617908847 16
      vertex -11.205377465083458 -46.67375617908847 13
      vertex -13.029141593523565 -46.19785134977507 13
    endloop
  endfacet
  facet normal 0.21430915306505333 0.9767658813208718 0
    outer loop
      vertex -9.364335456774157 -47.07769345935506 16
      vertex -9.364335456774157 -47.07769345935506 13
      vertex -11.205377465083458 -46.67375617908847 13
    endloop
  endfacet
  facet normal 0.1757962799343561 0.9844265680898914 0
    outer loop
      vertex -7.508854321931082 -47.40904034856661 16
      vertex -7.508854321931082 -47.40904034856661 13
      vertex -9.364335456774157 -47.07769345935506 13
    endloop
  endfacet
  facet normal 0.1370123416819659 0.9905693404435776 0
    outer loop
      vertex -5.641795077976207 -47.66728593383646 16
      vertex -5.641795077976207 -47.66728593383646 13
      vertex -7.508854321931082 -47.40904034856661 13
    endloop
  endfacet
  facet normal 0.09801714032956037 0.9951847266721969 0
    outer loop
      vertex -3.7660365949365575 -47.85203201919014 16
      vertex -3.7660365949365575 -47.85203201919014 13
      vertex -5.641795077976207 -47.66728593383646 13
    endloop
  endfacet
  facet normal 0.05887080365118848 0.9982656101847159 0
    outer loop
      vertex -1.8844711564352932 -47.9629937395547 16
      vertex -1.8844711564352932 -47.9629937395547 13
      vertex -3.7660365949365575 -47.85203201919014 13
    endloop
  endfacet
  facet normal 0.019633692460630105 0.9998072404820648 0
    outer loop
      vertex 0 -48 16
      vertex 0 -48 13
      vertex -1.8844711564352932 -47.9629937395547 13
    endloop
  endfacet
  facet normal 0.7730104533627359 0.6343932841636467 3.905830891791605e-18
    outer loop
      vertex -36.49948634880148 -31.173506319848816 16
      vertex -37.69521268227576 -29.71650956687203 13
      vertex -37.69521268227576 -29.71650956687203 16
    endloop
  endfacet
  facet normal 0.7475083268625985 0.6642524379112796 0
    outer loop
      vertex -36.49948634880148 -31.173506319848816 16
      vertex -35.24748045291291 -32.582435785581204 16
      vertex -36.49948634880148 -31.173506319848816 13
    endloop
  endfacet
  facet normal 0.7208535967029196 0.693087362545635 -2.8930131803616072e-18
    outer loop
      vertex -33.941125496954285 -33.941125496954285 16
      vertex -35.24748045291291 -32.582435785581204 13
      vertex -35.24748045291291 -32.582435785581204 16
    endloop
  endfacet
  facet normal 0.6642524379112796 0.7475083268625985 0
    outer loop
      vertex -32.582435785581204 -35.24748045291291 16
      vertex -31.173506319848816 -36.49948634880148 16
      vertex -32.582435785581204 -35.24748045291291 13
    endloop
  endfacet
  facet normal 0.693087362545635 0.7208535967029196 0
    outer loop
      vertex -33.941125496954285 -33.941125496954285 16
      vertex -32.582435785581204 -35.24748045291291 16
      vertex -33.941125496954285 -33.941125496954285 13
    endloop
  endfacet
  facet normal 0.6343932841636467 0.7730104533627359 0
    outer loop
      vertex -31.173506319848816 -36.49948634880148 16
      vertex -29.71650956687203 -37.69521268227576 16
      vertex -31.173506319848816 -36.49948634880148 13
    endloop
  endfacet
  facet normal 0.9448060464668787 0.32763017956169177 9.903332258605342e-18
    outer loop
      vertex -45.03318412427924 -16.613618739719662 16
      vertex -45.65071278216737 -14.832815729997474 13
      vertex -45.65071278216737 -14.832815729997474 16
    endloop
  endfacet
  facet normal 0.9569403357322079 0.2902846772544654 5.169324650772357e-18
    outer loop
      vertex -45.65071278216737 -14.832815729997474 16
      vertex -46.19785134977507 -13.029141593523565 13
      vertex -46.19785134977507 -13.029141593523565 16
    endloop
  endfacet
  facet normal 0.9675990923602608 0.2524915770151541 4.249296780917299e-18
    outer loop
      vertex -46.19785134977507 -13.029141593523565 16
      vertex -46.67375617908847 -11.205377465083458 13
      vertex -46.67375617908847 -11.205377465083458 16
    endloop
  endfacet
  facet normal 0.9767658813208718 0.21430915306505333 0
    outer loop
      vertex -47.07769345935506 -9.364335456774157 16
      vertex -46.67375617908847 -11.205377465083458 16
      vertex -47.07769345935506 -9.364335456774157 13
    endloop
  endfacet
  facet normal 0.9844265680898914 0.1757962799343561 -5.445225093648343e-18
    outer loop
      vertex -47.07769345935506 -9.364335456774157 16
      vertex -47.40904034856661 -7.508854321931082 13
      vertex -47.40904034856661 -7.508854321931082 16
    endloop
  endfacet
  facet normal 0.9905693404435776 0.1370123416819659 4.494497597616144e-18
    outer loop
      vertex -47.40904034856661 -7.508854321931082 16
      vertex -47.66728593383646 -5.641795077976207 13
      vertex -47.66728593383646 -5.641795077976207 16
    endloop
  endfacet
  facet normal 0.9951847266721969 0.09801714032956037 1.1736222939525447e-18
    outer loop
      vertex -47.66728593383646 -5.641795077976207 16
      vertex -47.85203201919014 -3.7660365949365575 13
      vertex -47.85203201919014 -3.7660365949365575 16
    endloop
  endfacet
  facet normal 0.9982656101847158 0.05887080365119076 -1.3544303903678719e-20
    outer loop
      vertex -47.85203201919014 -3.7660365949365575 16
      vertex -47.89039059023367 -3.1155946109020833 13
      vertex -47.89039059023367 -3.1155946109020833 16
    endloop
  endfacet
  facet normal 0.8627343859777928 0.5056573733779829 0
    outer loop
      vertex -41.87980833949426 -23.453819591853836 16
      vertex -40.92672788899643 -25.079931106365542 16
      vertex -41.87980833949426 -23.453819591853836 13
    endloop
  endfacet
  facet normal 0.8204014435255148 0.5717879602276105 0
    outer loop
      vertex -39.91054139052217 -26.667371184940905 16
      vertex -38.83281572999748 -28.21369211003871 16
      vertex -39.91054139052217 -26.667371184940905 13
    endloop
  endfacet
  facet normal 0.7973206537727073 0.6035559419535713 0
    outer loop
      vertex -38.83281572999748 -28.21369211003871 16
      vertex -37.69521268227576 -29.71650956687203 16
      vertex -38.83281572999748 -28.21369211003871 13
    endloop
  endfacet
  facet normal 0.842217233716285 0.5391383229110026 -1.1973262180583382e-17
    outer loop
      vertex -39.91054139052217 -26.667371184940905 16
      vertex -40.92672788899643 -25.079931106365542 13
      vertex -40.92672788899643 -25.079931106365542 16
    endloop
  endfacet
  facet normal 0.8997482840522233 0.43640924067333825 0
    outer loop
      vertex -43.5908723436039 -20.095667401796547 16
      vertex -42.76831316104166 -21.791543987498248 16
      vertex -43.5908723436039 -20.095667401796547 13
    endloop
  endfacet
  facet normal 0.9161879571171359 0.40074883310314097 9.749021697751993e-18
    outer loop
      vertex -43.5908723436039 -20.095667401796547 16
      vertex -44.34621756054176 -18.36880475352431 13
      vertex -44.34621756054176 -18.36880475352431 16
    endloop
  endfacet
  facet normal 0.8819212643483538 0.471396736826 1.9446913017462387e-17
    outer loop
      vertex -41.87980833949426 -23.453819591853836 16
      vertex -42.76831316104166 -21.791543987498248 13
      vertex -42.76831316104166 -21.791543987498248 16
    endloop
  endfacet
  facet normal 0.9312149347588029 0.3644704998791514 0
    outer loop
      vertex -45.03318412427924 -16.613618739719662 16
      vertex -44.34621756054176 -18.36880475352431 16
      vertex -45.03318412427924 -16.613618739719662 13
    endloop
  endfacet
  facet normal 0.32763017956169177 0.9448060464668787 0
    outer loop
      vertex -16.613618739719662 -45.03318412427924 16
      vertex -14.832815729997474 -45.65071278216737 16
      vertex -16.613618739719662 -45.03318412427924 13
    endloop
  endfacet
  facet normal 0.6035559419535713 0.7973206537727073 0
    outer loop
      vertex -29.71650956687203 -37.69521268227576 16
      vertex -28.21369211003871 -38.83281572999748 16
      vertex -29.71650956687203 -37.69521268227576 13
    endloop
  endfacet
  facet normal 0.5391383229110281 0.8422172337162687 0
    outer loop
      vertex -26.667371184940905 -39.91054139052217 16
      vertex -26.640349440523813 -39.927839134363005 16
      vertex -26.667371184940905 -39.91054139052217 13
    endloop
  endfacet
  facet normal 0.5717879602276105 0.8204014435255148 0
    outer loop
      vertex -28.21369211003871 -38.83281572999748 16
      vertex -26.667371184940905 -39.91054139052217 16
      vertex -28.21369211003871 -38.83281572999748 13
    endloop
  endfacet
  facet normal 0.436409240673338 0.8997482840522234 0
    outer loop
      vertex -21.24827354635736 -43.03181823785135 16
      vertex -20.095667401796547 -43.5908723436039 16
      vertex -21.24827354635736 -43.03181823785135 13
    endloop
  endfacet
  facet normal 0.40074883310314097 0.9161879571171359 0
    outer loop
      vertex -20.095667401796547 -43.5908723436039 16
      vertex -18.36880475352431 -44.34621756054176 16
      vertex -20.095667401796547 -43.5908723436039 13
    endloop
  endfacet
  facet normal 0.3644704998791514 0.9312149347588029 1.3082224158756914e-17
    outer loop
      vertex -16.613618739719662 -45.03318412427924 16
      vertex -18.36880475352431 -44.34621756054176 13
      vertex -18.36880475352431 -44.34621756054176 16
    endloop
  endfacet
  facet normal 0.2902846772544654 0.9569403357322079 0
    outer loop
      vertex -14.832815729997474 -45.65071278216737 16
      vertex -13.029141593523565 -46.19785134977507 16
      vertex -14.832815729997474 -45.65071278216737 13
    endloop
  endfacet
  facet normal 0.2524915770151541 0.9675990923602608 0
    outer loop
      vertex -13.029141593523565 -46.19785134977507 16
      vertex -11.205377465083458 -46.67375617908847 16
      vertex -13.029141593523565 -46.19785134977507 13
    endloop
  endfacet
  facet normal 0.21430915306505333 0.9767658813208718 0
    outer loop
      vertex -11.205377465083458 -46.67375617908847 16
      vertex -9.364335456774157 -47.07769345935506 16
      vertex -11.205377465083458 -46.67375617908847 13
    endloop
  endfacet
  facet normal 0.1757962799343561 0.9844265680898914 0
    outer loop
      vertex -9.364335456774157 -47.07769345935506 16
      vertex -7.508854321931082 -47.40904034856661 16
      vertex -9.364335456774157 -47.07769345935506 13
    endloop
  endfacet
  facet normal 0.1370123416819659 0.9905693404435776 0
    outer loop
      vertex -7.508854321931082 -47.40904034856661 16
      vertex -5.641795077976207 -47.66728593383646 16
      vertex -7.508854321931082 -47.40904034856661 13
    endloop
  endfacet
  facet normal 0.09801714032956037 0.9951847266721969 0
    outer loop
      vertex -5.641795077976207 -47.66728593383646 16
      vertex -3.7660365949365575 -47.85203201919014 16
      vertex -5.641795077976207 -47.66728593383646 13
    endloop
  endfacet
  facet normal 0.05887080365118848 0.9982656101847159 0
    outer loop
      vertex -3.7660365949365575 -47.85203201919014 16
      vertex -1.8844711564352932 -47.9629937395547 16
      vertex -3.7660365949365575 -47.85203201919014 13
    endloop
  endfacet
  facet normal 0.019633692460630105 0.9998072404820648 0
    outer loop
      vertex -1.8844711564352932 -47.9629937395547 16
      vertex 0 -48 16
      vertex -1.8844711564352932 -47.9629937395547 13
    endloop
  endfacet
  facet normal -0.019633692460630105 -0.9998072404820648 0
    outer loop
      vertex 0 48 16
      vertex 0 48 13
      vertex 1.8844711564352932 47.9629937395547 13
    endloop
  endfacet
  facet normal -0.05887080365118848 -0.9982656101847159 0
    outer loop
      vertex 1.8844711564352932 47.9629937395547 16
      vertex 1.8844711564352932 47.9629937395547 13
      vertex 3.7660365949365575 47.85203201919014 13
    endloop
  endfacet
  facet normal -0.09801714032956037 -0.9951847266721969 0
    outer loop
      vertex 3.7660365949365575 47.85203201919014 16
      vertex 3.7660365949365575 47.85203201919014 13
      vertex 5.641795077976207 47.66728593383646 13
    endloop
  endfacet
  facet normal -0.1370123416819659 -0.9905693404435776 0
    outer loop
      vertex 5.641795077976207 47.66728593383646 16
      vertex 5.641795077976207 47.66728593383646 13
      vertex 7.508854321931082 47.40904034856661 13
    endloop
  endfacet
  facet normal -0.1757962799343561 -0.9844265680898914 0
    outer loop
      vertex 7.508854321931082 47.40904034856661 16
      vertex 7.508854321931082 47.40904034856661 13
      vertex 9.364335456774157 47.07769345935506 13
    endloop
  endfacet
  facet normal -0.21430915306505333 -0.9767658813208718 0
    outer loop
      vertex 9.364335456774157 47.07769345935506 16
      vertex 9.364335456774157 47.07769345935506 13
      vertex 11.205377465083458 46.67375617908847 13
    endloop
  endfacet
  facet normal -0.2524915770151541 -0.9675990923602608 0
    outer loop
      vertex 11.205377465083458 46.67375617908847 16
      vertex 11.205377465083458 46.67375617908847 13
      vertex 13.029141593523565 46.19785134977507 13
    endloop
  endfacet
  facet normal -0.2902846772544654 -0.9569403357322079 0
    outer loop
      vertex 13.029141593523565 46.19785134977507 16
      vertex 13.029141593523565 46.19785134977507 13
      vertex 14.832815729997474 45.65071278216737 13
    endloop
  endfacet
  facet normal -0.3644704998791514 -0.9312149347588029 0
    outer loop
      vertex 16.613618739719662 45.03318412427924 16
      vertex 16.613618739719662 45.03318412427924 13
      vertex 18.36880475352431 44.34621756054176 13
    endloop
  endfacet
  facet normal -0.40074883310314097 -0.9161879571171359 0
    outer loop
      vertex 18.36880475352431 44.34621756054176 16
      vertex 18.36880475352431 44.34621756054176 13
      vertex 20.095667401796547 43.5908723436039 13
    endloop
  endfacet
  facet normal -0.436409240673338 -0.8997482840522234 0
    outer loop
      vertex 21.24827354635736 43.03181823785135 16
      vertex 20.095667401796547 43.5908723436039 13
      vertex 21.24827354635736 43.03181823785135 13
    endloop
  endfacet
  facet normal -0.5391383229110281 -0.8422172337162687 0
    outer loop
      vertex 26.640349440523813 39.927839134363005 16
      vertex 26.640349440523813 39.927839134363005 13
      vertex 26.667371184940905 39.91054139052217 13
    endloop
  endfacet
  facet normal -0.5717879602276105 -0.8204014435255148 0
    outer loop
      vertex 26.667371184940905 39.91054139052217 16
      vertex 26.667371184940905 39.91054139052217 13
      vertex 28.21369211003871 38.83281572999748 13
    endloop
  endfacet
  facet normal -0.6035559419535713 -0.7973206537727073 0
    outer loop
      vertex 28.21369211003871 38.83281572999748 16
      vertex 28.21369211003871 38.83281572999748 13
      vertex 29.71650956687203 37.69521268227576 13
    endloop
  endfacet
  facet normal -0.32763017956169177 -0.9448060464668787 0
    outer loop
      vertex 14.832815729997474 45.65071278216737 16
      vertex 14.832815729997474 45.65071278216737 13
      vertex 16.613618739719662 45.03318412427924 13
    endloop
  endfacet
  facet normal -0.9312149347588029 -0.3644704998791514 0
    outer loop
      vertex 44.34621756054176 18.36880475352431 16
      vertex 44.34621756054176 18.36880475352431 13
      vertex 45.03318412427924 16.613618739719662 13
    endloop
  endfacet
  facet normal -0.8997482840522233 -0.43640924067333825 0
    outer loop
      vertex 42.76831316104166 21.791543987498248 16
      vertex 42.76831316104166 21.791543987498248 13
      vertex 43.5908723436039 20.095667401796547 13
    endloop
  endfacet
  facet normal -0.9161879571171359 -0.40074883310314097 0
    outer loop
      vertex 43.5908723436039 20.095667401796547 16
      vertex 43.5908723436039 20.095667401796547 13
      vertex 44.34621756054176 18.36880475352431 13
    endloop
  endfacet
  facet normal -0.842217233716285 -0.5391383229110026 0
    outer loop
      vertex 39.91054139052217 26.667371184940905 16
      vertex 39.91054139052217 26.667371184940905 13
      vertex 40.92672788899643 25.079931106365542 13
    endloop
  endfacet
  facet normal -0.8627343859777928 -0.5056573733779829 0
    outer loop
      vertex 40.92672788899643 25.079931106365542 16
      vertex 40.92672788899643 25.079931106365542 13
      vertex 41.87980833949426 23.453819591853836 13
    endloop
  endfacet
  facet normal -0.8204014435255148 -0.5717879602276105 0
    outer loop
      vertex 38.83281572999748 28.21369211003871 16
      vertex 38.83281572999748 28.21369211003871 13
      vertex 39.91054139052217 26.667371184940905 13
    endloop
  endfacet
  facet normal -0.7973206537727073 -0.6035559419535713 0
    outer loop
      vertex 37.69521268227576 29.71650956687203 16
      vertex 37.69521268227576 29.71650956687203 13
      vertex 38.83281572999748 28.21369211003871 13
    endloop
  endfacet
  facet normal -0.8819212643483538 -0.471396736826 0
    outer loop
      vertex 41.87980833949426 23.453819591853836 16
      vertex 41.87980833949426 23.453819591853836 13
      vertex 42.76831316104166 21.791543987498248 13
    endloop
  endfacet
  facet normal -0.9982656101847158 -0.05887080365119076 0
    outer loop
      vertex 47.85203201919014 3.7660365949365575 16
      vertex 47.85203201919014 3.7660365949365575 13
      vertex 47.89039059023367 3.1155946109020833 13
    endloop
  endfacet
  facet normal -0.9951847266721969 -0.09801714032956037 0
    outer loop
      vertex 47.66728593383646 5.641795077976207 16
      vertex 47.66728593383646 5.641795077976207 13
      vertex 47.85203201919014 3.7660365949365575 13
    endloop
  endfacet
  facet normal -0.9905693404435776 -0.1370123416819659 0
    outer loop
      vertex 47.40904034856661 7.508854321931082 16
      vertex 47.40904034856661 7.508854321931082 13
      vertex 47.66728593383646 5.641795077976207 13
    endloop
  endfacet
  facet normal -0.9767658813208718 -0.21430915306505333 0
    outer loop
      vertex 46.67375617908847 11.205377465083458 16
      vertex 46.67375617908847 11.205377465083458 13
      vertex 47.07769345935506 9.364335456774157 13
    endloop
  endfacet
  facet normal -0.9844265680898914 -0.1757962799343561 0
    outer loop
      vertex 47.07769345935506 9.364335456774157 16
      vertex 47.07769345935506 9.364335456774157 13
      vertex 47.40904034856661 7.508854321931082 13
    endloop
  endfacet
  facet normal -0.9675990923602608 -0.2524915770151541 0
    outer loop
      vertex 46.19785134977507 13.029141593523565 16
      vertex 46.19785134977507 13.029141593523565 13
      vertex 46.67375617908847 11.205377465083458 13
    endloop
  endfacet
  facet normal -0.9569403357322079 -0.2902846772544654 0
    outer loop
      vertex 45.65071278216737 14.832815729997474 16
      vertex 45.65071278216737 14.832815729997474 13
      vertex 46.19785134977507 13.029141593523565 13
    endloop
  endfacet
  facet normal -0.9448060464668787 -0.32763017956169177 0
    outer loop
      vertex 45.03318412427924 16.613618739719662 16
      vertex 45.03318412427924 16.613618739719662 13
      vertex 45.65071278216737 14.832815729997474 13
    endloop
  endfacet
  facet normal -0.6343932841636467 -0.7730104533627359 0
    outer loop
      vertex 29.71650956687203 37.69521268227576 16
      vertex 29.71650956687203 37.69521268227576 13
      vertex 31.173506319848816 36.49948634880148 13
    endloop
  endfacet
  facet normal -0.6642524379112796 -0.7475083268625985 0
    outer loop
      vertex 31.173506319848816 36.49948634880148 16
      vertex 31.173506319848816 36.49948634880148 13
      vertex 32.582435785581204 35.24748045291291 13
    endloop
  endfacet
  facet normal -0.693087362545635 -0.7208535967029196 0
    outer loop
      vertex 32.582435785581204 35.24748045291291 16
      vertex 32.582435785581204 35.24748045291291 13
      vertex 33.941125496954285 33.941125496954285 13
    endloop
  endfacet
  facet normal -0.7208535967029196 -0.693087362545635 0
    outer loop
      vertex 33.941125496954285 33.941125496954285 16
      vertex 33.941125496954285 33.941125496954285 13
      vertex 35.24748045291291 32.582435785581204 13
    endloop
  endfacet
  facet normal -0.7730104533627359 -0.6343932841636467 0
    outer loop
      vertex 36.49948634880148 31.173506319848816 16
      vertex 36.49948634880148 31.173506319848816 13
      vertex 37.69521268227576 29.71650956687203 13
    endloop
  endfacet
  facet normal -0.7475083268625985 -0.6642524379112796 0
    outer loop
      vertex 35.24748045291291 32.582435785581204 16
      vertex 35.24748045291291 32.582435785581204 13
      vertex 36.49948634880148 31.173506319848816 13
    endloop
  endfacet
  facet normal -0.019633692460630105 -0.9998072404820648 -3.8613188990873516e-19
    outer loop
      vertex 0 48 16
      vertex 1.8844711564352932 47.9629937395547 13
      vertex 1.8844711564352932 47.9629937395547 16
    endloop
  endfacet
  facet normal -0.05887080365118848 -0.9982656101847159 -1.2543960579267127e-18
    outer loop
      vertex 1.8844711564352932 47.9629937395547 16
      vertex 3.7660365949365575 47.85203201919014 13
      vertex 3.7660365949365575 47.85203201919014 16
    endloop
  endfacet
  facet normal -0.09801714032956037 -0.9951847266721969 1.1736222939525447e-18
    outer loop
      vertex 3.7660365949365575 47.85203201919014 16
      vertex 5.641795077976207 47.66728593383646 13
      vertex 5.641795077976207 47.66728593383646 16
    endloop
  endfacet
  facet normal -0.1370123416819659 -0.9905693404435776 4.494497597616144e-18
    outer loop
      vertex 5.641795077976207 47.66728593383646 16
      vertex 7.508854321931082 47.40904034856661 13
      vertex 7.508854321931082 47.40904034856661 16
    endloop
  endfacet
  facet normal -0.1757962799343561 -0.9844265680898914 -5.445225093648343e-18
    outer loop
      vertex 7.508854321931082 47.40904034856661 16
      vertex 9.364335456774157 47.07769345935506 13
      vertex 9.364335456774157 47.07769345935506 16
    endloop
  endfacet
  facet normal -0.21430915306505333 -0.9767658813208718 -7.739802544870712e-18
    outer loop
      vertex 9.364335456774157 47.07769345935506 16
      vertex 11.205377465083458 46.67375617908847 13
      vertex 11.205377465083458 46.67375617908847 16
    endloop
  endfacet
  facet normal -0.2524915770151541 -0.9675990923602608 4.249296780917299e-18
    outer loop
      vertex 11.205377465083458 46.67375617908847 16
      vertex 13.029141593523565 46.19785134977507 13
      vertex 13.029141593523565 46.19785134977507 16
    endloop
  endfacet
  facet normal -0.2902846772544654 -0.9569403357322079 5.169324650772357e-18
    outer loop
      vertex 13.029141593523565 46.19785134977507 16
      vertex 14.832815729997474 45.65071278216737 13
      vertex 14.832815729997474 45.65071278216737 16
    endloop
  endfacet
  facet normal -0.3644704998791514 -0.9312149347588029 0
    outer loop
      vertex 18.36880475352431 44.34621756054176 16
      vertex 16.613618739719662 45.03318412427924 16
      vertex 18.36880475352431 44.34621756054176 13
    endloop
  endfacet
  facet normal -0.40074883310314097 -0.9161879571171359 9.749021697751993e-18
    outer loop
      vertex 18.36880475352431 44.34621756054176 16
      vertex 20.095667401796547 43.5908723436039 13
      vertex 20.095667401796547 43.5908723436039 16
    endloop
  endfacet
  facet normal -0.436409240673338 -0.8997482840522234 0
    outer loop
      vertex 20.095667401796547 43.5908723436039 16
      vertex 20.095667401796547 43.5908723436039 13
      vertex 21.24827354635736 43.03181823785135 16
    endloop
  endfacet
  facet normal -0.5717879602276105 -0.8204014435255148 -1.519722816520879e-17
    outer loop
      vertex 26.667371184940905 39.91054139052217 16
      vertex 28.21369211003871 38.83281572999748 13
      vertex 28.21369211003871 38.83281572999748 16
    endloop
  endfacet
  facet normal -0.5391383229110281 -0.8422172337162687 0
    outer loop
      vertex 26.667371184940905 39.91054139052217 16
      vertex 26.640349440523813 39.927839134363005 16
      vertex 26.667371184940905 39.91054139052217 13
    endloop
  endfacet
  facet normal -0.6035559419535713 -0.7973206537727073 1.8247447674934113e-18
    outer loop
      vertex 28.21369211003871 38.83281572999748 16
      vertex 29.71650956687203 37.69521268227576 13
      vertex 29.71650956687203 37.69521268227576 16
    endloop
  endfacet
  facet normal -0.32763017956169177 -0.9448060464668787 9.903332258605342e-18
    outer loop
      vertex 14.832815729997474 45.65071278216737 16
      vertex 16.613618739719662 45.03318412427924 13
      vertex 16.613618739719662 45.03318412427924 16
    endloop
  endfacet
  facet normal -0.9312149347588029 -0.3644704998791514 1.3082224158756914e-17
    outer loop
      vertex 44.34621756054176 18.36880475352431 16
      vertex 45.03318412427924 16.613618739719662 13
      vertex 45.03318412427924 16.613618739719662 16
    endloop
  endfacet
  facet normal -0.8819212643483538 -0.471396736826 0
    outer loop
      vertex 42.76831316104166 21.791543987498248 16
      vertex 41.87980833949426 23.453819591853836 16
      vertex 42.76831316104166 21.791543987498248 13
    endloop
  endfacet
  facet normal -0.9161879571171359 -0.40074883310314097 0
    outer loop
      vertex 44.34621756054176 18.36880475352431 16
      vertex 43.5908723436039 20.095667401796547 16
      vertex 44.34621756054176 18.36880475352431 13
    endloop
  endfacet
  facet normal -0.8997482840522233 -0.43640924067333825 -1.3757265416660208e-17
    outer loop
      vertex 42.76831316104166 21.791543987498248 16
      vertex 43.5908723436039 20.095667401796547 13
      vertex 43.5908723436039 20.095667401796547 16
    endloop
  endfacet
  facet normal -0.842217233716285 -0.5391383229110026 0
    outer loop
      vertex 40.92672788899643 25.079931106365542 16
      vertex 39.91054139052217 26.667371184940905 16
      vertex 40.92672788899643 25.079931106365542 13
    endloop
  endfacet
  facet normal -0.7973206537727073 -0.6035559419535713 1.8247447674934113e-18
    outer loop
      vertex 37.69521268227576 29.71650956687203 16
      vertex 38.83281572999748 28.21369211003871 13
      vertex 38.83281572999748 28.21369211003871 16
    endloop
  endfacet
  facet normal -0.8204014435255148 -0.5717879602276105 -1.519722816520879e-17
    outer loop
      vertex 38.83281572999748 28.21369211003871 16
      vertex 39.91054139052217 26.667371184940905 13
      vertex 39.91054139052217 26.667371184940905 16
    endloop
  endfacet
  facet normal -0.8627343859777928 -0.5056573733779829 -2.423130900921678e-18
    outer loop
      vertex 40.92672788899643 25.079931106365542 16
      vertex 41.87980833949426 23.453819591853836 13
      vertex 41.87980833949426 23.453819591853836 16
    endloop
  endfacet
  facet normal -0.9982656101847158 -0.05887080365119076 0
    outer loop
      vertex 47.89039059023367 3.1155946109020833 16
      vertex 47.85203201919014 3.7660365949365575 16
      vertex 47.89039059023367 3.1155946109020833 13
    endloop
  endfacet
  facet normal -0.9951847266721969 -0.09801714032956037 0
    outer loop
      vertex 47.85203201919014 3.7660365949365575 16
      vertex 47.66728593383646 5.641795077976207 16
      vertex 47.85203201919014 3.7660365949365575 13
    endloop
  endfacet
  facet normal -0.9905693404435776 -0.1370123416819659 0
    outer loop
      vertex 47.66728593383646 5.641795077976207 16
      vertex 47.40904034856661 7.508854321931082 16
      vertex 47.66728593383646 5.641795077976207 13
    endloop
  endfacet
  facet normal -0.9844265680898914 -0.1757962799343561 0
    outer loop
      vertex 47.40904034856661 7.508854321931082 16
      vertex 47.07769345935506 9.364335456774157 16
      vertex 47.40904034856661 7.508854321931082 13
    endloop
  endfacet
  facet normal -0.9767658813208718 -0.21430915306505333 -7.739802544870712e-18
    outer loop
      vertex 46.67375617908847 11.205377465083458 16
      vertex 47.07769345935506 9.364335456774157 13
      vertex 47.07769345935506 9.364335456774157 16
    endloop
  endfacet
  facet normal -0.9675990923602608 -0.2524915770151541 0
    outer loop
      vertex 46.67375617908847 11.205377465083458 16
      vertex 46.19785134977507 13.029141593523565 16
      vertex 46.67375617908847 11.205377465083458 13
    endloop
  endfacet
  facet normal -0.9569403357322079 -0.2902846772544654 0
    outer loop
      vertex 46.19785134977507 13.029141593523565 16
      vertex 45.65071278216737 14.832815729997474 16
      vertex 46.19785134977507 13.029141593523565 13
    endloop
  endfacet
  facet normal -0.9448060464668787 -0.32763017956169177 0
    outer loop
      vertex 45.65071278216737 14.832815729997474 16
      vertex 45.03318412427924 16.613618739719662 16
      vertex 45.65071278216737 14.832815729997474 13
    endloop
  endfacet
  facet normal -0.6343932841636467 -0.7730104533627359 3.905830891791605e-18
    outer loop
      vertex 29.71650956687203 37.69521268227576 16
      vertex 31.173506319848816 36.49948634880148 13
      vertex 31.173506319848816 36.49948634880148 16
    endloop
  endfacet
  facet normal -0.693087362545635 -0.7208535967029196 -2.8930131803616072e-18
    outer loop
      vertex 32.582435785581204 35.24748045291291 16
      vertex 33.941125496954285 33.941125496954285 13
      vertex 33.941125496954285 33.941125496954285 16
    endloop
  endfacet
  facet normal -0.6642524379112796 -0.7475083268625985 -1.745881412689996e-17
    outer loop
      vertex 31.173506319848816 36.49948634880148 16
      vertex 32.582435785581204 35.24748045291291 13
      vertex 32.582435785581204 35.24748045291291 16
    endloop
  endfacet
  facet normal -0.7208535967029196 -0.693087362545635 0
    outer loop
      vertex 35.24748045291291 32.582435785581204 16
      vertex 33.941125496954285 33.941125496954285 16
      vertex 35.24748045291291 32.582435785581204 13
    endloop
  endfacet
  facet normal -0.7475083268625985 -0.6642524379112796 -1.745881412689996e-17
    outer loop
      vertex 35.24748045291291 32.582435785581204 16
      vertex 36.49948634880148 31.173506319848816 13
      vertex 36.49948634880148 31.173506319848816 16
    endloop
  endfacet
  facet normal -0.7730104533627359 -0.6343932841636467 0
    outer loop
      vertex 37.69521268227576 29.71650956687203 16
      vertex 36.49948634880148 31.173506319848816 16
      vertex 37.69521268227576 29.71650956687203 13
    endloop
  endfacet
  facet normal -0.7208535967029198 -0.6930873625456347 0
    outer loop
      vertex -16.15509520758508 -14.93361640172472 16
      vertex -16.15509520758508 -14.93361640172472 13
      vertex -15.556349186104047 -15.556349186104047 13
    endloop
  endfacet
  facet normal -0.6930873625456347 -0.7208535967029198 0
    outer loop
      vertex -15.556349186104047 -15.556349186104047 16
      vertex -15.556349186104047 -15.556349186104047 13
      vertex -14.93361640172472 -16.15509520758508 13
    endloop
  endfacet
  facet normal -0.899748284052223 -0.43640924067333897 0
    outer loop
      vertex -19.979149824151786 -9.210514225823418 16
      vertex -19.979149824151786 -9.210514225823418 13
      vertex -19.602143532144094 -9.98779099427003 13
    endloop
  endfacet
  facet normal -0.8627343859777908 -0.5056573733779863 0
    outer loop
      vertex -19.19491215560154 -10.74966731293301 16
      vertex -19.19491215560154 -10.74966731293301 13
      vertex -18.75808361579003 -11.494968423750873 13
    endloop
  endfacet
  facet normal -0.8819212643483558 -0.4713967368259961 0
    outer loop
      vertex -19.602143532144094 -9.98779099427003 16
      vertex -19.602143532144094 -9.98779099427003 13
      vertex -19.19491215560154 -10.74966731293301 13
    endloop
  endfacet
  facet normal -0.9161879571171354 -0.4007488331031421 0
    outer loop
      vertex -20.325349715248308 -8.419035512031975 16
      vertex -20.325349715248308 -8.419035512031975 13
      vertex -19.979149824151786 -9.210514225823418 13
    endloop
  endfacet
  facet normal -0.9312149347588035 -0.36447049987914976 0
    outer loop
      vertex -20.64020939029465 -7.614575255704845 16
      vertex -20.64020939029465 -7.614575255704845 13
      vertex -20.325349715248308 -8.419035512031975 13
    endloop
  endfacet
  facet normal -0.7973206537727068 -0.6035559419535719 0
    outer loop
      vertex -17.798373876248846 -12.931275550434409 16
      vertex -17.798373876248846 -12.931275550434409 13
      vertex -17.27697247937639 -13.620066884816348 13
    endloop
  endfacet
  facet normal -0.7730104533627356 -0.6343932841636469 0
    outer loop
      vertex -17.27697247937639 -13.620066884816348 16
      vertex -17.27697247937639 -13.620066884816348 13
      vertex -16.72893124320068 -14.28785706326404 13
    endloop
  endfacet
  facet normal -0.8204014435255153 -0.5717879602276098 0
    outer loop
      vertex -18.292331470655995 -12.222545126431248 16
      vertex -18.292331470655995 -12.222545126431248 13
      vertex -17.798373876248846 -12.931275550434409 13
    endloop
  endfacet
  facet normal -0.8422172337162855 -0.5391383229110019 0
    outer loop
      vertex -18.75808361579003 -11.494968423750873 16
      vertex -18.75808361579003 -11.494968423750873 13
      vertex -18.292331470655995 -12.222545126431248 13
    endloop
  endfacet
  facet normal -0.7475083268625975 -0.6642524379112809 0
    outer loop
      vertex -16.72893124320068 -14.28785706326404 16
      vertex -16.72893124320068 -14.28785706326404 13
      vertex -16.15509520758508 -14.93361640172472 13
    endloop
  endfacet
  facet normal -0.9448060464668786 -0.32763017956169205 0
    outer loop
      vertex -20.923243358493377 -6.798373876248843 16
      vertex -20.923243358493377 -6.798373876248843 13
      vertex -20.64020939029465 -7.614575255704845 13
    endloop
  endfacet
  facet normal -0.9569403357322084 -0.2902846772544636 0
    outer loop
      vertex -21.17401520198024 -5.971689897031633 16
      vertex -21.17401520198024 -5.971689897031633 13
      vertex -20.923243358493377 -6.798373876248843 13
    endloop
  endfacet
  facet normal -0.9675990923602594 -0.2524915770151593 0
    outer loop
      vertex -21.392138248748886 -5.135798004829919 16
      vertex -21.392138248748886 -5.135798004829919 13
      vertex -21.17401520198024 -5.971689897031633 13
    endloop
  endfacet
  facet normal -0.9767658813208726 -0.21430915306504986 0
    outer loop
      vertex -21.57727616887107 -4.291987084354822 16
      vertex -21.57727616887107 -4.291987084354822 13
      vertex -21.392138248748886 -5.135798004829919 13
    endloop
  endfacet
  facet normal -0.9844265680898915 -0.17579627993435512 0
    outer loop
      vertex -21.72914349309303 -3.441558230885079 16
      vertex -21.72914349309303 -3.441558230885079 13
      vertex -21.57727616887107 -4.291987084354822 13
    endloop
  endfacet
  facet normal -0.9905693404435775 -0.13701234168196658 0
    outer loop
      vertex -21.847506053008377 -2.585822744072428 16
      vertex -21.847506053008377 -2.585822744072428 13
      vertex -21.72914349309303 -3.441558230885079 13
    endloop
  endfacet
  facet normal -0.9951847266721968 -0.09801714032956037 0
    outer loop
      vertex -21.932181342128814 -1.7261001060125887 16
      vertex -21.932181342128814 -1.7261001060125887 13
      vertex -21.847506053008377 -2.585822744072428 13
    endloop
  endfacet
  facet normal -0.9982656101847158 -0.05887080365119055 0
    outer loop
      vertex -21.983038797295904 -0.8637159466995095 16
      vertex -21.983038797295904 -0.8637159466995095 13
      vertex -21.932181342128814 -1.7261001060125887 13
    endloop
  endfacet
  facet normal -0.9998072404820648 -0.01963369246062839 0
    outer loop
      vertex -22 0 16
      vertex -22 0 13
      vertex -21.983038797295904 -0.8637159466995095 13
    endloop
  endfacet
  facet normal -0.6343932841636469 -0.7730104533627356 0
    outer loop
      vertex -14.28785706326404 -16.72893124320068 16
      vertex -14.28785706326404 -16.72893124320068 13
      vertex -13.620066884816348 -17.27697247937639 13
    endloop
  endfacet
  facet normal -0.6035559419535719 -0.7973206537727068 0
    outer loop
      vertex -13.620066884816348 -17.27697247937639 16
      vertex -13.620066884816348 -17.27697247937639 13
      vertex -12.931275550434409 -17.798373876248846 13
    endloop
  endfacet
  facet normal -0.6642524379112809 -0.7475083268625975 0
    outer loop
      vertex -14.93361640172472 -16.15509520758508 16
      vertex -14.93361640172472 -16.15509520758508 13
      vertex -14.28785706326404 -16.72893124320068 13
    endloop
  endfacet
  facet normal -0.5717879602276098 -0.8204014435255153 0
    outer loop
      vertex -12.931275550434409 -17.798373876248846 16
      vertex -12.931275550434409 -17.798373876248846 13
      vertex -12.222545126431248 -18.292331470655995 13
    endloop
  endfacet
  facet normal -0.5391383229110019 -0.8422172337162855 0
    outer loop
      vertex -12.222545126431248 -18.292331470655995 16
      vertex -12.222545126431248 -18.292331470655995 13
      vertex -11.494968423750873 -18.75808361579003 13
    endloop
  endfacet
  facet normal -0.5056573733779863 -0.8627343859777908 0
    outer loop
      vertex -11.494968423750873 -18.75808361579003 16
      vertex -11.494968423750873 -18.75808361579003 13
      vertex -10.74966731293301 -19.19491215560154 13
    endloop
  endfacet
  facet normal -0.4713967368259961 -0.8819212643483558 0
    outer loop
      vertex -10.74966731293301 -19.19491215560154 16
      vertex -10.74966731293301 -19.19491215560154 13
      vertex -9.98779099427003 -19.602143532144094 13
    endloop
  endfacet
  facet normal -0.43640924067333897 -0.899748284052223 0
    outer loop
      vertex -9.98779099427003 -19.602143532144094 16
      vertex -9.98779099427003 -19.602143532144094 13
      vertex -9.210514225823418 -19.979149824151786 13
    endloop
  endfacet
  facet normal -0.4007488331031421 -0.9161879571171354 0
    outer loop
      vertex -9.210514225823418 -19.979149824151786 16
      vertex -9.210514225823418 -19.979149824151786 13
      vertex -8.419035512031975 -20.325349715248308 13
    endloop
  endfacet
  facet normal -0.36447049987914976 -0.9312149347588035 0
    outer loop
      vertex -8.419035512031975 -20.325349715248308 16
      vertex -8.419035512031975 -20.325349715248308 13
      vertex -7.614575255704845 -20.64020939029465 13
    endloop
  endfacet
  facet normal -0.32763017956169205 -0.9448060464668786 0
    outer loop
      vertex -7.614575255704845 -20.64020939029465 16
      vertex -7.614575255704845 -20.64020939029465 13
      vertex -6.798373876248843 -20.923243358493377 13
    endloop
  endfacet
  facet normal -0.2902846772544636 -0.9569403357322084 0
    outer loop
      vertex -6.798373876248843 -20.923243358493377 16
      vertex -6.798373876248843 -20.923243358493377 13
      vertex -5.971689897031633 -21.17401520198024 13
    endloop
  endfacet
  facet normal -0.2524915770151593 -0.9675990923602594 0
    outer loop
      vertex -5.971689897031633 -21.17401520198024 16
      vertex -5.971689897031633 -21.17401520198024 13
      vertex -5.135798004829919 -21.392138248748886 13
    endloop
  endfacet
  facet normal -0.21430915306504986 -0.9767658813208726 0
    outer loop
      vertex -5.135798004829919 -21.392138248748886 16
      vertex -5.135798004829919 -21.392138248748886 13
      vertex -4.291987084354822 -21.57727616887107 13
    endloop
  endfacet
  facet normal -0.17579627993435512 -0.9844265680898915 0
    outer loop
      vertex -4.291987084354822 -21.57727616887107 16
      vertex -4.291987084354822 -21.57727616887107 13
      vertex -3.441558230885079 -21.72914349309303 13
    endloop
  endfacet
  facet normal -0.13701234168196658 -0.9905693404435775 0
    outer loop
      vertex -3.441558230885079 -21.72914349309303 16
      vertex -3.441558230885079 -21.72914349309303 13
      vertex -2.585822744072428 -21.847506053008377 13
    endloop
  endfacet
  facet normal -0.09801714032956037 -0.9951847266721968 0
    outer loop
      vertex -2.585822744072428 -21.847506053008377 16
      vertex -2.585822744072428 -21.847506053008377 13
      vertex -1.7261001060125887 -21.932181342128814 13
    endloop
  endfacet
  facet normal -0.05887080365119055 -0.9982656101847158 0
    outer loop
      vertex -1.7261001060125887 -21.932181342128814 16
      vertex -1.7261001060125887 -21.932181342128814 13
      vertex -0.8637159466995095 -21.983038797295904 13
    endloop
  endfacet
  facet normal -0.01963369246062839 -0.9998072404820648 0
    outer loop
      vertex -0.8637159466995095 -21.983038797295904 16
      vertex -0.8637159466995095 -21.983038797295904 13
      vertex 0 -22 13
    endloop
  endfacet
  facet normal -0.6930873625456347 -0.7208535967029198 -9.963748338194697e-18
    outer loop
      vertex -15.556349186104047 -15.556349186104047 16
      vertex -14.93361640172472 -16.15509520758508 13
      vertex -14.93361640172472 -16.15509520758508 16
    endloop
  endfacet
  facet normal -0.7208535967029198 -0.6930873625456347 0
    outer loop
      vertex -15.556349186104047 -15.556349186104047 16
      vertex -16.15509520758508 -14.93361640172472 16
      vertex -15.556349186104047 -15.556349186104047 13
    endloop
  endfacet
  facet normal -0.899748284052223 -0.43640924067333897 0
    outer loop
      vertex -19.602143532144094 -9.98779099427003 16
      vertex -19.979149824151786 -9.210514225823418 16
      vertex -19.602143532144094 -9.98779099427003 13
    endloop
  endfacet
  facet normal -0.8819212643483558 -0.4713967368259961 0
    outer loop
      vertex -19.19491215560154 -10.74966731293301 16
      vertex -19.602143532144094 -9.98779099427003 16
      vertex -19.19491215560154 -10.74966731293301 13
    endloop
  endfacet
  facet normal -0.8627343859777908 -0.5056573733779863 0
    outer loop
      vertex -18.75808361579003 -11.494968423750873 16
      vertex -19.19491215560154 -10.74966731293301 16
      vertex -18.75808361579003 -11.494968423750873 13
    endloop
  endfacet
  facet normal -0.9161879571171354 -0.4007488331031421 0
    outer loop
      vertex -19.979149824151786 -9.210514225823418 16
      vertex -20.325349715248308 -8.419035512031975 16
      vertex -19.979149824151786 -9.210514225823418 13
    endloop
  endfacet
  facet normal -0.9312149347588035 -0.36447049987914976 -5.018748163651453e-19
    outer loop
      vertex -20.64020939029465 -7.614575255704845 16
      vertex -20.325349715248308 -8.419035512031975 13
      vertex -20.325349715248308 -8.419035512031975 16
    endloop
  endfacet
  facet normal -0.7730104533627356 -0.6343932841636469 -1.0473857301465244e-17
    outer loop
      vertex -17.27697247937639 -13.620066884816348 16
      vertex -16.72893124320068 -14.28785706326404 13
      vertex -16.72893124320068 -14.28785706326404 16
    endloop
  endfacet
  facet normal -0.7973206537727068 -0.6035559419535719 0
    outer loop
      vertex -17.27697247937639 -13.620066884816348 16
      vertex -17.798373876248846 -12.931275550434409 16
      vertex -17.27697247937639 -13.620066884816348 13
    endloop
  endfacet
  facet normal -0.8204014435255153 -0.5717879602276098 -5.439421536935334e-18
    outer loop
      vertex -18.292331470655995 -12.222545126431248 16
      vertex -17.798373876248846 -12.931275550434409 13
      vertex -17.798373876248846 -12.931275550434409 16
    endloop
  endfacet
  facet normal -0.8422172337162855 -0.5391383229110019 -7.021904322123814e-18
    outer loop
      vertex -18.75808361579003 -11.494968423750873 16
      vertex -18.292331470655995 -12.222545126431248 13
      vertex -18.292331470655995 -12.222545126431248 16
    endloop
  endfacet
  facet normal -0.7475083268625975 -0.6642524379112809 -1.0219377648842917e-17
    outer loop
      vertex -16.72893124320068 -14.28785706326404 16
      vertex -16.15509520758508 -14.93361640172472 13
      vertex -16.15509520758508 -14.93361640172472 16
    endloop
  endfacet
  facet normal -0.9448060464668786 -0.32763017956169205 0
    outer loop
      vertex -20.64020939029465 -7.614575255704845 16
      vertex -20.923243358493377 -6.798373876248843 16
      vertex -20.64020939029465 -7.614575255704845 13
    endloop
  endfacet
  facet normal -0.9675990923602594 -0.2524915770151593 0
    outer loop
      vertex -21.17401520198024 -5.971689897031633 16
      vertex -21.392138248748886 -5.135798004829919 16
      vertex -21.17401520198024 -5.971689897031633 13
    endloop
  endfacet
  facet normal -0.9569403357322084 -0.2902846772544636 0
    outer loop
      vertex -20.923243358493377 -6.798373876248843 16
      vertex -21.17401520198024 -5.971689897031633 16
      vertex -20.923243358493377 -6.798373876248843 13
    endloop
  endfacet
  facet normal -0.9844265680898915 -0.17579627993435512 0
    outer loop
      vertex -21.57727616887107 -4.291987084354822 16
      vertex -21.72914349309303 -3.441558230885079 16
      vertex -21.57727616887107 -4.291987084354822 13
    endloop
  endfacet
  facet normal -0.9767658813208726 -0.21430915306504986 -4.97385718002961e-18
    outer loop
      vertex -21.57727616887107 -4.291987084354822 16
      vertex -21.392138248748886 -5.135798004829919 13
      vertex -21.392138248748886 -5.135798004829919 16
    endloop
  endfacet
  facet normal -0.9905693404435775 -0.13701234168196658 0
    outer loop
      vertex -21.72914349309303 -3.441558230885079 16
      vertex -21.847506053008377 -2.585822744072428 16
      vertex -21.72914349309303 -3.441558230885079 13
    endloop
  endfacet
  facet normal -0.9951847266721968 -0.09801714032956037 0
    outer loop
      vertex -21.847506053008377 -2.585822744072428 16
      vertex -21.932181342128814 -1.7261001060125887 16
      vertex -21.847506053008377 -2.585822744072428 13
    endloop
  endfacet
  facet normal -0.9982656101847158 -0.05887080365119055 0
    outer loop
      vertex -21.932181342128814 -1.7261001060125887 16
      vertex -21.983038797295904 -0.8637159466995095 16
      vertex -21.932181342128814 -1.7261001060125887 13
    endloop
  endfacet
  facet normal -0.9998072404820648 -0.01963369246062839 0
    outer loop
      vertex -21.983038797295904 -0.8637159466995095 16
      vertex -22 0 16
      vertex -21.983038797295904 -0.8637159466995095 13
    endloop
  endfacet
  facet normal -0.6343932841636469 -0.7730104533627356 0
    outer loop
      vertex -13.620066884816348 -17.27697247937639 16
      vertex -14.28785706326404 -16.72893124320068 16
      vertex -13.620066884816348 -17.27697247937639 13
    endloop
  endfacet
  facet normal -0.6035559419535719 -0.7973206537727068 -1.0508059900689692e-17
    outer loop
      vertex -13.620066884816348 -17.27697247937639 16
      vertex -12.931275550434409 -17.798373876248846 13
      vertex -12.931275550434409 -17.798373876248846 16
    endloop
  endfacet
  facet normal -0.6642524379112809 -0.7475083268625975 -1.0219377648842917e-17
    outer loop
      vertex -14.93361640172472 -16.15509520758508 16
      vertex -14.28785706326404 -16.72893124320068 13
      vertex -14.28785706326404 -16.72893124320068 16
    endloop
  endfacet
  facet normal -0.5717879602276098 -0.8204014435255153 0
    outer loop
      vertex -12.222545126431248 -18.292331470655995 16
      vertex -12.931275550434409 -17.798373876248846 16
      vertex -12.222545126431248 -18.292331470655995 13
    endloop
  endfacet
  facet normal -0.5391383229110019 -0.8422172337162855 0
    outer loop
      vertex -11.494968423750873 -18.75808361579003 16
      vertex -12.222545126431248 -18.292331470655995 16
      vertex -11.494968423750873 -18.75808361579003 13
    endloop
  endfacet
  facet normal -0.5056573733779863 -0.8627343859777908 -4.925419599426335e-18
    outer loop
      vertex -11.494968423750873 -18.75808361579003 16
      vertex -10.74966731293301 -19.19491215560154 13
      vertex -10.74966731293301 -19.19491215560154 16
    endloop
  endfacet
  facet normal -0.43640924067333897 -0.899748284052223 7.59394965561764e-18
    outer loop
      vertex -9.98779099427003 -19.602143532144094 16
      vertex -9.210514225823418 -19.979149824151786 13
      vertex -9.210514225823418 -19.979149824151786 16
    endloop
  endfacet
  facet normal -0.4713967368259961 -0.8819212643483558 -5.65482173940456e-18
    outer loop
      vertex -10.74966731293301 -19.19491215560154 16
      vertex -9.98779099427003 -19.602143532144094 13
      vertex -9.98779099427003 -19.602143532144094 16
    endloop
  endfacet
  facet normal -0.4007488331031421 -0.9161879571171354 9.09907730814023e-19
    outer loop
      vertex -9.210514225823418 -19.979149824151786 16
      vertex -8.419035512031975 -20.325349715248308 13
      vertex -8.419035512031975 -20.325349715248308 16
    endloop
  endfacet
  facet normal -0.36447049987914976 -0.9312149347588035 0
    outer loop
      vertex -7.614575255704845 -20.64020939029465 16
      vertex -8.419035512031975 -20.325349715248308 16
      vertex -7.614575255704845 -20.64020939029465 13
    endloop
  endfacet
  facet normal -0.32763017956169205 -0.9448060464668786 -5.066136377677436e-18
    outer loop
      vertex -7.614575255704845 -20.64020939029465 16
      vertex -6.798373876248843 -20.923243358493377 13
      vertex -6.798373876248843 -20.923243358493377 16
    endloop
  endfacet
  facet normal -0.2902846772544636 -0.9569403357322084 2.5342771864984663e-18
    outer loop
      vertex -6.798373876248843 -20.923243358493377 16
      vertex -5.971689897031633 -21.17401520198024 13
      vertex -5.971689897031633 -21.17401520198024 16
    endloop
  endfacet
  facet normal -0.2524915770151593 -0.9675990923602594 -7.508371172224248e-19
    outer loop
      vertex -5.971689897031633 -21.17401520198024 16
      vertex -5.135798004829919 -21.392138248748886 13
      vertex -5.135798004829919 -21.392138248748886 16
    endloop
  endfacet
  facet normal -0.21430915306504986 -0.9767658813208726 -4.97385718002961e-18
    outer loop
      vertex -5.135798004829919 -21.392138248748886 16
      vertex -4.291987084354822 -21.57727616887107 13
      vertex -4.291987084354822 -21.57727616887107 16
    endloop
  endfacet
  facet normal -0.17579627993435512 -0.9844265680898915 4.153928118684805e-18
    outer loop
      vertex -4.291987084354822 -21.57727616887107 16
      vertex -3.441558230885079 -21.72914349309303 13
      vertex -3.441558230885079 -21.72914349309303 16
    endloop
  endfacet
  facet normal -0.13701234168196658 -0.9905693404435775 -7.119289909081044e-19
    outer loop
      vertex -3.441558230885079 -21.72914349309303 16
      vertex -2.585822744072428 -21.847506053008377 13
      vertex -2.585822744072428 -21.847506053008377 16
    endloop
  endfacet
  facet normal -0.09801714032956037 -0.9951847266721968 2.044520797463366e-18
    outer loop
      vertex -2.585822744072428 -21.847506053008377 16
      vertex -1.7261001060125887 -21.932181342128814 13
      vertex -1.7261001060125887 -21.932181342128814 16
    endloop
  endfacet
  facet normal -0.05887080365119055 -0.9982656101847158 -1.132551788412403e-18
    outer loop
      vertex -1.7261001060125887 -21.932181342128814 16
      vertex -0.8637159466995095 -21.983038797295904 13
      vertex -0.8637159466995095 -21.983038797295904 16
    endloop
  endfacet
  facet normal -0.01963369246062839 -0.9998072404820648 1.165777130838145e-19
    outer loop
      vertex -0.8637159466995095 -21.983038797295904 16
      vertex 0 -22 13
      vertex 0 -22 16
    endloop
  endfacet
  facet normal 0 0 1
    outer loop
      vertex -18.75808361579003 -11.494968423750873 16
      vertex -18.292331470655995 -12.222545126431248 16
      vertex -22 0 16
    endloop
  endfacet
  facet normal 0 0 1
    outer loop
      vertex -15.556349186104047 -15.556349186104047 16
      vertex -14.93361640172472 -16.15509520758508 16
      vertex -15.282220552722794 -2.9976871087221686 16
    endloop
  endfacet
  facet normal 0 0 1
    outer loop
      vertex -17.27697247937639 -13.620066884816348 16
      vertex -17.521320343559644 -2.121320343559643 16
      vertex -17.798373876248846 -12.931275550434409 16
    endloop
  endfacet
  facet normal 0 0 1
    outer loop
      vertex -17.27697247937639 -13.620066884816348 16
      vertex -16.72893124320068 -14.28785706326404 16
      vertex -16.967495694147846 -2.557920493062277 16
    endloop
  endfacet
  facet normal 0 0 1
    outer loop
      vertex -18.292331470655995 -12.222545126431248 16
      vertex -17.798373876248846 -12.931275550434409 16
      vertex -18.073019572565105 -1.3619714992186405 16
    endloop
  endfacet
  facet normal 0 0 1
    outer loop
      vertex -16.72893124320068 -14.28785706326404 16
      vertex -16.15509520758508 -14.93361640172472 16
      vertex -16.43835117123248 -2.8145740077674524 16
    endloop
  endfacet
  facet normal 0 0 1
    outer loop
      vertex -15.556349186104047 -15.556349186104047 16
      vertex -15.869303395120692 -2.9630650217854133 16
      vertex -16.15509520758508 -14.93361640172472 16
    endloop
  endfacet
  facet normal 0 0 1
    outer loop
      vertex -19.979149824151786 -9.210514225823418 16
      vertex -22 0 16
      vertex -20.325349715248308 -8.419035512031975 16
    endloop
  endfacet
  facet normal 0 0 1
    outer loop
      vertex -20.64020939029465 -7.614575255704845 16
      vertex -22 0 16
      vertex -20.923243358493377 -6.798373876248843 16
    endloop
  endfacet
  facet normal 0 0 1
    outer loop
      vertex -20.64020939029465 -7.614575255704845 16
      vertex -20.325349715248308 -8.419035512031975 16
      vertex -22 0 16
    endloop
  endfacet
  facet normal 0 0 1
    outer loop
      vertex -20.923243358493377 -6.798373876248843 16
      vertex -22 0 16
      vertex -21.17401520198024 -5.971689897031633 16
    endloop
  endfacet
  facet normal 0 0 1
    outer loop
      vertex -19.19491215560154 -10.74966731293301 16
      vertex -22 0 16
      vertex -19.602143532144094 -9.98779099427003 16
    endloop
  endfacet
  facet normal 0 0 1
    outer loop
      vertex -18.75808361579003 -11.494968423750873 16
      vertex -22 0 16
      vertex -19.19491215560154 -10.74966731293301 16
    endloop
  endfacet
  facet normal 0 0 1
    outer loop
      vertex -19.602143532144094 -9.98779099427003 16
      vertex -22 0 16
      vertex -19.979149824151786 -9.210514225823418 16
    endloop
  endfacet
  facet normal 0 0 1
    outer loop
      vertex -18.292331470655995 -12.222545126431248 16
      vertex -18.4 0 16
      vertex -22 0 16
    endloop
  endfacet
  facet normal 0 0 1
    outer loop
      vertex -21.57727616887107 -4.291987084354822 16
      vertex -21.392138248748886 -5.135798004829919 16
      vertex -22 0 16
    endloop
  endfacet
  facet normal 0 0 1
    outer loop
      vertex -21.57727616887107 -4.291987084354822 16
      vertex -22 0 16
      vertex -21.72914349309303 -3.441558230885079 16
    endloop
  endfacet
  facet normal 0 0 1
    outer loop
      vertex -21.72914349309303 -3.441558230885079 16
      vertex -22 0 16
      vertex -21.847506053008377 -2.585822744072428 16
    endloop
  endfacet
  facet normal 0 0 1
    outer loop
      vertex -21.17401520198024 -5.971689897031633 16
      vertex -22 0 16
      vertex -21.392138248748886 -5.135798004829919 16
    endloop
  endfacet
  facet normal 0 0 1
    outer loop
      vertex -21.847506053008377 -2.585822744072428 16
      vertex -22 0 16
      vertex -21.932181342128814 -1.7261001060125887 16
    endloop
  endfacet
  facet normal 0 0 1
    outer loop
      vertex -21.932181342128814 -1.7261001060125887 16
      vertex -22 0 16
      vertex -21.983038797295904 -0.8637159466995095 16
    endloop
  endfacet
  facet normal 0 0 1
    outer loop
      vertex -17.798373876248846 -12.931275550434409 16
      vertex -17.602967528307058 -2.0364022365988252 16
      vertex -17.681217896800092 -1.948344144990551 16
    endloop
  endfacet
  facet normal 0 0 1
    outer loop
      vertex -17.798373876248846 -12.931275550434409 16
      vertex -17.521320343559644 -2.121320343559643 16
      vertex -17.602967528307058 -2.0364022365988252 16
    endloop
  endfacet
  facet normal 0 0 1
    outer loop
      vertex -17.27697247937639 -13.620066884816348 16
      vertex -17.436402236598827 -2.202967528307057 16
      vertex -17.521320343559644 -2.121320343559643 16
    endloop
  endfacet
  facet normal 0 0 1
    outer loop
      vertex -17.27697247937639 -13.620066884816348 16
      vertex -17.348344144990552 -2.2812178968000927 16
      vertex -17.436402236598827 -2.202967528307057 16
    endloop
  endfacet
  facet normal 0 0 1
    outer loop
      vertex -17.27697247937639 -13.620066884816348 16
      vertex -17.16335575687742 -2.4270509831248424 16
      vertex -17.2572818479295 -2.355950792642235 16
    endloop
  endfacet
  facet normal 0 0 1
    outer loop
      vertex -17.27697247937639 -13.620066884816348 16
      vertex -17.066710699058806 -2.4944088369076356 16
      vertex -17.16335575687742 -2.4270509831248424 16
    endloop
  endfacet
  facet normal 0 0 1
    outer loop
      vertex -17.27697247937639 -13.620066884816348 16
      vertex -16.967495694147846 -2.557920493062277 16
      vertex -17.066710699058806 -2.4944088369076356 16
    endloop
  endfacet
  facet normal 0 0 1
    outer loop
      vertex -17.27697247937639 -13.620066884816348 16
      vertex -17.2572818479295 -2.355950792642235 16
      vertex -17.348344144990552 -2.2812178968000927 16
    endloop
  endfacet
  facet normal 0 0 1
    outer loop
      vertex -17.798373876248846 -12.931275550434409 16
      vertex -17.827050983124842 -1.7633557568774194 16
      vertex -17.894408836907637 -1.6667106990588065 16
    endloop
  endfacet
  facet normal 0 0 1
    outer loop
      vertex -17.798373876248846 -12.931275550434409 16
      vertex -18.01748802121839 -1.4658637244908648 16
      vertex -18.073019572565105 -1.3619714992186405 16
    endloop
  endfacet
  facet normal 0 0 1
    outer loop
      vertex -17.798373876248846 -12.931275550434409 16
      vertex -17.95792049306228 -1.5674956941478464 16
      vertex -18.01748802121839 -1.4658637244908648 16
    endloop
  endfacet
  facet normal 0 0 1
    outer loop
      vertex -17.798373876248846 -12.931275550434409 16
      vertex -17.894408836907637 -1.6667106990588065 16
      vertex -17.95792049306228 -1.5674956941478464 16
    endloop
  endfacet
  facet normal 0 0 1
    outer loop
      vertex -18.292331470655995 -12.222545126431248 16
      vertex -18.073019572565105 -1.3619714992186405 16
      vertex -18.124429521475243 -1.2559792126122842 16
    endloop
  endfacet
  facet normal 0 0 1
    outer loop
      vertex -18.292331470655995 -12.222545126431248 16
      vertex -18.124429521475243 -1.2559792126122842 16
      vertex -18.17163859753386 -1.1480502970952693 16
    endloop
  endfacet
  facet normal 0 0 1
    outer loop
      vertex -18.292331470655995 -12.222545126431248 16
      vertex -18.214574007767453 -1.0383511712324789 16
      vertex -18.25316954888546 -0.9270509831248421 16
    endloop
  endfacet
  facet normal 0 0 1
    outer loop
      vertex -18.292331470655995 -12.222545126431248 16
      vertex -18.17163859753386 -1.1480502970952693 16
      vertex -18.214574007767453 -1.0383511712324789 16
    endloop
  endfacet
  facet normal 0 0 1
    outer loop
      vertex -18.292331470655995 -12.222545126431248 16
      vertex -18.28736570936094 -0.8143213495952228 16
      vertex -18.31710976119303 -0.7003360915677161 16
    endloop
  endfacet
  facet normal 0 0 1
    outer loop
      vertex -18.292331470655995 -12.222545126431248 16
      vertex -18.31710976119303 -0.7003360915677161 16
      vertex -18.34235584120969 -0.5852709660483848 16
    endloop
  endfacet
  facet normal 0 0 1
    outer loop
      vertex -18.292331470655995 -12.222545126431248 16
      vertex -18.34235584120969 -0.5852709660483848 16
      vertex -18.363065021785413 -0.46930339512069263 16
    endloop
  endfacet
  facet normal 0 0 1
    outer loop
      vertex -18.292331470655995 -12.222545126431248 16
      vertex -18.363065021785413 -0.46930339512069263 16
      vertex -18.379205370864778 -0.35261219237351293 16
    endloop
  endfacet
  facet normal 0 0 1
    outer loop
      vertex -18.292331470655995 -12.222545126431248 16
      vertex -18.379205370864778 -0.35261219237351293 16
      vertex -18.390752001199385 -0.23537728718353484 16
    endloop
  endfacet
  facet normal 0 0 1
    outer loop
      vertex -18.292331470655995 -12.222545126431248 16
      vertex -18.39768710872217 -0.11777944727720582 16
      vertex -18.4 0 16
    endloop
  endfacet
  facet normal 0 0 1
    outer loop
      vertex -18.292331470655995 -12.222545126431248 16
      vertex -18.390752001199385 -0.23537728718353484 16
      vertex -18.39768710872217 -0.11777944727720582 16
    endloop
  endfacet
  facet normal 0 0 1
    outer loop
      vertex -18.292331470655995 -12.222545126431248 16
      vertex -18.25316954888546 -0.9270509831248421 16
      vertex -18.28736570936094 -0.8143213495952228 16
    endloop
  endfacet
  facet normal 0 0 1
    outer loop
      vertex -17.798373876248846 -12.931275550434409 16
      vertex -17.755950792642235 -1.857281847929502 16
      vertex -17.827050983124842 -1.7633557568774194 16
    endloop
  endfacet
  facet normal 0 0 1
    outer loop
      vertex -17.798373876248846 -12.931275550434409 16
      vertex -17.681217896800092 -1.948344144990551 16
      vertex -17.755950792642235 -1.857281847929502 16
    endloop
  endfacet
  facet normal 0 0 1
    outer loop
      vertex -16.72893124320068 -14.28785706326404 16
      vertex -16.54805029709527 -2.77163859753386 16
      vertex -16.655979212612284 -2.7244295214752436 16
    endloop
  endfacet
  facet normal 0 0 1
    outer loop
      vertex -16.72893124320068 -14.28785706326404 16
      vertex -16.43835117123248 -2.8145740077674524 16
      vertex -16.54805029709527 -2.77163859753386 16
    endloop
  endfacet
  facet normal 0 0 1
    outer loop
      vertex -16.15509520758508 -14.93361640172472 16
      vertex -16.327050983124842 -2.8531695488854605 16
      vertex -16.43835117123248 -2.8145740077674524 16
    endloop
  endfacet
  facet normal 0 0 1
    outer loop
      vertex -16.15509520758508 -14.93361640172472 16
      vertex -16.214321349595224 -2.887365709360942 16
      vertex -16.327050983124842 -2.8531695488854605 16
    endloop
  endfacet
  facet normal 0 0 1
    outer loop
      vertex -16.15509520758508 -14.93361640172472 16
      vertex -15.985270966048386 -2.9423558412096913 16
      vertex -16.100336091567716 -2.9171097611930294 16
    endloop
  endfacet
  facet normal 0 0 1
    outer loop
      vertex -16.15509520758508 -14.93361640172472 16
      vertex -16.100336091567716 -2.9171097611930294 16
      vertex -16.214321349595224 -2.887365709360942 16
    endloop
  endfacet
  facet normal 0 0 1
    outer loop
      vertex -16.15509520758508 -14.93361640172472 16
      vertex -15.869303395120692 -2.9630650217854133 16
      vertex -15.985270966048386 -2.9423558412096913 16
    endloop
  endfacet
  facet normal 0 0 1
    outer loop
      vertex -16.72893124320068 -14.28785706326404 16
      vertex -16.865863724490865 -2.6174880212183913 16
      vertex -16.967495694147846 -2.557920493062277 16
    endloop
  endfacet
  facet normal 0 0 1
    outer loop
      vertex -16.72893124320068 -14.28785706326404 16
      vertex -16.761971499218642 -2.673019572565104 16
      vertex -16.865863724490865 -2.6174880212183913 16
    endloop
  endfacet
  facet normal 0 0 1
    outer loop
      vertex -16.72893124320068 -14.28785706326404 16
      vertex -16.655979212612284 -2.7244295214752436 16
      vertex -16.761971499218642 -2.673019572565104 16
    endloop
  endfacet
  facet normal 0 0 1
    outer loop
      vertex -15.556349186104047 -15.556349186104047 16
      vertex -15.752612192373514 -2.9792053708647788 16
      vertex -15.869303395120692 -2.9630650217854133 16
    endloop
  endfacet
  facet normal 0 0 1
    outer loop
      vertex -15.556349186104047 -15.556349186104047 16
      vertex -15.635377287183536 -2.990752001199384 16
      vertex -15.752612192373514 -2.9792053708647788 16
    endloop
  endfacet
  facet normal 0 0 1
    outer loop
      vertex -15.556349186104047 -15.556349186104047 16
      vertex -15.517779447277206 -2.9976871087221686 16
      vertex -15.635377287183536 -2.990752001199384 16
    endloop
  endfacet
  facet normal 0 0 1
    outer loop
      vertex -15.556349186104047 -15.556349186104047 16
      vertex -15.4 -3 16
      vertex -15.517779447277206 -2.9976871087221686 16
    endloop
  endfacet
  facet normal 0 0 1
    outer loop
      vertex -15.556349186104047 -15.556349186104047 16
      vertex -15.282220552722794 -2.9976871087221686 16
      vertex -15.4 -3 16
    endloop
  endfacet
  facet normal 0 0 1
    outer loop
      vertex -15.282220552722794 -2.9976871087221686 16
      vertex -14.93361640172472 -16.15509520758508 16
      vertex -15.164622712816465 -2.990752001199384 16
    endloop
  endfacet
  facet normal 0 0 1
    outer loop
      vertex -15.164622712816465 -2.990752001199384 16
      vertex -14.93361640172472 -16.15509520758508 16
      vertex -15.047387807626487 -2.9792053708647788 16
    endloop
  endfacet
  facet normal 0 0 1
    outer loop
      vertex -4.291987084354822 -21.57727616887107 16
      vertex -3.441558230885079 -21.72914349309303 16
      vertex -3.8596084887565953 -1.7793038845340694 16
    endloop
  endfacet
  facet normal 0 0 1
    outer loop
      vertex -3.441558230885079 -21.72914349309303 16
      vertex -2.585822744072428 -21.847506053008377 16
      vertex -2.7244295214752436 -16.655979212612284 16
    endloop
  endfacet
  facet normal 0 0 1
    outer loop
      vertex -2.585822744072428 -21.847506053008377 16
      vertex -1.7261001060125887 -21.932181342128814 16
      vertex -1.857281847929502 -17.755950792642235 16
    endloop
  endfacet
  facet normal 0 0 1
    outer loop
      vertex -2.585822744072428 -21.847506053008377 16
      vertex -2.202967528307057 -17.436402236598827 16
      vertex -2.2812178968000927 -17.348344144990552 16
    endloop
  endfacet
  facet normal 0 0 1
    outer loop
      vertex -2.585822744072428 -21.847506053008377 16
      vertex -2.355950792642235 -17.2572818479295 16
      vertex -2.4270509831248424 -17.16335575687742 16
    endloop
  endfacet
  facet normal 0 0 1
    outer loop
      vertex -2.585822744072428 -21.847506053008377 16
      vertex -2.2812178968000927 -17.348344144990552 16
      vertex -2.355950792642235 -17.2572818479295 16
    endloop
  endfacet
  facet normal 0 0 1
    outer loop
      vertex -2.585822744072428 -21.847506053008377 16
      vertex -2.0364022365988252 -17.602967528307058 16
      vertex -2.121320343559643 -17.521320343559644 16
    endloop
  endfacet
  facet normal 0 0 1
    outer loop
      vertex -2.585822744072428 -21.847506053008377 16
      vertex -1.948344144990551 -17.681217896800092 16
      vertex -2.0364022365988252 -17.602967528307058 16
    endloop
  endfacet
  facet normal 0 0 1
    outer loop
      vertex -2.585822744072428 -21.847506053008377 16
      vertex -1.857281847929502 -17.755950792642235 16
      vertex -1.948344144990551 -17.681217896800092 16
    endloop
  endfacet
  facet normal 0 0 1
    outer loop
      vertex -2.585822744072428 -21.847506053008377 16
      vertex -2.121320343559643 -17.521320343559644 16
      vertex -2.202967528307057 -17.436402236598827 16
    endloop
  endfacet
  facet normal 0 0 1
    outer loop
      vertex -1.7261001060125887 -21.932181342128814 16
      vertex -0.8637159466995095 -21.983038797295904 16
      vertex -1.0383511712324789 -18.214574007767453 16
    endloop
  endfacet
  facet normal 0 0 1
    outer loop
      vertex -0.8637159466995095 -21.983038797295904 16
      vertex 0 -22 16
      vertex -0.11777944727720582 -18.39768710872217 16
    endloop
  endfacet
  facet normal 0 0 1
    outer loop
      vertex -1.7261001060125887 -21.932181342128814 16
      vertex -1.5674956941478464 -17.95792049306228 16
      vertex -1.6667106990588065 -17.894408836907637 16
    endloop
  endfacet
  facet normal 0 0 1
    outer loop
      vertex -1.7261001060125887 -21.932181342128814 16
      vertex -1.4658637244908648 -18.01748802121839 16
      vertex -1.5674956941478464 -17.95792049306228 16
    endloop
  endfacet
  facet normal 0 0 1
    outer loop
      vertex -1.7261001060125887 -21.932181342128814 16
      vertex -1.3619714992186405 -18.073019572565105 16
      vertex -1.4658637244908648 -18.01748802121839 16
    endloop
  endfacet
  facet normal 0 0 1
    outer loop
      vertex -1.7261001060125887 -21.932181342128814 16
      vertex -1.2559792126122842 -18.124429521475243 16
      vertex -1.3619714992186405 -18.073019572565105 16
    endloop
  endfacet
  facet normal 0 0 1
    outer loop
      vertex -1.7261001060125887 -21.932181342128814 16
      vertex -1.7633557568774194 -17.827050983124842 16
      vertex -1.857281847929502 -17.755950792642235 16
    endloop
  endfacet
  facet normal 0 0 1
    outer loop
      vertex -1.7261001060125887 -21.932181342128814 16
      vertex -1.6667106990588065 -17.894408836907637 16
      vertex -1.7633557568774194 -17.827050983124842 16
    endloop
  endfacet
  facet normal 0 0 1
    outer loop
      vertex -1.7261001060125887 -21.932181342128814 16
      vertex -1.0383511712324789 -18.214574007767453 16
      vertex -1.1480502970952693 -18.17163859753386 16
    endloop
  endfacet
  facet normal 0 0 1
    outer loop
      vertex -1.7261001060125887 -21.932181342128814 16
      vertex -1.1480502970952693 -18.17163859753386 16
      vertex -1.2559792126122842 -18.124429521475243 16
    endloop
  endfacet
  facet normal 0 0 1
    outer loop
      vertex -0.8637159466995095 -21.983038797295904 16
      vertex -0.9270509831248421 -18.25316954888546 16
      vertex -1.0383511712324789 -18.214574007767453 16
    endloop
  endfacet
  facet normal 0 0 1
    outer loop
      vertex -0.8637159466995095 -21.983038797295904 16
      vertex -0.8143213495952228 -18.28736570936094 16
      vertex -0.9270509831248421 -18.25316954888546 16
    endloop
  endfacet
  facet normal 0 0 1
    outer loop
      vertex -0.8637159466995095 -21.983038797295904 16
      vertex -0.7003360915677161 -18.31710976119303 16
      vertex -0.8143213495952228 -18.28736570936094 16
    endloop
  endfacet
  facet normal 0 0 1
    outer loop
      vertex -0.8637159466995095 -21.983038797295904 16
      vertex -0.5852709660483848 -18.34235584120969 16
      vertex -0.7003360915677161 -18.31710976119303 16
    endloop
  endfacet
  facet normal 0 0 1
    outer loop
      vertex -0.8637159466995095 -21.983038797295904 16
      vertex -0.46930339512069263 -18.363065021785413 16
      vertex -0.5852709660483848 -18.34235584120969 16
    endloop
  endfacet
  facet normal 0 0 1
    outer loop
      vertex -0.8637159466995095 -21.983038797295904 16
      vertex -0.23537728718353484 -18.390752001199385 16
      vertex -0.35261219237351293 -18.379205370864778 16
    endloop
  endfacet
  facet normal 0 0 1
    outer loop
      vertex -0.8637159466995095 -21.983038797295904 16
      vertex -0.35261219237351293 -18.379205370864778 16
      vertex -0.46930339512069263 -18.363065021785413 16
    endloop
  endfacet
  facet normal 0 0 1
    outer loop
      vertex -0.8637159466995095 -21.983038797295904 16
      vertex -0.11777944727720582 -18.39768710872217 16
      vertex -0.23537728718353484 -18.390752001199385 16
    endloop
  endfacet
  facet normal 0 0 1
    outer loop
      vertex -0.11777944727720582 -18.39768710872217 16
      vertex 0 -22 16
      vertex 0 -18.4 16
    endloop
  endfacet
  facet normal 0 0 1
    outer loop
      vertex -3.441558230885079 -21.72914349309303 16
      vertex -2.7244295214752436 -16.655979212612284 16
      vertex -2.77163859753386 -16.54805029709527 16
    endloop
  endfacet
  facet normal 0 0 1
    outer loop
      vertex -3.441558230885079 -21.72914349309303 16
      vertex -2.8531695488854605 -16.327050983124842 16
      vertex -2.887365709360942 -16.214321349595224 16
    endloop
  endfacet
  facet normal 0 0 1
    outer loop
      vertex -3.441558230885079 -21.72914349309303 16
      vertex -2.887365709360942 -16.214321349595224 16
      vertex -2.9171097611930294 -16.100336091567716 16
    endloop
  endfacet
  facet normal 0 0 1
    outer loop
      vertex -3.441558230885079 -21.72914349309303 16
      vertex -2.9171097611930294 -16.100336091567716 16
      vertex -2.9423558412096913 -15.985270966048386 16
    endloop
  endfacet
  facet normal 0 0 1
    outer loop
      vertex -3.441558230885079 -21.72914349309303 16
      vertex -2.9423558412096913 -15.985270966048386 16
      vertex -2.9630650217854133 -15.869303395120692 16
    endloop
  endfacet
  facet normal 0 0 1
    outer loop
      vertex -3.441558230885079 -21.72914349309303 16
      vertex -2.77163859753386 -16.54805029709527 16
      vertex -2.8145740077674524 -16.43835117123248 16
    endloop
  endfacet
  facet normal 0 0 1
    outer loop
      vertex -3.441558230885079 -21.72914349309303 16
      vertex -2.8145740077674524 -16.43835117123248 16
      vertex -2.8531695488854605 -16.327050983124842 16
    endloop
  endfacet
  facet normal 0 0 1
    outer loop
      vertex -3.441558230885079 -21.72914349309303 16
      vertex -2.9630650217854133 -15.869303395120692 16
      vertex -2.9792053708647788 -15.752612192373514 16
    endloop
  endfacet
  facet normal 0 0 1
    outer loop
      vertex -3.441558230885079 -21.72914349309303 16
      vertex -2.9792053708647788 -15.752612192373514 16
      vertex -2.990752001199384 -15.635377287183536 16
    endloop
  endfacet
  facet normal 0 0 1
    outer loop
      vertex -3.441558230885079 -21.72914349309303 16
      vertex -2.990752001199384 -15.635377287183536 16
      vertex -2.9976871087221686 -15.517779447277206 16
    endloop
  endfacet
  facet normal 0 0 1
    outer loop
      vertex -3.441558230885079 -21.72914349309303 16
      vertex -3 -15.4 16
      vertex -2.9976871087221686 -15.282220552722794 16
    endloop
  endfacet
  facet normal 0 0 1
    outer loop
      vertex -3.441558230885079 -21.72914349309303 16
      vertex -2.9976871087221686 -15.517779447277206 16
      vertex -3 -15.4 16
    endloop
  endfacet
  facet normal 0 0 1
    outer loop
      vertex -3.441558230885079 -21.72914349309303 16
      vertex -2.9976871087221686 -15.282220552722794 16
      vertex -2.990752001199384 -15.164622712816465 16
    endloop
  endfacet
  facet normal 0 0 1
    outer loop
      vertex -2.585822744072428 -21.847506053008377 16
      vertex -2.557920493062277 -16.967495694147846 16
      vertex -2.6174880212183913 -16.865863724490865 16
    endloop
  endfacet
  facet normal 0 0 1
    outer loop
      vertex -2.585822744072428 -21.847506053008377 16
      vertex -2.673019572565104 -16.761971499218642 16
      vertex -2.7244295214752436 -16.655979212612284 16
    endloop
  endfacet
  facet normal 0 0 1
    outer loop
      vertex -2.585822744072428 -21.847506053008377 16
      vertex -2.6174880212183913 -16.865863724490865 16
      vertex -2.673019572565104 -16.761971499218642 16
    endloop
  endfacet
  facet normal 0 0 1
    outer loop
      vertex -2.585822744072428 -21.847506053008377 16
      vertex -2.4270509831248424 -17.16335575687742 16
      vertex -2.4944088369076356 -17.066710699058806 16
    endloop
  endfacet
  facet normal 0 0 1
    outer loop
      vertex -2.585822744072428 -21.847506053008377 16
      vertex -2.4944088369076356 -17.066710699058806 16
      vertex -2.557920493062277 -16.967495694147846 16
    endloop
  endfacet
  facet normal 0 0 1
    outer loop
      vertex -14.93361640172472 -16.15509520758508 16
      vertex -14.28785706326404 -16.72893124320068 16
      vertex -14.585678650404777 -2.887365709360942 16
    endloop
  endfacet
  facet normal 0 0 1
    outer loop
      vertex -13.620066884816348 -17.27697247937639 16
      vertex -13.934136275509136 -2.6174880212183913 16
      vertex -14.28785706326404 -16.72893124320068 16
    endloop
  endfacet
  facet normal 0 0 1
    outer loop
      vertex -13.620066884816348 -17.27697247937639 16
      vertex -12.931275550434409 -17.798373876248846 16
      vertex -13.278679656440357 -2.121320343559643 16
    endloop
  endfacet
  facet normal 0 0 1
    outer loop
      vertex -12.222545126431248 -18.292331470655995 16
      vertex -12.675570478524756 -1.2559792126122842 16
      vertex -12.931275550434409 -17.798373876248846 16
    endloop
  endfacet
  facet normal 0 0 1
    outer loop
      vertex -11.494968423750873 -18.75808361579003 16
      vertex -12.4 0 16
      vertex -12.222545126431248 -18.292331470655995 16
    endloop
  endfacet
  facet normal 0 0 1
    outer loop
      vertex -11.494968423750873 -18.75808361579003 16
      vertex -10.74966731293301 -19.19491215560154 16
      vertex -12.4 0 16
    endloop
  endfacet
  facet normal 0 0 1
    outer loop
      vertex -9.98779099427003 -19.602143532144094 16
      vertex -9.210514225823418 -19.979149824151786 16
      vertex -12.4 0 16
    endloop
  endfacet
  facet normal 0 0 1
    outer loop
      vertex -9.210514225823418 -19.979149824151786 16
      vertex -8.419035512031975 -20.325349715248308 16
      vertex -12.4 0 16
    endloop
  endfacet
  facet normal 0 0 1
    outer loop
      vertex -7.614575255704845 -20.64020939029465 16
      vertex -12.4 0 16
      vertex -8.419035512031975 -20.325349715248308 16
    endloop
  endfacet
  facet normal 0 0 1
    outer loop
      vertex -10.74966731293301 -19.19491215560154 16
      vertex -9.98779099427003 -19.602143532144094 16
      vertex -12.4 0 16
    endloop
  endfacet
  facet normal 0 0 1
    outer loop
      vertex -7.614575255704845 -20.64020939029465 16
      vertex -6.798373876248843 -20.923243358493377 16
      vertex -12.4 0 16
    endloop
  endfacet
  facet normal 0 0 1
    outer loop
      vertex -5.971689897031633 -21.17401520198024 16
      vertex -5.135798004829919 -21.392138248748886 16
      vertex -12.4 0 16
    endloop
  endfacet
  facet normal 0 0 1
    outer loop
      vertex -6.798373876248843 -20.923243358493377 16
      vertex -5.971689897031633 -21.17401520198024 16
      vertex -12.4 0 16
    endloop
  endfacet
  facet normal 0 0 1
    outer loop
      vertex -14.93361640172472 -16.15509520758508 16
      vertex -14.814729033951615 -2.9423558412096913 16
      vertex -14.930696604879309 -2.9630650217854133 16
    endloop
  endfacet
  facet normal 0 0 1
    outer loop
      vertex -15.047387807626487 -2.9792053708647788 16
      vertex -14.93361640172472 -16.15509520758508 16
      vertex -14.930696604879309 -2.9630650217854133 16
    endloop
  endfacet
  facet normal 0 0 1
    outer loop
      vertex -14.93361640172472 -16.15509520758508 16
      vertex -14.699663908432285 -2.9171097611930294 16
      vertex -14.814729033951615 -2.9423558412096913 16
    endloop
  endfacet
  facet normal 0 0 1
    outer loop
      vertex -14.93361640172472 -16.15509520758508 16
      vertex -14.585678650404777 -2.887365709360942 16
      vertex -14.699663908432285 -2.9171097611930294 16
    endloop
  endfacet
  facet normal 0 0 1
    outer loop
      vertex -14.28785706326404 -16.72893124320068 16
      vertex -14.472949016875159 -2.8531695488854605 16
      vertex -14.585678650404777 -2.887365709360942 16
    endloop
  endfacet
  facet normal 0 0 1
    outer loop
      vertex -14.28785706326404 -16.72893124320068 16
      vertex -14.251949702904732 -2.77163859753386 16
      vertex -14.361648828767521 -2.8145740077674524 16
    endloop
  endfacet
  facet normal 0 0 1
    outer loop
      vertex -14.28785706326404 -16.72893124320068 16
      vertex -14.361648828767521 -2.8145740077674524 16
      vertex -14.472949016875159 -2.8531695488854605 16
    endloop
  endfacet
  facet normal 0 0 1
    outer loop
      vertex -14.28785706326404 -16.72893124320068 16
      vertex -14.144020787387717 -2.7244295214752436 16
      vertex -14.251949702904732 -2.77163859753386 16
    endloop
  endfacet
  facet normal 0 0 1
    outer loop
      vertex -14.28785706326404 -16.72893124320068 16
      vertex -13.934136275509136 -2.6174880212183913 16
      vertex -14.03802850078136 -2.673019572565104 16
    endloop
  endfacet
  facet normal 0 0 1
    outer loop
      vertex -14.28785706326404 -16.72893124320068 16
      vertex -14.03802850078136 -2.673019572565104 16
      vertex -14.144020787387717 -2.7244295214752436 16
    endloop
  endfacet
  facet normal 0 0 1
    outer loop
      vertex -13.620066884816348 -17.27697247937639 16
      vertex -13.733289300941195 -2.4944088369076356 16
      vertex -13.832504305852154 -2.557920493062277 16
    endloop
  endfacet
  facet normal 0 0 1
    outer loop
      vertex -13.620066884816348 -17.27697247937639 16
      vertex -13.832504305852154 -2.557920493062277 16
      vertex -13.934136275509136 -2.6174880212183913 16
    endloop
  endfacet
  facet normal 0 0 1
    outer loop
      vertex -13.620066884816348 -17.27697247937639 16
      vertex -13.63664424312258 -2.4270509831248424 16
      vertex -13.733289300941195 -2.4944088369076356 16
    endloop
  endfacet
  facet normal 0 0 1
    outer loop
      vertex -13.620066884816348 -17.27697247937639 16
      vertex -13.5427181520705 -2.355950792642235 16
      vertex -13.63664424312258 -2.4270509831248424 16
    endloop
  endfacet
  facet normal 0 0 1
    outer loop
      vertex -13.620066884816348 -17.27697247937639 16
      vertex -13.451655855009449 -2.2812178968000927 16
      vertex -13.5427181520705 -2.355950792642235 16
    endloop
  endfacet
  facet normal 0 0 1
    outer loop
      vertex -13.620066884816348 -17.27697247937639 16
      vertex -13.363597763401176 -2.202967528307057 16
      vertex -13.451655855009449 -2.2812178968000927 16
    endloop
  endfacet
  facet normal 0 0 1
    outer loop
      vertex -13.620066884816348 -17.27697247937639 16
      vertex -13.278679656440357 -2.121320343559643 16
      vertex -13.363597763401176 -2.202967528307057 16
    endloop
  endfacet
  facet normal 0 0 1
    outer loop
      vertex -12.931275550434409 -17.798373876248846 16
      vertex -13.197032471692943 -2.0364022365988252 16
      vertex -13.278679656440357 -2.121320343559643 16
    endloop
  endfacet
  facet normal 0 0 1
    outer loop
      vertex -12.931275550434409 -17.798373876248846 16
      vertex -13.044049207357766 -1.857281847929502 16
      vertex -13.118782103199909 -1.948344144990551 16
    endloop
  endfacet
  facet normal 0 0 1
    outer loop
      vertex -12.931275550434409 -17.798373876248846 16
      vertex -13.118782103199909 -1.948344144990551 16
      vertex -13.197032471692943 -2.0364022365988252 16
    endloop
  endfacet
  facet normal 0 0 1
    outer loop
      vertex -12.931275550434409 -17.798373876248846 16
      vertex -12.905591163092364 -1.6667106990588065 16
      vertex -12.972949016875159 -1.7633557568774194 16
    endloop
  endfacet
  facet normal 0 0 1
    outer loop
      vertex -12.931275550434409 -17.798373876248846 16
      vertex -12.972949016875159 -1.7633557568774194 16
      vertex -13.044049207357766 -1.857281847929502 16
    endloop
  endfacet
  facet normal 0 0 1
    outer loop
      vertex -12.931275550434409 -17.798373876248846 16
      vertex -12.842079506937724 -1.5674956941478464 16
      vertex -12.905591163092364 -1.6667106990588065 16
    endloop
  endfacet
  facet normal 0 0 1
    outer loop
      vertex -12.931275550434409 -17.798373876248846 16
      vertex -12.78251197878161 -1.4658637244908648 16
      vertex -12.842079506937724 -1.5674956941478464 16
    endloop
  endfacet
  facet normal 0 0 1
    outer loop
      vertex -12.931275550434409 -17.798373876248846 16
      vertex -12.675570478524756 -1.2559792126122842 16
      vertex -12.726980427434896 -1.3619714992186405 16
    endloop
  endfacet
  facet normal 0 0 1
    outer loop
      vertex -12.931275550434409 -17.798373876248846 16
      vertex -12.726980427434896 -1.3619714992186405 16
      vertex -12.78251197878161 -1.4658637244908648 16
    endloop
  endfacet
  facet normal 0 0 1
    outer loop
      vertex -12.222545126431248 -18.292331470655995 16
      vertex -12.585425992232548 -1.0383511712324789 16
      vertex -12.62836140246614 -1.1480502970952693 16
    endloop
  endfacet
  facet normal 0 0 1
    outer loop
      vertex -12.222545126431248 -18.292331470655995 16
      vertex -12.62836140246614 -1.1480502970952693 16
      vertex -12.675570478524756 -1.2559792126122842 16
    endloop
  endfacet
  facet normal 0 0 1
    outer loop
      vertex -12.222545126431248 -18.292331470655995 16
      vertex -12.54683045111454 -0.9270509831248421 16
      vertex -12.585425992232548 -1.0383511712324789 16
    endloop
  endfacet
  facet normal 0 0 1
    outer loop
      vertex -12.222545126431248 -18.292331470655995 16
      vertex -12.512634290639058 -0.8143213495952228 16
      vertex -12.54683045111454 -0.9270509831248421 16
    endloop
  endfacet
  facet normal 0 0 1
    outer loop
      vertex -12.222545126431248 -18.292331470655995 16
      vertex -12.48289023880697 -0.7003360915677161 16
      vertex -12.512634290639058 -0.8143213495952228 16
    endloop
  endfacet
  facet normal 0 0 1
    outer loop
      vertex -12.222545126431248 -18.292331470655995 16
      vertex -12.457644158790309 -0.5852709660483848 16
      vertex -12.48289023880697 -0.7003360915677161 16
    endloop
  endfacet
  facet normal 0 0 1
    outer loop
      vertex -12.222545126431248 -18.292331470655995 16
      vertex -12.436934978214587 -0.46930339512069263 16
      vertex -12.457644158790309 -0.5852709660483848 16
    endloop
  endfacet
  facet normal 0 0 1
    outer loop
      vertex -12.222545126431248 -18.292331470655995 16
      vertex -12.420794629135221 -0.35261219237351293 16
      vertex -12.436934978214587 -0.46930339512069263 16
    endloop
  endfacet
  facet normal 0 0 1
    outer loop
      vertex -12.222545126431248 -18.292331470655995 16
      vertex -12.409247998800616 -0.23537728718353484 16
      vertex -12.420794629135221 -0.35261219237351293 16
    endloop
  endfacet
  facet normal 0 0 1
    outer loop
      vertex -12.222545126431248 -18.292331470655995 16
      vertex -12.402312891277832 -0.11777944727720582 16
      vertex -12.409247998800616 -0.23537728718353484 16
    endloop
  endfacet
  facet normal 0 0 1
    outer loop
      vertex -12.222545126431248 -18.292331470655995 16
      vertex -12.4 0 16
      vertex -12.402312891277832 -0.11777944727720582 16
    endloop
  endfacet
  facet normal 0 0 1
    outer loop
      vertex -5.135798004829919 -21.392138248748886 16
      vertex -4.291987084354822 -21.57727616887107 16
      vertex -12.4 0 16
    endloop
  endfacet
  facet normal 0 0 1
    outer loop
      vertex -4.291987084354822 -21.57727616887107 16
      vertex -4.16833744171373 -0.8291338685685451 16
      vertex -4.197675447529336 -0.6648464764209812 16
    endloop
  endfacet
  facet normal 0 0 1
    outer loop
      vertex -4.291987084354822 -21.57727616887107 16
      vertex -4.197675447529336 -0.6648464764209812 16
      vertex -4.220540942058436 -0.49953393919581 16
    endloop
  endfacet
  facet normal 0 0 1
    outer loop
      vertex -4.291987084354822 -21.57727616887107 16
      vertex -3.8596084887565953 -1.7793038845340694 16
      vertex -3.9264880131729685 -1.6264045875516315 16
    endloop
  endfacet
  facet normal 0 0 1
    outer loop
      vertex -4.291987084354822 -21.57727616887107 16
      vertex -3.9264880131729685 -1.6264045875516315 16
      vertex -3.9873131776705577 -1.470997492579345 16
    endloop
  endfacet
  facet normal 0 0 1
    outer loop
      vertex -4.291987084354822 -21.57727616887107 16
      vertex -3.9873131776705577 -1.470997492579345 16
      vertex -4.041990194254402 -1.3133222260935264 16
    endloop
  endfacet
  facet normal 0 0 1
    outer loop
      vertex -4.291987084354822 -21.57727616887107 16
      vertex -4.041990194254402 -1.3133222260935264 16
      vertex -4.090434754928001 -1.1536219119265656 16
    endloop
  endfacet
  facet normal 0 0 1
    outer loop
      vertex -4.291987084354822 -21.57727616887107 16
      vertex -4.090434754928001 -1.1536219119265656 16
      vertex -4.132572161690125 -0.992142796387598 16
    endloop
  endfacet
  facet normal 0 0 1
    outer loop
      vertex -4.291987084354822 -21.57727616887107 16
      vertex -4.132572161690125 -0.992142796387598 16
      vertex -4.16833744171373 -0.8291338685685451 16
    endloop
  endfacet
  facet normal 0 0 1
    outer loop
      vertex -3.441558230885079 -21.72914349309303 16
      vertex -2.990752001199384 -15.164622712816465 16
      vertex -3.533745852285817 -2.361173490333309 16
    endloop
  endfacet
  facet normal 0 0 1
    outer loop
      vertex -2.990752001199384 -15.164622712816465 16
      vertex -2.9792053708647788 -15.047387807626487 16
      vertex -3.533745852285817 -2.361173490333309 16
    endloop
  endfacet
  facet normal 0 0 1
    outer loop
      vertex -2.9630650217854133 -14.930696604879309 16
      vertex -2.9423558412096913 -14.814729033951615 16
      vertex -3.533745852285817 -2.361173490333309 16
    endloop
  endfacet
  facet normal 0 0 1
    outer loop
      vertex -2.9792053708647788 -15.047387807626487 16
      vertex -2.9630650217854133 -14.930696604879309 16
      vertex -3.533745852285817 -2.361173490333309 16
    endloop
  endfacet
  facet normal 0 0 1
    outer loop
      vertex -2.9171097611930294 -14.699663908432285 16
      vertex -2.887365709360942 -14.585678650404777 16
      vertex -3.533745852285817 -2.361173490333309 16
    endloop
  endfacet
  facet normal 0 0 1
    outer loop
      vertex -2.9423558412096913 -14.814729033951615 16
      vertex -2.9171097611930294 -14.699663908432285 16
      vertex -3.533745852285817 -2.361173490333309 16
    endloop
  endfacet
  facet normal 0 0 1
    outer loop
      vertex -2.887365709360942 -14.585678650404777 16
      vertex -2.8531695488854605 -14.472949016875159 16
      vertex -3.533745852285817 -2.361173490333309 16
    endloop
  endfacet
  facet normal 0 0 1
    outer loop
      vertex -2.8531695488854605 -14.472949016875159 16
      vertex -2.8145740077674524 -14.361648828767521 16
      vertex -3.533745852285817 -2.361173490333309 16
    endloop
  endfacet
  facet normal 0 0 1
    outer loop
      vertex -2.8145740077674524 -14.361648828767521 16
      vertex -2.77163859753386 -14.251949702904732 16
      vertex -3.533745852285817 -2.361173490333309 16
    endloop
  endfacet
  facet normal 0 0 1
    outer loop
      vertex -2.77163859753386 -14.251949702904732 16
      vertex -2.7244295214752436 -14.144020787387717 16
      vertex -3.533745852285817 -2.361173490333309 16
    endloop
  endfacet
  facet normal 0 0 1
    outer loop
      vertex -2.7244295214752436 -14.144020787387717 16
      vertex -2.673019572565104 -14.03802850078136 16
      vertex -3.0052038200428273 -3.0052038200428273 16
    endloop
  endfacet
  facet normal 0 0 1
    outer loop
      vertex -2.673019572565104 -14.03802850078136 16
      vertex -2.6174880212183913 -13.934136275509136 16
      vertex -2.8849031685150024 -3.1208706651016636 16
    endloop
  endfacet
  facet normal 0 0 1
    outer loop
      vertex -2.6174880212183913 -13.934136275509136 16
      vertex -2.557920493062277 -13.832504305852154 16
      vertex -2.7601542054032806 -3.2317253538001314 16
    endloop
  endfacet
  facet normal 0 0 1
    outer loop
      vertex -2.557920493062277 -13.832504305852154 16
      vertex -2.4944088369076356 -13.733289300941195 16
      vertex -2.6311492845667943 -3.337596956243166 16
    endloop
  endfacet
  facet normal 0 0 1
    outer loop
      vertex -2.4944088369076356 -13.733289300941195 16
      vertex -2.4270509831248424 -13.63664424312258 16
      vertex -2.6311492845667943 -3.337596956243166 16
    endloop
  endfacet
  facet normal 0 0 1
    outer loop
      vertex -2.4270509831248424 -13.63664424312258 16
      vertex -2.355950792642235 -13.5427181520705 16
      vertex -2.6311492845667943 -3.337596956243166 16
    endloop
  endfacet
  facet normal 0 0 1
    outer loop
      vertex -2.355950792642235 -13.5427181520705 16
      vertex -2.2812178968000927 -13.451655855009449 16
      vertex -2.6311492845667943 -3.337596956243166 16
    endloop
  endfacet
  facet normal 0 0 1
    outer loop
      vertex -2.2812178968000927 -13.451655855009449 16
      vertex -2.202967528307057 -13.363597763401176 16
      vertex -2.6311492845667943 -3.337596956243166 16
    endloop
  endfacet
  facet normal 0 0 1
    outer loop
      vertex -2.202967528307057 -13.363597763401176 16
      vertex -2.121320343559643 -13.278679656440357 16
      vertex -2.498087322243011 -3.4383222260935264 16
    endloop
  endfacet
  facet normal 0 0 1
    outer loop
      vertex -2.121320343559643 -13.278679656440357 16
      vertex -2.0364022365988252 -13.197032471692943 16
      vertex -2.498087322243011 -3.4383222260935264 16
    endloop
  endfacet
  facet normal 0 0 1
    outer loop
      vertex -2.0364022365988252 -13.197032471692943 16
      vertex -1.948344144990551 -13.118782103199909 16
      vertex -2.361173490333309 -3.533745852285817 16
    endloop
  endfacet
  facet normal 0 0 1
    outer loop
      vertex -1.948344144990551 -13.118782103199909 16
      vertex -1.857281847929502 -13.044049207357766 16
      vertex -2.2206189000427825 -3.623720698504892 16
    endloop
  endfacet
  facet normal 0 0 1
    outer loop
      vertex -3.441558230885079 -21.72914349309303 16
      vertex -3.623720698504892 -2.2206189000427825 16
      vertex -3.708108030059388 -2.0766402763620584 16
    endloop
  endfacet
  facet normal 0 0 1
    outer loop
      vertex -3.441558230885079 -21.72914349309303 16
      vertex -3.533745852285817 -2.361173490333309 16
      vertex -3.623720698504892 -2.2206189000427825 16
    endloop
  endfacet
  facet normal 0 0 1
    outer loop
      vertex -3.441558230885079 -21.72914349309303 16
      vertex -3.708108030059388 -2.0766402763620584 16
      vertex -3.7867777278005637 -1.929459623893074 16
    endloop
  endfacet
  facet normal 0 0 1
    outer loop
      vertex -3.441558230885079 -21.72914349309303 16
      vertex -3.7867777278005637 -1.929459623893074 16
      vertex -3.8596084887565953 -1.7793038845340694 16
    endloop
  endfacet
  facet normal 0 0 1
    outer loop
      vertex -1.857281847929502 -13.044049207357766 16
      vertex -1.7633557568774194 -12.972949016875159 16
      vertex -1.929459623893074 -3.7867777278005637 16
    endloop
  endfacet
  facet normal 0 0 1
    outer loop
      vertex -1.6667106990588065 -12.905591163092364 16
      vertex -1.5674956941478464 -12.842079506937724 16
      vertex -1.7793038845340694 -3.8596084887565953 16
    endloop
  endfacet
  facet normal 0 0 1
    outer loop
      vertex -1.7633557568774194 -12.972949016875159 16
      vertex -1.6667106990588065 -12.905591163092364 16
      vertex -1.7793038845340694 -3.8596084887565953 16
    endloop
  endfacet
  facet normal 0 0 1
    outer loop
      vertex -1.5674956941478464 -12.842079506937724 16
      vertex -1.4658637244908648 -12.78251197878161 16
      vertex -1.7793038845340694 -3.8596084887565953 16
    endloop
  endfacet
  facet normal 0 0 1
    outer loop
      vertex -1.4658637244908648 -12.78251197878161 16
      vertex -1.3619714992186405 -12.726980427434896 16
      vertex -1.7793038845340694 -3.8596084887565953 16
    endloop
  endfacet
  facet normal 0 0 1
    outer loop
      vertex -1.3619714992186405 -12.726980427434896 16
      vertex -1.2559792126122842 -12.675570478524756 16
      vertex -1.6264045875516315 -3.9264880131729685 16
    endloop
  endfacet
  facet normal 0 0 1
    outer loop
      vertex -1.2559792126122842 -12.675570478524756 16
      vertex -1.1480502970952693 -12.62836140246614 16
      vertex -1.470997492579345 -3.9873131776705577 16
    endloop
  endfacet
  facet normal 0 0 1
    outer loop
      vertex -1.1480502970952693 -12.62836140246614 16
      vertex -1.0383511712324789 -12.585425992232548 16
      vertex -1.470997492579345 -3.9873131776705577 16
    endloop
  endfacet
  facet normal 0 0 1
    outer loop
      vertex -1.0383511712324789 -12.585425992232548 16
      vertex -0.9270509831248421 -12.54683045111454 16
      vertex -1.1536219119265656 -4.090434754928001 16
    endloop
  endfacet
  facet normal 0 0 1
    outer loop
      vertex -0.9270509831248421 -12.54683045111454 16
      vertex -0.8143213495952228 -12.512634290639058 16
      vertex -0.992142796387598 -4.132572161690125 16
    endloop
  endfacet
  facet normal 0 0 1
    outer loop
      vertex -0.8143213495952228 -12.512634290639058 16
      vertex -0.7003360915677161 -12.48289023880697 16
      vertex -0.992142796387598 -4.132572161690125 16
    endloop
  endfacet
  facet normal 0 0 1
    outer loop
      vertex -0.7003360915677161 -12.48289023880697 16
      vertex -0.5852709660483848 -12.457644158790309 16
      vertex -0.8291338685685451 -4.16833744171373 16
    endloop
  endfacet
  facet normal 0 0 1
    outer loop
      vertex -0.5852709660483848 -12.457644158790309 16
      vertex -0.46930339512069263 -12.436934978214587 16
      vertex -0.6648464764209812 -4.197675447529336 16
    endloop
  endfacet
  facet normal 0 0 1
    outer loop
      vertex -0.46930339512069263 -12.436934978214587 16
      vertex -0.35261219237351293 -12.420794629135221 16
      vertex -0.6648464764209812 -4.197675447529336 16
    endloop
  endfacet
  facet normal 0 0 1
    outer loop
      vertex -0.35261219237351293 -12.420794629135221 16
      vertex -0.23537728718353484 -12.409247998800616 16
      vertex -0.49953393919581 -4.220540942058436 16
    endloop
  endfacet
  facet normal 0 0 1
    outer loop
      vertex -0.23537728718353484 -12.409247998800616 16
      vertex -0.11777944727720582 -12.402312891277832 16
      vertex -0.49953393919581 -4.220540942058436 16
    endloop
  endfacet
  facet normal 0 0 1
    outer loop
      vertex -0.11777944727720582 -12.402312891277832 16
      vertex 0 -12.4 16
      vertex -0.16685421697604158 -4.246723404023072 16
    endloop
  endfacet
  facet normal 0 0 1
    outer loop
      vertex -4.291987084354822 -21.57727616887107 16
      vertex -4.25 0 16
      vertex -12.4 0 16
    endloop
  endfacet
  facet normal 0 0 1
    outer loop
      vertex -4.291987084354822 -21.57727616887107 16
      vertex -4.220540942058436 -0.49953393919581 16
      vertex -4.236898668365794 -0.33345115684334103 16
    endloop
  endfacet
  facet normal 0 0 1
    outer loop
      vertex -4.291987084354822 -21.57727616887107 16
      vertex -4.236898668365794 -0.33345115684334103 16
      vertex -4.246723404023072 -0.16685421697604158 16
    endloop
  endfacet
  facet normal 0 0 1
    outer loop
      vertex -4.291987084354822 -21.57727616887107 16
      vertex -4.246723404023072 -0.16685421697604158 16
      vertex -4.25 0 16
    endloop
  endfacet
  facet normal 0 0 1
    outer loop
      vertex -2.7244295214752436 -14.144020787387717 16
      vertex -3.0052038200428273 -3.0052038200428273 16
      vertex -3.1208706651016636 -2.8849031685150024 16
    endloop
  endfacet
  facet normal 0 0 1
    outer loop
      vertex -2.7244295214752436 -14.144020787387717 16
      vertex -3.1208706651016636 -2.8849031685150024 16
      vertex -3.2317253538001314 -2.7601542054032806 16
    endloop
  endfacet
  facet normal 0 0 1
    outer loop
      vertex -2.673019572565104 -14.03802850078136 16
      vertex -2.8849031685150024 -3.1208706651016636 16
      vertex -3.0052038200428273 -3.0052038200428273 16
    endloop
  endfacet
  facet normal 0 0 1
    outer loop
      vertex -2.7244295214752436 -14.144020787387717 16
      vertex -3.337596956243166 -2.6311492845667943 16
      vertex -3.4383222260935264 -2.498087322243011 16
    endloop
  endfacet
  facet normal 0 0 1
    outer loop
      vertex -2.7244295214752436 -14.144020787387717 16
      vertex -3.4383222260935264 -2.498087322243011 16
      vertex -3.533745852285817 -2.361173490333309 16
    endloop
  endfacet
  facet normal 0 0 1
    outer loop
      vertex -2.7244295214752436 -14.144020787387717 16
      vertex -3.2317253538001314 -2.7601542054032806 16
      vertex -3.337596956243166 -2.6311492845667943 16
    endloop
  endfacet
  facet normal 0 0 1
    outer loop
      vertex -2.557920493062277 -13.832504305852154 16
      vertex -2.6311492845667943 -3.337596956243166 16
      vertex -2.7601542054032806 -3.2317253538001314 16
    endloop
  endfacet
  facet normal 0 0 1
    outer loop
      vertex -2.6174880212183913 -13.934136275509136 16
      vertex -2.7601542054032806 -3.2317253538001314 16
      vertex -2.8849031685150024 -3.1208706651016636 16
    endloop
  endfacet
  facet normal 0 0 1
    outer loop
      vertex -2.202967528307057 -13.363597763401176 16
      vertex -2.498087322243011 -3.4383222260935264 16
      vertex -2.6311492845667943 -3.337596956243166 16
    endloop
  endfacet
  facet normal 0 0 1
    outer loop
      vertex -2.0364022365988252 -13.197032471692943 16
      vertex -2.361173490333309 -3.533745852285817 16
      vertex -2.498087322243011 -3.4383222260935264 16
    endloop
  endfacet
  facet normal 0 0 1
    outer loop
      vertex -1.948344144990551 -13.118782103199909 16
      vertex -2.2206189000427825 -3.623720698504892 16
      vertex -2.361173490333309 -3.533745852285817 16
    endloop
  endfacet
  facet normal 0 0 1
    outer loop
      vertex -1.857281847929502 -13.044049207357766 16
      vertex -1.929459623893074 -3.7867777278005637 16
      vertex -2.0766402763620584 -3.708108030059388 16
    endloop
  endfacet
  facet normal 0 0 1
    outer loop
      vertex -1.857281847929502 -13.044049207357766 16
      vertex -2.0766402763620584 -3.708108030059388 16
      vertex -2.2206189000427825 -3.623720698504892 16
    endloop
  endfacet
  facet normal 0 0 1
    outer loop
      vertex -1.7633557568774194 -12.972949016875159 16
      vertex -1.7793038845340694 -3.8596084887565953 16
      vertex -1.929459623893074 -3.7867777278005637 16
    endloop
  endfacet
  facet normal 0 0 1
    outer loop
      vertex -1.3619714992186405 -12.726980427434896 16
      vertex -1.6264045875516315 -3.9264880131729685 16
      vertex -1.7793038845340694 -3.8596084887565953 16
    endloop
  endfacet
  facet normal 0 0 1
    outer loop
      vertex -1.2559792126122842 -12.675570478524756 16
      vertex -1.470997492579345 -3.9873131776705577 16
      vertex -1.6264045875516315 -3.9264880131729685 16
    endloop
  endfacet
  facet normal 0 0 1
    outer loop
      vertex -1.0383511712324789 -12.585425992232548 16
      vertex -1.3133222260935264 -4.041990194254402 16
      vertex -1.470997492579345 -3.9873131776705577 16
    endloop
  endfacet
  facet normal 0 0 1
    outer loop
      vertex -1.0383511712324789 -12.585425992232548 16
      vertex -1.1536219119265656 -4.090434754928001 16
      vertex -1.3133222260935264 -4.041990194254402 16
    endloop
  endfacet
  facet normal 0 0 1
    outer loop
      vertex -0.9270509831248421 -12.54683045111454 16
      vertex -0.992142796387598 -4.132572161690125 16
      vertex -1.1536219119265656 -4.090434754928001 16
    endloop
  endfacet
  facet normal 0 0 1
    outer loop
      vertex -0.7003360915677161 -12.48289023880697 16
      vertex -0.8291338685685451 -4.16833744171373 16
      vertex -0.992142796387598 -4.132572161690125 16
    endloop
  endfacet
  facet normal 0 0 1
    outer loop
      vertex -0.5852709660483848 -12.457644158790309 16
      vertex -0.6648464764209812 -4.197675447529336 16
      vertex -0.8291338685685451 -4.16833744171373 16
    endloop
  endfacet
  facet normal 0 0 1
    outer loop
      vertex -0.35261219237351293 -12.420794629135221 16
      vertex -0.49953393919581 -4.220540942058436 16
      vertex -0.6648464764209812 -4.197675447529336 16
    endloop
  endfacet
  facet normal 0 0 1
    outer loop
      vertex -0.11777944727720582 -12.402312891277832 16
      vertex -0.33345115684334103 -4.236898668365794 16
      vertex -0.49953393919581 -4.220540942058436 16
    endloop
  endfacet
  facet normal 0 0 1
    outer loop
      vertex -0.11777944727720582 -12.402312891277832 16
      vertex -0.16685421697604158 -4.246723404023072 16
      vertex -0.33345115684334103 -4.236898668365794 16
    endloop
  endfacet
  facet normal 0 0 1
    outer loop
      vertex -0.16685421697604158 -4.246723404023072 16
      vertex 0 -12.4 16
      vertex 0 -4.25 16
    endloop
  endfacet
  facet normal 0.01963369246062839 0.9998072404820648 0
    outer loop
      vertex 0.8637159466995095 21.983038797295904 16
      vertex 0.8637159466995095 21.983038797295904 13
      vertex 0 22 13
    endloop
  endfacet
  facet normal 0.05887080365119055 0.9982656101847158 0
    outer loop
      vertex 1.7261001060125887 21.932181342128814 16
      vertex 1.7261001060125887 21.932181342128814 13
      vertex 0.8637159466995095 21.983038797295904 13
    endloop
  endfacet
  facet normal 0.09801714032956037 0.9951847266721968 0
    outer loop
      vertex 2.585822744072428 21.847506053008377 16
      vertex 2.585822744072428 21.847506053008377 13
      vertex 1.7261001060125887 21.932181342128814 13
    endloop
  endfacet
  facet normal 0.13701234168196658 0.9905693404435775 0
    outer loop
      vertex 3.441558230885079 21.72914349309303 16
      vertex 3.441558230885079 21.72914349309303 13
      vertex 2.585822744072428 21.847506053008377 13
    endloop
  endfacet
  facet normal 0.17579627993435512 0.9844265680898915 0
    outer loop
      vertex 4.291987084354822 21.57727616887107 16
      vertex 4.291987084354822 21.57727616887107 13
      vertex 3.441558230885079 21.72914349309303 13
    endloop
  endfacet
  facet normal 0.21430915306504986 0.9767658813208726 0
    outer loop
      vertex 5.135798004829919 21.392138248748886 16
      vertex 5.135798004829919 21.392138248748886 13
      vertex 4.291987084354822 21.57727616887107 13
    endloop
  endfacet
  facet normal 0.2524915770151593 0.9675990923602594 0
    outer loop
      vertex 5.971689897031633 21.17401520198024 16
      vertex 5.971689897031633 21.17401520198024 13
      vertex 5.135798004829919 21.392138248748886 13
    endloop
  endfacet
  facet normal 0.2902846772544636 0.9569403357322084 0
    outer loop
      vertex 6.798373876248843 20.923243358493377 16
      vertex 6.798373876248843 20.923243358493377 13
      vertex 5.971689897031633 21.17401520198024 13
    endloop
  endfacet
  facet normal 0.32763017956169205 0.9448060464668786 0
    outer loop
      vertex 7.614575255704845 20.64020939029465 16
      vertex 7.614575255704845 20.64020939029465 13
      vertex 6.798373876248843 20.923243358493377 13
    endloop
  endfacet
  facet normal 0.36447049987914976 0.9312149347588035 0
    outer loop
      vertex 8.419035512031975 20.325349715248308 16
      vertex 8.419035512031975 20.325349715248308 13
      vertex 7.614575255704845 20.64020939029465 13
    endloop
  endfacet
  facet normal 0.4007488331031421 0.9161879571171354 0
    outer loop
      vertex 9.210514225823418 19.979149824151786 16
      vertex 9.210514225823418 19.979149824151786 13
      vertex 8.419035512031975 20.325349715248308 13
    endloop
  endfacet
  facet normal 0.43640924067333897 0.899748284052223 0
    outer loop
      vertex 9.98779099427003 19.602143532144094 16
      vertex 9.98779099427003 19.602143532144094 13
      vertex 9.210514225823418 19.979149824151786 13
    endloop
  endfacet
  facet normal 0.4713967368259961 0.8819212643483558 0
    outer loop
      vertex 10.74966731293301 19.19491215560154 16
      vertex 10.74966731293301 19.19491215560154 13
      vertex 9.98779099427003 19.602143532144094 13
    endloop
  endfacet
  facet normal 0.5056573733779863 0.8627343859777908 0
    outer loop
      vertex 11.494968423750873 18.75808361579003 16
      vertex 11.494968423750873 18.75808361579003 13
      vertex 10.74966731293301 19.19491215560154 13
    endloop
  endfacet
  facet normal 0.5391383229110019 0.8422172337162855 0
    outer loop
      vertex 12.222545126431248 18.292331470655995 16
      vertex 12.222545126431248 18.292331470655995 13
      vertex 11.494968423750873 18.75808361579003 13
    endloop
  endfacet
  facet normal 0.5717879602276098 0.8204014435255153 0
    outer loop
      vertex 12.931275550434409 17.798373876248846 16
      vertex 12.931275550434409 17.798373876248846 13
      vertex 12.222545126431248 18.292331470655995 13
    endloop
  endfacet
  facet normal 0.6642524379112809 0.7475083268625975 0
    outer loop
      vertex 14.93361640172472 16.15509520758508 16
      vertex 14.93361640172472 16.15509520758508 13
      vertex 14.28785706326404 16.72893124320068 13
    endloop
  endfacet
  facet normal 0.6035559419535719 0.7973206537727068 0
    outer loop
      vertex 13.620066884816348 17.27697247937639 16
      vertex 13.620066884816348 17.27697247937639 13
      vertex 12.931275550434409 17.798373876248846 13
    endloop
  endfacet
  facet normal 0.6343932841636469 0.7730104533627356 0
    outer loop
      vertex 14.28785706326404 16.72893124320068 16
      vertex 14.28785706326404 16.72893124320068 13
      vertex 13.620066884816348 17.27697247937639 13
    endloop
  endfacet
  facet normal 0.9998072404820648 0.01963369246062839 0
    outer loop
      vertex 22 0 16
      vertex 22 0 13
      vertex 21.983038797295904 0.8637159466995095 13
    endloop
  endfacet
  facet normal 0.9982656101847158 0.05887080365119055 0
    outer loop
      vertex 21.983038797295904 0.8637159466995095 16
      vertex 21.983038797295904 0.8637159466995095 13
      vertex 21.932181342128814 1.7261001060125887 13
    endloop
  endfacet
  facet normal 0.9951847266721968 0.09801714032956037 0
    outer loop
      vertex 21.932181342128814 1.7261001060125887 16
      vertex 21.932181342128814 1.7261001060125887 13
      vertex 21.847506053008377 2.585822744072428 13
    endloop
  endfacet
  facet normal 0.9905693404435775 0.13701234168196658 0
    outer loop
      vertex 21.847506053008377 2.585822744072428 16
      vertex 21.847506053008377 2.585822744072428 13
      vertex 21.72914349309303 3.441558230885079 13
    endloop
  endfacet
  facet normal 0.9844265680898915 0.17579627993435512 0
    outer loop
      vertex 21.72914349309303 3.441558230885079 16
      vertex 21.72914349309303 3.441558230885079 13
      vertex 21.57727616887107 4.291987084354822 13
    endloop
  endfacet
  facet normal 0.9767658813208726 0.21430915306504986 0
    outer loop
      vertex 21.57727616887107 4.291987084354822 16
      vertex 21.57727616887107 4.291987084354822 13
      vertex 21.392138248748886 5.135798004829919 13
    endloop
  endfacet
  facet normal 0.9675990923602594 0.2524915770151593 0
    outer loop
      vertex 21.392138248748886 5.135798004829919 16
      vertex 21.392138248748886 5.135798004829919 13
      vertex 21.17401520198024 5.971689897031633 13
    endloop
  endfacet
  facet normal 0.9569403357322084 0.2902846772544636 0
    outer loop
      vertex 21.17401520198024 5.971689897031633 16
      vertex 21.17401520198024 5.971689897031633 13
      vertex 20.923243358493377 6.798373876248843 13
    endloop
  endfacet
  facet normal 0.9448060464668786 0.32763017956169205 0
    outer loop
      vertex 20.923243358493377 6.798373876248843 16
      vertex 20.923243358493377 6.798373876248843 13
      vertex 20.64020939029465 7.614575255704845 13
    endloop
  endfacet
  facet normal 0.7475083268625975 0.6642524379112809 0
    outer loop
      vertex 16.72893124320068 14.28785706326404 16
      vertex 16.72893124320068 14.28785706326404 13
      vertex 16.15509520758508 14.93361640172472 13
    endloop
  endfacet
  facet normal 0.8422172337162855 0.5391383229110019 0
    outer loop
      vertex 18.75808361579003 11.494968423750873 16
      vertex 18.75808361579003 11.494968423750873 13
      vertex 18.292331470655995 12.222545126431248 13
    endloop
  endfacet
  facet normal 0.8204014435255153 0.5717879602276098 0
    outer loop
      vertex 18.292331470655995 12.222545126431248 16
      vertex 18.292331470655995 12.222545126431248 13
      vertex 17.798373876248846 12.931275550434409 13
    endloop
  endfacet
  facet normal 0.7730104533627356 0.6343932841636469 0
    outer loop
      vertex 17.27697247937639 13.620066884816348 16
      vertex 17.27697247937639 13.620066884816348 13
      vertex 16.72893124320068 14.28785706326404 13
    endloop
  endfacet
  facet normal 0.7973206537727068 0.6035559419535719 0
    outer loop
      vertex 17.798373876248846 12.931275550434409 16
      vertex 17.798373876248846 12.931275550434409 13
      vertex 17.27697247937639 13.620066884816348 13
    endloop
  endfacet
  facet normal 0.9312149347588035 0.36447049987914976 0
    outer loop
      vertex 20.64020939029465 7.614575255704845 16
      vertex 20.64020939029465 7.614575255704845 13
      vertex 20.325349715248308 8.419035512031975 13
    endloop
  endfacet
  facet normal 0.9161879571171354 0.4007488331031421 0
    outer loop
      vertex 20.325349715248308 8.419035512031975 16
      vertex 20.325349715248308 8.419035512031975 13
      vertex 19.979149824151786 9.210514225823418 13
    endloop
  endfacet
  facet normal 0.8819212643483558 0.4713967368259961 0
    outer loop
      vertex 19.602143532144094 9.98779099427003 16
      vertex 19.602143532144094 9.98779099427003 13
      vertex 19.19491215560154 10.74966731293301 13
    endloop
  endfacet
  facet normal 0.8627343859777908 0.5056573733779863 0
    outer loop
      vertex 19.19491215560154 10.74966731293301 16
      vertex 19.19491215560154 10.74966731293301 13
      vertex 18.75808361579003 11.494968423750873 13
    endloop
  endfacet
  facet normal 0.899748284052223 0.43640924067333897 0
    outer loop
      vertex 19.979149824151786 9.210514225823418 16
      vertex 19.979149824151786 9.210514225823418 13
      vertex 19.602143532144094 9.98779099427003 13
    endloop
  endfacet
  facet normal 0.6930873625456347 0.7208535967029198 0
    outer loop
      vertex 15.556349186104047 15.556349186104047 16
      vertex 15.556349186104047 15.556349186104047 13
      vertex 14.93361640172472 16.15509520758508 13
    endloop
  endfacet
  facet normal 0.7208535967029198 0.6930873625456347 0
    outer loop
      vertex 16.15509520758508 14.93361640172472 16
      vertex 16.15509520758508 14.93361640172472 13
      vertex 15.556349186104047 15.556349186104047 13
    endloop
  endfacet
  facet normal 0.01963369246062839 0.9998072404820648 0
    outer loop
      vertex 0 22 16
      vertex 0.8637159466995095 21.983038797295904 16
      vertex 0 22 13
    endloop
  endfacet
  facet normal 0.05887080365119055 0.9982656101847158 0
    outer loop
      vertex 0.8637159466995095 21.983038797295904 16
      vertex 1.7261001060125887 21.932181342128814 16
      vertex 0.8637159466995095 21.983038797295904 13
    endloop
  endfacet
  facet normal 0.09801714032956037 0.9951847266721968 0
    outer loop
      vertex 1.7261001060125887 21.932181342128814 16
      vertex 2.585822744072428 21.847506053008377 16
      vertex 1.7261001060125887 21.932181342128814 13
    endloop
  endfacet
  facet normal 0.13701234168196658 0.9905693404435775 0
    outer loop
      vertex 2.585822744072428 21.847506053008377 16
      vertex 3.441558230885079 21.72914349309303 16
      vertex 2.585822744072428 21.847506053008377 13
    endloop
  endfacet
  facet normal 0.17579627993435512 0.9844265680898915 0
    outer loop
      vertex 3.441558230885079 21.72914349309303 16
      vertex 4.291987084354822 21.57727616887107 16
      vertex 3.441558230885079 21.72914349309303 13
    endloop
  endfacet
  facet normal 0.21430915306504986 0.9767658813208726 0
    outer loop
      vertex 4.291987084354822 21.57727616887107 16
      vertex 5.135798004829919 21.392138248748886 16
      vertex 4.291987084354822 21.57727616887107 13
    endloop
  endfacet
  facet normal 0.2524915770151593 0.9675990923602594 0
    outer loop
      vertex 5.135798004829919 21.392138248748886 16
      vertex 5.971689897031633 21.17401520198024 16
      vertex 5.135798004829919 21.392138248748886 13
    endloop
  endfacet
  facet normal 0.2902846772544636 0.9569403357322084 0
    outer loop
      vertex 5.971689897031633 21.17401520198024 16
      vertex 6.798373876248843 20.923243358493377 16
      vertex 5.971689897031633 21.17401520198024 13
    endloop
  endfacet
  facet normal 0.32763017956169205 0.9448060464668786 0
    outer loop
      vertex 6.798373876248843 20.923243358493377 16
      vertex 7.614575255704845 20.64020939029465 16
      vertex 6.798373876248843 20.923243358493377 13
    endloop
  endfacet
  facet normal 0.36447049987914976 0.9312149347588035 -5.018748163651453e-19
    outer loop
      vertex 8.419035512031975 20.325349715248308 16
      vertex 7.614575255704845 20.64020939029465 13
      vertex 7.614575255704845 20.64020939029465 16
    endloop
  endfacet
  facet normal 0.4007488331031421 0.9161879571171354 0
    outer loop
      vertex 8.419035512031975 20.325349715248308 16
      vertex 9.210514225823418 19.979149824151786 16
      vertex 8.419035512031975 20.325349715248308 13
    endloop
  endfacet
  facet normal 0.4713967368259961 0.8819212643483558 0
    outer loop
      vertex 9.98779099427003 19.602143532144094 16
      vertex 10.74966731293301 19.19491215560154 16
      vertex 9.98779099427003 19.602143532144094 13
    endloop
  endfacet
  facet normal 0.43640924067333897 0.899748284052223 0
    outer loop
      vertex 9.210514225823418 19.979149824151786 16
      vertex 9.98779099427003 19.602143532144094 16
      vertex 9.210514225823418 19.979149824151786 13
    endloop
  endfacet
  facet normal 0.5056573733779863 0.8627343859777908 0
    outer loop
      vertex 10.74966731293301 19.19491215560154 16
      vertex 11.494968423750873 18.75808361579003 16
      vertex 10.74966731293301 19.19491215560154 13
    endloop
  endfacet
  facet normal 0.5391383229110019 0.8422172337162855 -7.021904322123814e-18
    outer loop
      vertex 12.222545126431248 18.292331470655995 16
      vertex 11.494968423750873 18.75808361579003 13
      vertex 11.494968423750873 18.75808361579003 16
    endloop
  endfacet
  facet normal 0.5717879602276098 0.8204014435255153 -5.439421536935334e-18
    outer loop
      vertex 12.931275550434409 17.798373876248846 16
      vertex 12.222545126431248 18.292331470655995 13
      vertex 12.222545126431248 18.292331470655995 16
    endloop
  endfacet
  facet normal 0.6642524379112809 0.7475083268625975 0
    outer loop
      vertex 14.28785706326404 16.72893124320068 16
      vertex 14.93361640172472 16.15509520758508 16
      vertex 14.28785706326404 16.72893124320068 13
    endloop
  endfacet
  facet normal 0.6035559419535719 0.7973206537727068 0
    outer loop
      vertex 12.931275550434409 17.798373876248846 16
      vertex 13.620066884816348 17.27697247937639 16
      vertex 12.931275550434409 17.798373876248846 13
    endloop
  endfacet
  facet normal 0.6343932841636469 0.7730104533627356 -1.0473857301465244e-17
    outer loop
      vertex 14.28785706326404 16.72893124320068 16
      vertex 13.620066884816348 17.27697247937639 13
      vertex 13.620066884816348 17.27697247937639 16
    endloop
  endfacet
  facet normal 0.9998072404820648 0.01963369246062839 1.165777130838145e-19
    outer loop
      vertex 22 0 16
      vertex 21.983038797295904 0.8637159466995095 13
      vertex 21.983038797295904 0.8637159466995095 16
    endloop
  endfacet
  facet normal 0.9982656101847158 0.05887080365119055 -1.132551788412403e-18
    outer loop
      vertex 21.983038797295904 0.8637159466995095 16
      vertex 21.932181342128814 1.7261001060125887 13
      vertex 21.932181342128814 1.7261001060125887 16
    endloop
  endfacet
  facet normal 0.9951847266721968 0.09801714032956037 2.044520797463366e-18
    outer loop
      vertex 21.932181342128814 1.7261001060125887 16
      vertex 21.847506053008377 2.585822744072428 13
      vertex 21.847506053008377 2.585822744072428 16
    endloop
  endfacet
  facet normal 0.9905693404435775 0.13701234168196658 -7.119289909081044e-19
    outer loop
      vertex 21.847506053008377 2.585822744072428 16
      vertex 21.72914349309303 3.441558230885079 13
      vertex 21.72914349309303 3.441558230885079 16
    endloop
  endfacet
  facet normal 0.9767658813208726 0.21430915306504986 0
    outer loop
      vertex 21.392138248748886 5.135798004829919 16
      vertex 21.57727616887107 4.291987084354822 16
      vertex 21.392138248748886 5.135798004829919 13
    endloop
  endfacet
  facet normal 0.9844265680898915 0.17579627993435512 4.153928118684805e-18
    outer loop
      vertex 21.72914349309303 3.441558230885079 16
      vertex 21.57727616887107 4.291987084354822 13
      vertex 21.57727616887107 4.291987084354822 16
    endloop
  endfacet
  facet normal 0.9569403357322084 0.2902846772544636 2.5342771864984663e-18
    outer loop
      vertex 21.17401520198024 5.971689897031633 16
      vertex 20.923243358493377 6.798373876248843 13
      vertex 20.923243358493377 6.798373876248843 16
    endloop
  endfacet
  facet normal 0.9675990923602594 0.2524915770151593 -7.508371172224248e-19
    outer loop
      vertex 21.392138248748886 5.135798004829919 16
      vertex 21.17401520198024 5.971689897031633 13
      vertex 21.17401520198024 5.971689897031633 16
    endloop
  endfacet
  facet normal 0.9448060464668786 0.32763017956169205 -5.066136377677436e-18
    outer loop
      vertex 20.923243358493377 6.798373876248843 16
      vertex 20.64020939029465 7.614575255704845 13
      vertex 20.64020939029465 7.614575255704845 16
    endloop
  endfacet
  facet normal 0.7475083268625975 0.6642524379112809 0
    outer loop
      vertex 16.15509520758508 14.93361640172472 16
      vertex 16.72893124320068 14.28785706326404 16
      vertex 16.15509520758508 14.93361640172472 13
    endloop
  endfacet
  facet normal 0.8422172337162855 0.5391383229110019 0
    outer loop
      vertex 18.292331470655995 12.222545126431248 16
      vertex 18.75808361579003 11.494968423750873 16
      vertex 18.292331470655995 12.222545126431248 13
    endloop
  endfacet
  facet normal 0.8204014435255153 0.5717879602276098 0
    outer loop
      vertex 17.798373876248846 12.931275550434409 16
      vertex 18.292331470655995 12.222545126431248 16
      vertex 17.798373876248846 12.931275550434409 13
    endloop
  endfacet
  facet normal 0.7973206537727068 0.6035559419535719 -1.0508059900689692e-17
    outer loop
      vertex 17.798373876248846 12.931275550434409 16
      vertex 17.27697247937639 13.620066884816348 13
      vertex 17.27697247937639 13.620066884816348 16
    endloop
  endfacet
  facet normal 0.7730104533627356 0.6343932841636469 0
    outer loop
      vertex 16.72893124320068 14.28785706326404 16
      vertex 17.27697247937639 13.620066884816348 16
      vertex 16.72893124320068 14.28785706326404 13
    endloop
  endfacet
  facet normal 0.9312149347588035 0.36447049987914976 0
    outer loop
      vertex 20.325349715248308 8.419035512031975 16
      vertex 20.64020939029465 7.614575255704845 16
      vertex 20.325349715248308 8.419035512031975 13
    endloop
  endfacet
  facet normal 0.9161879571171354 0.4007488331031421 9.09907730814023e-19
    outer loop
      vertex 20.325349715248308 8.419035512031975 16
      vertex 19.979149824151786 9.210514225823418 13
      vertex 19.979149824151786 9.210514225823418 16
    endloop
  endfacet
  facet normal 0.8627343859777908 0.5056573733779863 -4.925419599426335e-18
    outer loop
      vertex 19.19491215560154 10.74966731293301 16
      vertex 18.75808361579003 11.494968423750873 13
      vertex 18.75808361579003 11.494968423750873 16
    endloop
  endfacet
  facet normal 0.8819212643483558 0.4713967368259961 -5.65482173940456e-18
    outer loop
      vertex 19.602143532144094 9.98779099427003 16
      vertex 19.19491215560154 10.74966731293301 13
      vertex 19.19491215560154 10.74966731293301 16
    endloop
  endfacet
  facet normal 0.899748284052223 0.43640924067333897 7.59394965561764e-18
    outer loop
      vertex 19.979149824151786 9.210514225823418 16
      vertex 19.602143532144094 9.98779099427003 13
      vertex 19.602143532144094 9.98779099427003 16
    endloop
  endfacet
  facet normal 0.7208535967029198 0.6930873625456347 -9.963748338194697e-18
    outer loop
      vertex 16.15509520758508 14.93361640172472 16
      vertex 15.556349186104047 15.556349186104047 13
      vertex 15.556349186104047 15.556349186104047 16
    endloop
  endfacet
  facet normal 0.6930873625456347 0.7208535967029198 0
    outer loop
      vertex 14.93361640172472 16.15509520758508 16
      vertex 15.556349186104047 15.556349186104047 16
      vertex 14.93361640172472 16.15509520758508 13
    endloop
  endfacet
  facet normal 0 0 1
    outer loop
      vertex 0 4.25 16
      vertex 0.16685421697604158 4.246723404023072 16
      vertex 0 12.4 16
    endloop
  endfacet
  facet normal 0 0 1
    outer loop
      vertex 0.16685421697604158 4.246723404023072 16
      vertex 0.33345115684334103 4.236898668365794 16
      vertex 0.11777944727720582 12.402312891277832 16
    endloop
  endfacet
  facet normal 0 0 1
    outer loop
      vertex 0.33345115684334103 4.236898668365794 16
      vertex 0.49953393919581 4.220540942058436 16
      vertex 0.11777944727720582 12.402312891277832 16
    endloop
  endfacet
  facet normal 0 0 1
    outer loop
      vertex 0.6648464764209812 4.197675447529336 16
      vertex 0.35261219237351293 12.420794629135221 16
      vertex 0.49953393919581 4.220540942058436 16
    endloop
  endfacet
  facet normal 0 0 1
    outer loop
      vertex 0.6648464764209812 4.197675447529336 16
      vertex 0.8291338685685451 4.16833744171373 16
      vertex 0.5852709660483848 12.457644158790309 16
    endloop
  endfacet
  facet normal 0 0 1
    outer loop
      vertex 0.8291338685685451 4.16833744171373 16
      vertex 0.992142796387598 4.132572161690125 16
      vertex 0.7003360915677161 12.48289023880697 16
    endloop
  endfacet
  facet normal 0 0 1
    outer loop
      vertex 0.992142796387598 4.132572161690125 16
      vertex 1.1536219119265656 4.090434754928001 16
      vertex 0.9270509831248421 12.54683045111454 16
    endloop
  endfacet
  facet normal 0 0 1
    outer loop
      vertex 1.1536219119265656 4.090434754928001 16
      vertex 1.3133222260935264 4.041990194254402 16
      vertex 1.0383511712324789 12.585425992232548 16
    endloop
  endfacet
  facet normal 0 0 1
    outer loop
      vertex 1.3133222260935264 4.041990194254402 16
      vertex 1.470997492579345 3.9873131776705577 16
      vertex 1.0383511712324789 12.585425992232548 16
    endloop
  endfacet
  facet normal 0 0 1
    outer loop
      vertex 1.6264045875516315 3.9264880131729685 16
      vertex 1.2559792126122842 12.675570478524756 16
      vertex 1.470997492579345 3.9873131776705577 16
    endloop
  endfacet
  facet normal 0 0 1
    outer loop
      vertex 1.6264045875516315 3.9264880131729685 16
      vertex 1.7793038845340694 3.8596084887565953 16
      vertex 1.3619714992186405 12.726980427434896 16
    endloop
  endfacet
  facet normal 0 0 1
    outer loop
      vertex 1.7793038845340694 3.8596084887565953 16
      vertex 1.929459623893074 3.7867777278005637 16
      vertex 1.7633557568774194 12.972949016875159 16
    endloop
  endfacet
  facet normal 0 0 1
    outer loop
      vertex 2.0766402763620584 3.708108030059388 16
      vertex 2.2206189000427825 3.623720698504892 16
      vertex 1.857281847929502 13.044049207357766 16
    endloop
  endfacet
  facet normal 0 0 1
    outer loop
      vertex 2.0766402763620584 3.708108030059388 16
      vertex 1.857281847929502 13.044049207357766 16
      vertex 1.929459623893074 3.7867777278005637 16
    endloop
  endfacet
  facet normal 0 0 1
    outer loop
      vertex 2.2206189000427825 3.623720698504892 16
      vertex 2.361173490333309 3.533745852285817 16
      vertex 1.948344144990551 13.118782103199909 16
    endloop
  endfacet
  facet normal 0 0 1
    outer loop
      vertex 2.498087322243011 3.4383222260935264 16
      vertex 2.0364022365988252 13.197032471692943 16
      vertex 2.361173490333309 3.533745852285817 16
    endloop
  endfacet
  facet normal 0 0 1
    outer loop
      vertex 2.498087322243011 3.4383222260935264 16
      vertex 2.6311492845667943 3.337596956243166 16
      vertex 2.202967528307057 13.363597763401176 16
    endloop
  endfacet
  facet normal 0 0 1
    outer loop
      vertex 2.7601542054032806 3.2317253538001314 16
      vertex 2.8849031685150024 3.1208706651016636 16
      vertex 2.6174880212183913 13.934136275509136 16
    endloop
  endfacet
  facet normal 0 0 1
    outer loop
      vertex 2.7601542054032806 3.2317253538001314 16
      vertex 2.557920493062277 13.832504305852154 16
      vertex 2.6311492845667943 3.337596956243166 16
    endloop
  endfacet
  facet normal 0 0 1
    outer loop
      vertex 3.2317253538001314 2.7601542054032806 16
      vertex 3.337596956243166 2.6311492845667943 16
      vertex 2.7244295214752436 14.144020787387717 16
    endloop
  endfacet
  facet normal 0 0 1
    outer loop
      vertex 3.4383222260935264 2.498087322243011 16
      vertex 2.7244295214752436 14.144020787387717 16
      vertex 3.337596956243166 2.6311492845667943 16
    endloop
  endfacet
  facet normal 0 0 1
    outer loop
      vertex 3.4383222260935264 2.498087322243011 16
      vertex 3.533745852285817 2.361173490333309 16
      vertex 2.7244295214752436 14.144020787387717 16
    endloop
  endfacet
  facet normal 0 0 1
    outer loop
      vertex 3.0052038200428273 3.0052038200428273 16
      vertex 2.673019572565104 14.03802850078136 16
      vertex 2.8849031685150024 3.1208706651016636 16
    endloop
  endfacet
  facet normal 0 0 1
    outer loop
      vertex 3.0052038200428273 3.0052038200428273 16
      vertex 3.1208706651016636 2.8849031685150024 16
      vertex 2.7244295214752436 14.144020787387717 16
    endloop
  endfacet
  facet normal 0 0 1
    outer loop
      vertex 3.2317253538001314 2.7601542054032806 16
      vertex 2.7244295214752436 14.144020787387717 16
      vertex 3.1208706651016636 2.8849031685150024 16
    endloop
  endfacet
  facet normal 0 0 1
    outer loop
      vertex 4.25 0 16
      vertex 4.291987084354822 21.57727616887107 16
      vertex 4.246723404023072 0.16685421697604158 16
    endloop
  endfacet
  facet normal 0 0 1
    outer loop
      vertex 4.246723404023072 0.16685421697604158 16
      vertex 4.291987084354822 21.57727616887107 16
      vertex 4.236898668365794 0.33345115684334103 16
    endloop
  endfacet
  facet normal 0 0 1
    outer loop
      vertex 4.236898668365794 0.33345115684334103 16
      vertex 4.291987084354822 21.57727616887107 16
      vertex 4.220540942058436 0.49953393919581 16
    endloop
  endfacet
  facet normal 0 0 1
    outer loop
      vertex 4.25 0 16
      vertex 12.4 0 16
      vertex 4.291987084354822 21.57727616887107 16
    endloop
  endfacet
  facet normal 0 0 1
    outer loop
      vertex 0.16685421697604158 4.246723404023072 16
      vertex 0.11777944727720582 12.402312891277832 16
      vertex 0 12.4 16
    endloop
  endfacet
  facet normal 0 0 1
    outer loop
      vertex 0.49953393919581 4.220540942058436 16
      vertex 0.23537728718353484 12.409247998800616 16
      vertex 0.11777944727720582 12.402312891277832 16
    endloop
  endfacet
  facet normal 0 0 1
    outer loop
      vertex 0.49953393919581 4.220540942058436 16
      vertex 0.35261219237351293 12.420794629135221 16
      vertex 0.23537728718353484 12.409247998800616 16
    endloop
  endfacet
  facet normal 0 0 1
    outer loop
      vertex 0.6648464764209812 4.197675447529336 16
      vertex 0.5852709660483848 12.457644158790309 16
      vertex 0.46930339512069263 12.436934978214587 16
    endloop
  endfacet
  facet normal 0 0 1
    outer loop
      vertex 0.6648464764209812 4.197675447529336 16
      vertex 0.46930339512069263 12.436934978214587 16
      vertex 0.35261219237351293 12.420794629135221 16
    endloop
  endfacet
  facet normal 0 0 1
    outer loop
      vertex 0.8291338685685451 4.16833744171373 16
      vertex 0.7003360915677161 12.48289023880697 16
      vertex 0.5852709660483848 12.457644158790309 16
    endloop
  endfacet
  facet normal 0 0 1
    outer loop
      vertex 0.992142796387598 4.132572161690125 16
      vertex 0.8143213495952228 12.512634290639058 16
      vertex 0.7003360915677161 12.48289023880697 16
    endloop
  endfacet
  facet normal 0 0 1
    outer loop
      vertex 0.992142796387598 4.132572161690125 16
      vertex 0.9270509831248421 12.54683045111454 16
      vertex 0.8143213495952228 12.512634290639058 16
    endloop
  endfacet
  facet normal 0 0 1
    outer loop
      vertex 1.1536219119265656 4.090434754928001 16
      vertex 1.0383511712324789 12.585425992232548 16
      vertex 0.9270509831248421 12.54683045111454 16
    endloop
  endfacet
  facet normal 0 0 1
    outer loop
      vertex 1.470997492579345 3.9873131776705577 16
      vertex 1.1480502970952693 12.62836140246614 16
      vertex 1.0383511712324789 12.585425992232548 16
    endloop
  endfacet
  facet normal 0 0 1
    outer loop
      vertex 1.470997492579345 3.9873131776705577 16
      vertex 1.2559792126122842 12.675570478524756 16
      vertex 1.1480502970952693 12.62836140246614 16
    endloop
  endfacet
  facet normal 0 0 1
    outer loop
      vertex 1.6264045875516315 3.9264880131729685 16
      vertex 1.3619714992186405 12.726980427434896 16
      vertex 1.2559792126122842 12.675570478524756 16
    endloop
  endfacet
  facet normal 0 0 1
    outer loop
      vertex 1.7793038845340694 3.8596084887565953 16
      vertex 1.5674956941478464 12.842079506937724 16
      vertex 1.4658637244908648 12.78251197878161 16
    endloop
  endfacet
  facet normal 0 0 1
    outer loop
      vertex 1.7793038845340694 3.8596084887565953 16
      vertex 1.4658637244908648 12.78251197878161 16
      vertex 1.3619714992186405 12.726980427434896 16
    endloop
  endfacet
  facet normal 0 0 1
    outer loop
      vertex 1.7793038845340694 3.8596084887565953 16
      vertex 1.7633557568774194 12.972949016875159 16
      vertex 1.6667106990588065 12.905591163092364 16
    endloop
  endfacet
  facet normal 0 0 1
    outer loop
      vertex 1.7793038845340694 3.8596084887565953 16
      vertex 1.6667106990588065 12.905591163092364 16
      vertex 1.5674956941478464 12.842079506937724 16
    endloop
  endfacet
  facet normal 0 0 1
    outer loop
      vertex 1.929459623893074 3.7867777278005637 16
      vertex 1.857281847929502 13.044049207357766 16
      vertex 1.7633557568774194 12.972949016875159 16
    endloop
  endfacet
  facet normal 0 0 1
    outer loop
      vertex 3.8596084887565953 1.7793038845340694 16
      vertex 3.441558230885079 21.72914349309303 16
      vertex 3.7867777278005637 1.929459623893074 16
    endloop
  endfacet
  facet normal 0 0 1
    outer loop
      vertex 3.708108030059388 2.0766402763620584 16
      vertex 3.7867777278005637 1.929459623893074 16
      vertex 3.441558230885079 21.72914349309303 16
    endloop
  endfacet
  facet normal 0 0 1
    outer loop
      vertex 3.708108030059388 2.0766402763620584 16
      vertex 3.441558230885079 21.72914349309303 16
      vertex 3.623720698504892 2.2206189000427825 16
    endloop
  endfacet
  facet normal 0 0 1
    outer loop
      vertex 3.623720698504892 2.2206189000427825 16
      vertex 3.441558230885079 21.72914349309303 16
      vertex 3.533745852285817 2.361173490333309 16
    endloop
  endfacet
  facet normal 0 0 1
    outer loop
      vertex 2.2206189000427825 3.623720698504892 16
      vertex 1.948344144990551 13.118782103199909 16
      vertex 1.857281847929502 13.044049207357766 16
    endloop
  endfacet
  facet normal 0 0 1
    outer loop
      vertex 2.361173490333309 3.533745852285817 16
      vertex 2.0364022365988252 13.197032471692943 16
      vertex 1.948344144990551 13.118782103199909 16
    endloop
  endfacet
  facet normal 0 0 1
    outer loop
      vertex 2.498087322243011 3.4383222260935264 16
      vertex 2.121320343559643 13.278679656440357 16
      vertex 2.0364022365988252 13.197032471692943 16
    endloop
  endfacet
  facet normal 0 0 1
    outer loop
      vertex 2.498087322243011 3.4383222260935264 16
      vertex 2.202967528307057 13.363597763401176 16
      vertex 2.121320343559643 13.278679656440357 16
    endloop
  endfacet
  facet normal 0 0 1
    outer loop
      vertex 2.6311492845667943 3.337596956243166 16
      vertex 2.2812178968000927 13.451655855009449 16
      vertex 2.202967528307057 13.363597763401176 16
    endloop
  endfacet
  facet normal 0 0 1
    outer loop
      vertex 2.6311492845667943 3.337596956243166 16
      vertex 2.355950792642235 13.5427181520705 16
      vertex 2.2812178968000927 13.451655855009449 16
    endloop
  endfacet
  facet normal 0 0 1
    outer loop
      vertex 2.6311492845667943 3.337596956243166 16
      vertex 2.4270509831248424 13.63664424312258 16
      vertex 2.355950792642235 13.5427181520705 16
    endloop
  endfacet
  facet normal 0 0 1
    outer loop
      vertex 2.6311492845667943 3.337596956243166 16
      vertex 2.557920493062277 13.832504305852154 16
      vertex 2.4944088369076356 13.733289300941195 16
    endloop
  endfacet
  facet normal 0 0 1
    outer loop
      vertex 2.6311492845667943 3.337596956243166 16
      vertex 2.4944088369076356 13.733289300941195 16
      vertex 2.4270509831248424 13.63664424312258 16
    endloop
  endfacet
  facet normal 0 0 1
    outer loop
      vertex 2.7601542054032806 3.2317253538001314 16
      vertex 2.6174880212183913 13.934136275509136 16
      vertex 2.557920493062277 13.832504305852154 16
    endloop
  endfacet
  facet normal 0 0 1
    outer loop
      vertex 3.0052038200428273 3.0052038200428273 16
      vertex 2.7244295214752436 14.144020787387717 16
      vertex 2.673019572565104 14.03802850078136 16
    endloop
  endfacet
  facet normal 0 0 1
    outer loop
      vertex 2.8849031685150024 3.1208706651016636 16
      vertex 2.673019572565104 14.03802850078136 16
      vertex 2.6174880212183913 13.934136275509136 16
    endloop
  endfacet
  facet normal 0 0 1
    outer loop
      vertex 3.533745852285817 2.361173490333309 16
      vertex 2.77163859753386 14.251949702904732 16
      vertex 2.7244295214752436 14.144020787387717 16
    endloop
  endfacet
  facet normal 0 0 1
    outer loop
      vertex 3.533745852285817 2.361173490333309 16
      vertex 2.8145740077674524 14.361648828767521 16
      vertex 2.77163859753386 14.251949702904732 16
    endloop
  endfacet
  facet normal 0 0 1
    outer loop
      vertex 3.533745852285817 2.361173490333309 16
      vertex 2.8531695488854605 14.472949016875159 16
      vertex 2.8145740077674524 14.361648828767521 16
    endloop
  endfacet
  facet normal 0 0 1
    outer loop
      vertex 3.533745852285817 2.361173490333309 16
      vertex 2.887365709360942 14.585678650404777 16
      vertex 2.8531695488854605 14.472949016875159 16
    endloop
  endfacet
  facet normal 0 0 1
    outer loop
      vertex 3.533745852285817 2.361173490333309 16
      vertex 2.9171097611930294 14.699663908432285 16
      vertex 2.887365709360942 14.585678650404777 16
    endloop
  endfacet
  facet normal 0 0 1
    outer loop
      vertex 3.533745852285817 2.361173490333309 16
      vertex 2.9423558412096913 14.814729033951615 16
      vertex 2.9171097611930294 14.699663908432285 16
    endloop
  endfacet
  facet normal 0 0 1
    outer loop
      vertex 3.533745852285817 2.361173490333309 16
      vertex 2.9630650217854133 14.930696604879309 16
      vertex 2.9423558412096913 14.814729033951615 16
    endloop
  endfacet
  facet normal 0 0 1
    outer loop
      vertex 3.533745852285817 2.361173490333309 16
      vertex 2.9792053708647788 15.047387807626487 16
      vertex 2.9630650217854133 14.930696604879309 16
    endloop
  endfacet
  facet normal 0 0 1
    outer loop
      vertex 3.533745852285817 2.361173490333309 16
      vertex 2.990752001199384 15.164622712816465 16
      vertex 2.9792053708647788 15.047387807626487 16
    endloop
  endfacet
  facet normal 0 0 1
    outer loop
      vertex 3.533745852285817 2.361173490333309 16
      vertex 3.441558230885079 21.72914349309303 16
      vertex 2.990752001199384 15.164622712816465 16
    endloop
  endfacet
  facet normal 0 0 1
    outer loop
      vertex 4.16833744171373 0.8291338685685451 16
      vertex 4.291987084354822 21.57727616887107 16
      vertex 4.132572161690125 0.992142796387598 16
    endloop
  endfacet
  facet normal 0 0 1
    outer loop
      vertex 4.090434754928001 1.1536219119265656 16
      vertex 4.132572161690125 0.992142796387598 16
      vertex 4.291987084354822 21.57727616887107 16
    endloop
  endfacet
  facet normal 0 0 1
    outer loop
      vertex 4.090434754928001 1.1536219119265656 16
      vertex 4.291987084354822 21.57727616887107 16
      vertex 4.041990194254402 1.3133222260935264 16
    endloop
  endfacet
  facet normal 0 0 1
    outer loop
      vertex 4.041990194254402 1.3133222260935264 16
      vertex 4.291987084354822 21.57727616887107 16
      vertex 3.9873131776705577 1.470997492579345 16
    endloop
  endfacet
  facet normal 0 0 1
    outer loop
      vertex 3.9264880131729685 1.6264045875516315 16
      vertex 3.9873131776705577 1.470997492579345 16
      vertex 4.291987084354822 21.57727616887107 16
    endloop
  endfacet
  facet normal 0 0 1
    outer loop
      vertex 3.9264880131729685 1.6264045875516315 16
      vertex 4.291987084354822 21.57727616887107 16
      vertex 3.8596084887565953 1.7793038845340694 16
    endloop
  endfacet
  facet normal 0 0 1
    outer loop
      vertex 4.197675447529336 0.6648464764209812 16
      vertex 4.220540942058436 0.49953393919581 16
      vertex 4.291987084354822 21.57727616887107 16
    endloop
  endfacet
  facet normal 0 0 1
    outer loop
      vertex 4.197675447529336 0.6648464764209812 16
      vertex 4.291987084354822 21.57727616887107 16
      vertex 4.16833744171373 0.8291338685685451 16
    endloop
  endfacet
  facet normal 0 0 1
    outer loop
      vertex 4.291987084354822 21.57727616887107 16
      vertex 12.4 0 16
      vertex 5.135798004829919 21.392138248748886 16
    endloop
  endfacet
  facet normal 0 0 1
    outer loop
      vertex 12.4 0 16
      vertex 12.402312891277832 0.11777944727720582 16
      vertex 12.222545126431248 18.292331470655995 16
    endloop
  endfacet
  facet normal 0 0 1
    outer loop
      vertex 12.409247998800616 0.23537728718353484 16
      vertex 12.420794629135221 0.35261219237351293 16
      vertex 12.222545126431248 18.292331470655995 16
    endloop
  endfacet
  facet normal 0 0 1
    outer loop
      vertex 12.402312891277832 0.11777944727720582 16
      vertex 12.409247998800616 0.23537728718353484 16
      vertex 12.222545126431248 18.292331470655995 16
    endloop
  endfacet
  facet normal 0 0 1
    outer loop
      vertex 12.420794629135221 0.35261219237351293 16
      vertex 12.436934978214587 0.46930339512069263 16
      vertex 12.222545126431248 18.292331470655995 16
    endloop
  endfacet
  facet normal 0 0 1
    outer loop
      vertex 12.457644158790309 0.5852709660483848 16
      vertex 12.48289023880697 0.7003360915677161 16
      vertex 12.222545126431248 18.292331470655995 16
    endloop
  endfacet
  facet normal 0 0 1
    outer loop
      vertex 12.436934978214587 0.46930339512069263 16
      vertex 12.457644158790309 0.5852709660483848 16
      vertex 12.222545126431248 18.292331470655995 16
    endloop
  endfacet
  facet normal 0 0 1
    outer loop
      vertex 12.48289023880697 0.7003360915677161 16
      vertex 12.512634290639058 0.8143213495952228 16
      vertex 12.222545126431248 18.292331470655995 16
    endloop
  endfacet
  facet normal 0 0 1
    outer loop
      vertex 12.512634290639058 0.8143213495952228 16
      vertex 12.54683045111454 0.9270509831248421 16
      vertex 12.222545126431248 18.292331470655995 16
    endloop
  endfacet
  facet normal 0 0 1
    outer loop
      vertex 12.54683045111454 0.9270509831248421 16
      vertex 12.585425992232548 1.0383511712324789 16
      vertex 12.222545126431248 18.292331470655995 16
    endloop
  endfacet
  facet normal 0 0 1
    outer loop
      vertex 12.585425992232548 1.0383511712324789 16
      vertex 12.62836140246614 1.1480502970952693 16
      vertex 12.222545126431248 18.292331470655995 16
    endloop
  endfacet
  facet normal 0 0 1
    outer loop
      vertex 12.62836140246614 1.1480502970952693 16
      vertex 12.675570478524756 1.2559792126122842 16
      vertex 12.222545126431248 18.292331470655995 16
    endloop
  endfacet
  facet normal 0 0 1
    outer loop
      vertex 12.675570478524756 1.2559792126122842 16
      vertex 12.726980427434896 1.3619714992186405 16
      vertex 12.931275550434409 17.798373876248846 16
    endloop
  endfacet
  facet normal 0 0 1
    outer loop
      vertex 12.726980427434896 1.3619714992186405 16
      vertex 12.78251197878161 1.4658637244908648 16
      vertex 12.931275550434409 17.798373876248846 16
    endloop
  endfacet
  facet normal 0 0 1
    outer loop
      vertex 12.78251197878161 1.4658637244908648 16
      vertex 12.842079506937724 1.5674956941478464 16
      vertex 12.931275550434409 17.798373876248846 16
    endloop
  endfacet
  facet normal 0 0 1
    outer loop
      vertex 12.842079506937724 1.5674956941478464 16
      vertex 12.905591163092364 1.6667106990588065 16
      vertex 12.931275550434409 17.798373876248846 16
    endloop
  endfacet
  facet normal 0 0 1
    outer loop
      vertex 12.972949016875159 1.7633557568774194 16
      vertex 13.044049207357766 1.857281847929502 16
      vertex 12.931275550434409 17.798373876248846 16
    endloop
  endfacet
  facet normal 0 0 1
    outer loop
      vertex 12.905591163092364 1.6667106990588065 16
      vertex 12.972949016875159 1.7633557568774194 16
      vertex 12.931275550434409 17.798373876248846 16
    endloop
  endfacet
  facet normal 0 0 1
    outer loop
      vertex 13.044049207357766 1.857281847929502 16
      vertex 13.118782103199909 1.948344144990551 16
      vertex 12.931275550434409 17.798373876248846 16
    endloop
  endfacet
  facet normal 0 0 1
    outer loop
      vertex 13.118782103199909 1.948344144990551 16
      vertex 13.197032471692943 2.0364022365988252 16
      vertex 12.931275550434409 17.798373876248846 16
    endloop
  endfacet
  facet normal 0 0 1
    outer loop
      vertex 13.197032471692943 2.0364022365988252 16
      vertex 13.278679656440357 2.121320343559643 16
      vertex 12.931275550434409 17.798373876248846 16
    endloop
  endfacet
  facet normal 0 0 1
    outer loop
      vertex 13.278679656440357 2.121320343559643 16
      vertex 13.363597763401176 2.202967528307057 16
      vertex 13.620066884816348 17.27697247937639 16
    endloop
  endfacet
  facet normal 0 0 1
    outer loop
      vertex 13.363597763401176 2.202967528307057 16
      vertex 13.451655855009449 2.2812178968000927 16
      vertex 13.620066884816348 17.27697247937639 16
    endloop
  endfacet
  facet normal 0 0 1
    outer loop
      vertex 13.451655855009449 2.2812178968000927 16
      vertex 13.5427181520705 2.355950792642235 16
      vertex 13.620066884816348 17.27697247937639 16
    endloop
  endfacet
  facet normal 0 0 1
    outer loop
      vertex 13.5427181520705 2.355950792642235 16
      vertex 13.63664424312258 2.4270509831248424 16
      vertex 13.620066884816348 17.27697247937639 16
    endloop
  endfacet
  facet normal 0 0 1
    outer loop
      vertex 13.63664424312258 2.4270509831248424 16
      vertex 13.733289300941195 2.4944088369076356 16
      vertex 13.620066884816348 17.27697247937639 16
    endloop
  endfacet
  facet normal 0 0 1
    outer loop
      vertex 13.733289300941195 2.4944088369076356 16
      vertex 13.832504305852154 2.557920493062277 16
      vertex 13.620066884816348 17.27697247937639 16
    endloop
  endfacet
  facet normal 0 0 1
    outer loop
      vertex 13.832504305852154 2.557920493062277 16
      vertex 13.934136275509136 2.6174880212183913 16
      vertex 13.620066884816348 17.27697247937639 16
    endloop
  endfacet
  facet normal 0 0 1
    outer loop
      vertex 13.934136275509136 2.6174880212183913 16
      vertex 14.03802850078136 2.673019572565104 16
      vertex 14.28785706326404 16.72893124320068 16
    endloop
  endfacet
  facet normal 0 0 1
    outer loop
      vertex 14.03802850078136 2.673019572565104 16
      vertex 14.144020787387717 2.7244295214752436 16
      vertex 14.28785706326404 16.72893124320068 16
    endloop
  endfacet
  facet normal 0 0 1
    outer loop
      vertex 14.144020787387717 2.7244295214752436 16
      vertex 14.251949702904732 2.77163859753386 16
      vertex 14.28785706326404 16.72893124320068 16
    endloop
  endfacet
  facet normal 0 0 1
    outer loop
      vertex 14.361648828767521 2.8145740077674524 16
      vertex 14.472949016875159 2.8531695488854605 16
      vertex 14.28785706326404 16.72893124320068 16
    endloop
  endfacet
  facet normal 0 0 1
    outer loop
      vertex 14.251949702904732 2.77163859753386 16
      vertex 14.361648828767521 2.8145740077674524 16
      vertex 14.28785706326404 16.72893124320068 16
    endloop
  endfacet
  facet normal 0 0 1
    outer loop
      vertex 14.472949016875159 2.8531695488854605 16
      vertex 14.585678650404777 2.887365709360942 16
      vertex 14.28785706326404 16.72893124320068 16
    endloop
  endfacet
  facet normal 0 0 1
    outer loop
      vertex 14.585678650404777 2.887365709360942 16
      vertex 14.699663908432285 2.9171097611930294 16
      vertex 14.93361640172472 16.15509520758508 16
    endloop
  endfacet
  facet normal 0 0 1
    outer loop
      vertex 14.699663908432285 2.9171097611930294 16
      vertex 14.814729033951615 2.9423558412096913 16
      vertex 14.93361640172472 16.15509520758508 16
    endloop
  endfacet
  facet normal 0 0 1
    outer loop
      vertex 14.814729033951615 2.9423558412096913 16
      vertex 14.930696604879309 2.9630650217854133 16
      vertex 14.93361640172472 16.15509520758508 16
    endloop
  endfacet
  facet normal 0 0 1
    outer loop
      vertex 14.930696604879309 2.9630650217854133 16
      vertex 15.047387807626487 2.9792053708647788 16
      vertex 14.93361640172472 16.15509520758508 16
    endloop
  endfacet
  facet normal 0 0 1
    outer loop
      vertex 5.971689897031633 21.17401520198024 16
      vertex 12.4 0 16
      vertex 6.798373876248843 20.923243358493377 16
    endloop
  endfacet
  facet normal 0 0 1
    outer loop
      vertex 5.135798004829919 21.392138248748886 16
      vertex 12.4 0 16
      vertex 5.971689897031633 21.17401520198024 16
    endloop
  endfacet
  facet normal 0 0 1
    outer loop
      vertex 6.798373876248843 20.923243358493377 16
      vertex 12.4 0 16
      vertex 7.614575255704845 20.64020939029465 16
    endloop
  endfacet
  facet normal 0 0 1
    outer loop
      vertex 9.98779099427003 19.602143532144094 16
      vertex 12.4 0 16
      vertex 10.74966731293301 19.19491215560154 16
    endloop
  endfacet
  facet normal 0 0 1
    outer loop
      vertex 8.419035512031975 20.325349715248308 16
      vertex 7.614575255704845 20.64020939029465 16
      vertex 12.4 0 16
    endloop
  endfacet
  facet normal 0 0 1
    outer loop
      vertex 8.419035512031975 20.325349715248308 16
      vertex 12.4 0 16
      vertex 9.210514225823418 19.979149824151786 16
    endloop
  endfacet
  facet normal 0 0 1
    outer loop
      vertex 9.210514225823418 19.979149824151786 16
      vertex 12.4 0 16
      vertex 9.98779099427003 19.602143532144094 16
    endloop
  endfacet
  facet normal 0 0 1
    outer loop
      vertex 10.74966731293301 19.19491215560154 16
      vertex 12.4 0 16
      vertex 11.494968423750873 18.75808361579003 16
    endloop
  endfacet
  facet normal 0 0 1
    outer loop
      vertex 12.222545126431248 18.292331470655995 16
      vertex 11.494968423750873 18.75808361579003 16
      vertex 12.4 0 16
    endloop
  endfacet
  facet normal 0 0 1
    outer loop
      vertex 12.675570478524756 1.2559792126122842 16
      vertex 12.931275550434409 17.798373876248846 16
      vertex 12.222545126431248 18.292331470655995 16
    endloop
  endfacet
  facet normal 0 0 1
    outer loop
      vertex 13.278679656440357 2.121320343559643 16
      vertex 13.620066884816348 17.27697247937639 16
      vertex 12.931275550434409 17.798373876248846 16
    endloop
  endfacet
  facet normal 0 0 1
    outer loop
      vertex 13.934136275509136 2.6174880212183913 16
      vertex 14.28785706326404 16.72893124320068 16
      vertex 13.620066884816348 17.27697247937639 16
    endloop
  endfacet
  facet normal 0 0 1
    outer loop
      vertex 14.585678650404777 2.887365709360942 16
      vertex 14.93361640172472 16.15509520758508 16
      vertex 14.28785706326404 16.72893124320068 16
    endloop
  endfacet
  facet normal 0 0 1
    outer loop
      vertex 2.557920493062277 16.967495694147846 16
      vertex 2.585822744072428 21.847506053008377 16
      vertex 2.4944088369076356 17.066710699058806 16
    endloop
  endfacet
  facet normal 0 0 1
    outer loop
      vertex 2.4944088369076356 17.066710699058806 16
      vertex 2.585822744072428 21.847506053008377 16
      vertex 2.4270509831248424 17.16335575687742 16
    endloop
  endfacet
  facet normal 0 0 1
    outer loop
      vertex 2.673019572565104 16.761971499218642 16
      vertex 2.7244295214752436 16.655979212612284 16
      vertex 2.585822744072428 21.847506053008377 16
    endloop
  endfacet
  facet normal 0 0 1
    outer loop
      vertex 2.673019572565104 16.761971499218642 16
      vertex 2.585822744072428 21.847506053008377 16
      vertex 2.6174880212183913 16.865863724490865 16
    endloop
  endfacet
  facet normal 0 0 1
    outer loop
      vertex 2.6174880212183913 16.865863724490865 16
      vertex 2.585822744072428 21.847506053008377 16
      vertex 2.557920493062277 16.967495694147846 16
    endloop
  endfacet
  facet normal 0 0 1
    outer loop
      vertex 2.990752001199384 15.164622712816465 16
      vertex 3.441558230885079 21.72914349309303 16
      vertex 2.9976871087221686 15.282220552722794 16
    endloop
  endfacet
  facet normal 0 0 1
    outer loop
      vertex 2.9976871087221686 15.282220552722794 16
      vertex 3.441558230885079 21.72914349309303 16
      vertex 3 15.4 16
    endloop
  endfacet
  facet normal 0 0 1
    outer loop
      vertex 3 15.4 16
      vertex 3.441558230885079 21.72914349309303 16
      vertex 2.9976871087221686 15.517779447277206 16
    endloop
  endfacet
  facet normal 0 0 1
    outer loop
      vertex 2.9976871087221686 15.517779447277206 16
      vertex 3.441558230885079 21.72914349309303 16
      vertex 2.990752001199384 15.635377287183536 16
    endloop
  endfacet
  facet normal 0 0 1
    outer loop
      vertex 2.9792053708647788 15.752612192373514 16
      vertex 3.441558230885079 21.72914349309303 16
      vertex 2.9630650217854133 15.869303395120692 16
    endloop
  endfacet
  facet normal 0 0 1
    outer loop
      vertex 2.990752001199384 15.635377287183536 16
      vertex 3.441558230885079 21.72914349309303 16
      vertex 2.9792053708647788 15.752612192373514 16
    endloop
  endfacet
  facet normal 0 0 1
    outer loop
      vertex 2.77163859753386 16.54805029709527 16
      vertex 2.8145740077674524 16.43835117123248 16
      vertex 3.441558230885079 21.72914349309303 16
    endloop
  endfacet
  facet normal 0 0 1
    outer loop
      vertex 2.8531695488854605 16.327050983124842 16
      vertex 3.441558230885079 21.72914349309303 16
      vertex 2.8145740077674524 16.43835117123248 16
    endloop
  endfacet
  facet normal 0 0 1
    outer loop
      vertex 2.9630650217854133 15.869303395120692 16
      vertex 3.441558230885079 21.72914349309303 16
      vertex 2.9423558412096913 15.985270966048386 16
    endloop
  endfacet
  facet normal 0 0 1
    outer loop
      vertex 2.9171097611930294 16.100336091567716 16
      vertex 3.441558230885079 21.72914349309303 16
      vertex 2.887365709360942 16.214321349595224 16
    endloop
  endfacet
  facet normal 0 0 1
    outer loop
      vertex 2.9171097611930294 16.100336091567716 16
      vertex 2.9423558412096913 15.985270966048386 16
      vertex 3.441558230885079 21.72914349309303 16
    endloop
  endfacet
  facet normal 0 0 1
    outer loop
      vertex 2.887365709360942 16.214321349595224 16
      vertex 3.441558230885079 21.72914349309303 16
      vertex 2.8531695488854605 16.327050983124842 16
    endloop
  endfacet
  facet normal 0 0 1
    outer loop
      vertex 2.77163859753386 16.54805029709527 16
      vertex 3.441558230885079 21.72914349309303 16
      vertex 2.7244295214752436 16.655979212612284 16
    endloop
  endfacet
  facet normal 0 0 1
    outer loop
      vertex 0 18.4 16
      vertex 0.11777944727720582 18.39768710872217 16
      vertex 0 22 16
    endloop
  endfacet
  facet normal 0 0 1
    outer loop
      vertex 0.11777944727720582 18.39768710872217 16
      vertex 0.23537728718353484 18.390752001199385 16
      vertex 0.8637159466995095 21.983038797295904 16
    endloop
  endfacet
  facet normal 0 0 1
    outer loop
      vertex 0.23537728718353484 18.390752001199385 16
      vertex 0.35261219237351293 18.379205370864778 16
      vertex 0.8637159466995095 21.983038797295904 16
    endloop
  endfacet
  facet normal 0 0 1
    outer loop
      vertex 0.35261219237351293 18.379205370864778 16
      vertex 0.46930339512069263 18.363065021785413 16
      vertex 0.8637159466995095 21.983038797295904 16
    endloop
  endfacet
  facet normal 0 0 1
    outer loop
      vertex 0.46930339512069263 18.363065021785413 16
      vertex 0.5852709660483848 18.34235584120969 16
      vertex 0.8637159466995095 21.983038797295904 16
    endloop
  endfacet
  facet normal 0 0 1
    outer loop
      vertex 0.7003360915677161 18.31710976119303 16
      vertex 0.8143213495952228 18.28736570936094 16
      vertex 0.8637159466995095 21.983038797295904 16
    endloop
  endfacet
  facet normal 0 0 1
    outer loop
      vertex 0.5852709660483848 18.34235584120969 16
      vertex 0.7003360915677161 18.31710976119303 16
      vertex 0.8637159466995095 21.983038797295904 16
    endloop
  endfacet
  facet normal 0 0 1
    outer loop
      vertex 0.9270509831248421 18.25316954888546 16
      vertex 0.8637159466995095 21.983038797295904 16
      vertex 0.8143213495952228 18.28736570936094 16
    endloop
  endfacet
  facet normal 0 0 1
    outer loop
      vertex 0.9270509831248421 18.25316954888546 16
      vertex 1.0383511712324789 18.214574007767453 16
      vertex 0.8637159466995095 21.983038797295904 16
    endloop
  endfacet
  facet normal 0 0 1
    outer loop
      vertex 1.0383511712324789 18.214574007767453 16
      vertex 1.1480502970952693 18.17163859753386 16
      vertex 1.7261001060125887 21.932181342128814 16
    endloop
  endfacet
  facet normal 0 0 1
    outer loop
      vertex 1.1480502970952693 18.17163859753386 16
      vertex 1.2559792126122842 18.124429521475243 16
      vertex 1.7261001060125887 21.932181342128814 16
    endloop
  endfacet
  facet normal 0 0 1
    outer loop
      vertex 1.6667106990588065 17.894408836907637 16
      vertex 1.7633557568774194 17.827050983124842 16
      vertex 1.7261001060125887 21.932181342128814 16
    endloop
  endfacet
  facet normal 0 0 1
    outer loop
      vertex 1.857281847929502 17.755950792642235 16
      vertex 1.7261001060125887 21.932181342128814 16
      vertex 1.7633557568774194 17.827050983124842 16
    endloop
  endfacet
  facet normal 0 0 1
    outer loop
      vertex 1.3619714992186405 18.073019572565105 16
      vertex 1.4658637244908648 18.01748802121839 16
      vertex 1.7261001060125887 21.932181342128814 16
    endloop
  endfacet
  facet normal 0 0 1
    outer loop
      vertex 1.2559792126122842 18.124429521475243 16
      vertex 1.3619714992186405 18.073019572565105 16
      vertex 1.7261001060125887 21.932181342128814 16
    endloop
  endfacet
  facet normal 0 0 1
    outer loop
      vertex 1.4658637244908648 18.01748802121839 16
      vertex 1.5674956941478464 17.95792049306228 16
      vertex 1.7261001060125887 21.932181342128814 16
    endloop
  endfacet
  facet normal 0 0 1
    outer loop
      vertex 1.5674956941478464 17.95792049306228 16
      vertex 1.6667106990588065 17.894408836907637 16
      vertex 1.7261001060125887 21.932181342128814 16
    endloop
  endfacet
  facet normal 0 0 1
    outer loop
      vertex 0.11777944727720582 18.39768710872217 16
      vertex 0.8637159466995095 21.983038797295904 16
      vertex 0 22 16
    endloop
  endfacet
  facet normal 0 0 1
    outer loop
      vertex 1.0383511712324789 18.214574007767453 16
      vertex 1.7261001060125887 21.932181342128814 16
      vertex 0.8637159466995095 21.983038797295904 16
    endloop
  endfacet
  facet normal 0 0 1
    outer loop
      vertex 2.202967528307057 17.436402236598827 16
      vertex 2.585822744072428 21.847506053008377 16
      vertex 2.121320343559643 17.521320343559644 16
    endloop
  endfacet
  facet normal 0 0 1
    outer loop
      vertex 1.948344144990551 17.681217896800092 16
      vertex 2.0364022365988252 17.602967528307058 16
      vertex 2.585822744072428 21.847506053008377 16
    endloop
  endfacet
  facet normal 0 0 1
    outer loop
      vertex 1.857281847929502 17.755950792642235 16
      vertex 1.948344144990551 17.681217896800092 16
      vertex 2.585822744072428 21.847506053008377 16
    endloop
  endfacet
  facet normal 0 0 1
    outer loop
      vertex 2.0364022365988252 17.602967528307058 16
      vertex 2.121320343559643 17.521320343559644 16
      vertex 2.585822744072428 21.847506053008377 16
    endloop
  endfacet
  facet normal 0 0 1
    outer loop
      vertex 2.4270509831248424 17.16335575687742 16
      vertex 2.585822744072428 21.847506053008377 16
      vertex 2.355950792642235 17.2572818479295 16
    endloop
  endfacet
  facet normal 0 0 1
    outer loop
      vertex 2.2812178968000927 17.348344144990552 16
      vertex 2.355950792642235 17.2572818479295 16
      vertex 2.585822744072428 21.847506053008377 16
    endloop
  endfacet
  facet normal 0 0 1
    outer loop
      vertex 2.202967528307057 17.436402236598827 16
      vertex 2.2812178968000927 17.348344144990552 16
      vertex 2.585822744072428 21.847506053008377 16
    endloop
  endfacet
  facet normal 0 0 1
    outer loop
      vertex 1.857281847929502 17.755950792642235 16
      vertex 2.585822744072428 21.847506053008377 16
      vertex 1.7261001060125887 21.932181342128814 16
    endloop
  endfacet
  facet normal 0 0 1
    outer loop
      vertex 2.7244295214752436 16.655979212612284 16
      vertex 3.441558230885079 21.72914349309303 16
      vertex 2.585822744072428 21.847506053008377 16
    endloop
  endfacet
  facet normal 0 0 1
    outer loop
      vertex 3.8596084887565953 1.7793038845340694 16
      vertex 4.291987084354822 21.57727616887107 16
      vertex 3.441558230885079 21.72914349309303 16
    endloop
  endfacet
  facet normal 0 0 1
    outer loop
      vertex 14.93361640172472 16.15509520758508 16
      vertex 15.047387807626487 2.9792053708647788 16
      vertex 15.164622712816465 2.990752001199384 16
    endloop
  endfacet
  facet normal 0 0 1
    outer loop
      vertex 14.93361640172472 16.15509520758508 16
      vertex 15.164622712816465 2.990752001199384 16
      vertex 15.282220552722794 2.9976871087221686 16
    endloop
  endfacet
  facet normal 0 0 1
    outer loop
      vertex 15.282220552722794 2.9976871087221686 16
      vertex 15.4 3 16
      vertex 15.556349186104047 15.556349186104047 16
    endloop
  endfacet
  facet normal 0 0 1
    outer loop
      vertex 15.517779447277206 2.9976871087221686 16
      vertex 15.635377287183536 2.990752001199384 16
      vertex 15.556349186104047 15.556349186104047 16
    endloop
  endfacet
  facet normal 0 0 1
    outer loop
      vertex 15.4 3 16
      vertex 15.517779447277206 2.9976871087221686 16
      vertex 15.556349186104047 15.556349186104047 16
    endloop
  endfacet
  facet normal 0 0 1
    outer loop
      vertex 15.635377287183536 2.990752001199384 16
      vertex 15.752612192373514 2.9792053708647788 16
      vertex 15.556349186104047 15.556349186104047 16
    endloop
  endfacet
  facet normal 0 0 1
    outer loop
      vertex 15.752612192373514 2.9792053708647788 16
      vertex 15.869303395120692 2.9630650217854133 16
      vertex 15.556349186104047 15.556349186104047 16
    endloop
  endfacet
  facet normal 0 0 1
    outer loop
      vertex 16.655979212612284 2.7244295214752436 16
      vertex 16.761971499218642 2.673019572565104 16
      vertex 16.72893124320068 14.28785706326404 16
    endloop
  endfacet
  facet normal 0 0 1
    outer loop
      vertex 16.865863724490865 2.6174880212183913 16
      vertex 16.967495694147846 2.557920493062277 16
      vertex 16.72893124320068 14.28785706326404 16
    endloop
  endfacet
  facet normal 0 0 1
    outer loop
      vertex 16.761971499218642 2.673019572565104 16
      vertex 16.865863724490865 2.6174880212183913 16
      vertex 16.72893124320068 14.28785706326404 16
    endloop
  endfacet
  facet normal 0 0 1
    outer loop
      vertex 15.869303395120692 2.9630650217854133 16
      vertex 15.985270966048386 2.9423558412096913 16
      vertex 16.15509520758508 14.93361640172472 16
    endloop
  endfacet
  facet normal 0 0 1
    outer loop
      vertex 16.100336091567716 2.9171097611930294 16
      vertex 16.214321349595224 2.887365709360942 16
      vertex 16.15509520758508 14.93361640172472 16
    endloop
  endfacet
  facet normal 0 0 1
    outer loop
      vertex 15.985270966048386 2.9423558412096913 16
      vertex 16.100336091567716 2.9171097611930294 16
      vertex 16.15509520758508 14.93361640172472 16
    endloop
  endfacet
  facet normal 0 0 1
    outer loop
      vertex 16.214321349595224 2.887365709360942 16
      vertex 16.327050983124842 2.8531695488854605 16
      vertex 16.15509520758508 14.93361640172472 16
    endloop
  endfacet
  facet normal 0 0 1
    outer loop
      vertex 16.327050983124842 2.8531695488854605 16
      vertex 16.43835117123248 2.8145740077674524 16
      vertex 16.15509520758508 14.93361640172472 16
    endloop
  endfacet
  facet normal 0 0 1
    outer loop
      vertex 16.54805029709527 2.77163859753386 16
      vertex 16.72893124320068 14.28785706326404 16
      vertex 16.43835117123248 2.8145740077674524 16
    endloop
  endfacet
  facet normal 0 0 1
    outer loop
      vertex 16.54805029709527 2.77163859753386 16
      vertex 16.655979212612284 2.7244295214752436 16
      vertex 16.72893124320068 14.28785706326404 16
    endloop
  endfacet
  facet normal 0 0 1
    outer loop
      vertex 17.755950792642235 1.857281847929502 16
      vertex 17.827050983124842 1.7633557568774194 16
      vertex 17.798373876248846 12.931275550434409 16
    endloop
  endfacet
  facet normal 0 0 1
    outer loop
      vertex 17.755950792642235 1.857281847929502 16
      vertex 17.798373876248846 12.931275550434409 16
      vertex 17.681217896800092 1.948344144990551 16
    endloop
  endfacet
  facet normal 0 0 1
    outer loop
      vertex 18.25316954888546 0.9270509831248421 16
      vertex 18.28736570936094 0.8143213495952228 16
      vertex 18.292331470655995 12.222545126431248 16
    endloop
  endfacet
  facet normal 0 0 1
    outer loop
      vertex 18.39768710872217 0.11777944727720582 16
      vertex 18.4 0 16
      vertex 18.292331470655995 12.222545126431248 16
    endloop
  endfacet
  facet normal 0 0 1
    outer loop
      vertex 18.39768710872217 0.11777944727720582 16
      vertex 18.292331470655995 12.222545126431248 16
      vertex 18.390752001199385 0.23537728718353484 16
    endloop
  endfacet
  facet normal 0 0 1
    outer loop
      vertex 18.390752001199385 0.23537728718353484 16
      vertex 18.292331470655995 12.222545126431248 16
      vertex 18.379205370864778 0.35261219237351293 16
    endloop
  endfacet
  facet normal 0 0 1
    outer loop
      vertex 18.363065021785413 0.46930339512069263 16
      vertex 18.292331470655995 12.222545126431248 16
      vertex 18.34235584120969 0.5852709660483848 16
    endloop
  endfacet
  facet normal 0 0 1
    outer loop
      vertex 18.379205370864778 0.35261219237351293 16
      vertex 18.292331470655995 12.222545126431248 16
      vertex 18.363065021785413 0.46930339512069263 16
    endloop
  endfacet
  facet normal 0 0 1
    outer loop
      vertex 18.34235584120969 0.5852709660483848 16
      vertex 18.292331470655995 12.222545126431248 16
      vertex 18.31710976119303 0.7003360915677161 16
    endloop
  endfacet
  facet normal 0 0 1
    outer loop
      vertex 18.31710976119303 0.7003360915677161 16
      vertex 18.292331470655995 12.222545126431248 16
      vertex 18.28736570936094 0.8143213495952228 16
    endloop
  endfacet
  facet normal 0 0 1
    outer loop
      vertex 18.25316954888546 0.9270509831248421 16
      vertex 18.292331470655995 12.222545126431248 16
      vertex 18.214574007767453 1.0383511712324789 16
    endloop
  endfacet
  facet normal 0 0 1
    outer loop
      vertex 18.214574007767453 1.0383511712324789 16
      vertex 18.292331470655995 12.222545126431248 16
      vertex 18.17163859753386 1.1480502970952693 16
    endloop
  endfacet
  facet normal 0 0 1
    outer loop
      vertex 18.17163859753386 1.1480502970952693 16
      vertex 18.292331470655995 12.222545126431248 16
      vertex 18.124429521475243 1.2559792126122842 16
    endloop
  endfacet
  facet normal 0 0 1
    outer loop
      vertex 18.124429521475243 1.2559792126122842 16
      vertex 18.292331470655995 12.222545126431248 16
      vertex 18.073019572565105 1.3619714992186405 16
    endloop
  endfacet
  facet normal 0 0 1
    outer loop
      vertex 18.01748802121839 1.4658637244908648 16
      vertex 17.798373876248846 12.931275550434409 16
      vertex 17.95792049306228 1.5674956941478464 16
    endloop
  endfacet
  facet normal 0 0 1
    outer loop
      vertex 17.95792049306228 1.5674956941478464 16
      vertex 17.798373876248846 12.931275550434409 16
      vertex 17.894408836907637 1.6667106990588065 16
    endloop
  endfacet
  facet normal 0 0 1
    outer loop
      vertex 18.073019572565105 1.3619714992186405 16
      vertex 17.798373876248846 12.931275550434409 16
      vertex 18.01748802121839 1.4658637244908648 16
    endloop
  endfacet
  facet normal 0 0 1
    outer loop
      vertex 17.894408836907637 1.6667106990588065 16
      vertex 17.798373876248846 12.931275550434409 16
      vertex 17.827050983124842 1.7633557568774194 16
    endloop
  endfacet
  facet normal 0 0 1
    outer loop
      vertex 17.2572818479295 2.355950792642235 16
      vertex 17.348344144990552 2.2812178968000927 16
      vertex 17.27697247937639 13.620066884816348 16
    endloop
  endfacet
  facet normal 0 0 1
    outer loop
      vertex 16.967495694147846 2.557920493062277 16
      vertex 17.066710699058806 2.4944088369076356 16
      vertex 17.27697247937639 13.620066884816348 16
    endloop
  endfacet
  facet normal 0 0 1
    outer loop
      vertex 17.066710699058806 2.4944088369076356 16
      vertex 17.16335575687742 2.4270509831248424 16
      vertex 17.27697247937639 13.620066884816348 16
    endloop
  endfacet
  facet normal 0 0 1
    outer loop
      vertex 17.16335575687742 2.4270509831248424 16
      vertex 17.2572818479295 2.355950792642235 16
      vertex 17.27697247937639 13.620066884816348 16
    endloop
  endfacet
  facet normal 0 0 1
    outer loop
      vertex 17.436402236598827 2.202967528307057 16
      vertex 17.521320343559644 2.121320343559643 16
      vertex 17.27697247937639 13.620066884816348 16
    endloop
  endfacet
  facet normal 0 0 1
    outer loop
      vertex 17.436402236598827 2.202967528307057 16
      vertex 17.27697247937639 13.620066884816348 16
      vertex 17.348344144990552 2.2812178968000927 16
    endloop
  endfacet
  facet normal 0 0 1
    outer loop
      vertex 17.681217896800092 1.948344144990551 16
      vertex 17.798373876248846 12.931275550434409 16
      vertex 17.602967528307058 2.0364022365988252 16
    endloop
  endfacet
  facet normal 0 0 1
    outer loop
      vertex 17.521320343559644 2.121320343559643 16
      vertex 17.602967528307058 2.0364022365988252 16
      vertex 17.798373876248846 12.931275550434409 16
    endloop
  endfacet
  facet normal 0 0 1
    outer loop
      vertex 21.983038797295904 0.8637159466995095 16
      vertex 21.932181342128814 1.7261001060125887 16
      vertex 22 0 16
    endloop
  endfacet
  facet normal 0 0 1
    outer loop
      vertex 21.932181342128814 1.7261001060125887 16
      vertex 21.847506053008377 2.585822744072428 16
      vertex 22 0 16
    endloop
  endfacet
  facet normal 0 0 1
    outer loop
      vertex 21.392138248748886 5.135798004829919 16
      vertex 21.17401520198024 5.971689897031633 16
      vertex 22 0 16
    endloop
  endfacet
  facet normal 0 0 1
    outer loop
      vertex 21.847506053008377 2.585822744072428 16
      vertex 21.72914349309303 3.441558230885079 16
      vertex 22 0 16
    endloop
  endfacet
  facet normal 0 0 1
    outer loop
      vertex 21.72914349309303 3.441558230885079 16
      vertex 21.57727616887107 4.291987084354822 16
      vertex 22 0 16
    endloop
  endfacet
  facet normal 0 0 1
    outer loop
      vertex 21.392138248748886 5.135798004829919 16
      vertex 22 0 16
      vertex 21.57727616887107 4.291987084354822 16
    endloop
  endfacet
  facet normal 0 0 1
    outer loop
      vertex 18.4 0 16
      vertex 22 0 16
      vertex 18.292331470655995 12.222545126431248 16
    endloop
  endfacet
  facet normal 0 0 1
    outer loop
      vertex 19.979149824151786 9.210514225823418 16
      vertex 19.602143532144094 9.98779099427003 16
      vertex 22 0 16
    endloop
  endfacet
  facet normal 0 0 1
    outer loop
      vertex 19.19491215560154 10.74966731293301 16
      vertex 18.75808361579003 11.494968423750873 16
      vertex 22 0 16
    endloop
  endfacet
  facet normal 0 0 1
    outer loop
      vertex 19.602143532144094 9.98779099427003 16
      vertex 19.19491215560154 10.74966731293301 16
      vertex 22 0 16
    endloop
  endfacet
  facet normal 0 0 1
    outer loop
      vertex 21.17401520198024 5.971689897031633 16
      vertex 20.923243358493377 6.798373876248843 16
      vertex 22 0 16
    endloop
  endfacet
  facet normal 0 0 1
    outer loop
      vertex 20.325349715248308 8.419035512031975 16
      vertex 22 0 16
      vertex 20.64020939029465 7.614575255704845 16
    endloop
  endfacet
  facet normal 0 0 1
    outer loop
      vertex 20.923243358493377 6.798373876248843 16
      vertex 20.64020939029465 7.614575255704845 16
      vertex 22 0 16
    endloop
  endfacet
  facet normal 0 0 1
    outer loop
      vertex 20.325349715248308 8.419035512031975 16
      vertex 19.979149824151786 9.210514225823418 16
      vertex 22 0 16
    endloop
  endfacet
  facet normal 0 0 1
    outer loop
      vertex 15.869303395120692 2.9630650217854133 16
      vertex 16.15509520758508 14.93361640172472 16
      vertex 15.556349186104047 15.556349186104047 16
    endloop
  endfacet
  facet normal 0 0 1
    outer loop
      vertex 16.43835117123248 2.8145740077674524 16
      vertex 16.72893124320068 14.28785706326404 16
      vertex 16.15509520758508 14.93361640172472 16
    endloop
  endfacet
  facet normal 0 0 1
    outer loop
      vertex 18.073019572565105 1.3619714992186405 16
      vertex 18.292331470655995 12.222545126431248 16
      vertex 17.798373876248846 12.931275550434409 16
    endloop
  endfacet
  facet normal 0 0 1
    outer loop
      vertex 16.967495694147846 2.557920493062277 16
      vertex 17.27697247937639 13.620066884816348 16
      vertex 16.72893124320068 14.28785706326404 16
    endloop
  endfacet
  facet normal 0 0 1
    outer loop
      vertex 17.521320343559644 2.121320343559643 16
      vertex 17.798373876248846 12.931275550434409 16
      vertex 17.27697247937639 13.620066884816348 16
    endloop
  endfacet
  facet normal 0 0 1
    outer loop
      vertex 14.93361640172472 16.15509520758508 16
      vertex 15.282220552722794 2.9976871087221686 16
      vertex 15.556349186104047 15.556349186104047 16
    endloop
  endfacet
  facet normal 0 0 1
    outer loop
      vertex 18.292331470655995 12.222545126431248 16
      vertex 22 0 16
      vertex 18.75808361579003 11.494968423750873 16
    endloop
  endfacet
  facet normal 0.9998072404820647 -0.01963369246063387 0
    outer loop
      vertex 12.4 0 16
      vertex 12.4 0 13
      vertex 12.402312891277832 0.11777944727720582 13
    endloop
  endfacet
  facet normal 0.9982656101847164 -0.05887080365118096 0
    outer loop
      vertex 12.402312891277832 0.11777944727720582 16
      vertex 12.402312891277832 0.11777944727720582 13
      vertex 12.409247998800616 0.23537728718353484 13
    endloop
  endfacet
  facet normal 0.9951847266721969 -0.09801714032956037 0
    outer loop
      vertex 12.409247998800616 0.23537728718353484 16
      vertex 12.409247998800616 0.23537728718353484 13
      vertex 12.420794629135221 0.35261219237351293 13
    endloop
  endfacet
  facet normal 0.9905693404435765 -0.13701234168197332 0
    outer loop
      vertex 12.420794629135221 0.35261219237351293 16
      vertex 12.420794629135221 0.35261219237351293 13
      vertex 12.436934978214587 0.46930339512069263 13
    endloop
  endfacet
  facet normal 0.9844265680898919 -0.17579627993435243 0
    outer loop
      vertex 12.436934978214587 0.46930339512069263 16
      vertex 12.436934978214587 0.46930339512069263 13
      vertex 12.457644158790309 0.5852709660483848 13
    endloop
  endfacet
  facet normal 0.9767658813208734 -0.2143091530650461 0
    outer loop
      vertex 12.457644158790309 0.5852709660483848 16
      vertex 12.457644158790309 0.5852709660483848 13
      vertex 12.48289023880697 0.7003360915677161 13
    endloop
  endfacet
  facet normal 0.9675990923602599 -0.2524915770151576 0
    outer loop
      vertex 12.48289023880697 0.7003360915677161 16
      vertex 12.48289023880697 0.7003360915677161 13
      vertex 12.512634290639058 0.8143213495952228 13
    endloop
  endfacet
  facet normal 0.9569403357322079 -0.2902846772544654 0
    outer loop
      vertex 12.512634290639058 0.8143213495952228 16
      vertex 12.512634290639058 0.8143213495952228 13
      vertex 12.54683045111454 0.9270509831248421 13
    endloop
  endfacet
  facet normal 0.9448060464668787 -0.32763017956169177 0
    outer loop
      vertex 12.54683045111454 0.9270509831248421 16
      vertex 12.54683045111454 0.9270509831248421 13
      vertex 12.585425992232548 1.0383511712324789 13
    endloop
  endfacet
  facet normal 0.9312149347588016 -0.36447049987915464 0
    outer loop
      vertex 12.585425992232548 1.0383511712324789 16
      vertex 12.585425992232548 1.0383511712324789 13
      vertex 12.62836140246614 1.1480502970952693 13
    endloop
  endfacet
  facet normal 0.9161879571171373 -0.4007488331031378 0
    outer loop
      vertex 12.62836140246614 1.1480502970952693 16
      vertex 12.62836140246614 1.1480502970952693 13
      vertex 12.675570478524756 1.2559792126122842 13
    endloop
  endfacet
  facet normal 0.8997482840522247 -0.43640924067333514 0
    outer loop
      vertex 12.675570478524756 1.2559792126122842 16
      vertex 12.675570478524756 1.2559792126122842 13
      vertex 12.726980427434896 1.3619714992186405 13
    endloop
  endfacet
  facet normal 0.8819212643483475 -0.4713967368260117 0
    outer loop
      vertex 12.726980427434896 1.3619714992186405 16
      vertex 12.726980427434896 1.3619714992186405 13
      vertex 12.78251197878161 1.4658637244908648 13
    endloop
  endfacet
  facet normal 0.8627343859777945 -0.50565737337798 0
    outer loop
      vertex 12.78251197878161 1.4658637244908648 16
      vertex 12.78251197878161 1.4658637244908648 13
      vertex 12.842079506937724 1.5674956941478464 13
    endloop
  endfacet
  facet normal 0.8422172337162902 -0.5391383229109946 0
    outer loop
      vertex 12.842079506937724 1.5674956941478464 16
      vertex 12.842079506937724 1.5674956941478464 13
      vertex 12.905591163092364 1.6667106990588065 13
    endloop
  endfacet
  facet normal 0.8204014435255077 -0.5717879602276206 0
    outer loop
      vertex 12.905591163092364 1.6667106990588065 16
      vertex 12.905591163092364 1.6667106990588065 13
      vertex 12.972949016875159 1.7633557568774194 13
    endloop
  endfacet
  facet normal 0.7973206537727091 -0.6035559419535689 0
    outer loop
      vertex 12.972949016875159 1.7633557568774194 16
      vertex 12.972949016875159 1.7633557568774194 13
      vertex 13.044049207357766 1.857281847929502 13
    endloop
  endfacet
  facet normal 0.7730104533627342 -0.634393284163649 0
    outer loop
      vertex 13.044049207357766 1.857281847929502 16
      vertex 13.044049207357766 1.857281847929502 13
      vertex 13.118782103199909 1.948344144990551 13
    endloop
  endfacet
  facet normal 0.747508326862606 -0.6642524379112712 0
    outer loop
      vertex 13.118782103199909 1.948344144990551 16
      vertex 13.118782103199909 1.948344144990551 13
      vertex 13.197032471692943 2.0364022365988252 13
    endloop
  endfacet
  facet normal 0.7208535967029196 -0.693087362545635 0
    outer loop
      vertex 13.197032471692943 2.0364022365988252 16
      vertex 13.197032471692943 2.0364022365988252 13
      vertex 13.278679656440357 2.121320343559643 13
    endloop
  endfacet
  facet normal 0.6930873625456293 -0.720853596702925 0
    outer loop
      vertex 13.278679656440357 2.121320343559643 16
      vertex 13.278679656440357 2.121320343559643 13
      vertex 13.363597763401176 2.202967528307057 13
    endloop
  endfacet
  facet normal 0.6642524379112844 -0.7475083268625945 0
    outer loop
      vertex 13.363597763401176 2.202967528307057 16
      vertex 13.363597763401176 2.202967528307057 13
      vertex 13.451655855009449 2.2812178968000927 13
    endloop
  endfacet
  facet normal 0.6343932841636413 -0.7730104533627405 0
    outer loop
      vertex 13.451655855009449 2.2812178968000927 16
      vertex 13.451655855009449 2.2812178968000927 13
      vertex 13.5427181520705 2.355950792642235 13
    endloop
  endfacet
  facet normal 0.6035559419535768 -0.7973206537727031 0
    outer loop
      vertex 13.5427181520705 2.355950792642235 16
      vertex 13.5427181520705 2.355950792642235 13
      vertex 13.63664424312258 2.4270509831248424 13
    endloop
  endfacet
  facet normal 0.5717879602276043 -0.8204014435255191 0
    outer loop
      vertex 13.63664424312258 2.4270509831248424 16
      vertex 13.63664424312258 2.4270509831248424 13
      vertex 13.733289300941195 2.4944088369076356 13
    endloop
  endfacet
  facet normal 0.5391383229110043 -0.8422172337162839 0
    outer loop
      vertex 13.733289300941195 2.4944088369076356 16
      vertex 13.733289300941195 2.4944088369076356 13
      vertex 13.832504305852154 2.557920493062277 13
    endloop
  endfacet
  facet normal 0.5056573733779829 -0.8627343859777928 0
    outer loop
      vertex 13.832504305852154 2.557920493062277 16
      vertex 13.832504305852154 2.557920493062277 13
      vertex 13.934136275509136 2.6174880212183913 13
    endloop
  endfacet
  facet normal 0.47139673682600075 -0.8819212643483534 0
    outer loop
      vertex 13.934136275509136 2.6174880212183913 16
      vertex 13.934136275509136 2.6174880212183913 13
      vertex 14.03802850078136 2.673019572565104 13
    endloop
  endfacet
  facet normal 0.436409240673336 -0.8997482840522243 0
    outer loop
      vertex 14.03802850078136 2.673019572565104 16
      vertex 14.03802850078136 2.673019572565104 13
      vertex 14.144020787387717 2.7244295214752436 13
    endloop
  endfacet
  facet normal 0.40074883310314235 -0.9161879571171352 0
    outer loop
      vertex 14.144020787387717 2.7244295214752436 16
      vertex 14.144020787387717 2.7244295214752436 13
      vertex 14.251949702904732 2.77163859753386 13
    endloop
  endfacet
  facet normal 0.3644704998791539 -0.9312149347588018 0
    outer loop
      vertex 14.251949702904732 2.77163859753386 16
      vertex 14.251949702904732 2.77163859753386 13
      vertex 14.361648828767521 2.8145740077674524 13
    endloop
  endfacet
  facet normal 0.32763017956168883 -0.9448060464668796 0
    outer loop
      vertex 14.361648828767521 2.8145740077674524 16
      vertex 14.361648828767521 2.8145740077674524 13
      vertex 14.472949016875159 2.8531695488854605 13
    endloop
  endfacet
  facet normal 0.2902846772544685 -0.956940335732207 0
    outer loop
      vertex 14.472949016875159 2.8531695488854605 16
      vertex 14.472949016875159 2.8531695488854605 13
      vertex 14.585678650404777 2.887365709360942 13
    endloop
  endfacet
  facet normal 0.2524915770151509 -0.9675990923602616 0
    outer loop
      vertex 14.585678650404777 2.887365709360942 16
      vertex 14.585678650404777 2.887365709360942 13
      vertex 14.699663908432285 2.9171097611930294 13
    endloop
  endfacet
  facet normal 0.2143091530650565 -0.9767658813208712 0
    outer loop
      vertex 14.699663908432285 2.9171097611930294 16
      vertex 14.699663908432285 2.9171097611930294 13
      vertex 14.814729033951615 2.9423558412096913 13
    endloop
  endfacet
  facet normal 0.17579627993435348 -0.9844265680898917 0
    outer loop
      vertex 14.814729033951615 2.9423558412096913 16
      vertex 14.814729033951615 2.9423558412096913 13
      vertex 14.930696604879309 2.9630650217854133 13
    endloop
  endfacet
  facet normal 0.13701234168196733 -0.9905693404435774 0
    outer loop
      vertex 14.930696604879309 2.9630650217854133 16
      vertex 14.930696604879309 2.9630650217854133 13
      vertex 15.047387807626487 2.9792053708647788 13
    endloop
  endfacet
  facet normal 0.0980171403295605 -0.9951847266721969 0
    outer loop
      vertex 15.047387807626487 2.9792053708647788 16
      vertex 15.047387807626487 2.9792053708647788 13
      vertex 15.164622712816465 2.990752001199384 13
    endloop
  endfacet
  facet normal 0.05887080365118833 -0.9982656101847159 0
    outer loop
      vertex 15.164622712816465 2.990752001199384 16
      vertex 15.164622712816465 2.990752001199384 13
      vertex 15.282220552722794 2.9976871087221686 13
    endloop
  endfacet
  facet normal 0.019633692460630073 -0.9998072404820648 0
    outer loop
      vertex 15.282220552722794 2.9976871087221686 16
      vertex 15.282220552722794 2.9976871087221686 13
      vertex 15.4 3 13
    endloop
  endfacet
  facet normal -0.019633692460630073 -0.9998072404820648 0
    outer loop
      vertex 15.4 3 16
      vertex 15.4 3 13
      vertex 15.517779447277206 2.9976871087221686 13
    endloop
  endfacet
  facet normal -0.05887080365118833 -0.9982656101847159 0
    outer loop
      vertex 15.517779447277206 2.9976871087221686 16
      vertex 15.517779447277206 2.9976871087221686 13
      vertex 15.635377287183536 2.990752001199384 13
    endloop
  endfacet
  facet normal -0.0980171403295605 -0.9951847266721969 0
    outer loop
      vertex 15.635377287183536 2.990752001199384 16
      vertex 15.635377287183536 2.990752001199384 13
      vertex 15.752612192373514 2.9792053708647788 13
    endloop
  endfacet
  facet normal -0.13701234168196733 -0.9905693404435774 0
    outer loop
      vertex 15.752612192373514 2.9792053708647788 16
      vertex 15.752612192373514 2.9792053708647788 13
      vertex 15.869303395120692 2.9630650217854133 13
    endloop
  endfacet
  facet normal -0.17579627993435348 -0.9844265680898917 0
    outer loop
      vertex 15.869303395120692 2.9630650217854133 16
      vertex 15.869303395120692 2.9630650217854133 13
      vertex 15.985270966048386 2.9423558412096913 13
    endloop
  endfacet
  facet normal -0.3644704998791539 -0.9312149347588018 0
    outer loop
      vertex 16.43835117123248 2.8145740077674524 16
      vertex 16.43835117123248 2.8145740077674524 13
      vertex 16.54805029709527 2.77163859753386 13
    endloop
  endfacet
  facet normal -0.40074883310314235 -0.9161879571171352 0
    outer loop
      vertex 16.54805029709527 2.77163859753386 16
      vertex 16.54805029709527 2.77163859753386 13
      vertex 16.655979212612284 2.7244295214752436 13
    endloop
  endfacet
  facet normal -0.4364092406733301 -0.8997482840522273 0
    outer loop
      vertex 16.655979212612284 2.7244295214752436 16
      vertex 16.655979212612284 2.7244295214752436 13
      vertex 16.761971499218642 2.673019572565104 13
    endloop
  endfacet
  facet normal -0.47139673682600697 -0.8819212643483499 0
    outer loop
      vertex 16.761971499218642 2.673019572565104 16
      vertex 16.761971499218642 2.673019572565104 13
      vertex 16.865863724490865 2.6174880212183913 13
    endloop
  endfacet
  facet normal -0.2143091530650565 -0.9767658813208712 0
    outer loop
      vertex 15.985270966048386 2.9423558412096913 16
      vertex 15.985270966048386 2.9423558412096913 13
      vertex 16.100336091567716 2.9171097611930294 13
    endloop
  endfacet
  facet normal -0.2524915770151509 -0.9675990923602616 0
    outer loop
      vertex 16.100336091567716 2.9171097611930294 16
      vertex 16.100336091567716 2.9171097611930294 13
      vertex 16.214321349595224 2.887365709360942 13
    endloop
  endfacet
  facet normal -0.2902846772544685 -0.956940335732207 0
    outer loop
      vertex 16.214321349595224 2.887365709360942 16
      vertex 16.214321349595224 2.887365709360942 13
      vertex 16.327050983124842 2.8531695488854605 13
    endloop
  endfacet
  facet normal -0.32763017956168883 -0.9448060464668796 0
    outer loop
      vertex 16.327050983124842 2.8531695488854605 16
      vertex 16.327050983124842 2.8531695488854605 13
      vertex 16.43835117123248 2.8145740077674524 13
    endloop
  endfacet
  facet normal -0.7973206537727091 -0.6035559419535689 0
    outer loop
      vertex 17.755950792642235 1.857281847929502 16
      vertex 17.755950792642235 1.857281847929502 13
      vertex 17.827050983124842 1.7633557568774194 13
    endloop
  endfacet
  facet normal -0.9569403357322079 -0.2902846772544654 0
    outer loop
      vertex 18.25316954888546 0.9270509831248421 16
      vertex 18.25316954888546 0.9270509831248421 13
      vertex 18.28736570936094 0.8143213495952228 13
    endloop
  endfacet
  facet normal -0.9982656101847154 -0.05887080365119599 0
    outer loop
      vertex 18.390752001199385 0.23537728718353484 16
      vertex 18.390752001199385 0.23537728718353484 13
      vertex 18.39768710872217 0.11777944727720582 13
    endloop
  endfacet
  facet normal -0.9998072404820654 -0.019633692460603723 0
    outer loop
      vertex 18.39768710872217 0.11777944727720582 16
      vertex 18.39768710872217 0.11777944727720582 13
      vertex 18.4 0 13
    endloop
  endfacet
  facet normal -0.9951847266721954 -0.09801714032957529 0
    outer loop
      vertex 18.379205370864778 0.35261219237351293 16
      vertex 18.379205370864778 0.35261219237351293 13
      vertex 18.390752001199385 0.23537728718353484 13
    endloop
  endfacet
  facet normal -0.9905693404435785 -0.1370123416819585 0
    outer loop
      vertex 18.363065021785413 0.46930339512069263 16
      vertex 18.363065021785413 0.46930339512069263 13
      vertex 18.379205370864778 0.35261219237351293 13
    endloop
  endfacet
  facet normal -0.9844265680898919 -0.17579627993435243 0
    outer loop
      vertex 18.34235584120969 0.5852709660483848 16
      vertex 18.34235584120969 0.5852709660483848 13
      vertex 18.363065021785413 0.46930339512069263 13
    endloop
  endfacet
  facet normal -0.9767658813208734 -0.2143091530650461 0
    outer loop
      vertex 18.31710976119303 0.7003360915677161 16
      vertex 18.31710976119303 0.7003360915677161 13
      vertex 18.34235584120969 0.5852709660483848 13
    endloop
  endfacet
  facet normal -0.9675990923602562 -0.2524915770151718 0
    outer loop
      vertex 18.28736570936094 0.8143213495952228 16
      vertex 18.28736570936094 0.8143213495952228 13
      vertex 18.31710976119303 0.7003360915677161 13
    endloop
  endfacet
  facet normal -0.9448060464668833 -0.3276301795616783 0
    outer loop
      vertex 18.214574007767453 1.0383511712324789 16
      vertex 18.214574007767453 1.0383511712324789 13
      vertex 18.25316954888546 0.9270509831248421 13
    endloop
  endfacet
  facet normal -0.9312149347588016 -0.36447049987915464 0
    outer loop
      vertex 18.17163859753386 1.1480502970952693 16
      vertex 18.17163859753386 1.1480502970952693 13
      vertex 18.214574007767453 1.0383511712324789 13
    endloop
  endfacet
  facet normal -0.9161879571171319 -0.4007488331031505 0
    outer loop
      vertex 18.124429521475243 1.2559792126122842 16
      vertex 18.124429521475243 1.2559792126122842 13
      vertex 18.17163859753386 1.1480502970952693 13
    endloop
  endfacet
  facet normal -0.8997482840522307 -0.43640924067332293 0
    outer loop
      vertex 18.073019572565105 1.3619714992186405 16
      vertex 18.073019572565105 1.3619714992186405 13
      vertex 18.124429521475243 1.2559792126122842 13
    endloop
  endfacet
  facet normal -0.8422172337162833 -0.5391383229110053 0
    outer loop
      vertex 17.894408836907637 1.6667106990588065 16
      vertex 17.894408836907637 1.6667106990588065 13
      vertex 17.95792049306228 1.5674956941478464 13
    endloop
  endfacet
  facet normal -0.8819212643483475 -0.4713967368260117 0
    outer loop
      vertex 18.01748802121839 1.4658637244908648 16
      vertex 18.01748802121839 1.4658637244908648 13
      vertex 18.073019572565105 1.3619714992186405 13
    endloop
  endfacet
  facet normal -0.8627343859778012 -0.5056573733779688 0
    outer loop
      vertex 17.95792049306228 1.5674956941478464 16
      vertex 17.95792049306228 1.5674956941478464 13
      vertex 18.01748802121839 1.4658637244908648 13
    endloop
  endfacet
  facet normal -0.8204014435255077 -0.5717879602276206 0
    outer loop
      vertex 17.827050983124842 1.7633557568774194 16
      vertex 17.827050983124842 1.7633557568774194 13
      vertex 17.894408836907637 1.6667106990588065 13
    endloop
  endfacet
  facet normal -0.6343932841636413 -0.7730104533627405 0
    outer loop
      vertex 17.2572818479295 2.355950792642235 16
      vertex 17.2572818479295 2.355950792642235 13
      vertex 17.348344144990552 2.2812178968000927 13
    endloop
  endfacet
  facet normal -0.5717879602276114 -0.8204014435255143 0
    outer loop
      vertex 17.066710699058806 2.4944088369076356 16
      vertex 17.066710699058806 2.4944088369076356 13
      vertex 17.16335575687742 2.4270509831248424 13
    endloop
  endfacet
  facet normal -0.5391383229110043 -0.8422172337162839 0
    outer loop
      vertex 16.967495694147846 2.557920493062277 16
      vertex 16.967495694147846 2.557920493062277 13
      vertex 17.066710699058806 2.4944088369076356 13
    endloop
  endfacet
  facet normal -0.5056573733779829 -0.8627343859777928 0
    outer loop
      vertex 16.865863724490865 2.6174880212183913 16
      vertex 16.865863724490865 2.6174880212183913 13
      vertex 16.967495694147846 2.557920493062277 13
    endloop
  endfacet
  facet normal -0.6035559419535694 -0.7973206537727086 0
    outer loop
      vertex 17.16335575687742 2.4270509831248424 16
      vertex 17.16335575687742 2.4270509831248424 13
      vertex 17.2572818479295 2.355950792642235 13
    endloop
  endfacet
  facet normal -0.7208535967029196 -0.693087362545635 0
    outer loop
      vertex 17.521320343559644 2.121320343559643 16
      vertex 17.521320343559644 2.121320343559643 13
      vertex 17.602967528307058 2.0364022365988252 13
    endloop
  endfacet
  facet normal -0.6642524379112769 -0.7475083268626009 0
    outer loop
      vertex 17.348344144990552 2.2812178968000927 16
      vertex 17.348344144990552 2.2812178968000927 13
      vertex 17.436402236598827 2.202967528307057 13
    endloop
  endfacet
  facet normal -0.6930873625456369 -0.7208535967029178 0
    outer loop
      vertex 17.436402236598827 2.202967528307057 16
      vertex 17.436402236598827 2.202967528307057 13
      vertex 17.521320343559644 2.121320343559643 13
    endloop
  endfacet
  facet normal -0.747508326862606 -0.6642524379112712 0
    outer loop
      vertex 17.602967528307058 2.0364022365988252 16
      vertex 17.602967528307058 2.0364022365988252 13
      vertex 17.681217896800092 1.948344144990551 13
    endloop
  endfacet
  facet normal -0.7730104533627342 -0.634393284163649 0
    outer loop
      vertex 17.681217896800092 1.948344144990551 16
      vertex 17.681217896800092 1.948344144990551 13
      vertex 17.755950792642235 1.857281847929502 13
    endloop
  endfacet
  facet normal 0.9998072404820647 -0.01963369246063387 1.0064886878629483e-21
    outer loop
      vertex 12.4 0 16
      vertex 12.402312891277832 0.11777944727720582 13
      vertex 12.402312891277832 0.11777944727720582 16
    endloop
  endfacet
  facet normal 0.9982656101847164 -0.05887080365118096 -3.2504832904768504e-20
    outer loop
      vertex 12.402312891277832 0.11777944727720582 16
      vertex 12.409247998800616 0.23537728718353484 13
      vertex 12.409247998800616 0.23537728718353484 16
    endloop
  endfacet
  facet normal 0.9951847266721969 -0.09801714032956037 -7.335139337203405e-20
    outer loop
      vertex 12.409247998800616 0.23537728718353484 16
      vertex 12.420794629135221 0.35261219237351293 13
      vertex 12.420794629135221 0.35261219237351293 16
    endloop
  endfacet
  facet normal 0.9905693404435765 -0.13701234168197332 -3.0105185675311333e-19
    outer loop
      vertex 12.420794629135221 0.35261219237351293 16
      vertex 12.436934978214587 0.46930339512069263 13
      vertex 12.436934978214587 0.46930339512069263 16
    endloop
  endfacet
  facet normal 0.9844265680898919 -0.17579627993435243 -5.810046270087727e-19
    outer loop
      vertex 12.436934978214587 0.46930339512069263 16
      vertex 12.457644158790309 0.5852709660483848 13
      vertex 12.457644158790309 0.5852709660483848 16
    endloop
  endfacet
  facet normal 0.9767658813208734 -0.2143091530650461 -3.1805054051083105e-19
    outer loop
      vertex 12.457644158790309 0.5852709660483848 16
      vertex 12.48289023880697 0.7003360915677161 13
      vertex 12.48289023880697 0.7003360915677161 16
    endloop
  endfacet
  facet normal 0.9675990923602599 -0.2524915770151576 -6.08071955342873e-19
    outer loop
      vertex 12.48289023880697 0.7003360915677161 16
      vertex 12.512634290639058 0.8143213495952228 13
      vertex 12.512634290639058 0.8143213495952228 16
    endloop
  endfacet
  facet normal 0.9569403357322079 -0.2902846772544654 -3.2308279067327233e-19
    outer loop
      vertex 12.512634290639058 0.8143213495952228 16
      vertex 12.54683045111454 0.9270509831248421 13
      vertex 12.54683045111454 0.9270509831248421 16
    endloop
  endfacet
  facet normal 0.9448060464668787 -0.32763017956169177 -6.189582661628339e-19
    outer loop
      vertex 12.54683045111454 0.9270509831248421 16
      vertex 12.585425992232548 1.0383511712324789 13
      vertex 12.585425992232548 1.0383511712324789 16
    endloop
  endfacet
  facet normal 0.9312149347588016 -0.36447049987915464 -4.10343691804099e-19
    outer loop
      vertex 12.585425992232548 1.0383511712324789 16
      vertex 12.62836140246614 1.1480502970952693 13
      vertex 12.62836140246614 1.1480502970952693 16
    endloop
  endfacet
  facet normal 0.9161879571171373 -0.4007488331031378 1.207830368213301e-18
    outer loop
      vertex 12.62836140246614 1.1480502970952693 16
      vertex 12.675570478524756 1.2559792126122842 13
      vertex 12.675570478524756 1.2559792126122842 16
    endloop
  endfacet
  facet normal 0.8997482840522247 -0.43640924067333514 2.0195499359346094e-19
    outer loop
      vertex 12.675570478524756 1.2559792126122842 16
      vertex 12.726980427434896 1.3619714992186405 13
      vertex 12.726980427434896 1.3619714992186405 16
    endloop
  endfacet
  facet normal 0.8819212643483475 -0.4713967368260117 6.775057767708111e-19
    outer loop
      vertex 12.726980427434896 1.3619714992186405 16
      vertex 12.78251197878161 1.4658637244908648 13
      vertex 12.78251197878161 1.4658637244908648 16
    endloop
  endfacet
  facet normal 0.8627343859777945 -0.50565737337798 6.415037634087239e-20
    outer loop
      vertex 12.78251197878161 1.4658637244908648 16
      vertex 12.842079506937724 1.5674956941478464 13
      vertex 12.842079506937724 1.5674956941478464 16
    endloop
  endfacet
  facet normal 0.8422172337162902 -0.5391383229109946 -2.1926867869723124e-19
    outer loop
      vertex 12.842079506937724 1.5674956941478464 16
      vertex 12.905591163092364 1.6667106990588065 13
      vertex 12.905591163092364 1.6667106990588065 16
    endloop
  endfacet
  facet normal 0.8204014435255077 -0.5717879602276206 7.757646601836531e-19
    outer loop
      vertex 12.905591163092364 1.6667106990588065 16
      vertex 12.972949016875159 1.7633557568774194 13
      vertex 12.972949016875159 1.7633557568774194 16
    endloop
  endfacet
  facet normal 0.7973206537727091 -0.6035559419535689 -3.353218897700147e-19
    outer loop
      vertex 12.972949016875159 1.7633557568774194 16
      vertex 13.044049207357766 1.857281847929502 13
      vertex 13.044049207357766 1.857281847929502 16
    endloop
  endfacet
  facet normal 0.7730104533627342 -0.634393284163649 -1.1671822561548673e-18
    outer loop
      vertex 13.044049207357766 1.857281847929502 16
      vertex 13.118782103199909 1.948344144990551 13
      vertex 13.118782103199909 1.948344144990551 16
    endloop
  endfacet
  facet normal 0.747508326862606 -0.6642524379112712 2.494242879916869e-19
    outer loop
      vertex 13.118782103199909 1.948344144990551 16
      vertex 13.197032471692943 2.0364022365988252 13
      vertex 13.197032471692943 2.0364022365988252 16
    endloop
  endfacet
  facet normal 0.7208535967029196 -0.693087362545635 1.8081332377260045e-19
    outer loop
      vertex 13.197032471692943 2.0364022365988252 16
      vertex 13.278679656440357 2.121320343559643 13
      vertex 13.278679656440357 2.121320343559643 16
    endloop
  endfacet
  facet normal 0.6930873625456293 -0.720853596702925 1.1872579428499322e-18
    outer loop
      vertex 13.278679656440357 2.121320343559643 16
      vertex 13.363597763401176 2.202967528307057 13
      vertex 13.363597763401176 2.202967528307057 16
    endloop
  endfacet
  facet normal 0.6642524379112844 -0.7475083268625945 6.9733196213594325e-19
    outer loop
      vertex 13.363597763401176 2.202967528307057 16
      vertex 13.451655855009449 2.2812178968000927 13
      vertex 13.451655855009449 2.2812178968000927 16
    endloop
  endfacet
  facet normal 0.6343932841636413 -0.7730104533627405 -7.601827375240951e-19
    outer loop
      vertex 13.451655855009449 2.2812178968000927 16
      vertex 13.5427181520705 2.355950792642235 13
      vertex 13.5427181520705 2.355950792642235 16
    endloop
  endfacet
  facet normal 0.6035559419535768 -0.7973206537727031 -6.291836846341425e-19
    outer loop
      vertex 13.5427181520705 2.355950792642235 16
      vertex 13.63664424312258 2.4270509831248424 13
      vertex 13.63664424312258 2.4270509831248424 16
    endloop
  endfacet
  facet normal 0.5717879602276043 -0.8204014435255191 2.2648381151730163e-19
    outer loop
      vertex 13.63664424312258 2.4270509831248424 16
      vertex 13.733289300941195 2.4944088369076356 13
      vertex 13.733289300941195 2.4944088369076356 16
    endloop
  endfacet
  facet normal 0.5391383229110043 -0.8422172337162839 -5.229143640472924e-19
    outer loop
      vertex 13.733289300941195 2.4944088369076356 16
      vertex 13.832504305852154 2.557920493062277 13
      vertex 13.832504305852154 2.557920493062277 16
    endloop
  endfacet
  facet normal 0.5056573733779829 -0.8627343859777928 1.5144568130760488e-19
    outer loop
      vertex 13.832504305852154 2.557920493062277 16
      vertex 13.934136275509136 2.6174880212183913 13
      vertex 13.934136275509136 2.6174880212183913 16
    endloop
  endfacet
  facet normal 0.47139673682600075 -0.8819212643483534 7.08541487754605e-19
    outer loop
      vertex 13.934136275509136 2.6174880212183913 16
      vertex 14.03802850078136 2.673019572565104 13
      vertex 14.03802850078136 2.673019572565104 16
    endloop
  endfacet
  facet normal 0.436409240673336 -0.8997482840522243 -4.0942934319546794e-19
    outer loop
      vertex 14.03802850078136 2.673019572565104 16
      vertex 14.144020787387717 2.7244295214752436 13
      vertex 14.144020787387717 2.7244295214752436 16
    endloop
  endfacet
  facet normal 0.40074883310314235 -0.9161879571171352 -1.0291125522037179e-18
    outer loop
      vertex 14.144020787387717 2.7244295214752436 16
      vertex 14.251949702904732 2.77163859753386 13
      vertex 14.251949702904732 2.77163859753386 16
    endloop
  endfacet
  facet normal 0.3644704998791539 -0.9312149347588018 -7.338497642997782e-19
    outer loop
      vertex 14.251949702904732 2.77163859753386 16
      vertex 14.361648828767521 2.8145740077674524 13
      vertex 14.361648828767521 2.8145740077674524 16
    endloop
  endfacet
  facet normal 0.32763017956168883 -0.9448060464668796 3.6838427254117573e-19
    outer loop
      vertex 14.361648828767521 2.8145740077674524 16
      vertex 14.472949016875159 2.8531695488854605 13
      vertex 14.472949016875159 2.8531695488854605 16
    endloop
  endfacet
  facet normal 0.2902846772544685 -0.956940335732207 -3.851824244203176e-19
    outer loop
      vertex 14.472949016875159 2.8531695488854605 16
      vertex 14.585678650404777 2.887365709360942 13
      vertex 14.585678650404777 2.887365709360942 16
    endloop
  endfacet
  facet normal 0.2524915770151509 -0.9675990923602616 4.739966853391149e-19
    outer loop
      vertex 14.585678650404777 2.887365709360942 16
      vertex 14.699663908432285 2.9171097611930294 13
      vertex 14.699663908432285 2.9171097611930294 16
    endloop
  endfacet
  facet normal 0.2143091530650565 -0.9767658813208712 -1.6868348804677203e-20
    outer loop
      vertex 14.699663908432285 2.9171097611930294 16
      vertex 14.814729033951615 2.9423558412096913 13
      vertex 14.814729033951615 2.9423558412096913 16
    endloop
  endfacet
  facet normal 0.17579627993435348 -0.9844265680898917 1.2533528175930226e-19
    outer loop
      vertex 14.814729033951615 2.9423558412096913 16
      vertex 14.930696604879309 2.9630650217854133 13
      vertex 14.930696604879309 2.9630650217854133 16
    endloop
  endfacet
  facet normal 0.13701234168196733 -0.9905693404435774 -2.210496720979871e-19
    outer loop
      vertex 14.930696604879309 2.9630650217854133 16
      vertex 15.047387807626487 2.9792053708647788 13
      vertex 15.047387807626487 2.9792053708647788 16
    endloop
  endfacet
  facet normal 0.0980171403295605 -0.9951847266721969 7.755448814125713e-21
    outer loop
      vertex 15.047387807626487 2.9792053708647788 16
      vertex 15.164622712816465 2.990752001199384 13
      vertex 15.164622712816465 2.990752001199384 16
    endloop
  endfacet
  facet normal 0.05887080365118833 -0.9982656101847159 -6.60159160546572e-20
    outer loop
      vertex 15.164622712816465 2.990752001199384 16
      vertex 15.282220552722794 2.9976871087221686 13
      vertex 15.282220552722794 2.9976871087221686 16
    endloop
  endfacet
  facet normal 0.019633692460630073 -0.9998072404820648 6.85255614808353e-20
    outer loop
      vertex 15.282220552722794 2.9976871087221686 16
      vertex 15.4 3 13
      vertex 15.4 3 16
    endloop
  endfacet
  facet normal -0.019633692460630073 -0.9998072404820648 -6.85255614808353e-20
    outer loop
      vertex 15.4 3 16
      vertex 15.517779447277206 2.9976871087221686 13
      vertex 15.517779447277206 2.9976871087221686 16
    endloop
  endfacet
  facet normal -0.05887080365118833 -0.9982656101847159 6.60159160546572e-20
    outer loop
      vertex 15.517779447277206 2.9976871087221686 16
      vertex 15.635377287183536 2.990752001199384 13
      vertex 15.635377287183536 2.990752001199384 16
    endloop
  endfacet
  facet normal -0.0980171403295605 -0.9951847266721969 -7.755448814125713e-21
    outer loop
      vertex 15.635377287183536 2.990752001199384 16
      vertex 15.752612192373514 2.9792053708647788 13
      vertex 15.752612192373514 2.9792053708647788 16
    endloop
  endfacet
  facet normal -0.13701234168196733 -0.9905693404435774 2.210496720979871e-19
    outer loop
      vertex 15.752612192373514 2.9792053708647788 16
      vertex 15.869303395120692 2.9630650217854133 13
      vertex 15.869303395120692 2.9630650217854133 16
    endloop
  endfacet
  facet normal -0.3644704998791539 -0.9312149347588018 0
    outer loop
      vertex 16.54805029709527 2.77163859753386 16
      vertex 16.43835117123248 2.8145740077674524 16
      vertex 16.54805029709527 2.77163859753386 13
    endloop
  endfacet
  facet normal -0.40074883310314235 -0.9161879571171352 1.0291125522037179e-18
    outer loop
      vertex 16.54805029709527 2.77163859753386 16
      vertex 16.655979212612284 2.7244295214752436 13
      vertex 16.655979212612284 2.7244295214752436 16
    endloop
  endfacet
  facet normal -0.4364092406733301 -0.8997482840522273 -2.96363833118279e-19
    outer loop
      vertex 16.655979212612284 2.7244295214752436 16
      vertex 16.761971499218642 2.673019572565104 13
      vertex 16.761971499218642 2.673019572565104 16
    endloop
  endfacet
  facet normal -0.47139673682600697 -0.8819212643483499 1.0796958774465631e-18
    outer loop
      vertex 16.761971499218642 2.673019572565104 16
      vertex 16.865863724490865 2.6174880212183913 13
      vertex 16.865863724490865 2.6174880212183913 16
    endloop
  endfacet
  facet normal -0.17579627993435348 -0.9844265680898917 -1.2533528175930226e-19
    outer loop
      vertex 15.869303395120692 2.9630650217854133 16
      vertex 15.985270966048386 2.9423558412096913 13
      vertex 15.985270966048386 2.9423558412096913 16
    endloop
  endfacet
  facet normal -0.2143091530650565 -0.9767658813208712 1.6868348804677203e-20
    outer loop
      vertex 15.985270966048386 2.9423558412096913 16
      vertex 16.100336091567716 2.9171097611930294 13
      vertex 16.100336091567716 2.9171097611930294 16
    endloop
  endfacet
  facet normal -0.2524915770151509 -0.9675990923602616 -4.739966853391149e-19
    outer loop
      vertex 16.100336091567716 2.9171097611930294 16
      vertex 16.214321349595224 2.887365709360942 13
      vertex 16.214321349595224 2.887365709360942 16
    endloop
  endfacet
  facet normal -0.2902846772544685 -0.956940335732207 3.851824244203176e-19
    outer loop
      vertex 16.214321349595224 2.887365709360942 16
      vertex 16.327050983124842 2.8531695488854605 13
      vertex 16.327050983124842 2.8531695488854605 16
    endloop
  endfacet
  facet normal -0.32763017956168883 -0.9448060464668796 -3.6838427254117573e-19
    outer loop
      vertex 16.327050983124842 2.8531695488854605 16
      vertex 16.43835117123248 2.8145740077674524 13
      vertex 16.43835117123248 2.8145740077674524 16
    endloop
  endfacet
  facet normal -0.7973206537727091 -0.6035559419535689 3.353218897700147e-19
    outer loop
      vertex 17.755950792642235 1.857281847929502 16
      vertex 17.827050983124842 1.7633557568774194 13
      vertex 17.827050983124842 1.7633557568774194 16
    endloop
  endfacet
  facet normal -0.9569403357322079 -0.2902846772544654 3.2308279067327233e-19
    outer loop
      vertex 18.25316954888546 0.9270509831248421 16
      vertex 18.28736570936094 0.8143213495952228 13
      vertex 18.28736570936094 0.8143213495952228 16
    endloop
  endfacet
  facet normal -0.9982656101847154 -0.05887080365119599 0
    outer loop
      vertex 18.39768710872217 0.11777944727720582 16
      vertex 18.390752001199385 0.23537728718353484 16
      vertex 18.39768710872217 0.11777944727720582 13
    endloop
  endfacet
  facet normal -0.9998072404820654 -0.019633692460603723 -3.262743685388792e-20
    outer loop
      vertex 18.39768710872217 0.11777944727720582 16
      vertex 18.4 0 13
      vertex 18.4 0 16
    endloop
  endfacet
  facet normal -0.9951847266721954 -0.09801714032957529 0
    outer loop
      vertex 18.390752001199385 0.23537728718353484 16
      vertex 18.379205370864778 0.35261219237351293 16
      vertex 18.390752001199385 0.23537728718353484 13
    endloop
  endfacet
  facet normal -0.9905693404435785 -0.1370123416819585 0
    outer loop
      vertex 18.379205370864778 0.35261219237351293 16
      vertex 18.363065021785413 0.46930339512069263 16
      vertex 18.379205370864778 0.35261219237351293 13
    endloop
  endfacet
  facet normal -0.9844265680898919 -0.17579627993435243 0
    outer loop
      vertex 18.363065021785413 0.46930339512069263 16
      vertex 18.34235584120969 0.5852709660483848 16
      vertex 18.363065021785413 0.46930339512069263 13
    endloop
  endfacet
  facet normal -0.9767658813208734 -0.2143091530650461 0
    outer loop
      vertex 18.34235584120969 0.5852709660483848 16
      vertex 18.31710976119303 0.7003360915677161 16
      vertex 18.34235584120969 0.5852709660483848 13
    endloop
  endfacet
  facet normal -0.9675990923602562 -0.2524915770151718 0
    outer loop
      vertex 18.31710976119303 0.7003360915677161 16
      vertex 18.28736570936094 0.8143213495952228 16
      vertex 18.31710976119303 0.7003360915677161 13
    endloop
  endfacet
  facet normal -0.9448060464668833 -0.3276301795616783 0
    outer loop
      vertex 18.25316954888546 0.9270509831248421 16
      vertex 18.214574007767453 1.0383511712324789 16
      vertex 18.25316954888546 0.9270509831248421 13
    endloop
  endfacet
  facet normal -0.9312149347588016 -0.36447049987915464 0
    outer loop
      vertex 18.214574007767453 1.0383511712324789 16
      vertex 18.17163859753386 1.1480502970952693 16
      vertex 18.214574007767453 1.0383511712324789 13
    endloop
  endfacet
  facet normal -0.9161879571171319 -0.4007488331031505 0
    outer loop
      vertex 18.17163859753386 1.1480502970952693 16
      vertex 18.124429521475243 1.2559792126122842 16
      vertex 18.17163859753386 1.1480502970952693 13
    endloop
  endfacet
  facet normal -0.8997482840522307 -0.43640924067332293 0
    outer loop
      vertex 18.124429521475243 1.2559792126122842 16
      vertex 18.073019572565105 1.3619714992186405 16
      vertex 18.124429521475243 1.2559792126122842 13
    endloop
  endfacet
  facet normal -0.8819212643483475 -0.4713967368260117 0
    outer loop
      vertex 18.073019572565105 1.3619714992186405 16
      vertex 18.01748802121839 1.4658637244908648 16
      vertex 18.073019572565105 1.3619714992186405 13
    endloop
  endfacet
  facet normal -0.8627343859778012 -0.5056573733779688 0
    outer loop
      vertex 18.01748802121839 1.4658637244908648 16
      vertex 17.95792049306228 1.5674956941478464 16
      vertex 18.01748802121839 1.4658637244908648 13
    endloop
  endfacet
  facet normal -0.8422172337162833 -0.5391383229110053 0
    outer loop
      vertex 17.95792049306228 1.5674956941478464 16
      vertex 17.894408836907637 1.6667106990588065 16
      vertex 17.95792049306228 1.5674956941478464 13
    endloop
  endfacet
  facet normal -0.8204014435255077 -0.5717879602276206 0
    outer loop
      vertex 17.894408836907637 1.6667106990588065 16
      vertex 17.827050983124842 1.7633557568774194 16
      vertex 17.894408836907637 1.6667106990588065 13
    endloop
  endfacet
  facet normal -0.6343932841636413 -0.7730104533627405 7.601827375240951e-19
    outer loop
      vertex 17.2572818479295 2.355950792642235 16
      vertex 17.348344144990552 2.2812178968000927 13
      vertex 17.348344144990552 2.2812178968000927 16
    endloop
  endfacet
  facet normal -0.5056573733779829 -0.8627343859777928 -1.5144568130760488e-19
    outer loop
      vertex 16.865863724490865 2.6174880212183913 16
      vertex 16.967495694147846 2.557920493062277 13
      vertex 16.967495694147846 2.557920493062277 16
    endloop
  endfacet
  facet normal -0.5391383229110043 -0.8422172337162839 5.229143640472924e-19
    outer loop
      vertex 16.967495694147846 2.557920493062277 16
      vertex 17.066710699058806 2.4944088369076356 13
      vertex 17.066710699058806 2.4944088369076356 16
    endloop
  endfacet
  facet normal -0.5717879602276114 -0.8204014435255143 -3.5193592542186394e-19
    outer loop
      vertex 17.066710699058806 2.4944088369076356 16
      vertex 17.16335575687742 2.4270509831248424 13
      vertex 17.16335575687742 2.4270509831248424 16
    endloop
  endfacet
  facet normal -0.6035559419535694 -0.7973206537727086 -8.757622964426009e-19
    outer loop
      vertex 17.16335575687742 2.4270509831248424 16
      vertex 17.2572818479295 2.355950792642235 13
      vertex 17.2572818479295 2.355950792642235 16
    endloop
  endfacet
  facet normal -0.7208535967029196 -0.693087362545635 -1.8081332377260045e-19
    outer loop
      vertex 17.521320343559644 2.121320343559643 16
      vertex 17.602967528307058 2.0364022365988252 13
      vertex 17.602967528307058 2.0364022365988252 16
    endloop
  endfacet
  facet normal -0.6642524379112769 -0.7475083268626009 0
    outer loop
      vertex 17.436402236598827 2.202967528307057 16
      vertex 17.348344144990552 2.2812178968000927 16
      vertex 17.436402236598827 2.202967528307057 13
    endloop
  endfacet
  facet normal -0.6930873625456369 -0.7208535967029178 -6.634282496024952e-19
    outer loop
      vertex 17.436402236598827 2.202967528307057 16
      vertex 17.521320343559644 2.121320343559643 13
      vertex 17.521320343559644 2.121320343559643 16
    endloop
  endfacet
  facet normal -0.747508326862606 -0.6642524379112712 0
    outer loop
      vertex 17.681217896800092 1.948344144990551 16
      vertex 17.602967528307058 2.0364022365988252 16
      vertex 17.681217896800092 1.948344144990551 13
    endloop
  endfacet
  facet normal -0.7730104533627342 -0.634393284163649 0
    outer loop
      vertex 17.755950792642235 1.857281847929502 16
      vertex 17.681217896800092 1.948344144990551 16
      vertex 17.755950792642235 1.857281847929502 13
    endloop
  endfacet
  facet normal -0.01963369246063387 0.9998072404820647 0
    outer loop
      vertex 0.11777944727720582 12.402312891277832 16
      vertex 0.11777944727720582 12.402312891277832 13
      vertex 0 12.4 13
    endloop
  endfacet
  facet normal -0.05887080365118096 0.9982656101847164 0
    outer loop
      vertex 0.23537728718353484 12.409247998800616 16
      vertex 0.23537728718353484 12.409247998800616 13
      vertex 0.11777944727720582 12.402312891277832 13
    endloop
  endfacet
  facet normal -0.09801714032956037 0.9951847266721969 0
    outer loop
      vertex 0.35261219237351293 12.420794629135221 16
      vertex 0.35261219237351293 12.420794629135221 13
      vertex 0.23537728718353484 12.409247998800616 13
    endloop
  endfacet
  facet normal -0.13701234168197332 0.9905693404435765 0
    outer loop
      vertex 0.46930339512069263 12.436934978214587 16
      vertex 0.46930339512069263 12.436934978214587 13
      vertex 0.35261219237351293 12.420794629135221 13
    endloop
  endfacet
  facet normal -0.17579627993435243 0.9844265680898919 0
    outer loop
      vertex 0.5852709660483848 12.457644158790309 16
      vertex 0.5852709660483848 12.457644158790309 13
      vertex 0.46930339512069263 12.436934978214587 13
    endloop
  endfacet
  facet normal -0.2143091530650461 0.9767658813208734 0
    outer loop
      vertex 0.7003360915677161 12.48289023880697 16
      vertex 0.7003360915677161 12.48289023880697 13
      vertex 0.5852709660483848 12.457644158790309 13
    endloop
  endfacet
  facet normal -0.2524915770151576 0.9675990923602599 0
    outer loop
      vertex 0.8143213495952228 12.512634290639058 16
      vertex 0.8143213495952228 12.512634290639058 13
      vertex 0.7003360915677161 12.48289023880697 13
    endloop
  endfacet
  facet normal -0.2902846772544654 0.9569403357322079 0
    outer loop
      vertex 0.9270509831248421 12.54683045111454 16
      vertex 0.9270509831248421 12.54683045111454 13
      vertex 0.8143213495952228 12.512634290639058 13
    endloop
  endfacet
  facet normal -0.32763017956169177 0.9448060464668787 0
    outer loop
      vertex 1.0383511712324789 12.585425992232548 16
      vertex 1.0383511712324789 12.585425992232548 13
      vertex 0.9270509831248421 12.54683045111454 13
    endloop
  endfacet
  facet normal -0.36447049987915464 0.9312149347588016 0
    outer loop
      vertex 1.1480502970952693 12.62836140246614 16
      vertex 1.1480502970952693 12.62836140246614 13
      vertex 1.0383511712324789 12.585425992232548 13
    endloop
  endfacet
  facet normal -0.4007488331031378 0.9161879571171373 0
    outer loop
      vertex 1.2559792126122842 12.675570478524756 16
      vertex 1.2559792126122842 12.675570478524756 13
      vertex 1.1480502970952693 12.62836140246614 13
    endloop
  endfacet
  facet normal -0.43640924067333514 0.8997482840522247 0
    outer loop
      vertex 1.3619714992186405 12.726980427434896 16
      vertex 1.3619714992186405 12.726980427434896 13
      vertex 1.2559792126122842 12.675570478524756 13
    endloop
  endfacet
  facet normal -0.4713967368260117 0.8819212643483475 0
    outer loop
      vertex 1.4658637244908648 12.78251197878161 16
      vertex 1.4658637244908648 12.78251197878161 13
      vertex 1.3619714992186405 12.726980427434896 13
    endloop
  endfacet
  facet normal -0.50565737337798 0.8627343859777945 0
    outer loop
      vertex 1.5674956941478464 12.842079506937724 16
      vertex 1.5674956941478464 12.842079506937724 13
      vertex 1.4658637244908648 12.78251197878161 13
    endloop
  endfacet
  facet normal -0.5391383229109946 0.8422172337162902 0
    outer loop
      vertex 1.6667106990588065 12.905591163092364 16
      vertex 1.6667106990588065 12.905591163092364 13
      vertex 1.5674956941478464 12.842079506937724 13
    endloop
  endfacet
  facet normal -0.5717879602276206 0.8204014435255077 0
    outer loop
      vertex 1.7633557568774194 12.972949016875159 16
      vertex 1.7633557568774194 12.972949016875159 13
      vertex 1.6667106990588065 12.905591163092364 13
    endloop
  endfacet
  facet normal -0.6035559419535689 0.7973206537727091 0
    outer loop
      vertex 1.857281847929502 13.044049207357766 16
      vertex 1.857281847929502 13.044049207357766 13
      vertex 1.7633557568774194 12.972949016875159 13
    endloop
  endfacet
  facet normal -0.634393284163649 0.7730104533627342 0
    outer loop
      vertex 1.948344144990551 13.118782103199909 16
      vertex 1.948344144990551 13.118782103199909 13
      vertex 1.857281847929502 13.044049207357766 13
    endloop
  endfacet
  facet normal -0.6642524379112712 0.747508326862606 0
    outer loop
      vertex 2.0364022365988252 13.197032471692943 16
      vertex 2.0364022365988252 13.197032471692943 13
      vertex 1.948344144990551 13.118782103199909 13
    endloop
  endfacet
  facet normal -0.693087362545635 0.7208535967029196 0
    outer loop
      vertex 2.121320343559643 13.278679656440357 16
      vertex 2.121320343559643 13.278679656440357 13
      vertex 2.0364022365988252 13.197032471692943 13
    endloop
  endfacet
  facet normal -0.720853596702925 0.6930873625456293 0
    outer loop
      vertex 2.202967528307057 13.363597763401176 16
      vertex 2.202967528307057 13.363597763401176 13
      vertex 2.121320343559643 13.278679656440357 13
    endloop
  endfacet
  facet normal -0.7475083268625945 0.6642524379112844 0
    outer loop
      vertex 2.2812178968000927 13.451655855009449 16
      vertex 2.2812178968000927 13.451655855009449 13
      vertex 2.202967528307057 13.363597763401176 13
    endloop
  endfacet
  facet normal -0.7730104533627405 0.6343932841636413 0
    outer loop
      vertex 2.355950792642235 13.5427181520705 16
      vertex 2.355950792642235 13.5427181520705 13
      vertex 2.2812178968000927 13.451655855009449 13
    endloop
  endfacet
  facet normal -0.7973206537727031 0.6035559419535768 0
    outer loop
      vertex 2.4270509831248424 13.63664424312258 16
      vertex 2.4270509831248424 13.63664424312258 13
      vertex 2.355950792642235 13.5427181520705 13
    endloop
  endfacet
  facet normal -0.8204014435255191 0.5717879602276043 0
    outer loop
      vertex 2.4944088369076356 13.733289300941195 16
      vertex 2.4944088369076356 13.733289300941195 13
      vertex 2.4270509831248424 13.63664424312258 13
    endloop
  endfacet
  facet normal -0.8422172337162839 0.5391383229110043 0
    outer loop
      vertex 2.557920493062277 13.832504305852154 16
      vertex 2.557920493062277 13.832504305852154 13
      vertex 2.4944088369076356 13.733289300941195 13
    endloop
  endfacet
  facet normal -0.8627343859777928 0.5056573733779829 0
    outer loop
      vertex 2.6174880212183913 13.934136275509136 16
      vertex 2.6174880212183913 13.934136275509136 13
      vertex 2.557920493062277 13.832504305852154 13
    endloop
  endfacet
  facet normal -0.8819212643483534 0.47139673682600075 0
    outer loop
      vertex 2.673019572565104 14.03802850078136 16
      vertex 2.673019572565104 14.03802850078136 13
      vertex 2.6174880212183913 13.934136275509136 13
    endloop
  endfacet
  facet normal -0.8997482840522243 0.436409240673336 0
    outer loop
      vertex 2.7244295214752436 14.144020787387717 16
      vertex 2.7244295214752436 14.144020787387717 13
      vertex 2.673019572565104 14.03802850078136 13
    endloop
  endfacet
  facet normal -0.9161879571171352 0.40074883310314235 0
    outer loop
      vertex 2.77163859753386 14.251949702904732 16
      vertex 2.77163859753386 14.251949702904732 13
      vertex 2.7244295214752436 14.144020787387717 13
    endloop
  endfacet
  facet normal -0.9312149347588018 0.3644704998791539 0
    outer loop
      vertex 2.8145740077674524 14.361648828767521 16
      vertex 2.8145740077674524 14.361648828767521 13
      vertex 2.77163859753386 14.251949702904732 13
    endloop
  endfacet
  facet normal -0.9448060464668796 0.32763017956168883 0
    outer loop
      vertex 2.8531695488854605 14.472949016875159 16
      vertex 2.8531695488854605 14.472949016875159 13
      vertex 2.8145740077674524 14.361648828767521 13
    endloop
  endfacet
  facet normal -0.956940335732207 0.2902846772544685 0
    outer loop
      vertex 2.887365709360942 14.585678650404777 16
      vertex 2.887365709360942 14.585678650404777 13
      vertex 2.8531695488854605 14.472949016875159 13
    endloop
  endfacet
  facet normal -0.9675990923602616 0.2524915770151509 0
    outer loop
      vertex 2.9171097611930294 14.699663908432285 16
      vertex 2.9171097611930294 14.699663908432285 13
      vertex 2.887365709360942 14.585678650404777 13
    endloop
  endfacet
  facet normal -0.9767658813208712 0.2143091530650565 0
    outer loop
      vertex 2.9423558412096913 14.814729033951615 16
      vertex 2.9423558412096913 14.814729033951615 13
      vertex 2.9171097611930294 14.699663908432285 13
    endloop
  endfacet
  facet normal -0.9844265680898917 0.17579627993435348 0
    outer loop
      vertex 2.9630650217854133 14.930696604879309 16
      vertex 2.9630650217854133 14.930696604879309 13
      vertex 2.9423558412096913 14.814729033951615 13
    endloop
  endfacet
  facet normal -0.019633692460603723 -0.9998072404820654 0
    outer loop
      vertex 0 18.4 16
      vertex 0 18.4 13
      vertex 0.11777944727720582 18.39768710872217 13
    endloop
  endfacet
  facet normal -0.05887080365119599 -0.9982656101847154 0
    outer loop
      vertex 0.11777944727720582 18.39768710872217 16
      vertex 0.11777944727720582 18.39768710872217 13
      vertex 0.23537728718353484 18.390752001199385 13
    endloop
  endfacet
  facet normal -0.09801714032957529 -0.9951847266721954 0
    outer loop
      vertex 0.23537728718353484 18.390752001199385 16
      vertex 0.23537728718353484 18.390752001199385 13
      vertex 0.35261219237351293 18.379205370864778 13
    endloop
  endfacet
  facet normal -0.1370123416819585 -0.9905693404435785 0
    outer loop
      vertex 0.35261219237351293 18.379205370864778 16
      vertex 0.35261219237351293 18.379205370864778 13
      vertex 0.46930339512069263 18.363065021785413 13
    endloop
  endfacet
  facet normal -0.2902846772544654 -0.9569403357322079 0
    outer loop
      vertex 0.8143213495952228 18.28736570936094 16
      vertex 0.8143213495952228 18.28736570936094 13
      vertex 0.9270509831248421 18.25316954888546 13
    endloop
  endfacet
  facet normal -0.17579627993435243 -0.9844265680898919 0
    outer loop
      vertex 0.46930339512069263 18.363065021785413 16
      vertex 0.46930339512069263 18.363065021785413 13
      vertex 0.5852709660483848 18.34235584120969 13
    endloop
  endfacet
  facet normal -0.2143091530650461 -0.9767658813208734 0
    outer loop
      vertex 0.5852709660483848 18.34235584120969 16
      vertex 0.5852709660483848 18.34235584120969 13
      vertex 0.7003360915677161 18.31710976119303 13
    endloop
  endfacet
  facet normal -0.2524915770151718 -0.9675990923602562 0
    outer loop
      vertex 0.7003360915677161 18.31710976119303 16
      vertex 0.7003360915677161 18.31710976119303 13
      vertex 0.8143213495952228 18.28736570936094 13
    endloop
  endfacet
  facet normal -0.6035559419535689 -0.7973206537727091 0
    outer loop
      vertex 1.7633557568774194 17.827050983124842 16
      vertex 1.7633557568774194 17.827050983124842 13
      vertex 1.857281847929502 17.755950792642235 13
    endloop
  endfacet
  facet normal -0.3276301795616783 -0.9448060464668833 0
    outer loop
      vertex 0.9270509831248421 18.25316954888546 16
      vertex 0.9270509831248421 18.25316954888546 13
      vertex 1.0383511712324789 18.214574007767453 13
    endloop
  endfacet
  facet normal -0.36447049987915464 -0.9312149347588016 0
    outer loop
      vertex 1.0383511712324789 18.214574007767453 16
      vertex 1.0383511712324789 18.214574007767453 13
      vertex 1.1480502970952693 18.17163859753386 13
    endloop
  endfacet
  facet normal -0.4007488331031505 -0.9161879571171319 0
    outer loop
      vertex 1.1480502970952693 18.17163859753386 16
      vertex 1.1480502970952693 18.17163859753386 13
      vertex 1.2559792126122842 18.124429521475243 13
    endloop
  endfacet
  facet normal -0.43640924067332293 -0.8997482840522307 0
    outer loop
      vertex 1.2559792126122842 18.124429521475243 16
      vertex 1.2559792126122842 18.124429521475243 13
      vertex 1.3619714992186405 18.073019572565105 13
    endloop
  endfacet
  facet normal -0.4713967368260117 -0.8819212643483475 0
    outer loop
      vertex 1.3619714992186405 18.073019572565105 16
      vertex 1.3619714992186405 18.073019572565105 13
      vertex 1.4658637244908648 18.01748802121839 13
    endloop
  endfacet
  facet normal -0.5056573733779688 -0.8627343859778012 0
    outer loop
      vertex 1.4658637244908648 18.01748802121839 16
      vertex 1.4658637244908648 18.01748802121839 13
      vertex 1.5674956941478464 17.95792049306228 13
    endloop
  endfacet
  facet normal -0.5391383229110053 -0.8422172337162833 0
    outer loop
      vertex 1.5674956941478464 17.95792049306228 16
      vertex 1.5674956941478464 17.95792049306228 13
      vertex 1.6667106990588065 17.894408836907637 13
    endloop
  endfacet
  facet normal -0.5717879602276206 -0.8204014435255077 0
    outer loop
      vertex 1.6667106990588065 17.894408836907637 16
      vertex 1.6667106990588065 17.894408836907637 13
      vertex 1.7633557568774194 17.827050983124842 13
    endloop
  endfacet
  facet normal -0.9312149347588018 -0.3644704998791539 0
    outer loop
      vertex 2.77163859753386 16.54805029709527 16
      vertex 2.77163859753386 16.54805029709527 13
      vertex 2.8145740077674524 16.43835117123248 13
    endloop
  endfacet
  facet normal -0.9161879571171352 -0.40074883310314235 0
    outer loop
      vertex 2.7244295214752436 16.655979212612284 16
      vertex 2.7244295214752436 16.655979212612284 13
      vertex 2.77163859753386 16.54805029709527 13
    endloop
  endfacet
  facet normal -0.8997482840522273 -0.4364092406733301 0
    outer loop
      vertex 2.673019572565104 16.761971499218642 16
      vertex 2.673019572565104 16.761971499218642 13
      vertex 2.7244295214752436 16.655979212612284 13
    endloop
  endfacet
  facet normal -0.8819212643483499 -0.47139673682600697 0
    outer loop
      vertex 2.6174880212183913 16.865863724490865 16
      vertex 2.6174880212183913 16.865863724490865 13
      vertex 2.673019572565104 16.761971499218642 13
    endloop
  endfacet
  facet normal -0.9905693404435774 0.13701234168196733 0
    outer loop
      vertex 2.9792053708647788 15.047387807626487 16
      vertex 2.9792053708647788 15.047387807626487 13
      vertex 2.9630650217854133 14.930696604879309 13
    endloop
  endfacet
  facet normal -0.9951847266721969 0.0980171403295605 0
    outer loop
      vertex 2.990752001199384 15.164622712816465 16
      vertex 2.990752001199384 15.164622712816465 13
      vertex 2.9792053708647788 15.047387807626487 13
    endloop
  endfacet
  facet normal -0.9982656101847159 0.05887080365118833 0
    outer loop
      vertex 2.9976871087221686 15.282220552722794 16
      vertex 2.9976871087221686 15.282220552722794 13
      vertex 2.990752001199384 15.164622712816465 13
    endloop
  endfacet
  facet normal -0.9998072404820648 0.019633692460630073 0
    outer loop
      vertex 3 15.4 16
      vertex 3 15.4 13
      vertex 2.9976871087221686 15.282220552722794 13
    endloop
  endfacet
  facet normal -0.9998072404820648 -0.019633692460630073 0
    outer loop
      vertex 2.9976871087221686 15.517779447277206 16
      vertex 2.9976871087221686 15.517779447277206 13
      vertex 3 15.4 13
    endloop
  endfacet
  facet normal -0.9982656101847159 -0.05887080365118833 0
    outer loop
      vertex 2.990752001199384 15.635377287183536 16
      vertex 2.990752001199384 15.635377287183536 13
      vertex 2.9976871087221686 15.517779447277206 13
    endloop
  endfacet
  facet normal -0.9951847266721969 -0.0980171403295605 0
    outer loop
      vertex 2.9792053708647788 15.752612192373514 16
      vertex 2.9792053708647788 15.752612192373514 13
      vertex 2.990752001199384 15.635377287183536 13
    endloop
  endfacet
  facet normal -0.9905693404435774 -0.13701234168196733 0
    outer loop
      vertex 2.9630650217854133 15.869303395120692 16
      vertex 2.9630650217854133 15.869303395120692 13
      vertex 2.9792053708647788 15.752612192373514 13
    endloop
  endfacet
  facet normal -0.9767658813208712 -0.2143091530650565 0
    outer loop
      vertex 2.9171097611930294 16.100336091567716 16
      vertex 2.9171097611930294 16.100336091567716 13
      vertex 2.9423558412096913 15.985270966048386 13
    endloop
  endfacet
  facet normal -0.9844265680898917 -0.17579627993435348 0
    outer loop
      vertex 2.9423558412096913 15.985270966048386 16
      vertex 2.9423558412096913 15.985270966048386 13
      vertex 2.9630650217854133 15.869303395120692 13
    endloop
  endfacet
  facet normal -0.9675990923602616 -0.2524915770151509 0
    outer loop
      vertex 2.887365709360942 16.214321349595224 16
      vertex 2.887365709360942 16.214321349595224 13
      vertex 2.9171097611930294 16.100336091567716 13
    endloop
  endfacet
  facet normal -0.956940335732207 -0.2902846772544685 0
    outer loop
      vertex 2.8531695488854605 16.327050983124842 16
      vertex 2.8531695488854605 16.327050983124842 13
      vertex 2.887365709360942 16.214321349595224 13
    endloop
  endfacet
  facet normal -0.9448060464668796 -0.32763017956168883 0
    outer loop
      vertex 2.8145740077674524 16.43835117123248 16
      vertex 2.8145740077674524 16.43835117123248 13
      vertex 2.8531695488854605 16.327050983124842 13
    endloop
  endfacet
  facet normal -0.7730104533627405 -0.6343932841636413 0
    outer loop
      vertex 2.2812178968000927 17.348344144990552 16
      vertex 2.2812178968000927 17.348344144990552 13
      vertex 2.355950792642235 17.2572818479295 13
    endloop
  endfacet
  facet normal -0.693087362545635 -0.7208535967029196 0
    outer loop
      vertex 2.0364022365988252 17.602967528307058 16
      vertex 2.0364022365988252 17.602967528307058 13
      vertex 2.121320343559643 17.521320343559644 13
    endloop
  endfacet
  facet normal -0.6642524379112712 -0.747508326862606 0
    outer loop
      vertex 1.948344144990551 17.681217896800092 16
      vertex 1.948344144990551 17.681217896800092 13
      vertex 2.0364022365988252 17.602967528307058 13
    endloop
  endfacet
  facet normal -0.634393284163649 -0.7730104533627342 0
    outer loop
      vertex 1.857281847929502 17.755950792642235 16
      vertex 1.857281847929502 17.755950792642235 13
      vertex 1.948344144990551 17.681217896800092 13
    endloop
  endfacet
  facet normal -0.7208535967029178 -0.6930873625456369 0
    outer loop
      vertex 2.121320343559643 17.521320343559644 16
      vertex 2.121320343559643 17.521320343559644 13
      vertex 2.202967528307057 17.436402236598827 13
    endloop
  endfacet
  facet normal -0.7475083268626009 -0.6642524379112769 0
    outer loop
      vertex 2.202967528307057 17.436402236598827 16
      vertex 2.202967528307057 17.436402236598827 13
      vertex 2.2812178968000927 17.348344144990552 13
    endloop
  endfacet
  facet normal -0.8627343859777928 -0.5056573733779829 0
    outer loop
      vertex 2.557920493062277 16.967495694147846 16
      vertex 2.557920493062277 16.967495694147846 13
      vertex 2.6174880212183913 16.865863724490865 13
    endloop
  endfacet
  facet normal -0.8422172337162839 -0.5391383229110043 0
    outer loop
      vertex 2.4944088369076356 17.066710699058806 16
      vertex 2.4944088369076356 17.066710699058806 13
      vertex 2.557920493062277 16.967495694147846 13
    endloop
  endfacet
  facet normal -0.8204014435255143 -0.5717879602276114 0
    outer loop
      vertex 2.4270509831248424 17.16335575687742 16
      vertex 2.4270509831248424 17.16335575687742 13
      vertex 2.4944088369076356 17.066710699058806 13
    endloop
  endfacet
  facet normal -0.7973206537727086 -0.6035559419535694 0
    outer loop
      vertex 2.355950792642235 17.2572818479295 16
      vertex 2.355950792642235 17.2572818479295 13
      vertex 2.4270509831248424 17.16335575687742 13
    endloop
  endfacet
  facet normal -0.01963369246063387 0.9998072404820647 0
    outer loop
      vertex 0 12.4 16
      vertex 0.11777944727720582 12.402312891277832 16
      vertex 0 12.4 13
    endloop
  endfacet
  facet normal -0.05887080365118096 0.9982656101847164 0
    outer loop
      vertex 0.11777944727720582 12.402312891277832 16
      vertex 0.23537728718353484 12.409247998800616 16
      vertex 0.11777944727720582 12.402312891277832 13
    endloop
  endfacet
  facet normal -0.09801714032956037 0.9951847266721969 0
    outer loop
      vertex 0.23537728718353484 12.409247998800616 16
      vertex 0.35261219237351293 12.420794629135221 16
      vertex 0.23537728718353484 12.409247998800616 13
    endloop
  endfacet
  facet normal -0.13701234168197332 0.9905693404435765 0
    outer loop
      vertex 0.35261219237351293 12.420794629135221 16
      vertex 0.46930339512069263 12.436934978214587 16
      vertex 0.35261219237351293 12.420794629135221 13
    endloop
  endfacet
  facet normal -0.17579627993435243 0.9844265680898919 0
    outer loop
      vertex 0.46930339512069263 12.436934978214587 16
      vertex 0.5852709660483848 12.457644158790309 16
      vertex 0.46930339512069263 12.436934978214587 13
    endloop
  endfacet
  facet normal -0.2143091530650461 0.9767658813208734 0
    outer loop
      vertex 0.5852709660483848 12.457644158790309 16
      vertex 0.7003360915677161 12.48289023880697 16
      vertex 0.5852709660483848 12.457644158790309 13
    endloop
  endfacet
  facet normal -0.2524915770151576 0.9675990923602599 0
    outer loop
      vertex 0.7003360915677161 12.48289023880697 16
      vertex 0.8143213495952228 12.512634290639058 16
      vertex 0.7003360915677161 12.48289023880697 13
    endloop
  endfacet
  facet normal -0.2902846772544654 0.9569403357322079 0
    outer loop
      vertex 0.8143213495952228 12.512634290639058 16
      vertex 0.9270509831248421 12.54683045111454 16
      vertex 0.8143213495952228 12.512634290639058 13
    endloop
  endfacet
  facet normal -0.32763017956169177 0.9448060464668787 0
    outer loop
      vertex 0.9270509831248421 12.54683045111454 16
      vertex 1.0383511712324789 12.585425992232548 16
      vertex 0.9270509831248421 12.54683045111454 13
    endloop
  endfacet
  facet normal -0.36447049987915464 0.9312149347588016 0
    outer loop
      vertex 1.0383511712324789 12.585425992232548 16
      vertex 1.1480502970952693 12.62836140246614 16
      vertex 1.0383511712324789 12.585425992232548 13
    endloop
  endfacet
  facet normal -0.4007488331031378 0.9161879571171373 0
    outer loop
      vertex 1.1480502970952693 12.62836140246614 16
      vertex 1.2559792126122842 12.675570478524756 16
      vertex 1.1480502970952693 12.62836140246614 13
    endloop
  endfacet
  facet normal -0.43640924067333514 0.8997482840522247 0
    outer loop
      vertex 1.2559792126122842 12.675570478524756 16
      vertex 1.3619714992186405 12.726980427434896 16
      vertex 1.2559792126122842 12.675570478524756 13
    endloop
  endfacet
  facet normal -0.4713967368260117 0.8819212643483475 0
    outer loop
      vertex 1.3619714992186405 12.726980427434896 16
      vertex 1.4658637244908648 12.78251197878161 16
      vertex 1.3619714992186405 12.726980427434896 13
    endloop
  endfacet
  facet normal -0.50565737337798 0.8627343859777945 0
    outer loop
      vertex 1.4658637244908648 12.78251197878161 16
      vertex 1.5674956941478464 12.842079506937724 16
      vertex 1.4658637244908648 12.78251197878161 13
    endloop
  endfacet
  facet normal -0.5391383229109946 0.8422172337162902 0
    outer loop
      vertex 1.5674956941478464 12.842079506937724 16
      vertex 1.6667106990588065 12.905591163092364 16
      vertex 1.5674956941478464 12.842079506937724 13
    endloop
  endfacet
  facet normal -0.5717879602276206 0.8204014435255077 0
    outer loop
      vertex 1.6667106990588065 12.905591163092364 16
      vertex 1.7633557568774194 12.972949016875159 16
      vertex 1.6667106990588065 12.905591163092364 13
    endloop
  endfacet
  facet normal -0.6035559419535689 0.7973206537727091 0
    outer loop
      vertex 1.7633557568774194 12.972949016875159 16
      vertex 1.857281847929502 13.044049207357766 16
      vertex 1.7633557568774194 12.972949016875159 13
    endloop
  endfacet
  facet normal -0.634393284163649 0.7730104533627342 0
    outer loop
      vertex 1.857281847929502 13.044049207357766 16
      vertex 1.948344144990551 13.118782103199909 16
      vertex 1.857281847929502 13.044049207357766 13
    endloop
  endfacet
  facet normal -0.6642524379112712 0.747508326862606 0
    outer loop
      vertex 1.948344144990551 13.118782103199909 16
      vertex 2.0364022365988252 13.197032471692943 16
      vertex 1.948344144990551 13.118782103199909 13
    endloop
  endfacet
  facet normal -0.693087362545635 0.7208535967029196 0
    outer loop
      vertex 2.0364022365988252 13.197032471692943 16
      vertex 2.121320343559643 13.278679656440357 16
      vertex 2.0364022365988252 13.197032471692943 13
    endloop
  endfacet
  facet normal -0.720853596702925 0.6930873625456293 0
    outer loop
      vertex 2.121320343559643 13.278679656440357 16
      vertex 2.202967528307057 13.363597763401176 16
      vertex 2.121320343559643 13.278679656440357 13
    endloop
  endfacet
  facet normal -0.7475083268625945 0.6642524379112844 0
    outer loop
      vertex 2.202967528307057 13.363597763401176 16
      vertex 2.2812178968000927 13.451655855009449 16
      vertex 2.202967528307057 13.363597763401176 13
    endloop
  endfacet
  facet normal -0.7730104533627405 0.6343932841636413 0
    outer loop
      vertex 2.2812178968000927 13.451655855009449 16
      vertex 2.355950792642235 13.5427181520705 16
      vertex 2.2812178968000927 13.451655855009449 13
    endloop
  endfacet
  facet normal -0.7973206537727031 0.6035559419535768 0
    outer loop
      vertex 2.355950792642235 13.5427181520705 16
      vertex 2.4270509831248424 13.63664424312258 16
      vertex 2.355950792642235 13.5427181520705 13
    endloop
  endfacet
  facet normal -0.8204014435255191 0.5717879602276043 0
    outer loop
      vertex 2.4270509831248424 13.63664424312258 16
      vertex 2.4944088369076356 13.733289300941195 16
      vertex 2.4270509831248424 13.63664424312258 13
    endloop
  endfacet
  facet normal -0.8422172337162839 0.5391383229110043 0
    outer loop
      vertex 2.4944088369076356 13.733289300941195 16
      vertex 2.557920493062277 13.832504305852154 16
      vertex 2.4944088369076356 13.733289300941195 13
    endloop
  endfacet
  facet normal -0.8627343859777928 0.5056573733779829 0
    outer loop
      vertex 2.557920493062277 13.832504305852154 16
      vertex 2.6174880212183913 13.934136275509136 16
      vertex 2.557920493062277 13.832504305852154 13
    endloop
  endfacet
  facet normal -0.8819212643483534 0.47139673682600075 0
    outer loop
      vertex 2.6174880212183913 13.934136275509136 16
      vertex 2.673019572565104 14.03802850078136 16
      vertex 2.6174880212183913 13.934136275509136 13
    endloop
  endfacet
  facet normal -0.8997482840522243 0.436409240673336 0
    outer loop
      vertex 2.673019572565104 14.03802850078136 16
      vertex 2.7244295214752436 14.144020787387717 16
      vertex 2.673019572565104 14.03802850078136 13
    endloop
  endfacet
  facet normal -0.9161879571171352 0.40074883310314235 0
    outer loop
      vertex 2.7244295214752436 14.144020787387717 16
      vertex 2.77163859753386 14.251949702904732 16
      vertex 2.7244295214752436 14.144020787387717 13
    endloop
  endfacet
  facet normal -0.9312149347588018 0.3644704998791539 0
    outer loop
      vertex 2.77163859753386 14.251949702904732 16
      vertex 2.8145740077674524 14.361648828767521 16
      vertex 2.77163859753386 14.251949702904732 13
    endloop
  endfacet
  facet normal -0.9448060464668796 0.32763017956168883 0
    outer loop
      vertex 2.8145740077674524 14.361648828767521 16
      vertex 2.8531695488854605 14.472949016875159 16
      vertex 2.8145740077674524 14.361648828767521 13
    endloop
  endfacet
  facet normal -0.956940335732207 0.2902846772544685 0
    outer loop
      vertex 2.8531695488854605 14.472949016875159 16
      vertex 2.887365709360942 14.585678650404777 16
      vertex 2.8531695488854605 14.472949016875159 13
    endloop
  endfacet
  facet normal -0.9675990923602616 0.2524915770151509 0
    outer loop
      vertex 2.887365709360942 14.585678650404777 16
      vertex 2.9171097611930294 14.699663908432285 16
      vertex 2.887365709360942 14.585678650404777 13
    endloop
  endfacet
  facet normal -0.9767658813208712 0.2143091530650565 0
    outer loop
      vertex 2.9171097611930294 14.699663908432285 16
      vertex 2.9423558412096913 14.814729033951615 16
      vertex 2.9171097611930294 14.699663908432285 13
    endloop
  endfacet
  facet normal -0.9844265680898917 0.17579627993435348 0
    outer loop
      vertex 2.9423558412096913 14.814729033951615 16
      vertex 2.9630650217854133 14.930696604879309 16
      vertex 2.9423558412096913 14.814729033951615 13
    endloop
  endfacet
  facet normal -0.9905693404435774 0.13701234168196733 0
    outer loop
      vertex 2.9630650217854133 14.930696604879309 16
      vertex 2.9792053708647788 15.047387807626487 16
      vertex 2.9630650217854133 14.930696604879309 13
    endloop
  endfacet
  facet normal -0.019633692460603723 -0.9998072404820654 -3.262743685388792e-20
    outer loop
      vertex 0 18.4 16
      vertex 0.11777944727720582 18.39768710872217 13
      vertex 0.11777944727720582 18.39768710872217 16
    endloop
  endfacet
  facet normal -0.05887080365119599 -0.9982656101847154 1.1748183442527037e-19
    outer loop
      vertex 0.11777944727720582 18.39768710872217 16
      vertex 0.23537728718353484 18.390752001199385 13
      vertex 0.23537728718353484 18.390752001199385 16
    endloop
  endfacet
  facet normal -0.09801714032957529 -0.9951847266721954 -1.6492532748396757e-19
    outer loop
      vertex 0.23537728718353484 18.390752001199385 16
      vertex 0.35261219237351293 18.379205370864778 13
      vertex 0.35261219237351293 18.379205370864778 16
    endloop
  endfacet
  facet normal -0.1370123416819585 -0.9905693404435785 2.6076034294890467e-19
    outer loop
      vertex 0.35261219237351293 18.379205370864778 16
      vertex 0.46930339512069263 18.363065021785413 13
      vertex 0.46930339512069263 18.363065021785413 16
    endloop
  endfacet
  facet normal -0.2902846772544654 -0.9569403357322079 0
    outer loop
      vertex 0.9270509831248421 18.25316954888546 16
      vertex 0.8143213495952228 18.28736570936094 16
      vertex 0.9270509831248421 18.25316954888546 13
    endloop
  endfacet
  facet normal -0.17579627993435243 -0.9844265680898919 5.810046270087727e-19
    outer loop
      vertex 0.46930339512069263 18.363065021785413 16
      vertex 0.5852709660483848 18.34235584120969 13
      vertex 0.5852709660483848 18.34235584120969 16
    endloop
  endfacet
  facet normal -0.2143091530650461 -0.9767658813208734 3.1805054051083105e-19
    outer loop
      vertex 0.5852709660483848 18.34235584120969 16
      vertex 0.7003360915677161 18.31710976119303 13
      vertex 0.7003360915677161 18.31710976119303 16
    endloop
  endfacet
  facet normal -0.2524915770151718 -0.9675990923602562 -4.762538150819781e-19
    outer loop
      vertex 0.7003360915677161 18.31710976119303 16
      vertex 0.8143213495952228 18.28736570936094 13
      vertex 0.8143213495952228 18.28736570936094 16
    endloop
  endfacet
  facet normal -0.6035559419535689 -0.7973206537727091 0
    outer loop
      vertex 1.857281847929502 17.755950792642235 16
      vertex 1.7633557568774194 17.827050983124842 16
      vertex 1.857281847929502 17.755950792642235 13
    endloop
  endfacet
  facet normal -0.3276301795616783 -0.9448060464668833 4.78536698264936e-19
    outer loop
      vertex 0.9270509831248421 18.25316954888546 16
      vertex 1.0383511712324789 18.214574007767453 13
      vertex 1.0383511712324789 18.214574007767453 16
    endloop
  endfacet
  facet normal -0.36447049987915464 -0.9312149347588016 4.10343691804099e-19
    outer loop
      vertex 1.0383511712324789 18.214574007767453 16
      vertex 1.1480502970952693 18.17163859753386 13
      vertex 1.1480502970952693 18.17163859753386 16
    endloop
  endfacet
  facet normal -0.4007488331031505 -0.9161879571171319 1.1521677359438392e-18
    outer loop
      vertex 1.1480502970952693 18.17163859753386 16
      vertex 1.2559792126122842 18.124429521475243 13
      vertex 1.2559792126122842 18.124429521475243 16
    endloop
  endfacet
  facet normal -0.43640924067332293 -0.8997482840522307 -2.4748010369276986e-20
    outer loop
      vertex 1.2559792126122842 18.124429521475243 16
      vertex 1.3619714992186405 18.073019572565105 13
      vertex 1.3619714992186405 18.073019572565105 16
    endloop
  endfacet
  facet normal -0.4713967368260117 -0.8819212643483475 -6.775057767708111e-19
    outer loop
      vertex 1.3619714992186405 18.073019572565105 16
      vertex 1.4658637244908648 18.01748802121839 13
      vertex 1.4658637244908648 18.01748802121839 16
    endloop
  endfacet
  facet normal -0.5391383229110053 -0.8422172337162833 -2.527649424253517e-19
    outer loop
      vertex 1.5674956941478464 17.95792049306228 16
      vertex 1.6667106990588065 17.894408836907637 13
      vertex 1.6667106990588065 17.894408836907637 16
    endloop
  endfacet
  facet normal -0.5056573733779688 -0.8627343859778012 2.8503084352606094e-19
    outer loop
      vertex 1.4658637244908648 18.01748802121839 16
      vertex 1.5674956941478464 17.95792049306228 13
      vertex 1.5674956941478464 17.95792049306228 16
    endloop
  endfacet
  facet normal -0.5717879602276206 -0.8204014435255077 -7.757646601836531e-19
    outer loop
      vertex 1.6667106990588065 17.894408836907637 16
      vertex 1.7633557568774194 17.827050983124842 13
      vertex 1.7633557568774194 17.827050983124842 16
    endloop
  endfacet
  facet normal -0.9312149347588018 -0.3644704998791539 7.338497642997782e-19
    outer loop
      vertex 2.77163859753386 16.54805029709527 16
      vertex 2.8145740077674524 16.43835117123248 13
      vertex 2.8145740077674524 16.43835117123248 16
    endloop
  endfacet
  facet normal -0.9161879571171352 -0.40074883310314235 0
    outer loop
      vertex 2.77163859753386 16.54805029709527 16
      vertex 2.7244295214752436 16.655979212612284 16
      vertex 2.77163859753386 16.54805029709527 13
    endloop
  endfacet
  facet normal -0.8819212643483499 -0.47139673682600697 0
    outer loop
      vertex 2.673019572565104 16.761971499218642 16
      vertex 2.6174880212183913 16.865863724490865 16
      vertex 2.673019572565104 16.761971499218642 13
    endloop
  endfacet
  facet normal -0.8997482840522273 -0.4364092406733301 -2.96363833118279e-19
    outer loop
      vertex 2.673019572565104 16.761971499218642 16
      vertex 2.7244295214752436 16.655979212612284 13
      vertex 2.7244295214752436 16.655979212612284 16
    endloop
  endfacet
  facet normal -0.9951847266721969 0.0980171403295605 0
    outer loop
      vertex 2.9792053708647788 15.047387807626487 16
      vertex 2.990752001199384 15.164622712816465 16
      vertex 2.9792053708647788 15.047387807626487 13
    endloop
  endfacet
  facet normal -0.9982656101847159 0.05887080365118833 0
    outer loop
      vertex 2.990752001199384 15.164622712816465 16
      vertex 2.9976871087221686 15.282220552722794 16
      vertex 2.990752001199384 15.164622712816465 13
    endloop
  endfacet
  facet normal -0.9998072404820648 0.019633692460630073 0
    outer loop
      vertex 2.9976871087221686 15.282220552722794 16
      vertex 3 15.4 16
      vertex 2.9976871087221686 15.282220552722794 13
    endloop
  endfacet
  facet normal -0.9998072404820648 -0.019633692460630073 0
    outer loop
      vertex 3 15.4 16
      vertex 2.9976871087221686 15.517779447277206 16
      vertex 3 15.4 13
    endloop
  endfacet
  facet normal -0.9982656101847159 -0.05887080365118833 0
    outer loop
      vertex 2.9976871087221686 15.517779447277206 16
      vertex 2.990752001199384 15.635377287183536 16
      vertex 2.9976871087221686 15.517779447277206 13
    endloop
  endfacet
  facet normal -0.9951847266721969 -0.0980171403295605 0
    outer loop
      vertex 2.990752001199384 15.635377287183536 16
      vertex 2.9792053708647788 15.752612192373514 16
      vertex 2.990752001199384 15.635377287183536 13
    endloop
  endfacet
  facet normal -0.9905693404435774 -0.13701234168196733 0
    outer loop
      vertex 2.9792053708647788 15.752612192373514 16
      vertex 2.9630650217854133 15.869303395120692 16
      vertex 2.9792053708647788 15.752612192373514 13
    endloop
  endfacet
  facet normal -0.9844265680898917 -0.17579627993435348 0
    outer loop
      vertex 2.9630650217854133 15.869303395120692 16
      vertex 2.9423558412096913 15.985270966048386 16
      vertex 2.9630650217854133 15.869303395120692 13
    endloop
  endfacet
  facet normal -0.9675990923602616 -0.2524915770151509 0
    outer loop
      vertex 2.9171097611930294 16.100336091567716 16
      vertex 2.887365709360942 16.214321349595224 16
      vertex 2.9171097611930294 16.100336091567716 13
    endloop
  endfacet
  facet normal -0.9767658813208712 -0.2143091530650565 1.6868348804677203e-20
    outer loop
      vertex 2.9171097611930294 16.100336091567716 16
      vertex 2.9423558412096913 15.985270966048386 13
      vertex 2.9423558412096913 15.985270966048386 16
    endloop
  endfacet
  facet normal -0.956940335732207 -0.2902846772544685 0
    outer loop
      vertex 2.887365709360942 16.214321349595224 16
      vertex 2.8531695488854605 16.327050983124842 16
      vertex 2.887365709360942 16.214321349595224 13
    endloop
  endfacet
  facet normal -0.9448060464668796 -0.32763017956168883 0
    outer loop
      vertex 2.8531695488854605 16.327050983124842 16
      vertex 2.8145740077674524 16.43835117123248 16
      vertex 2.8531695488854605 16.327050983124842 13
    endloop
  endfacet
  facet normal -0.7730104533627405 -0.6343932841636413 7.601827375240951e-19
    outer loop
      vertex 2.2812178968000927 17.348344144990552 16
      vertex 2.355950792642235 17.2572818479295 13
      vertex 2.355950792642235 17.2572818479295 16
    endloop
  endfacet
  facet normal -0.693087362545635 -0.7208535967029196 -1.8081332377260045e-19
    outer loop
      vertex 2.0364022365988252 17.602967528307058 16
      vertex 2.121320343559643 17.521320343559644 13
      vertex 2.121320343559643 17.521320343559644 16
    endloop
  endfacet
  facet normal -0.634393284163649 -0.7730104533627342 1.1671822561548673e-18
    outer loop
      vertex 1.857281847929502 17.755950792642235 16
      vertex 1.948344144990551 17.681217896800092 13
      vertex 1.948344144990551 17.681217896800092 16
    endloop
  endfacet
  facet normal -0.6642524379112712 -0.747508326862606 -2.494242879916869e-19
    outer loop
      vertex 1.948344144990551 17.681217896800092 16
      vertex 2.0364022365988252 17.602967528307058 13
      vertex 2.0364022365988252 17.602967528307058 16
    endloop
  endfacet
  facet normal -0.7208535967029178 -0.6930873625456369 0
    outer loop
      vertex 2.202967528307057 17.436402236598827 16
      vertex 2.121320343559643 17.521320343559644 16
      vertex 2.202967528307057 17.436402236598827 13
    endloop
  endfacet
  facet normal -0.7475083268626009 -0.6642524379112769 1.1268071611585921e-18
    outer loop
      vertex 2.202967528307057 17.436402236598827 16
      vertex 2.2812178968000927 17.348344144990552 13
      vertex 2.2812178968000927 17.348344144990552 16
    endloop
  endfacet
  facet normal -0.8422172337162839 -0.5391383229110043 0
    outer loop
      vertex 2.557920493062277 16.967495694147846 16
      vertex 2.4944088369076356 17.066710699058806 16
      vertex 2.557920493062277 16.967495694147846 13
    endloop
  endfacet
  facet normal -0.8204014435255143 -0.5717879602276114 0
    outer loop
      vertex 2.4944088369076356 17.066710699058806 16
      vertex 2.4270509831248424 17.16335575687742 16
      vertex 2.4944088369076356 17.066710699058806 13
    endloop
  endfacet
  facet normal -0.7973206537727086 -0.6035559419535694 0
    outer loop
      vertex 2.4270509831248424 17.16335575687742 16
      vertex 2.355950792642235 17.2572818479295 16
      vertex 2.4270509831248424 17.16335575687742 13
    endloop
  endfacet
  facet normal -0.8627343859777928 -0.5056573733779829 0
    outer loop
      vertex 2.6174880212183913 16.865863724490865 16
      vertex 2.557920493062277 16.967495694147846 16
      vertex 2.6174880212183913 16.865863724490865 13
    endloop
  endfacet
  facet normal 0.7730104533627342 0.634393284163649 0
    outer loop
      vertex -17.681217896800092 -1.948344144990551 16
      vertex -17.681217896800092 -1.948344144990551 13
      vertex -17.755950792642235 -1.857281847929502 13
    endloop
  endfacet
  facet normal 0.747508326862606 0.6642524379112712 0
    outer loop
      vertex -17.602967528307058 -2.0364022365988252 16
      vertex -17.602967528307058 -2.0364022365988252 13
      vertex -17.681217896800092 -1.948344144990551 13
    endloop
  endfacet
  facet normal 0.6930873625456369 0.7208535967029178 0
    outer loop
      vertex -17.436402236598827 -2.202967528307057 16
      vertex -17.436402236598827 -2.202967528307057 13
      vertex -17.521320343559644 -2.121320343559643 13
    endloop
  endfacet
  facet normal 0.6642524379112769 0.7475083268626009 0
    outer loop
      vertex -17.348344144990552 -2.2812178968000927 16
      vertex -17.348344144990552 -2.2812178968000927 13
      vertex -17.436402236598827 -2.202967528307057 13
    endloop
  endfacet
  facet normal 0.7208535967029196 0.693087362545635 0
    outer loop
      vertex -17.521320343559644 -2.121320343559643 16
      vertex -17.521320343559644 -2.121320343559643 13
      vertex -17.602967528307058 -2.0364022365988252 13
    endloop
  endfacet
  facet normal 0.6035559419535694 0.7973206537727086 0
    outer loop
      vertex -17.16335575687742 -2.4270509831248424 16
      vertex -17.16335575687742 -2.4270509831248424 13
      vertex -17.2572818479295 -2.355950792642235 13
    endloop
  endfacet
  facet normal 0.5056573733779829 0.8627343859777928 0
    outer loop
      vertex -16.865863724490865 -2.6174880212183913 16
      vertex -16.865863724490865 -2.6174880212183913 13
      vertex -16.967495694147846 -2.557920493062277 13
    endloop
  endfacet
  facet normal 0.5391383229110043 0.8422172337162839 0
    outer loop
      vertex -16.967495694147846 -2.557920493062277 16
      vertex -16.967495694147846 -2.557920493062277 13
      vertex -17.066710699058806 -2.4944088369076356 13
    endloop
  endfacet
  facet normal 0.5717879602276114 0.8204014435255143 0
    outer loop
      vertex -17.066710699058806 -2.4944088369076356 16
      vertex -17.066710699058806 -2.4944088369076356 13
      vertex -17.16335575687742 -2.4270509831248424 13
    endloop
  endfacet
  facet normal 0.6343932841636413 0.7730104533627405 0
    outer loop
      vertex -17.2572818479295 -2.355950792642235 16
      vertex -17.2572818479295 -2.355950792642235 13
      vertex -17.348344144990552 -2.2812178968000927 13
    endloop
  endfacet
  facet normal 0.8204014435255077 0.5717879602276206 0
    outer loop
      vertex -17.827050983124842 -1.7633557568774194 16
      vertex -17.827050983124842 -1.7633557568774194 13
      vertex -17.894408836907637 -1.6667106990588065 13
    endloop
  endfacet
  facet normal 0.8627343859778012 0.5056573733779688 0
    outer loop
      vertex -17.95792049306228 -1.5674956941478464 16
      vertex -17.95792049306228 -1.5674956941478464 13
      vertex -18.01748802121839 -1.4658637244908648 13
    endloop
  endfacet
  facet normal 0.8819212643483475 0.4713967368260117 0
    outer loop
      vertex -18.01748802121839 -1.4658637244908648 16
      vertex -18.01748802121839 -1.4658637244908648 13
      vertex -18.073019572565105 -1.3619714992186405 13
    endloop
  endfacet
  facet normal 0.8422172337162833 0.5391383229110053 0
    outer loop
      vertex -17.894408836907637 -1.6667106990588065 16
      vertex -17.894408836907637 -1.6667106990588065 13
      vertex -17.95792049306228 -1.5674956941478464 13
    endloop
  endfacet
  facet normal 0.8997482840522307 0.43640924067332293 0
    outer loop
      vertex -18.073019572565105 -1.3619714992186405 16
      vertex -18.073019572565105 -1.3619714992186405 13
      vertex -18.124429521475243 -1.2559792126122842 13
    endloop
  endfacet
  facet normal 0.9161879571171319 0.4007488331031505 0
    outer loop
      vertex -18.124429521475243 -1.2559792126122842 16
      vertex -18.124429521475243 -1.2559792126122842 13
      vertex -18.17163859753386 -1.1480502970952693 13
    endloop
  endfacet
  facet normal 0.9312149347588016 0.36447049987915464 0
    outer loop
      vertex -18.17163859753386 -1.1480502970952693 16
      vertex -18.17163859753386 -1.1480502970952693 13
      vertex -18.214574007767453 -1.0383511712324789 13
    endloop
  endfacet
  facet normal 0.9448060464668833 0.3276301795616783 0
    outer loop
      vertex -18.214574007767453 -1.0383511712324789 16
      vertex -18.214574007767453 -1.0383511712324789 13
      vertex -18.25316954888546 -0.9270509831248421 13
    endloop
  endfacet
  facet normal 0.9675990923602562 0.2524915770151718 0
    outer loop
      vertex -18.28736570936094 -0.8143213495952228 16
      vertex -18.28736570936094 -0.8143213495952228 13
      vertex -18.31710976119303 -0.7003360915677161 13
    endloop
  endfacet
  facet normal 0.9767658813208734 0.2143091530650461 0
    outer loop
      vertex -18.31710976119303 -0.7003360915677161 16
      vertex -18.31710976119303 -0.7003360915677161 13
      vertex -18.34235584120969 -0.5852709660483848 13
    endloop
  endfacet
  facet normal 0.9844265680898919 0.17579627993435243 0
    outer loop
      vertex -18.34235584120969 -0.5852709660483848 16
      vertex -18.34235584120969 -0.5852709660483848 13
      vertex -18.363065021785413 -0.46930339512069263 13
    endloop
  endfacet
  facet normal 0.9905693404435785 0.1370123416819585 0
    outer loop
      vertex -18.363065021785413 -0.46930339512069263 16
      vertex -18.363065021785413 -0.46930339512069263 13
      vertex -18.379205370864778 -0.35261219237351293 13
    endloop
  endfacet
  facet normal 0.9951847266721954 0.09801714032957529 0
    outer loop
      vertex -18.379205370864778 -0.35261219237351293 16
      vertex -18.379205370864778 -0.35261219237351293 13
      vertex -18.390752001199385 -0.23537728718353484 13
    endloop
  endfacet
  facet normal 0.9998072404820654 0.019633692460603723 0
    outer loop
      vertex -18.39768710872217 -0.11777944727720582 16
      vertex -18.39768710872217 -0.11777944727720582 13
      vertex -18.4 0 13
    endloop
  endfacet
  facet normal 0.9982656101847154 0.05887080365119599 0
    outer loop
      vertex -18.390752001199385 -0.23537728718353484 16
      vertex -18.390752001199385 -0.23537728718353484 13
      vertex -18.39768710872217 -0.11777944727720582 13
    endloop
  endfacet
  facet normal 0.9569403357322079 0.2902846772544654 0
    outer loop
      vertex -18.25316954888546 -0.9270509831248421 16
      vertex -18.25316954888546 -0.9270509831248421 13
      vertex -18.28736570936094 -0.8143213495952228 13
    endloop
  endfacet
  facet normal 0.7973206537727091 0.6035559419535689 0
    outer loop
      vertex -17.755950792642235 -1.857281847929502 16
      vertex -17.755950792642235 -1.857281847929502 13
      vertex -17.827050983124842 -1.7633557568774194 13
    endloop
  endfacet
  facet normal 0.32763017956168883 0.9448060464668796 0
    outer loop
      vertex -16.327050983124842 -2.8531695488854605 16
      vertex -16.327050983124842 -2.8531695488854605 13
      vertex -16.43835117123248 -2.8145740077674524 13
    endloop
  endfacet
  facet normal 0.2902846772544685 0.956940335732207 0
    outer loop
      vertex -16.214321349595224 -2.887365709360942 16
      vertex -16.214321349595224 -2.887365709360942 13
      vertex -16.327050983124842 -2.8531695488854605 13
    endloop
  endfacet
  facet normal 0.2524915770151509 0.9675990923602616 0
    outer loop
      vertex -16.100336091567716 -2.9171097611930294 16
      vertex -16.100336091567716 -2.9171097611930294 13
      vertex -16.214321349595224 -2.887365709360942 13
    endloop
  endfacet
  facet normal 0.2143091530650565 0.9767658813208712 0
    outer loop
      vertex -15.985270966048386 -2.9423558412096913 16
      vertex -15.985270966048386 -2.9423558412096913 13
      vertex -16.100336091567716 -2.9171097611930294 13
    endloop
  endfacet
  facet normal 0.47139673682600697 0.8819212643483499 0
    outer loop
      vertex -16.761971499218642 -2.673019572565104 16
      vertex -16.761971499218642 -2.673019572565104 13
      vertex -16.865863724490865 -2.6174880212183913 13
    endloop
  endfacet
  facet normal 0.4364092406733301 0.8997482840522273 0
    outer loop
      vertex -16.655979212612284 -2.7244295214752436 16
      vertex -16.655979212612284 -2.7244295214752436 13
      vertex -16.761971499218642 -2.673019572565104 13
    endloop
  endfacet
  facet normal 0.40074883310314235 0.9161879571171352 0
    outer loop
      vertex -16.54805029709527 -2.77163859753386 16
      vertex -16.54805029709527 -2.77163859753386 13
      vertex -16.655979212612284 -2.7244295214752436 13
    endloop
  endfacet
  facet normal 0.3644704998791539 0.9312149347588018 0
    outer loop
      vertex -16.43835117123248 -2.8145740077674524 16
      vertex -16.43835117123248 -2.8145740077674524 13
      vertex -16.54805029709527 -2.77163859753386 13
    endloop
  endfacet
  facet normal 0.17579627993435348 0.9844265680898917 0
    outer loop
      vertex -15.869303395120692 -2.9630650217854133 16
      vertex -15.869303395120692 -2.9630650217854133 13
      vertex -15.985270966048386 -2.9423558412096913 13
    endloop
  endfacet
  facet normal 0.13701234168196733 0.9905693404435774 0
    outer loop
      vertex -15.752612192373514 -2.9792053708647788 16
      vertex -15.752612192373514 -2.9792053708647788 13
      vertex -15.869303395120692 -2.9630650217854133 13
    endloop
  endfacet
  facet normal 0.0980171403295605 0.9951847266721969 0
    outer loop
      vertex -15.635377287183536 -2.990752001199384 16
      vertex -15.635377287183536 -2.990752001199384 13
      vertex -15.752612192373514 -2.9792053708647788 13
    endloop
  endfacet
  facet normal 0.05887080365118833 0.9982656101847159 0
    outer loop
      vertex -15.517779447277206 -2.9976871087221686 16
      vertex -15.517779447277206 -2.9976871087221686 13
      vertex -15.635377287183536 -2.990752001199384 13
    endloop
  endfacet
  facet normal 0.019633692460630073 0.9998072404820648 0
    outer loop
      vertex -15.4 -3 16
      vertex -15.4 -3 13
      vertex -15.517779447277206 -2.9976871087221686 13
    endloop
  endfacet
  facet normal -0.019633692460630073 0.9998072404820648 0
    outer loop
      vertex -15.282220552722794 -2.9976871087221686 16
      vertex -15.282220552722794 -2.9976871087221686 13
      vertex -15.4 -3 13
    endloop
  endfacet
  facet normal -0.05887080365118833 0.9982656101847159 0
    outer loop
      vertex -15.164622712816465 -2.990752001199384 16
      vertex -15.164622712816465 -2.990752001199384 13
      vertex -15.282220552722794 -2.9976871087221686 13
    endloop
  endfacet
  facet normal -0.0980171403295605 0.9951847266721969 0
    outer loop
      vertex -15.047387807626487 -2.9792053708647788 16
      vertex -15.047387807626487 -2.9792053708647788 13
      vertex -15.164622712816465 -2.990752001199384 13
    endloop
  endfacet
  facet normal -0.13701234168196733 0.9905693404435774 0
    outer loop
      vertex -14.930696604879309 -2.9630650217854133 16
      vertex -14.930696604879309 -2.9630650217854133 13
      vertex -15.047387807626487 -2.9792053708647788 13
    endloop
  endfacet
  facet normal -0.17579627993435348 0.9844265680898917 0
    outer loop
      vertex -14.814729033951615 -2.9423558412096913 16
      vertex -14.814729033951615 -2.9423558412096913 13
      vertex -14.930696604879309 -2.9630650217854133 13
    endloop
  endfacet
  facet normal -0.2143091530650565 0.9767658813208712 0
    outer loop
      vertex -14.699663908432285 -2.9171097611930294 16
      vertex -14.699663908432285 -2.9171097611930294 13
      vertex -14.814729033951615 -2.9423558412096913 13
    endloop
  endfacet
  facet normal -0.2524915770151509 0.9675990923602616 0
    outer loop
      vertex -14.585678650404777 -2.887365709360942 16
      vertex -14.585678650404777 -2.887365709360942 13
      vertex -14.699663908432285 -2.9171097611930294 13
    endloop
  endfacet
  facet normal -0.2902846772544685 0.956940335732207 0
    outer loop
      vertex -14.472949016875159 -2.8531695488854605 16
      vertex -14.472949016875159 -2.8531695488854605 13
      vertex -14.585678650404777 -2.887365709360942 13
    endloop
  endfacet
  facet normal -0.32763017956168883 0.9448060464668796 0
    outer loop
      vertex -14.361648828767521 -2.8145740077674524 16
      vertex -14.361648828767521 -2.8145740077674524 13
      vertex -14.472949016875159 -2.8531695488854605 13
    endloop
  endfacet
  facet normal -0.3644704998791539 0.9312149347588018 0
    outer loop
      vertex -14.251949702904732 -2.77163859753386 16
      vertex -14.251949702904732 -2.77163859753386 13
      vertex -14.361648828767521 -2.8145740077674524 13
    endloop
  endfacet
  facet normal -0.40074883310314235 0.9161879571171352 0
    outer loop
      vertex -14.144020787387717 -2.7244295214752436 16
      vertex -14.144020787387717 -2.7244295214752436 13
      vertex -14.251949702904732 -2.77163859753386 13
    endloop
  endfacet
  facet normal -0.436409240673336 0.8997482840522243 0
    outer loop
      vertex -14.03802850078136 -2.673019572565104 16
      vertex -14.03802850078136 -2.673019572565104 13
      vertex -14.144020787387717 -2.7244295214752436 13
    endloop
  endfacet
  facet normal -0.47139673682600075 0.8819212643483534 0
    outer loop
      vertex -13.934136275509136 -2.6174880212183913 16
      vertex -13.934136275509136 -2.6174880212183913 13
      vertex -14.03802850078136 -2.673019572565104 13
    endloop
  endfacet
  facet normal -0.5056573733779829 0.8627343859777928 0
    outer loop
      vertex -13.832504305852154 -2.557920493062277 16
      vertex -13.832504305852154 -2.557920493062277 13
      vertex -13.934136275509136 -2.6174880212183913 13
    endloop
  endfacet
  facet normal -0.5391383229110043 0.8422172337162839 0
    outer loop
      vertex -13.733289300941195 -2.4944088369076356 16
      vertex -13.733289300941195 -2.4944088369076356 13
      vertex -13.832504305852154 -2.557920493062277 13
    endloop
  endfacet
  facet normal -0.5717879602276043 0.8204014435255191 0
    outer loop
      vertex -13.63664424312258 -2.4270509831248424 16
      vertex -13.63664424312258 -2.4270509831248424 13
      vertex -13.733289300941195 -2.4944088369076356 13
    endloop
  endfacet
  facet normal -0.6035559419535768 0.7973206537727031 0
    outer loop
      vertex -13.5427181520705 -2.355950792642235 16
      vertex -13.5427181520705 -2.355950792642235 13
      vertex -13.63664424312258 -2.4270509831248424 13
    endloop
  endfacet
  facet normal -0.6343932841636413 0.7730104533627405 0
    outer loop
      vertex -13.451655855009449 -2.2812178968000927 16
      vertex -13.451655855009449 -2.2812178968000927 13
      vertex -13.5427181520705 -2.355950792642235 13
    endloop
  endfacet
  facet normal -0.6642524379112844 0.7475083268625945 0
    outer loop
      vertex -13.363597763401176 -2.202967528307057 16
      vertex -13.363597763401176 -2.202967528307057 13
      vertex -13.451655855009449 -2.2812178968000927 13
    endloop
  endfacet
  facet normal -0.6930873625456293 0.720853596702925 0
    outer loop
      vertex -13.278679656440357 -2.121320343559643 16
      vertex -13.278679656440357 -2.121320343559643 13
      vertex -13.363597763401176 -2.202967528307057 13
    endloop
  endfacet
  facet normal -0.7208535967029196 0.693087362545635 0
    outer loop
      vertex -13.197032471692943 -2.0364022365988252 16
      vertex -13.197032471692943 -2.0364022365988252 13
      vertex -13.278679656440357 -2.121320343559643 13
    endloop
  endfacet
  facet normal -0.747508326862606 0.6642524379112712 0
    outer loop
      vertex -13.118782103199909 -1.948344144990551 16
      vertex -13.118782103199909 -1.948344144990551 13
      vertex -13.197032471692943 -2.0364022365988252 13
    endloop
  endfacet
  facet normal -0.7730104533627342 0.634393284163649 0
    outer loop
      vertex -13.044049207357766 -1.857281847929502 16
      vertex -13.044049207357766 -1.857281847929502 13
      vertex -13.118782103199909 -1.948344144990551 13
    endloop
  endfacet
  facet normal -0.7973206537727091 0.6035559419535689 0
    outer loop
      vertex -12.972949016875159 -1.7633557568774194 16
      vertex -12.972949016875159 -1.7633557568774194 13
      vertex -13.044049207357766 -1.857281847929502 13
    endloop
  endfacet
  facet normal -0.8204014435255077 0.5717879602276206 0
    outer loop
      vertex -12.905591163092364 -1.6667106990588065 16
      vertex -12.905591163092364 -1.6667106990588065 13
      vertex -12.972949016875159 -1.7633557568774194 13
    endloop
  endfacet
  facet normal -0.8422172337162902 0.5391383229109946 0
    outer loop
      vertex -12.842079506937724 -1.5674956941478464 16
      vertex -12.842079506937724 -1.5674956941478464 13
      vertex -12.905591163092364 -1.6667106990588065 13
    endloop
  endfacet
  facet normal -0.8627343859777945 0.50565737337798 0
    outer loop
      vertex -12.78251197878161 -1.4658637244908648 16
      vertex -12.78251197878161 -1.4658637244908648 13
      vertex -12.842079506937724 -1.5674956941478464 13
    endloop
  endfacet
  facet normal -0.8819212643483475 0.4713967368260117 0
    outer loop
      vertex -12.726980427434896 -1.3619714992186405 16
      vertex -12.726980427434896 -1.3619714992186405 13
      vertex -12.78251197878161 -1.4658637244908648 13
    endloop
  endfacet
  facet normal -0.8997482840522247 0.43640924067333514 0
    outer loop
      vertex -12.675570478524756 -1.2559792126122842 16
      vertex -12.675570478524756 -1.2559792126122842 13
      vertex -12.726980427434896 -1.3619714992186405 13
    endloop
  endfacet
  facet normal -0.9161879571171373 0.4007488331031378 0
    outer loop
      vertex -12.62836140246614 -1.1480502970952693 16
      vertex -12.62836140246614 -1.1480502970952693 13
      vertex -12.675570478524756 -1.2559792126122842 13
    endloop
  endfacet
  facet normal -0.9312149347588016 0.36447049987915464 0
    outer loop
      vertex -12.585425992232548 -1.0383511712324789 16
      vertex -12.585425992232548 -1.0383511712324789 13
      vertex -12.62836140246614 -1.1480502970952693 13
    endloop
  endfacet
  facet normal -0.9448060464668787 0.32763017956169177 0
    outer loop
      vertex -12.54683045111454 -0.9270509831248421 16
      vertex -12.54683045111454 -0.9270509831248421 13
      vertex -12.585425992232548 -1.0383511712324789 13
    endloop
  endfacet
  facet normal -0.9569403357322079 0.2902846772544654 0
    outer loop
      vertex -12.512634290639058 -0.8143213495952228 16
      vertex -12.512634290639058 -0.8143213495952228 13
      vertex -12.54683045111454 -0.9270509831248421 13
    endloop
  endfacet
  facet normal -0.9675990923602599 0.2524915770151576 0
    outer loop
      vertex -12.48289023880697 -0.7003360915677161 16
      vertex -12.48289023880697 -0.7003360915677161 13
      vertex -12.512634290639058 -0.8143213495952228 13
    endloop
  endfacet
  facet normal -0.9767658813208734 0.2143091530650461 0
    outer loop
      vertex -12.457644158790309 -0.5852709660483848 16
      vertex -12.457644158790309 -0.5852709660483848 13
      vertex -12.48289023880697 -0.7003360915677161 13
    endloop
  endfacet
  facet normal -0.9844265680898919 0.17579627993435243 0
    outer loop
      vertex -12.436934978214587 -0.46930339512069263 16
      vertex -12.436934978214587 -0.46930339512069263 13
      vertex -12.457644158790309 -0.5852709660483848 13
    endloop
  endfacet
  facet normal -0.9905693404435765 0.13701234168197332 0
    outer loop
      vertex -12.420794629135221 -0.35261219237351293 16
      vertex -12.420794629135221 -0.35261219237351293 13
      vertex -12.436934978214587 -0.46930339512069263 13
    endloop
  endfacet
  facet normal -0.9951847266721969 0.09801714032956037 0
    outer loop
      vertex -12.409247998800616 -0.23537728718353484 16
      vertex -12.409247998800616 -0.23537728718353484 13
      vertex -12.420794629135221 -0.35261219237351293 13
    endloop
  endfacet
  facet normal -0.9982656101847164 0.05887080365118096 0
    outer loop
      vertex -12.402312891277832 -0.11777944727720582 16
      vertex -12.402312891277832 -0.11777944727720582 13
      vertex -12.409247998800616 -0.23537728718353484 13
    endloop
  endfacet
  facet normal -0.9998072404820647 0.01963369246063387 0
    outer loop
      vertex -12.4 0 16
      vertex -12.4 0 13
      vertex -12.402312891277832 -0.11777944727720582 13
    endloop
  endfacet
  facet normal 0.7730104533627342 0.634393284163649 1.1671822561548673e-18
    outer loop
      vertex -17.681217896800092 -1.948344144990551 16
      vertex -17.755950792642235 -1.857281847929502 13
      vertex -17.755950792642235 -1.857281847929502 16
    endloop
  endfacet
  facet normal 0.747508326862606 0.6642524379112712 -2.494242879916869e-19
    outer loop
      vertex -17.602967528307058 -2.0364022365988252 16
      vertex -17.681217896800092 -1.948344144990551 13
      vertex -17.681217896800092 -1.948344144990551 16
    endloop
  endfacet
  facet normal 0.6930873625456369 0.7208535967029178 0
    outer loop
      vertex -17.521320343559644 -2.121320343559643 16
      vertex -17.436402236598827 -2.202967528307057 16
      vertex -17.521320343559644 -2.121320343559643 13
    endloop
  endfacet
  facet normal 0.6642524379112769 0.7475083268626009 1.1268071611585921e-18
    outer loop
      vertex -17.348344144990552 -2.2812178968000927 16
      vertex -17.436402236598827 -2.202967528307057 13
      vertex -17.436402236598827 -2.202967528307057 16
    endloop
  endfacet
  facet normal 0.7208535967029196 0.693087362545635 0
    outer loop
      vertex -17.602967528307058 -2.0364022365988252 16
      vertex -17.521320343559644 -2.121320343559643 16
      vertex -17.602967528307058 -2.0364022365988252 13
    endloop
  endfacet
  facet normal 0.6035559419535694 0.7973206537727086 0
    outer loop
      vertex -17.2572818479295 -2.355950792642235 16
      vertex -17.16335575687742 -2.4270509831248424 16
      vertex -17.2572818479295 -2.355950792642235 13
    endloop
  endfacet
  facet normal 0.5717879602276114 0.8204014435255143 0
    outer loop
      vertex -17.16335575687742 -2.4270509831248424 16
      vertex -17.066710699058806 -2.4944088369076356 16
      vertex -17.16335575687742 -2.4270509831248424 13
    endloop
  endfacet
  facet normal 0.5391383229110043 0.8422172337162839 0
    outer loop
      vertex -17.066710699058806 -2.4944088369076356 16
      vertex -16.967495694147846 -2.557920493062277 16
      vertex -17.066710699058806 -2.4944088369076356 13
    endloop
  endfacet
  facet normal 0.5056573733779829 0.8627343859777928 0
    outer loop
      vertex -16.967495694147846 -2.557920493062277 16
      vertex -16.865863724490865 -2.6174880212183913 16
      vertex -16.967495694147846 -2.557920493062277 13
    endloop
  endfacet
  facet normal 0.6343932841636413 0.7730104533627405 0
    outer loop
      vertex -17.348344144990552 -2.2812178968000927 16
      vertex -17.2572818479295 -2.355950792642235 16
      vertex -17.348344144990552 -2.2812178968000927 13
    endloop
  endfacet
  facet normal 0.8204014435255077 0.5717879602276206 -7.757646601836531e-19
    outer loop
      vertex -17.827050983124842 -1.7633557568774194 16
      vertex -17.894408836907637 -1.6667106990588065 13
      vertex -17.894408836907637 -1.6667106990588065 16
    endloop
  endfacet
  facet normal 0.8422172337162833 0.5391383229110053 -2.527649424253517e-19
    outer loop
      vertex -17.894408836907637 -1.6667106990588065 16
      vertex -17.95792049306228 -1.5674956941478464 13
      vertex -17.95792049306228 -1.5674956941478464 16
    endloop
  endfacet
  facet normal 0.8627343859778012 0.5056573733779688 2.8503084352606094e-19
    outer loop
      vertex -17.95792049306228 -1.5674956941478464 16
      vertex -18.01748802121839 -1.4658637244908648 13
      vertex -18.01748802121839 -1.4658637244908648 16
    endloop
  endfacet
  facet normal 0.8819212643483475 0.4713967368260117 -6.775057767708111e-19
    outer loop
      vertex -18.01748802121839 -1.4658637244908648 16
      vertex -18.073019572565105 -1.3619714992186405 13
      vertex -18.073019572565105 -1.3619714992186405 16
    endloop
  endfacet
  facet normal 0.8997482840522307 0.43640924067332293 -2.4748010369276986e-20
    outer loop
      vertex -18.073019572565105 -1.3619714992186405 16
      vertex -18.124429521475243 -1.2559792126122842 13
      vertex -18.124429521475243 -1.2559792126122842 16
    endloop
  endfacet
  facet normal 0.9161879571171319 0.4007488331031505 1.1521677359438392e-18
    outer loop
      vertex -18.124429521475243 -1.2559792126122842 16
      vertex -18.17163859753386 -1.1480502970952693 13
      vertex -18.17163859753386 -1.1480502970952693 16
    endloop
  endfacet
  facet normal 0.9312149347588016 0.36447049987915464 4.10343691804099e-19
    outer loop
      vertex -18.17163859753386 -1.1480502970952693 16
      vertex -18.214574007767453 -1.0383511712324789 13
      vertex -18.214574007767453 -1.0383511712324789 16
    endloop
  endfacet
  facet normal 0.9448060464668833 0.3276301795616783 4.78536698264936e-19
    outer loop
      vertex -18.214574007767453 -1.0383511712324789 16
      vertex -18.25316954888546 -0.9270509831248421 13
      vertex -18.25316954888546 -0.9270509831248421 16
    endloop
  endfacet
  facet normal 0.9675990923602562 0.2524915770151718 -4.762538150819781e-19
    outer loop
      vertex -18.28736570936094 -0.8143213495952228 16
      vertex -18.31710976119303 -0.7003360915677161 13
      vertex -18.31710976119303 -0.7003360915677161 16
    endloop
  endfacet
  facet normal 0.9767658813208734 0.2143091530650461 3.1805054051083105e-19
    outer loop
      vertex -18.31710976119303 -0.7003360915677161 16
      vertex -18.34235584120969 -0.5852709660483848 13
      vertex -18.34235584120969 -0.5852709660483848 16
    endloop
  endfacet
  facet normal 0.9844265680898919 0.17579627993435243 5.810046270087727e-19
    outer loop
      vertex -18.34235584120969 -0.5852709660483848 16
      vertex -18.363065021785413 -0.46930339512069263 13
      vertex -18.363065021785413 -0.46930339512069263 16
    endloop
  endfacet
  facet normal 0.9905693404435785 0.1370123416819585 2.6076034294890467e-19
    outer loop
      vertex -18.363065021785413 -0.46930339512069263 16
      vertex -18.379205370864778 -0.35261219237351293 13
      vertex -18.379205370864778 -0.35261219237351293 16
    endloop
  endfacet
  facet normal 0.9951847266721954 0.09801714032957529 -1.6492532748396757e-19
    outer loop
      vertex -18.379205370864778 -0.35261219237351293 16
      vertex -18.390752001199385 -0.23537728718353484 13
      vertex -18.390752001199385 -0.23537728718353484 16
    endloop
  endfacet
  facet normal 0.9998072404820654 0.019633692460603723 -3.262743685388792e-20
    outer loop
      vertex -18.39768710872217 -0.11777944727720582 16
      vertex -18.4 0 13
      vertex -18.4 0 16
    endloop
  endfacet
  facet normal 0.9982656101847154 0.05887080365119599 1.1748183442527037e-19
    outer loop
      vertex -18.390752001199385 -0.23537728718353484 16
      vertex -18.39768710872217 -0.11777944727720582 13
      vertex -18.39768710872217 -0.11777944727720582 16
    endloop
  endfacet
  facet normal 0.9569403357322079 0.2902846772544654 0
    outer loop
      vertex -18.28736570936094 -0.8143213495952228 16
      vertex -18.25316954888546 -0.9270509831248421 16
      vertex -18.28736570936094 -0.8143213495952228 13
    endloop
  endfacet
  facet normal 0.7973206537727091 0.6035559419535689 0
    outer loop
      vertex -17.827050983124842 -1.7633557568774194 16
      vertex -17.755950792642235 -1.857281847929502 16
      vertex -17.827050983124842 -1.7633557568774194 13
    endloop
  endfacet
  facet normal 0.32763017956168883 0.9448060464668796 0
    outer loop
      vertex -16.43835117123248 -2.8145740077674524 16
      vertex -16.327050983124842 -2.8531695488854605 16
      vertex -16.43835117123248 -2.8145740077674524 13
    endloop
  endfacet
  facet normal 0.2902846772544685 0.956940335732207 0
    outer loop
      vertex -16.327050983124842 -2.8531695488854605 16
      vertex -16.214321349595224 -2.887365709360942 16
      vertex -16.327050983124842 -2.8531695488854605 13
    endloop
  endfacet
  facet normal 0.2524915770151509 0.9675990923602616 0
    outer loop
      vertex -16.214321349595224 -2.887365709360942 16
      vertex -16.100336091567716 -2.9171097611930294 16
      vertex -16.214321349595224 -2.887365709360942 13
    endloop
  endfacet
  facet normal 0.2143091530650565 0.9767658813208712 0
    outer loop
      vertex -16.100336091567716 -2.9171097611930294 16
      vertex -15.985270966048386 -2.9423558412096913 16
      vertex -16.100336091567716 -2.9171097611930294 13
    endloop
  endfacet
  facet normal 0.17579627993435348 0.9844265680898917 0
    outer loop
      vertex -15.985270966048386 -2.9423558412096913 16
      vertex -15.869303395120692 -2.9630650217854133 16
      vertex -15.985270966048386 -2.9423558412096913 13
    endloop
  endfacet
  facet normal 0.47139673682600697 0.8819212643483499 0
    outer loop
      vertex -16.865863724490865 -2.6174880212183913 16
      vertex -16.761971499218642 -2.673019572565104 16
      vertex -16.865863724490865 -2.6174880212183913 13
    endloop
  endfacet
  facet normal 0.4364092406733301 0.8997482840522273 0
    outer loop
      vertex -16.761971499218642 -2.673019572565104 16
      vertex -16.655979212612284 -2.7244295214752436 16
      vertex -16.761971499218642 -2.673019572565104 13
    endloop
  endfacet
  facet normal 0.40074883310314235 0.9161879571171352 0
    outer loop
      vertex -16.655979212612284 -2.7244295214752436 16
      vertex -16.54805029709527 -2.77163859753386 16
      vertex -16.655979212612284 -2.7244295214752436 13
    endloop
  endfacet
  facet normal 0.3644704998791539 0.9312149347588018 7.338497642997782e-19
    outer loop
      vertex -16.43835117123248 -2.8145740077674524 16
      vertex -16.54805029709527 -2.77163859753386 13
      vertex -16.54805029709527 -2.77163859753386 16
    endloop
  endfacet
  facet normal 0.13701234168196733 0.9905693404435774 0
    outer loop
      vertex -15.869303395120692 -2.9630650217854133 16
      vertex -15.752612192373514 -2.9792053708647788 16
      vertex -15.869303395120692 -2.9630650217854133 13
    endloop
  endfacet
  facet normal 0.0980171403295605 0.9951847266721969 0
    outer loop
      vertex -15.752612192373514 -2.9792053708647788 16
      vertex -15.635377287183536 -2.990752001199384 16
      vertex -15.752612192373514 -2.9792053708647788 13
    endloop
  endfacet
  facet normal 0.05887080365118833 0.9982656101847159 0
    outer loop
      vertex -15.635377287183536 -2.990752001199384 16
      vertex -15.517779447277206 -2.9976871087221686 16
      vertex -15.635377287183536 -2.990752001199384 13
    endloop
  endfacet
  facet normal 0.019633692460630073 0.9998072404820648 0
    outer loop
      vertex -15.517779447277206 -2.9976871087221686 16
      vertex -15.4 -3 16
      vertex -15.517779447277206 -2.9976871087221686 13
    endloop
  endfacet
  facet normal -0.019633692460630073 0.9998072404820648 0
    outer loop
      vertex -15.4 -3 16
      vertex -15.282220552722794 -2.9976871087221686 16
      vertex -15.4 -3 13
    endloop
  endfacet
  facet normal -0.05887080365118833 0.9982656101847159 0
    outer loop
      vertex -15.282220552722794 -2.9976871087221686 16
      vertex -15.164622712816465 -2.990752001199384 16
      vertex -15.282220552722794 -2.9976871087221686 13
    endloop
  endfacet
  facet normal -0.0980171403295605 0.9951847266721969 0
    outer loop
      vertex -15.164622712816465 -2.990752001199384 16
      vertex -15.047387807626487 -2.9792053708647788 16
      vertex -15.164622712816465 -2.990752001199384 13
    endloop
  endfacet
  facet normal -0.13701234168196733 0.9905693404435774 0
    outer loop
      vertex -15.047387807626487 -2.9792053708647788 16
      vertex -14.930696604879309 -2.9630650217854133 16
      vertex -15.047387807626487 -2.9792053708647788 13
    endloop
  endfacet
  facet normal -0.17579627993435348 0.9844265680898917 0
    outer loop
      vertex -14.930696604879309 -2.9630650217854133 16
      vertex -14.814729033951615 -2.9423558412096913 16
      vertex -14.930696604879309 -2.9630650217854133 13
    endloop
  endfacet
  facet normal -0.2143091530650565 0.9767658813208712 0
    outer loop
      vertex -14.814729033951615 -2.9423558412096913 16
      vertex -14.699663908432285 -2.9171097611930294 16
      vertex -14.814729033951615 -2.9423558412096913 13
    endloop
  endfacet
  facet normal -0.2524915770151509 0.9675990923602616 0
    outer loop
      vertex -14.699663908432285 -2.9171097611930294 16
      vertex -14.585678650404777 -2.887365709360942 16
      vertex -14.699663908432285 -2.9171097611930294 13
    endloop
  endfacet
  facet normal -0.2902846772544685 0.956940335732207 0
    outer loop
      vertex -14.585678650404777 -2.887365709360942 16
      vertex -14.472949016875159 -2.8531695488854605 16
      vertex -14.585678650404777 -2.887365709360942 13
    endloop
  endfacet
  facet normal -0.32763017956168883 0.9448060464668796 0
    outer loop
      vertex -14.472949016875159 -2.8531695488854605 16
      vertex -14.361648828767521 -2.8145740077674524 16
      vertex -14.472949016875159 -2.8531695488854605 13
    endloop
  endfacet
  facet normal -0.3644704998791539 0.9312149347588018 0
    outer loop
      vertex -14.361648828767521 -2.8145740077674524 16
      vertex -14.251949702904732 -2.77163859753386 16
      vertex -14.361648828767521 -2.8145740077674524 13
    endloop
  endfacet
  facet normal -0.40074883310314235 0.9161879571171352 0
    outer loop
      vertex -14.251949702904732 -2.77163859753386 16
      vertex -14.144020787387717 -2.7244295214752436 16
      vertex -14.251949702904732 -2.77163859753386 13
    endloop
  endfacet
  facet normal -0.436409240673336 0.8997482840522243 0
    outer loop
      vertex -14.144020787387717 -2.7244295214752436 16
      vertex -14.03802850078136 -2.673019572565104 16
      vertex -14.144020787387717 -2.7244295214752436 13
    endloop
  endfacet
  facet normal -0.47139673682600075 0.8819212643483534 0
    outer loop
      vertex -14.03802850078136 -2.673019572565104 16
      vertex -13.934136275509136 -2.6174880212183913 16
      vertex -14.03802850078136 -2.673019572565104 13
    endloop
  endfacet
  facet normal -0.5056573733779829 0.8627343859777928 0
    outer loop
      vertex -13.934136275509136 -2.6174880212183913 16
      vertex -13.832504305852154 -2.557920493062277 16
      vertex -13.934136275509136 -2.6174880212183913 13
    endloop
  endfacet
  facet normal -0.5391383229110043 0.8422172337162839 0
    outer loop
      vertex -13.832504305852154 -2.557920493062277 16
      vertex -13.733289300941195 -2.4944088369076356 16
      vertex -13.832504305852154 -2.557920493062277 13
    endloop
  endfacet
  facet normal -0.5717879602276043 0.8204014435255191 0
    outer loop
      vertex -13.733289300941195 -2.4944088369076356 16
      vertex -13.63664424312258 -2.4270509831248424 16
      vertex -13.733289300941195 -2.4944088369076356 13
    endloop
  endfacet
  facet normal -0.6035559419535768 0.7973206537727031 0
    outer loop
      vertex -13.63664424312258 -2.4270509831248424 16
      vertex -13.5427181520705 -2.355950792642235 16
      vertex -13.63664424312258 -2.4270509831248424 13
    endloop
  endfacet
  facet normal -0.6343932841636413 0.7730104533627405 0
    outer loop
      vertex -13.5427181520705 -2.355950792642235 16
      vertex -13.451655855009449 -2.2812178968000927 16
      vertex -13.5427181520705 -2.355950792642235 13
    endloop
  endfacet
  facet normal -0.6642524379112844 0.7475083268625945 0
    outer loop
      vertex -13.451655855009449 -2.2812178968000927 16
      vertex -13.363597763401176 -2.202967528307057 16
      vertex -13.451655855009449 -2.2812178968000927 13
    endloop
  endfacet
  facet normal -0.6930873625456293 0.720853596702925 0
    outer loop
      vertex -13.363597763401176 -2.202967528307057 16
      vertex -13.278679656440357 -2.121320343559643 16
      vertex -13.363597763401176 -2.202967528307057 13
    endloop
  endfacet
  facet normal -0.7208535967029196 0.693087362545635 0
    outer loop
      vertex -13.278679656440357 -2.121320343559643 16
      vertex -13.197032471692943 -2.0364022365988252 16
      vertex -13.278679656440357 -2.121320343559643 13
    endloop
  endfacet
  facet normal -0.747508326862606 0.6642524379112712 0
    outer loop
      vertex -13.197032471692943 -2.0364022365988252 16
      vertex -13.118782103199909 -1.948344144990551 16
      vertex -13.197032471692943 -2.0364022365988252 13
    endloop
  endfacet
  facet normal -0.7730104533627342 0.634393284163649 0
    outer loop
      vertex -13.118782103199909 -1.948344144990551 16
      vertex -13.044049207357766 -1.857281847929502 16
      vertex -13.118782103199909 -1.948344144990551 13
    endloop
  endfacet
  facet normal -0.7973206537727091 0.6035559419535689 0
    outer loop
      vertex -13.044049207357766 -1.857281847929502 16
      vertex -12.972949016875159 -1.7633557568774194 16
      vertex -13.044049207357766 -1.857281847929502 13
    endloop
  endfacet
  facet normal -0.8204014435255077 0.5717879602276206 0
    outer loop
      vertex -12.972949016875159 -1.7633557568774194 16
      vertex -12.905591163092364 -1.6667106990588065 16
      vertex -12.972949016875159 -1.7633557568774194 13
    endloop
  endfacet
  facet normal -0.8422172337162902 0.5391383229109946 0
    outer loop
      vertex -12.905591163092364 -1.6667106990588065 16
      vertex -12.842079506937724 -1.5674956941478464 16
      vertex -12.905591163092364 -1.6667106990588065 13
    endloop
  endfacet
  facet normal -0.8627343859777945 0.50565737337798 0
    outer loop
      vertex -12.842079506937724 -1.5674956941478464 16
      vertex -12.78251197878161 -1.4658637244908648 16
      vertex -12.842079506937724 -1.5674956941478464 13
    endloop
  endfacet
  facet normal -0.8819212643483475 0.4713967368260117 0
    outer loop
      vertex -12.78251197878161 -1.4658637244908648 16
      vertex -12.726980427434896 -1.3619714992186405 16
      vertex -12.78251197878161 -1.4658637244908648 13
    endloop
  endfacet
  facet normal -0.8997482840522247 0.43640924067333514 0
    outer loop
      vertex -12.726980427434896 -1.3619714992186405 16
      vertex -12.675570478524756 -1.2559792126122842 16
      vertex -12.726980427434896 -1.3619714992186405 13
    endloop
  endfacet
  facet normal -0.9161879571171373 0.4007488331031378 0
    outer loop
      vertex -12.675570478524756 -1.2559792126122842 16
      vertex -12.62836140246614 -1.1480502970952693 16
      vertex -12.675570478524756 -1.2559792126122842 13
    endloop
  endfacet
  facet normal -0.9312149347588016 0.36447049987915464 0
    outer loop
      vertex -12.62836140246614 -1.1480502970952693 16
      vertex -12.585425992232548 -1.0383511712324789 16
      vertex -12.62836140246614 -1.1480502970952693 13
    endloop
  endfacet
  facet normal -0.9448060464668787 0.32763017956169177 0
    outer loop
      vertex -12.585425992232548 -1.0383511712324789 16
      vertex -12.54683045111454 -0.9270509831248421 16
      vertex -12.585425992232548 -1.0383511712324789 13
    endloop
  endfacet
  facet normal -0.9569403357322079 0.2902846772544654 0
    outer loop
      vertex -12.54683045111454 -0.9270509831248421 16
      vertex -12.512634290639058 -0.8143213495952228 16
      vertex -12.54683045111454 -0.9270509831248421 13
    endloop
  endfacet
  facet normal -0.9675990923602599 0.2524915770151576 0
    outer loop
      vertex -12.512634290639058 -0.8143213495952228 16
      vertex -12.48289023880697 -0.7003360915677161 16
      vertex -12.512634290639058 -0.8143213495952228 13
    endloop
  endfacet
  facet normal -0.9767658813208734 0.2143091530650461 0
    outer loop
      vertex -12.48289023880697 -0.7003360915677161 16
      vertex -12.457644158790309 -0.5852709660483848 16
      vertex -12.48289023880697 -0.7003360915677161 13
    endloop
  endfacet
  facet normal -0.9844265680898919 0.17579627993435243 0
    outer loop
      vertex -12.457644158790309 -0.5852709660483848 16
      vertex -12.436934978214587 -0.46930339512069263 16
      vertex -12.457644158790309 -0.5852709660483848 13
    endloop
  endfacet
  facet normal -0.9905693404435765 0.13701234168197332 0
    outer loop
      vertex -12.436934978214587 -0.46930339512069263 16
      vertex -12.420794629135221 -0.35261219237351293 16
      vertex -12.436934978214587 -0.46930339512069263 13
    endloop
  endfacet
  facet normal -0.9951847266721969 0.09801714032956037 0
    outer loop
      vertex -12.420794629135221 -0.35261219237351293 16
      vertex -12.409247998800616 -0.23537728718353484 16
      vertex -12.420794629135221 -0.35261219237351293 13
    endloop
  endfacet
  facet normal -0.9982656101847164 0.05887080365118096 0
    outer loop
      vertex -12.409247998800616 -0.23537728718353484 16
      vertex -12.402312891277832 -0.11777944727720582 16
      vertex -12.409247998800616 -0.23537728718353484 13
    endloop
  endfacet
  facet normal -0.9998072404820647 0.01963369246063387 0
    outer loop
      vertex -12.402312891277832 -0.11777944727720582 16
      vertex -12.4 0 16
      vertex -12.402312891277832 -0.11777944727720582 13
    endloop
  endfacet
  facet normal 0.7973206537727086 0.6035559419535694 0
    outer loop
      vertex -2.355950792642235 -17.2572818479295 16
      vertex -2.355950792642235 -17.2572818479295 13
      vertex -2.4270509831248424 -17.16335575687742 13
    endloop
  endfacet
  facet normal 0.8204014435255143 0.5717879602276114 0
    outer loop
      vertex -2.4270509831248424 -17.16335575687742 16
      vertex -2.4270509831248424 -17.16335575687742 13
      vertex -2.4944088369076356 -17.066710699058806 13
    endloop
  endfacet
  facet normal 0.8422172337162839 0.5391383229110043 0
    outer loop
      vertex -2.4944088369076356 -17.066710699058806 16
      vertex -2.4944088369076356 -17.066710699058806 13
      vertex -2.557920493062277 -16.967495694147846 13
    endloop
  endfacet
  facet normal 0.8627343859777928 0.5056573733779829 0
    outer loop
      vertex -2.557920493062277 -16.967495694147846 16
      vertex -2.557920493062277 -16.967495694147846 13
      vertex -2.6174880212183913 -16.865863724490865 13
    endloop
  endfacet
  facet normal 0.7475083268626009 0.6642524379112769 0
    outer loop
      vertex -2.202967528307057 -17.436402236598827 16
      vertex -2.202967528307057 -17.436402236598827 13
      vertex -2.2812178968000927 -17.348344144990552 13
    endloop
  endfacet
  facet normal 0.7208535967029178 0.6930873625456369 0
    outer loop
      vertex -2.121320343559643 -17.521320343559644 16
      vertex -2.121320343559643 -17.521320343559644 13
      vertex -2.202967528307057 -17.436402236598827 13
    endloop
  endfacet
  facet normal 0.634393284163649 0.7730104533627342 0
    outer loop
      vertex -1.857281847929502 -17.755950792642235 16
      vertex -1.857281847929502 -17.755950792642235 13
      vertex -1.948344144990551 -17.681217896800092 13
    endloop
  endfacet
  facet normal 0.6642524379112712 0.747508326862606 0
    outer loop
      vertex -1.948344144990551 -17.681217896800092 16
      vertex -1.948344144990551 -17.681217896800092 13
      vertex -2.0364022365988252 -17.602967528307058 13
    endloop
  endfacet
  facet normal 0.693087362545635 0.7208535967029196 0
    outer loop
      vertex -2.0364022365988252 -17.602967528307058 16
      vertex -2.0364022365988252 -17.602967528307058 13
      vertex -2.121320343559643 -17.521320343559644 13
    endloop
  endfacet
  facet normal 0.7730104533627405 0.6343932841636413 0
    outer loop
      vertex -2.2812178968000927 -17.348344144990552 16
      vertex -2.2812178968000927 -17.348344144990552 13
      vertex -2.355950792642235 -17.2572818479295 13
    endloop
  endfacet
  facet normal 0.9448060464668796 0.32763017956168883 0
    outer loop
      vertex -2.8145740077674524 -16.43835117123248 16
      vertex -2.8145740077674524 -16.43835117123248 13
      vertex -2.8531695488854605 -16.327050983124842 13
    endloop
  endfacet
  facet normal 0.956940335732207 0.2902846772544685 0
    outer loop
      vertex -2.8531695488854605 -16.327050983124842 16
      vertex -2.8531695488854605 -16.327050983124842 13
      vertex -2.887365709360942 -16.214321349595224 13
    endloop
  endfacet
  facet normal 0.9675990923602616 0.2524915770151509 0
    outer loop
      vertex -2.887365709360942 -16.214321349595224 16
      vertex -2.887365709360942 -16.214321349595224 13
      vertex -2.9171097611930294 -16.100336091567716 13
    endloop
  endfacet
  facet normal 0.9844265680898917 0.17579627993435348 0
    outer loop
      vertex -2.9423558412096913 -15.985270966048386 16
      vertex -2.9423558412096913 -15.985270966048386 13
      vertex -2.9630650217854133 -15.869303395120692 13
    endloop
  endfacet
  facet normal 0.9767658813208712 0.2143091530650565 0
    outer loop
      vertex -2.9171097611930294 -16.100336091567716 16
      vertex -2.9171097611930294 -16.100336091567716 13
      vertex -2.9423558412096913 -15.985270966048386 13
    endloop
  endfacet
  facet normal 0.9905693404435774 0.13701234168196733 0
    outer loop
      vertex -2.9630650217854133 -15.869303395120692 16
      vertex -2.9630650217854133 -15.869303395120692 13
      vertex -2.9792053708647788 -15.752612192373514 13
    endloop
  endfacet
  facet normal 0.9951847266721969 0.0980171403295605 0
    outer loop
      vertex -2.9792053708647788 -15.752612192373514 16
      vertex -2.9792053708647788 -15.752612192373514 13
      vertex -2.990752001199384 -15.635377287183536 13
    endloop
  endfacet
  facet normal 0.9982656101847159 0.05887080365118833 0
    outer loop
      vertex -2.990752001199384 -15.635377287183536 16
      vertex -2.990752001199384 -15.635377287183536 13
      vertex -2.9976871087221686 -15.517779447277206 13
    endloop
  endfacet
  facet normal 0.9998072404820648 0.019633692460630073 0
    outer loop
      vertex -2.9976871087221686 -15.517779447277206 16
      vertex -2.9976871087221686 -15.517779447277206 13
      vertex -3 -15.4 13
    endloop
  endfacet
  facet normal 0.9998072404820648 -0.019633692460630073 0
    outer loop
      vertex -3 -15.4 16
      vertex -3 -15.4 13
      vertex -2.9976871087221686 -15.282220552722794 13
    endloop
  endfacet
  facet normal 0.9982656101847159 -0.05887080365118833 0
    outer loop
      vertex -2.9976871087221686 -15.282220552722794 16
      vertex -2.9976871087221686 -15.282220552722794 13
      vertex -2.990752001199384 -15.164622712816465 13
    endloop
  endfacet
  facet normal 0.9951847266721969 -0.0980171403295605 0
    outer loop
      vertex -2.990752001199384 -15.164622712816465 16
      vertex -2.990752001199384 -15.164622712816465 13
      vertex -2.9792053708647788 -15.047387807626487 13
    endloop
  endfacet
  facet normal 0.9905693404435774 -0.13701234168196733 0
    outer loop
      vertex -2.9792053708647788 -15.047387807626487 16
      vertex -2.9792053708647788 -15.047387807626487 13
      vertex -2.9630650217854133 -14.930696604879309 13
    endloop
  endfacet
  facet normal 0.8819212643483499 0.47139673682600697 0
    outer loop
      vertex -2.6174880212183913 -16.865863724490865 16
      vertex -2.6174880212183913 -16.865863724490865 13
      vertex -2.673019572565104 -16.761971499218642 13
    endloop
  endfacet
  facet normal 0.8997482840522273 0.4364092406733301 0
    outer loop
      vertex -2.673019572565104 -16.761971499218642 16
      vertex -2.673019572565104 -16.761971499218642 13
      vertex -2.7244295214752436 -16.655979212612284 13
    endloop
  endfacet
  facet normal 0.9161879571171352 0.40074883310314235 0
    outer loop
      vertex -2.7244295214752436 -16.655979212612284 16
      vertex -2.7244295214752436 -16.655979212612284 13
      vertex -2.77163859753386 -16.54805029709527 13
    endloop
  endfacet
  facet normal 0.9312149347588018 0.3644704998791539 0
    outer loop
      vertex -2.77163859753386 -16.54805029709527 16
      vertex -2.77163859753386 -16.54805029709527 13
      vertex -2.8145740077674524 -16.43835117123248 13
    endloop
  endfacet
  facet normal 0.5717879602276206 0.8204014435255077 0
    outer loop
      vertex -1.6667106990588065 -17.894408836907637 16
      vertex -1.6667106990588065 -17.894408836907637 13
      vertex -1.7633557568774194 -17.827050983124842 13
    endloop
  endfacet
  facet normal 0.5391383229110053 0.8422172337162833 0
    outer loop
      vertex -1.5674956941478464 -17.95792049306228 16
      vertex -1.5674956941478464 -17.95792049306228 13
      vertex -1.6667106990588065 -17.894408836907637 13
    endloop
  endfacet
  facet normal 0.5056573733779688 0.8627343859778012 0
    outer loop
      vertex -1.4658637244908648 -18.01748802121839 16
      vertex -1.4658637244908648 -18.01748802121839 13
      vertex -1.5674956941478464 -17.95792049306228 13
    endloop
  endfacet
  facet normal 0.4713967368260117 0.8819212643483475 0
    outer loop
      vertex -1.3619714992186405 -18.073019572565105 16
      vertex -1.3619714992186405 -18.073019572565105 13
      vertex -1.4658637244908648 -18.01748802121839 13
    endloop
  endfacet
  facet normal 0.43640924067332293 0.8997482840522307 0
    outer loop
      vertex -1.2559792126122842 -18.124429521475243 16
      vertex -1.2559792126122842 -18.124429521475243 13
      vertex -1.3619714992186405 -18.073019572565105 13
    endloop
  endfacet
  facet normal 0.4007488331031505 0.9161879571171319 0
    outer loop
      vertex -1.1480502970952693 -18.17163859753386 16
      vertex -1.1480502970952693 -18.17163859753386 13
      vertex -1.2559792126122842 -18.124429521475243 13
    endloop
  endfacet
  facet normal 0.36447049987915464 0.9312149347588016 0
    outer loop
      vertex -1.0383511712324789 -18.214574007767453 16
      vertex -1.0383511712324789 -18.214574007767453 13
      vertex -1.1480502970952693 -18.17163859753386 13
    endloop
  endfacet
  facet normal 0.3276301795616783 0.9448060464668833 0
    outer loop
      vertex -0.9270509831248421 -18.25316954888546 16
      vertex -0.9270509831248421 -18.25316954888546 13
      vertex -1.0383511712324789 -18.214574007767453 13
    endloop
  endfacet
  facet normal 0.6035559419535689 0.7973206537727091 0
    outer loop
      vertex -1.7633557568774194 -17.827050983124842 16
      vertex -1.7633557568774194 -17.827050983124842 13
      vertex -1.857281847929502 -17.755950792642235 13
    endloop
  endfacet
  facet normal 0.2524915770151718 0.9675990923602562 0
    outer loop
      vertex -0.7003360915677161 -18.31710976119303 16
      vertex -0.7003360915677161 -18.31710976119303 13
      vertex -0.8143213495952228 -18.28736570936094 13
    endloop
  endfacet
  facet normal 0.2143091530650461 0.9767658813208734 0
    outer loop
      vertex -0.5852709660483848 -18.34235584120969 16
      vertex -0.5852709660483848 -18.34235584120969 13
      vertex -0.7003360915677161 -18.31710976119303 13
    endloop
  endfacet
  facet normal 0.17579627993435243 0.9844265680898919 0
    outer loop
      vertex -0.46930339512069263 -18.363065021785413 16
      vertex -0.46930339512069263 -18.363065021785413 13
      vertex -0.5852709660483848 -18.34235584120969 13
    endloop
  endfacet
  facet normal 0.2902846772544654 0.9569403357322079 0
    outer loop
      vertex -0.8143213495952228 -18.28736570936094 16
      vertex -0.8143213495952228 -18.28736570936094 13
      vertex -0.9270509831248421 -18.25316954888546 13
    endloop
  endfacet
  facet normal 0.1370123416819585 0.9905693404435785 0
    outer loop
      vertex -0.35261219237351293 -18.379205370864778 16
      vertex -0.35261219237351293 -18.379205370864778 13
      vertex -0.46930339512069263 -18.363065021785413 13
    endloop
  endfacet
  facet normal 0.09801714032957529 0.9951847266721954 0
    outer loop
      vertex -0.23537728718353484 -18.390752001199385 16
      vertex -0.23537728718353484 -18.390752001199385 13
      vertex -0.35261219237351293 -18.379205370864778 13
    endloop
  endfacet
  facet normal 0.05887080365119599 0.9982656101847154 0
    outer loop
      vertex -0.11777944727720582 -18.39768710872217 16
      vertex -0.11777944727720582 -18.39768710872217 13
      vertex -0.23537728718353484 -18.390752001199385 13
    endloop
  endfacet
  facet normal 0.019633692460603723 0.9998072404820654 0
    outer loop
      vertex 0 -18.4 16
      vertex 0 -18.4 13
      vertex -0.11777944727720582 -18.39768710872217 13
    endloop
  endfacet
  facet normal 0.9844265680898917 -0.17579627993435348 0
    outer loop
      vertex -2.9630650217854133 -14.930696604879309 16
      vertex -2.9630650217854133 -14.930696604879309 13
      vertex -2.9423558412096913 -14.814729033951615 13
    endloop
  endfacet
  facet normal 0.9767658813208712 -0.2143091530650565 0
    outer loop
      vertex -2.9423558412096913 -14.814729033951615 16
      vertex -2.9423558412096913 -14.814729033951615 13
      vertex -2.9171097611930294 -14.699663908432285 13
    endloop
  endfacet
  facet normal 0.9675990923602616 -0.2524915770151509 0
    outer loop
      vertex -2.9171097611930294 -14.699663908432285 16
      vertex -2.9171097611930294 -14.699663908432285 13
      vertex -2.887365709360942 -14.585678650404777 13
    endloop
  endfacet
  facet normal 0.956940335732207 -0.2902846772544685 0
    outer loop
      vertex -2.887365709360942 -14.585678650404777 16
      vertex -2.887365709360942 -14.585678650404777 13
      vertex -2.8531695488854605 -14.472949016875159 13
    endloop
  endfacet
  facet normal 0.9448060464668796 -0.32763017956168883 0
    outer loop
      vertex -2.8531695488854605 -14.472949016875159 16
      vertex -2.8531695488854605 -14.472949016875159 13
      vertex -2.8145740077674524 -14.361648828767521 13
    endloop
  endfacet
  facet normal 0.9312149347588018 -0.3644704998791539 0
    outer loop
      vertex -2.8145740077674524 -14.361648828767521 16
      vertex -2.8145740077674524 -14.361648828767521 13
      vertex -2.77163859753386 -14.251949702904732 13
    endloop
  endfacet
  facet normal 0.9161879571171352 -0.40074883310314235 0
    outer loop
      vertex -2.77163859753386 -14.251949702904732 16
      vertex -2.77163859753386 -14.251949702904732 13
      vertex -2.7244295214752436 -14.144020787387717 13
    endloop
  endfacet
  facet normal 0.8997482840522243 -0.436409240673336 0
    outer loop
      vertex -2.7244295214752436 -14.144020787387717 16
      vertex -2.7244295214752436 -14.144020787387717 13
      vertex -2.673019572565104 -14.03802850078136 13
    endloop
  endfacet
  facet normal 0.8819212643483534 -0.47139673682600075 0
    outer loop
      vertex -2.673019572565104 -14.03802850078136 16
      vertex -2.673019572565104 -14.03802850078136 13
      vertex -2.6174880212183913 -13.934136275509136 13
    endloop
  endfacet
  facet normal 0.8627343859777928 -0.5056573733779829 0
    outer loop
      vertex -2.6174880212183913 -13.934136275509136 16
      vertex -2.6174880212183913 -13.934136275509136 13
      vertex -2.557920493062277 -13.832504305852154 13
    endloop
  endfacet
  facet normal 0.8422172337162839 -0.5391383229110043 0
    outer loop
      vertex -2.557920493062277 -13.832504305852154 16
      vertex -2.557920493062277 -13.832504305852154 13
      vertex -2.4944088369076356 -13.733289300941195 13
    endloop
  endfacet
  facet normal 0.8204014435255191 -0.5717879602276043 0
    outer loop
      vertex -2.4944088369076356 -13.733289300941195 16
      vertex -2.4944088369076356 -13.733289300941195 13
      vertex -2.4270509831248424 -13.63664424312258 13
    endloop
  endfacet
  facet normal 0.7973206537727031 -0.6035559419535768 0
    outer loop
      vertex -2.4270509831248424 -13.63664424312258 16
      vertex -2.4270509831248424 -13.63664424312258 13
      vertex -2.355950792642235 -13.5427181520705 13
    endloop
  endfacet
  facet normal 0.7730104533627405 -0.6343932841636413 0
    outer loop
      vertex -2.355950792642235 -13.5427181520705 16
      vertex -2.355950792642235 -13.5427181520705 13
      vertex -2.2812178968000927 -13.451655855009449 13
    endloop
  endfacet
  facet normal 0.7475083268625945 -0.6642524379112844 0
    outer loop
      vertex -2.2812178968000927 -13.451655855009449 16
      vertex -2.2812178968000927 -13.451655855009449 13
      vertex -2.202967528307057 -13.363597763401176 13
    endloop
  endfacet
  facet normal 0.720853596702925 -0.6930873625456293 0
    outer loop
      vertex -2.202967528307057 -13.363597763401176 16
      vertex -2.202967528307057 -13.363597763401176 13
      vertex -2.121320343559643 -13.278679656440357 13
    endloop
  endfacet
  facet normal 0.693087362545635 -0.7208535967029196 0
    outer loop
      vertex -2.121320343559643 -13.278679656440357 16
      vertex -2.121320343559643 -13.278679656440357 13
      vertex -2.0364022365988252 -13.197032471692943 13
    endloop
  endfacet
  facet normal 0.6642524379112712 -0.747508326862606 0
    outer loop
      vertex -2.0364022365988252 -13.197032471692943 16
      vertex -2.0364022365988252 -13.197032471692943 13
      vertex -1.948344144990551 -13.118782103199909 13
    endloop
  endfacet
  facet normal 0.634393284163649 -0.7730104533627342 0
    outer loop
      vertex -1.948344144990551 -13.118782103199909 16
      vertex -1.948344144990551 -13.118782103199909 13
      vertex -1.857281847929502 -13.044049207357766 13
    endloop
  endfacet
  facet normal 0.6035559419535689 -0.7973206537727091 0
    outer loop
      vertex -1.857281847929502 -13.044049207357766 16
      vertex -1.857281847929502 -13.044049207357766 13
      vertex -1.7633557568774194 -12.972949016875159 13
    endloop
  endfacet
  facet normal 0.5717879602276206 -0.8204014435255077 0
    outer loop
      vertex -1.7633557568774194 -12.972949016875159 16
      vertex -1.7633557568774194 -12.972949016875159 13
      vertex -1.6667106990588065 -12.905591163092364 13
    endloop
  endfacet
  facet normal 0.5391383229109946 -0.8422172337162902 0
    outer loop
      vertex -1.6667106990588065 -12.905591163092364 16
      vertex -1.6667106990588065 -12.905591163092364 13
      vertex -1.5674956941478464 -12.842079506937724 13
    endloop
  endfacet
  facet normal 0.50565737337798 -0.8627343859777945 0
    outer loop
      vertex -1.5674956941478464 -12.842079506937724 16
      vertex -1.5674956941478464 -12.842079506937724 13
      vertex -1.4658637244908648 -12.78251197878161 13
    endloop
  endfacet
  facet normal 0.4713967368260117 -0.8819212643483475 0
    outer loop
      vertex -1.4658637244908648 -12.78251197878161 16
      vertex -1.4658637244908648 -12.78251197878161 13
      vertex -1.3619714992186405 -12.726980427434896 13
    endloop
  endfacet
  facet normal 0.43640924067333514 -0.8997482840522247 0
    outer loop
      vertex -1.3619714992186405 -12.726980427434896 16
      vertex -1.3619714992186405 -12.726980427434896 13
      vertex -1.2559792126122842 -12.675570478524756 13
    endloop
  endfacet
  facet normal 0.4007488331031378 -0.9161879571171373 0
    outer loop
      vertex -1.2559792126122842 -12.675570478524756 16
      vertex -1.2559792126122842 -12.675570478524756 13
      vertex -1.1480502970952693 -12.62836140246614 13
    endloop
  endfacet
  facet normal 0.36447049987915464 -0.9312149347588016 0
    outer loop
      vertex -1.1480502970952693 -12.62836140246614 16
      vertex -1.1480502970952693 -12.62836140246614 13
      vertex -1.0383511712324789 -12.585425992232548 13
    endloop
  endfacet
  facet normal 0.32763017956169177 -0.9448060464668787 0
    outer loop
      vertex -1.0383511712324789 -12.585425992232548 16
      vertex -1.0383511712324789 -12.585425992232548 13
      vertex -0.9270509831248421 -12.54683045111454 13
    endloop
  endfacet
  facet normal 0.2902846772544654 -0.9569403357322079 0
    outer loop
      vertex -0.9270509831248421 -12.54683045111454 16
      vertex -0.9270509831248421 -12.54683045111454 13
      vertex -0.8143213495952228 -12.512634290639058 13
    endloop
  endfacet
  facet normal 0.2524915770151576 -0.9675990923602599 0
    outer loop
      vertex -0.8143213495952228 -12.512634290639058 16
      vertex -0.8143213495952228 -12.512634290639058 13
      vertex -0.7003360915677161 -12.48289023880697 13
    endloop
  endfacet
  facet normal 0.2143091530650461 -0.9767658813208734 0
    outer loop
      vertex -0.7003360915677161 -12.48289023880697 16
      vertex -0.7003360915677161 -12.48289023880697 13
      vertex -0.5852709660483848 -12.457644158790309 13
    endloop
  endfacet
  facet normal 0.17579627993435243 -0.9844265680898919 0
    outer loop
      vertex -0.5852709660483848 -12.457644158790309 16
      vertex -0.5852709660483848 -12.457644158790309 13
      vertex -0.46930339512069263 -12.436934978214587 13
    endloop
  endfacet
  facet normal 0.13701234168197332 -0.9905693404435765 0
    outer loop
      vertex -0.46930339512069263 -12.436934978214587 16
      vertex -0.46930339512069263 -12.436934978214587 13
      vertex -0.35261219237351293 -12.420794629135221 13
    endloop
  endfacet
  facet normal 0.09801714032956037 -0.9951847266721969 0
    outer loop
      vertex -0.35261219237351293 -12.420794629135221 16
      vertex -0.35261219237351293 -12.420794629135221 13
      vertex -0.23537728718353484 -12.409247998800616 13
    endloop
  endfacet
  facet normal 0.05887080365118096 -0.9982656101847164 0
    outer loop
      vertex -0.23537728718353484 -12.409247998800616 16
      vertex -0.23537728718353484 -12.409247998800616 13
      vertex -0.11777944727720582 -12.402312891277832 13
    endloop
  endfacet
  facet normal 0.01963369246063387 -0.9998072404820647 0
    outer loop
      vertex -0.11777944727720582 -12.402312891277832 16
      vertex -0.11777944727720582 -12.402312891277832 13
      vertex 0 -12.4 13
    endloop
  endfacet
  facet normal 0.8627343859777928 0.5056573733779829 -1.5144568130760488e-19
    outer loop
      vertex -2.557920493062277 -16.967495694147846 16
      vertex -2.6174880212183913 -16.865863724490865 13
      vertex -2.6174880212183913 -16.865863724490865 16
    endloop
  endfacet
  facet normal 0.7973206537727086 0.6035559419535694 -8.757622964426009e-19
    outer loop
      vertex -2.355950792642235 -17.2572818479295 16
      vertex -2.4270509831248424 -17.16335575687742 13
      vertex -2.4270509831248424 -17.16335575687742 16
    endloop
  endfacet
  facet normal 0.8204014435255143 0.5717879602276114 -3.5193592542186394e-19
    outer loop
      vertex -2.4270509831248424 -17.16335575687742 16
      vertex -2.4944088369076356 -17.066710699058806 13
      vertex -2.4944088369076356 -17.066710699058806 16
    endloop
  endfacet
  facet normal 0.8422172337162839 0.5391383229110043 5.229143640472924e-19
    outer loop
      vertex -2.4944088369076356 -17.066710699058806 16
      vertex -2.557920493062277 -16.967495694147846 13
      vertex -2.557920493062277 -16.967495694147846 16
    endloop
  endfacet
  facet normal 0.7475083268626009 0.6642524379112769 0
    outer loop
      vertex -2.2812178968000927 -17.348344144990552 16
      vertex -2.202967528307057 -17.436402236598827 16
      vertex -2.2812178968000927 -17.348344144990552 13
    endloop
  endfacet
  facet normal 0.7208535967029178 0.6930873625456369 -6.634282496024952e-19
    outer loop
      vertex -2.121320343559643 -17.521320343559644 16
      vertex -2.202967528307057 -17.436402236598827 13
      vertex -2.202967528307057 -17.436402236598827 16
    endloop
  endfacet
  facet normal 0.6642524379112712 0.747508326862606 0
    outer loop
      vertex -2.0364022365988252 -17.602967528307058 16
      vertex -1.948344144990551 -17.681217896800092 16
      vertex -2.0364022365988252 -17.602967528307058 13
    endloop
  endfacet
  facet normal 0.634393284163649 0.7730104533627342 0
    outer loop
      vertex -1.948344144990551 -17.681217896800092 16
      vertex -1.857281847929502 -17.755950792642235 16
      vertex -1.948344144990551 -17.681217896800092 13
    endloop
  endfacet
  facet normal 0.693087362545635 0.7208535967029196 0
    outer loop
      vertex -2.121320343559643 -17.521320343559644 16
      vertex -2.0364022365988252 -17.602967528307058 16
      vertex -2.121320343559643 -17.521320343559644 13
    endloop
  endfacet
  facet normal 0.7730104533627405 0.6343932841636413 0
    outer loop
      vertex -2.355950792642235 -17.2572818479295 16
      vertex -2.2812178968000927 -17.348344144990552 16
      vertex -2.355950792642235 -17.2572818479295 13
    endloop
  endfacet
  facet normal 0.9448060464668796 0.32763017956168883 -3.6838427254117573e-19
    outer loop
      vertex -2.8145740077674524 -16.43835117123248 16
      vertex -2.8531695488854605 -16.327050983124842 13
      vertex -2.8531695488854605 -16.327050983124842 16
    endloop
  endfacet
  facet normal 0.956940335732207 0.2902846772544685 3.851824244203176e-19
    outer loop
      vertex -2.8531695488854605 -16.327050983124842 16
      vertex -2.887365709360942 -16.214321349595224 13
      vertex -2.887365709360942 -16.214321349595224 16
    endloop
  endfacet
  facet normal 0.9767658813208712 0.2143091530650565 0
    outer loop
      vertex -2.9423558412096913 -15.985270966048386 16
      vertex -2.9171097611930294 -16.100336091567716 16
      vertex -2.9423558412096913 -15.985270966048386 13
    endloop
  endfacet
  facet normal 0.9675990923602616 0.2524915770151509 -4.739966853391149e-19
    outer loop
      vertex -2.887365709360942 -16.214321349595224 16
      vertex -2.9171097611930294 -16.100336091567716 13
      vertex -2.9171097611930294 -16.100336091567716 16
    endloop
  endfacet
  facet normal 0.9844265680898917 0.17579627993435348 -1.2533528175930226e-19
    outer loop
      vertex -2.9423558412096913 -15.985270966048386 16
      vertex -2.9630650217854133 -15.869303395120692 13
      vertex -2.9630650217854133 -15.869303395120692 16
    endloop
  endfacet
  facet normal 0.9905693404435774 0.13701234168196733 2.210496720979871e-19
    outer loop
      vertex -2.9630650217854133 -15.869303395120692 16
      vertex -2.9792053708647788 -15.752612192373514 13
      vertex -2.9792053708647788 -15.752612192373514 16
    endloop
  endfacet
  facet normal 0.9951847266721969 0.0980171403295605 -7.755448814125713e-21
    outer loop
      vertex -2.9792053708647788 -15.752612192373514 16
      vertex -2.990752001199384 -15.635377287183536 13
      vertex -2.990752001199384 -15.635377287183536 16
    endloop
  endfacet
  facet normal 0.9982656101847159 0.05887080365118833 6.60159160546572e-20
    outer loop
      vertex -2.990752001199384 -15.635377287183536 16
      vertex -2.9976871087221686 -15.517779447277206 13
      vertex -2.9976871087221686 -15.517779447277206 16
    endloop
  endfacet
  facet normal 0.9998072404820648 0.019633692460630073 -6.85255614808353e-20
    outer loop
      vertex -2.9976871087221686 -15.517779447277206 16
      vertex -3 -15.4 13
      vertex -3 -15.4 16
    endloop
  endfacet
  facet normal 0.9998072404820648 -0.019633692460630073 6.85255614808353e-20
    outer loop
      vertex -3 -15.4 16
      vertex -2.9976871087221686 -15.282220552722794 13
      vertex -2.9976871087221686 -15.282220552722794 16
    endloop
  endfacet
  facet normal 0.9982656101847159 -0.05887080365118833 -6.60159160546572e-20
    outer loop
      vertex -2.9976871087221686 -15.282220552722794 16
      vertex -2.990752001199384 -15.164622712816465 13
      vertex -2.990752001199384 -15.164622712816465 16
    endloop
  endfacet
  facet normal 0.9951847266721969 -0.0980171403295605 7.755448814125713e-21
    outer loop
      vertex -2.990752001199384 -15.164622712816465 16
      vertex -2.9792053708647788 -15.047387807626487 13
      vertex -2.9792053708647788 -15.047387807626487 16
    endloop
  endfacet
  facet normal 0.8997482840522273 0.4364092406733301 0
    outer loop
      vertex -2.7244295214752436 -16.655979212612284 16
      vertex -2.673019572565104 -16.761971499218642 16
      vertex -2.7244295214752436 -16.655979212612284 13
    endloop
  endfacet
  facet normal 0.8819212643483499 0.47139673682600697 1.0796958774465631e-18
    outer loop
      vertex -2.6174880212183913 -16.865863724490865 16
      vertex -2.673019572565104 -16.761971499218642 13
      vertex -2.673019572565104 -16.761971499218642 16
    endloop
  endfacet
  facet normal 0.9161879571171352 0.40074883310314235 1.0291125522037179e-18
    outer loop
      vertex -2.7244295214752436 -16.655979212612284 16
      vertex -2.77163859753386 -16.54805029709527 13
      vertex -2.77163859753386 -16.54805029709527 16
    endloop
  endfacet
  facet normal 0.9312149347588018 0.3644704998791539 0
    outer loop
      vertex -2.8145740077674524 -16.43835117123248 16
      vertex -2.77163859753386 -16.54805029709527 16
      vertex -2.8145740077674524 -16.43835117123248 13
    endloop
  endfacet
  facet normal 0.5717879602276206 0.8204014435255077 0
    outer loop
      vertex -1.7633557568774194 -17.827050983124842 16
      vertex -1.6667106990588065 -17.894408836907637 16
      vertex -1.7633557568774194 -17.827050983124842 13
    endloop
  endfacet
  facet normal 0.5056573733779688 0.8627343859778012 0
    outer loop
      vertex -1.5674956941478464 -17.95792049306228 16
      vertex -1.4658637244908648 -18.01748802121839 16
      vertex -1.5674956941478464 -17.95792049306228 13
    endloop
  endfacet
  facet normal 0.5391383229110053 0.8422172337162833 0
    outer loop
      vertex -1.6667106990588065 -17.894408836907637 16
      vertex -1.5674956941478464 -17.95792049306228 16
      vertex -1.6667106990588065 -17.894408836907637 13
    endloop
  endfacet
  facet normal 0.4713967368260117 0.8819212643483475 0
    outer loop
      vertex -1.4658637244908648 -18.01748802121839 16
      vertex -1.3619714992186405 -18.073019572565105 16
      vertex -1.4658637244908648 -18.01748802121839 13
    endloop
  endfacet
  facet normal 0.43640924067332293 0.8997482840522307 0
    outer loop
      vertex -1.3619714992186405 -18.073019572565105 16
      vertex -1.2559792126122842 -18.124429521475243 16
      vertex -1.3619714992186405 -18.073019572565105 13
    endloop
  endfacet
  facet normal 0.4007488331031505 0.9161879571171319 0
    outer loop
      vertex -1.2559792126122842 -18.124429521475243 16
      vertex -1.1480502970952693 -18.17163859753386 16
      vertex -1.2559792126122842 -18.124429521475243 13
    endloop
  endfacet
  facet normal 0.36447049987915464 0.9312149347588016 0
    outer loop
      vertex -1.1480502970952693 -18.17163859753386 16
      vertex -1.0383511712324789 -18.214574007767453 16
      vertex -1.1480502970952693 -18.17163859753386 13
    endloop
  endfacet
  facet normal 0.3276301795616783 0.9448060464668833 0
    outer loop
      vertex -1.0383511712324789 -18.214574007767453 16
      vertex -0.9270509831248421 -18.25316954888546 16
      vertex -1.0383511712324789 -18.214574007767453 13
    endloop
  endfacet
  facet normal 0.6035559419535689 0.7973206537727091 3.353218897700147e-19
    outer loop
      vertex -1.7633557568774194 -17.827050983124842 16
      vertex -1.857281847929502 -17.755950792642235 13
      vertex -1.857281847929502 -17.755950792642235 16
    endloop
  endfacet
  facet normal 0.2524915770151718 0.9675990923602562 0
    outer loop
      vertex -0.8143213495952228 -18.28736570936094 16
      vertex -0.7003360915677161 -18.31710976119303 16
      vertex -0.8143213495952228 -18.28736570936094 13
    endloop
  endfacet
  facet normal 0.2143091530650461 0.9767658813208734 0
    outer loop
      vertex -0.7003360915677161 -18.31710976119303 16
      vertex -0.5852709660483848 -18.34235584120969 16
      vertex -0.7003360915677161 -18.31710976119303 13
    endloop
  endfacet
  facet normal 0.17579627993435243 0.9844265680898919 0
    outer loop
      vertex -0.5852709660483848 -18.34235584120969 16
      vertex -0.46930339512069263 -18.363065021785413 16
      vertex -0.5852709660483848 -18.34235584120969 13
    endloop
  endfacet
  facet normal 0.2902846772544654 0.9569403357322079 3.2308279067327233e-19
    outer loop
      vertex -0.8143213495952228 -18.28736570936094 16
      vertex -0.9270509831248421 -18.25316954888546 13
      vertex -0.9270509831248421 -18.25316954888546 16
    endloop
  endfacet
  facet normal 0.1370123416819585 0.9905693404435785 0
    outer loop
      vertex -0.46930339512069263 -18.363065021785413 16
      vertex -0.35261219237351293 -18.379205370864778 16
      vertex -0.46930339512069263 -18.363065021785413 13
    endloop
  endfacet
  facet normal 0.09801714032957529 0.9951847266721954 0
    outer loop
      vertex -0.35261219237351293 -18.379205370864778 16
      vertex -0.23537728718353484 -18.390752001199385 16
      vertex -0.35261219237351293 -18.379205370864778 13
    endloop
  endfacet
  facet normal 0.05887080365119599 0.9982656101847154 0
    outer loop
      vertex -0.23537728718353484 -18.390752001199385 16
      vertex -0.11777944727720582 -18.39768710872217 16
      vertex -0.23537728718353484 -18.390752001199385 13
    endloop
  endfacet
  facet normal 0.019633692460603723 0.9998072404820654 0
    outer loop
      vertex -0.11777944727720582 -18.39768710872217 16
      vertex 0 -18.4 16
      vertex -0.11777944727720582 -18.39768710872217 13
    endloop
  endfacet
  facet normal 0.9905693404435774 -0.13701234168196733 -2.210496720979871e-19
    outer loop
      vertex -2.9792053708647788 -15.047387807626487 16
      vertex -2.9630650217854133 -14.930696604879309 13
      vertex -2.9630650217854133 -14.930696604879309 16
    endloop
  endfacet
  facet normal 0.9844265680898917 -0.17579627993435348 1.2533528175930226e-19
    outer loop
      vertex -2.9630650217854133 -14.930696604879309 16
      vertex -2.9423558412096913 -14.814729033951615 13
      vertex -2.9423558412096913 -14.814729033951615 16
    endloop
  endfacet
  facet normal 0.9767658813208712 -0.2143091530650565 -1.6868348804677203e-20
    outer loop
      vertex -2.9423558412096913 -14.814729033951615 16
      vertex -2.9171097611930294 -14.699663908432285 13
      vertex -2.9171097611930294 -14.699663908432285 16
    endloop
  endfacet
  facet normal 0.9675990923602616 -0.2524915770151509 4.739966853391149e-19
    outer loop
      vertex -2.9171097611930294 -14.699663908432285 16
      vertex -2.887365709360942 -14.585678650404777 13
      vertex -2.887365709360942 -14.585678650404777 16
    endloop
  endfacet
  facet normal 0.956940335732207 -0.2902846772544685 -3.851824244203176e-19
    outer loop
      vertex -2.887365709360942 -14.585678650404777 16
      vertex -2.8531695488854605 -14.472949016875159 13
      vertex -2.8531695488854605 -14.472949016875159 16
    endloop
  endfacet
  facet normal 0.9448060464668796 -0.32763017956168883 3.6838427254117573e-19
    outer loop
      vertex -2.8531695488854605 -14.472949016875159 16
      vertex -2.8145740077674524 -14.361648828767521 13
      vertex -2.8145740077674524 -14.361648828767521 16
    endloop
  endfacet
  facet normal 0.9312149347588018 -0.3644704998791539 -7.338497642997782e-19
    outer loop
      vertex -2.8145740077674524 -14.361648828767521 16
      vertex -2.77163859753386 -14.251949702904732 13
      vertex -2.77163859753386 -14.251949702904732 16
    endloop
  endfacet
  facet normal 0.9161879571171352 -0.40074883310314235 -1.0291125522037179e-18
    outer loop
      vertex -2.77163859753386 -14.251949702904732 16
      vertex -2.7244295214752436 -14.144020787387717 13
      vertex -2.7244295214752436 -14.144020787387717 16
    endloop
  endfacet
  facet normal 0.8997482840522243 -0.436409240673336 -4.0942934319546794e-19
    outer loop
      vertex -2.7244295214752436 -14.144020787387717 16
      vertex -2.673019572565104 -14.03802850078136 13
      vertex -2.673019572565104 -14.03802850078136 16
    endloop
  endfacet
  facet normal 0.8819212643483534 -0.47139673682600075 7.08541487754605e-19
    outer loop
      vertex -2.673019572565104 -14.03802850078136 16
      vertex -2.6174880212183913 -13.934136275509136 13
      vertex -2.6174880212183913 -13.934136275509136 16
    endloop
  endfacet
  facet normal 0.8627343859777928 -0.5056573733779829 1.5144568130760488e-19
    outer loop
      vertex -2.6174880212183913 -13.934136275509136 16
      vertex -2.557920493062277 -13.832504305852154 13
      vertex -2.557920493062277 -13.832504305852154 16
    endloop
  endfacet
  facet normal 0.8422172337162839 -0.5391383229110043 -5.229143640472924e-19
    outer loop
      vertex -2.557920493062277 -13.832504305852154 16
      vertex -2.4944088369076356 -13.733289300941195 13
      vertex -2.4944088369076356 -13.733289300941195 16
    endloop
  endfacet
  facet normal 0.8204014435255191 -0.5717879602276043 2.2648381151730163e-19
    outer loop
      vertex -2.4944088369076356 -13.733289300941195 16
      vertex -2.4270509831248424 -13.63664424312258 13
      vertex -2.4270509831248424 -13.63664424312258 16
    endloop
  endfacet
  facet normal 0.7973206537727031 -0.6035559419535768 -6.291836846341425e-19
    outer loop
      vertex -2.4270509831248424 -13.63664424312258 16
      vertex -2.355950792642235 -13.5427181520705 13
      vertex -2.355950792642235 -13.5427181520705 16
    endloop
  endfacet
  facet normal 0.7730104533627405 -0.6343932841636413 -7.601827375240951e-19
    outer loop
      vertex -2.355950792642235 -13.5427181520705 16
      vertex -2.2812178968000927 -13.451655855009449 13
      vertex -2.2812178968000927 -13.451655855009449 16
    endloop
  endfacet
  facet normal 0.7475083268625945 -0.6642524379112844 6.9733196213594325e-19
    outer loop
      vertex -2.2812178968000927 -13.451655855009449 16
      vertex -2.202967528307057 -13.363597763401176 13
      vertex -2.202967528307057 -13.363597763401176 16
    endloop
  endfacet
  facet normal 0.720853596702925 -0.6930873625456293 1.1872579428499322e-18
    outer loop
      vertex -2.202967528307057 -13.363597763401176 16
      vertex -2.121320343559643 -13.278679656440357 13
      vertex -2.121320343559643 -13.278679656440357 16
    endloop
  endfacet
  facet normal 0.693087362545635 -0.7208535967029196 1.8081332377260045e-19
    outer loop
      vertex -2.121320343559643 -13.278679656440357 16
      vertex -2.0364022365988252 -13.197032471692943 13
      vertex -2.0364022365988252 -13.197032471692943 16
    endloop
  endfacet
  facet normal 0.6642524379112712 -0.747508326862606 2.494242879916869e-19
    outer loop
      vertex -2.0364022365988252 -13.197032471692943 16
      vertex -1.948344144990551 -13.118782103199909 13
      vertex -1.948344144990551 -13.118782103199909 16
    endloop
  endfacet
  facet normal 0.634393284163649 -0.7730104533627342 -1.1671822561548673e-18
    outer loop
      vertex -1.948344144990551 -13.118782103199909 16
      vertex -1.857281847929502 -13.044049207357766 13
      vertex -1.857281847929502 -13.044049207357766 16
    endloop
  endfacet
  facet normal 0.6035559419535689 -0.7973206537727091 -3.353218897700147e-19
    outer loop
      vertex -1.857281847929502 -13.044049207357766 16
      vertex -1.7633557568774194 -12.972949016875159 13
      vertex -1.7633557568774194 -12.972949016875159 16
    endloop
  endfacet
  facet normal 0.5717879602276206 -0.8204014435255077 7.757646601836531e-19
    outer loop
      vertex -1.7633557568774194 -12.972949016875159 16
      vertex -1.6667106990588065 -12.905591163092364 13
      vertex -1.6667106990588065 -12.905591163092364 16
    endloop
  endfacet
  facet normal 0.5391383229109946 -0.8422172337162902 -2.1926867869723124e-19
    outer loop
      vertex -1.6667106990588065 -12.905591163092364 16
      vertex -1.5674956941478464 -12.842079506937724 13
      vertex -1.5674956941478464 -12.842079506937724 16
    endloop
  endfacet
  facet normal 0.50565737337798 -0.8627343859777945 6.415037634087239e-20
    outer loop
      vertex -1.5674956941478464 -12.842079506937724 16
      vertex -1.4658637244908648 -12.78251197878161 13
      vertex -1.4658637244908648 -12.78251197878161 16
    endloop
  endfacet
  facet normal 0.4713967368260117 -0.8819212643483475 6.775057767708111e-19
    outer loop
      vertex -1.4658637244908648 -12.78251197878161 16
      vertex -1.3619714992186405 -12.726980427434896 13
      vertex -1.3619714992186405 -12.726980427434896 16
    endloop
  endfacet
  facet normal 0.43640924067333514 -0.8997482840522247 2.0195499359346094e-19
    outer loop
      vertex -1.3619714992186405 -12.726980427434896 16
      vertex -1.2559792126122842 -12.675570478524756 13
      vertex -1.2559792126122842 -12.675570478524756 16
    endloop
  endfacet
  facet normal 0.4007488331031378 -0.9161879571171373 1.207830368213301e-18
    outer loop
      vertex -1.2559792126122842 -12.675570478524756 16
      vertex -1.1480502970952693 -12.62836140246614 13
      vertex -1.1480502970952693 -12.62836140246614 16
    endloop
  endfacet
  facet normal 0.36447049987915464 -0.9312149347588016 -4.10343691804099e-19
    outer loop
      vertex -1.1480502970952693 -12.62836140246614 16
      vertex -1.0383511712324789 -12.585425992232548 13
      vertex -1.0383511712324789 -12.585425992232548 16
    endloop
  endfacet
  facet normal 0.32763017956169177 -0.9448060464668787 -6.189582661628339e-19
    outer loop
      vertex -1.0383511712324789 -12.585425992232548 16
      vertex -0.9270509831248421 -12.54683045111454 13
      vertex -0.9270509831248421 -12.54683045111454 16
    endloop
  endfacet
  facet normal 0.2902846772544654 -0.9569403357322079 -3.2308279067327233e-19
    outer loop
      vertex -0.9270509831248421 -12.54683045111454 16
      vertex -0.8143213495952228 -12.512634290639058 13
      vertex -0.8143213495952228 -12.512634290639058 16
    endloop
  endfacet
  facet normal 0.2524915770151576 -0.9675990923602599 -6.08071955342873e-19
    outer loop
      vertex -0.8143213495952228 -12.512634290639058 16
      vertex -0.7003360915677161 -12.48289023880697 13
      vertex -0.7003360915677161 -12.48289023880697 16
    endloop
  endfacet
  facet normal 0.2143091530650461 -0.9767658813208734 -3.1805054051083105e-19
    outer loop
      vertex -0.7003360915677161 -12.48289023880697 16
      vertex -0.5852709660483848 -12.457644158790309 13
      vertex -0.5852709660483848 -12.457644158790309 16
    endloop
  endfacet
  facet normal 0.17579627993435243 -0.9844265680898919 -5.810046270087727e-19
    outer loop
      vertex -0.5852709660483848 -12.457644158790309 16
      vertex -0.46930339512069263 -12.436934978214587 13
      vertex -0.46930339512069263 -12.436934978214587 16
    endloop
  endfacet
  facet normal 0.13701234168197332 -0.9905693404435765 -3.0105185675311333e-19
    outer loop
      vertex -0.46930339512069263 -12.436934978214587 16
      vertex -0.35261219237351293 -12.420794629135221 13
      vertex -0.35261219237351293 -12.420794629135221 16
    endloop
  endfacet
  facet normal 0.09801714032956037 -0.9951847266721969 -7.335139337203405e-20
    outer loop
      vertex -0.35261219237351293 -12.420794629135221 16
      vertex -0.23537728718353484 -12.409247998800616 13
      vertex -0.23537728718353484 -12.409247998800616 16
    endloop
  endfacet
  facet normal 0.05887080365118096 -0.9982656101847164 -3.2504832904768504e-20
    outer loop
      vertex -0.23537728718353484 -12.409247998800616 16
      vertex -0.11777944727720582 -12.402312891277832 13
      vertex -0.11777944727720582 -12.402312891277832 16
    endloop
  endfacet
  facet normal 0.01963369246063387 -0.9998072404820647 1.0064886878629483e-21
    outer loop
      vertex -0.11777944727720582 -12.402312891277832 16
      vertex 0 -12.4 13
      vertex 0 -12.4 16
    endloop
  endfacet
  facet normal -0.7730104533627266 -0.6343932841636583 0
    outer loop
      vertex 48.23172535380013 2.7601542054032806 16
      vertex 48.23172535380013 2.7601542054032806 13
      vertex 48.33759695624317 2.6311492845667943 13
    endloop
  endfacet
  facet normal -0.8819212643483527 -0.47139673682600186 0
    outer loop
      vertex 48.708108030059385 2.0766402763620584 16
      vertex 48.708108030059385 2.0766402763620584 13
      vertex 48.78677772780056 1.929459623893074 13
    endloop
  endfacet
  facet normal -0.8422172337162949 -0.5391383229109873 0
    outer loop
      vertex 48.53374585228582 2.361173490333309 16
      vertex 48.53374585228582 2.361173490333309 13
      vertex 48.62372069850489 2.2206189000427825 13
    endloop
  endfacet
  facet normal -0.8627343859777928 -0.505657373377983 0
    outer loop
      vertex 48.62372069850489 2.2206189000427825 16
      vertex 48.62372069850489 2.2206189000427825 13
      vertex 48.708108030059385 2.0766402763620584 13
    endloop
  endfacet
  facet normal -0.8204014435255084 -0.5717879602276199 0
    outer loop
      vertex 48.438322226093526 2.498087322243011 16
      vertex 48.438322226093526 2.498087322243011 13
      vertex 48.53374585228582 2.361173490333309 13
    endloop
  endfacet
  facet normal -0.7973206537727148 -0.6035559419535613 0
    outer loop
      vertex 48.33759695624317 2.6311492845667943 16
      vertex 48.33759695624317 2.6311492845667943 13
      vertex 48.438322226093526 2.498087322243011 13
    endloop
  endfacet
  facet normal -0.720853596702931 -0.6930873625456231 0
    outer loop
      vertex 48.00520382004283 3.0052038200428273 16
      vertex 48.00520382004283 3.0052038200428273 13
      vertex 48.12087066510166 2.8849031685150024 13
    endloop
  endfacet
  facet normal -0.6930873625456313 -0.7208535967029231 0
    outer loop
      vertex 47.89039059023367 3.1155946109020833 16
      vertex 47.89039059023367 3.1155946109020833 13
      vertex 48.00520382004283 3.0052038200428273 13
    endloop
  endfacet
  facet normal -0.7475083268625997 -0.6642524379112785 0
    outer loop
      vertex 48.12087066510166 2.8849031685150024 16
      vertex 48.12087066510166 2.8849031685150024 13
      vertex 48.23172535380013 2.7601542054032806 13
    endloop
  endfacet
  facet normal -0.9905693404435785 -0.13701234168195858 0
    outer loop
      vertex 49.197675447529335 0.6648464764209812 16
      vertex 49.197675447529335 0.6648464764209812 13
      vertex 49.220540942058435 0.49953393919581 13
    endloop
  endfacet
  facet normal -0.9844265680898945 -0.17579627993433866 0
    outer loop
      vertex 49.16833744171373 0.8291338685685451 16
      vertex 49.16833744171373 0.8291338685685451 13
      vertex 49.197675447529335 0.6648464764209812 13
    endloop
  endfacet
  facet normal -0.9998072404820648 -0.019633692460630327 0
    outer loop
      vertex 49.24672340402307 0.16685421697604158 16
      vertex 49.24672340402307 0.16685421697604158 13
      vertex 49.25 0 13
    endloop
  endfacet
  facet normal -0.998265610184717 -0.05887080365117125 0
    outer loop
      vertex 49.2368986683658 0.33345115684334103 16
      vertex 49.2368986683658 0.33345115684334103 13
      vertex 49.24672340402307 0.16685421697604158 13
    endloop
  endfacet
  facet normal -0.9951847266721939 -0.09801714032958933 0
    outer loop
      vertex 49.220540942058435 0.49953393919581 16
      vertex 49.220540942058435 0.49953393919581 13
      vertex 49.2368986683658 0.33345115684334103 13
    endloop
  endfacet
  facet normal -0.9767658813208723 -0.21430915306505105 0
    outer loop
      vertex 49.13257216169013 0.992142796387598 16
      vertex 49.13257216169013 0.992142796387598 13
      vertex 49.16833744171373 0.8291338685685451 13
    endloop
  endfacet
  facet normal -0.9675990923602518 -0.2524915770151886 0
    outer loop
      vertex 49.090434754928 1.1536219119265656 16
      vertex 49.090434754928 1.1536219119265656 13
      vertex 49.13257216169013 0.992142796387598 13
    endloop
  endfacet
  facet normal -0.9569403357322149 -0.2902846772544423 0
    outer loop
      vertex 49.0419901942544 1.3133222260935264 16
      vertex 49.0419901942544 1.3133222260935264 13
      vertex 49.090434754928 1.1536219119265656 13
    endloop
  endfacet
  facet normal -0.9312149347588085 -0.36447049987913743 0
    outer loop
      vertex 48.92648801317297 1.6264045875516315 16
      vertex 48.92648801317297 1.6264045875516315 13
      vertex 48.98731317767056 1.470997492579345 13
    endloop
  endfacet
  facet normal -0.9161879571171234 -0.4007488331031696 0
    outer loop
      vertex 48.85960848875659 1.7793038845340694 16
      vertex 48.85960848875659 1.7793038845340694 13
      vertex 48.92648801317297 1.6264045875516315 13
    endloop
  endfacet
  facet normal -0.9448060464668777 -0.32763017956169455 0
    outer loop
      vertex 48.98731317767056 1.470997492579345 16
      vertex 48.98731317767056 1.470997492579345 13
      vertex 49.0419901942544 1.3133222260935264 13
    endloop
  endfacet
  facet normal -0.8997482840522256 -0.4364092406733336 0
    outer loop
      vertex 48.78677772780056 1.929459623893074 16
      vertex 48.78677772780056 1.929459623893074 13
      vertex 48.85960848875659 1.7793038845340694 13
    endloop
  endfacet
  facet normal -0.7475083268625997 -0.6642524379112785 0
    outer loop
      vertex 48.23172535380013 2.7601542054032806 16
      vertex 48.12087066510166 2.8849031685150024 16
      vertex 48.23172535380013 2.7601542054032806 13
    endloop
  endfacet
  facet normal -0.8422172337162949 -0.5391383229109873 0
    outer loop
      vertex 48.62372069850489 2.2206189000427825 16
      vertex 48.53374585228582 2.361173490333309 16
      vertex 48.62372069850489 2.2206189000427825 13
    endloop
  endfacet
  facet normal -0.8627343859777928 -0.505657373377983 0
    outer loop
      vertex 48.708108030059385 2.0766402763620584 16
      vertex 48.62372069850489 2.2206189000427825 16
      vertex 48.708108030059385 2.0766402763620584 13
    endloop
  endfacet
  facet normal -0.8204014435255084 -0.5717879602276199 -9.440512007415369e-19
    outer loop
      vertex 48.438322226093526 2.498087322243011 16
      vertex 48.53374585228582 2.361173490333309 13
      vertex 48.53374585228582 2.361173490333309 16
    endloop
  endfacet
  facet normal -0.7973206537727148 -0.6035559419535613 0
    outer loop
      vertex 48.438322226093526 2.498087322243011 16
      vertex 48.33759695624317 2.6311492845667943 16
      vertex 48.438322226093526 2.498087322243011 13
    endloop
  endfacet
  facet normal -0.7730104533627266 -0.6343932841636583 -1.3791537077769105e-18
    outer loop
      vertex 48.23172535380013 2.7601542054032806 16
      vertex 48.33759695624317 2.6311492845667943 13
      vertex 48.33759695624317 2.6311492845667943 16
    endloop
  endfacet
  facet normal -0.6930873625456313 -0.7208535967029231 0
    outer loop
      vertex 48.00520382004283 3.0052038200428273 16
      vertex 47.89039059023367 3.1155946109020833 16
      vertex 48.00520382004283 3.0052038200428273 13
    endloop
  endfacet
  facet normal -0.720853596702931 -0.6930873625456231 7.650993451535092e-19
    outer loop
      vertex 48.00520382004283 3.0052038200428273 16
      vertex 48.12087066510166 2.8849031685150024 13
      vertex 48.12087066510166 2.8849031685150024 16
    endloop
  endfacet
  facet normal -0.9905693404435785 -0.13701234168195858 -2.0403428503633427e-19
    outer loop
      vertex 49.197675447529335 0.6648464764209812 16
      vertex 49.220540942058435 0.49953393919581 13
      vertex 49.220540942058435 0.49953393919581 16
    endloop
  endfacet
  facet normal -0.9844265680898945 -0.17579627993433866 0
    outer loop
      vertex 49.197675447529335 0.6648464764209812 16
      vertex 49.16833744171373 0.8291338685685451 16
      vertex 49.197675447529335 0.6648464764209812 13
    endloop
  endfacet
  facet normal -0.9767658813208723 -0.21430915306505105 0
    outer loop
      vertex 49.16833744171373 0.8291338685685451 16
      vertex 49.13257216169013 0.992142796387598 16
      vertex 49.16833744171373 0.8291338685685451 13
    endloop
  endfacet
  facet normal -0.9998072404820648 -0.019633692460630327 0
    outer loop
      vertex 49.25 0 16
      vertex 49.24672340402307 0.16685421697604158 16
      vertex 49.25 0 13
    endloop
  endfacet
  facet normal -0.998265610184717 -0.05887080365117125 0
    outer loop
      vertex 49.24672340402307 0.16685421697604158 16
      vertex 49.2368986683658 0.33345115684334103 16
      vertex 49.24672340402307 0.16685421697604158 13
    endloop
  endfacet
  facet normal -0.9951847266721939 -0.09801714032958933 0
    outer loop
      vertex 49.2368986683658 0.33345115684334103 16
      vertex 49.220540942058435 0.49953393919581 16
      vertex 49.2368986683658 0.33345115684334103 13
    endloop
  endfacet
  facet normal -0.9675990923602518 -0.2524915770151886 -4.2444979884176617e-19
    outer loop
      vertex 49.090434754928 1.1536219119265656 16
      vertex 49.13257216169013 0.992142796387598 13
      vertex 49.13257216169013 0.992142796387598 16
    endloop
  endfacet
  facet normal -0.9569403357322149 -0.2902846772544423 0
    outer loop
      vertex 49.090434754928 1.1536219119265656 16
      vertex 49.0419901942544 1.3133222260935264 16
      vertex 49.090434754928 1.1536219119265656 13
    endloop
  endfacet
  facet normal -0.9448060464668777 -0.32763017956169455 0
    outer loop
      vertex 49.0419901942544 1.3133222260935264 16
      vertex 48.98731317767056 1.470997492579345 16
      vertex 49.0419901942544 1.3133222260935264 13
    endloop
  endfacet
  facet normal -0.9312149347588085 -0.36447049987913743 2.7363908397851426e-19
    outer loop
      vertex 48.92648801317297 1.6264045875516315 16
      vertex 48.98731317767056 1.470997492579345 13
      vertex 48.98731317767056 1.470997492579345 16
    endloop
  endfacet
  facet normal -0.8997482840522256 -0.4364092406733336 0
    outer loop
      vertex 48.85960848875659 1.7793038845340694 16
      vertex 48.78677772780056 1.929459623893074 16
      vertex 48.85960848875659 1.7793038845340694 13
    endloop
  endfacet
  facet normal -0.9161879571171234 -0.4007488331031696 0
    outer loop
      vertex 48.92648801317297 1.6264045875516315 16
      vertex 48.85960848875659 1.7793038845340694 16
      vertex 48.92648801317297 1.6264045875516315 13
    endloop
  endfacet
  facet normal -0.8819212643483527 -0.47139673682600186 1.6213435444557536e-18
    outer loop
      vertex 48.708108030059385 2.0766402763620584 16
      vertex 48.78677772780056 1.929459623893074 13
      vertex 48.78677772780056 1.929459623893074 16
    endloop
  endfacet
  facet normal 0.29028467725447166 -0.9569403357322062 0
    outer loop
      vertex 21.24827354635736 43.03181823785135 16
      vertex 21.24827354635736 43.03181823785135 13
      vertex 21.346378088073436 43.06157792522774 13
    endloop
  endfacet
  facet normal 0.25249157701518987 -0.9675990923602514 0
    outer loop
      vertex 21.346378088073436 43.06157792522774 16
      vertex 21.346378088073436 43.06157792522774 13
      vertex 21.507857203612403 43.10371533198987 13
    endloop
  endfacet
  facet normal 0.2143091530650507 -0.9767658813208725 0
    outer loop
      vertex 21.507857203612403 43.10371533198987 16
      vertex 21.507857203612403 43.10371533198987 13
      vertex 21.670866131431456 43.13948061201347 13
    endloop
  endfacet
  facet normal 0.17579627993433855 -0.9844265680898946 0
    outer loop
      vertex 21.670866131431456 43.13948061201347 16
      vertex 21.670866131431456 43.13948061201347 13
      vertex 21.83515352357902 43.168818617829075 13
    endloop
  endfacet
  facet normal 0.13701234168196005 -0.9905693404435784 0
    outer loop
      vertex 21.83515352357902 43.168818617829075 16
      vertex 21.83515352357902 43.168818617829075 13
      vertex 22.00046606080419 43.191684112358175 13
    endloop
  endfacet
  facet normal 0.09801714032958966 -0.9951847266721939 0
    outer loop
      vertex 22.00046606080419 43.191684112358175 16
      vertex 22.00046606080419 43.191684112358175 13
      vertex 22.166548843156658 43.20804183866554 13
    endloop
  endfacet
  facet normal 0.05887080365117083 -0.9982656101847169 0
    outer loop
      vertex 22.166548843156658 43.20804183866554 16
      vertex 22.166548843156658 43.20804183866554 13
      vertex 22.33314578302396 43.21786657432281 13
    endloop
  endfacet
  facet normal 0.019633692460630344 -0.9998072404820648 0
    outer loop
      vertex 22.33314578302396 43.21786657432281 16
      vertex 22.33314578302396 43.21786657432281 13
      vertex 22.5 43.22114317029974 13
    endloop
  endfacet
  facet normal -0.8819212643483589 -0.47139673682599026 0
    outer loop
      vertex 26.20810803005939 41.047783446661796 16
      vertex 26.20810803005939 41.047783446661796 13
      vertex 26.286777727800562 40.900602794192814 13
    endloop
  endfacet
  facet normal -0.8627343859777921 -0.5056573733779841 0
    outer loop
      vertex 26.123720698504894 41.19176207034252 16
      vertex 26.123720698504894 41.19176207034252 13
      vertex 26.20810803005939 41.047783446661796 13
    endloop
  endfacet
  facet normal -0.25249157701518987 -0.9675990923602514 0
    outer loop
      vertex 23.492142796387597 43.10371533198987 16
      vertex 23.492142796387597 43.10371533198987 13
      vertex 23.653621911926564 43.06157792522774 13
    endloop
  endfacet
  facet normal -0.29028467725444085 -0.9569403357322154 0
    outer loop
      vertex 23.653621911926564 43.06157792522774 16
      vertex 23.653621911926564 43.06157792522774 13
      vertex 23.813322226093526 43.01313336455414 13
    endloop
  endfacet
  facet normal -0.3276301795616961 -0.944806046466877 0
    outer loop
      vertex 23.813322226093526 43.01313336455414 16
      vertex 23.813322226093526 43.01313336455414 13
      vertex 23.970997492579343 42.9584563479703 13
    endloop
  endfacet
  facet normal -0.36447049987913066 -0.931214934758811 0
    outer loop
      vertex 23.970997492579343 42.9584563479703 16
      vertex 23.970997492579343 42.9584563479703 13
      vertex 24.126404587551633 42.89763118347271 13
    endloop
  endfacet
  facet normal -0.40074883310317255 -0.9161879571171221 0
    outer loop
      vertex 24.126404587551633 42.89763118347271 16
      vertex 24.126404587551633 42.89763118347271 13
      vertex 24.27930388453407 42.83075165905633 13
    endloop
  endfacet
  facet normal -0.43640924067333464 -0.8997482840522251 0
    outer loop
      vertex 24.27930388453407 42.83075165905633 16
      vertex 24.27930388453407 42.83075165905633 13
      vertex 24.429459623893074 42.7579208981003 13
    endloop
  endfacet
  facet normal -0.019633692460630344 -0.9998072404820648 0
    outer loop
      vertex 22.5 43.22114317029974 16
      vertex 22.5 43.22114317029974 13
      vertex 22.66685421697604 43.21786657432281 13
    endloop
  endfacet
  facet normal -0.05887080365117083 -0.9982656101847169 0
    outer loop
      vertex 22.66685421697604 43.21786657432281 16
      vertex 22.66685421697604 43.21786657432281 13
      vertex 22.833451156843342 43.20804183866554 13
    endloop
  endfacet
  facet normal -0.09801714032958966 -0.9951847266721939 0
    outer loop
      vertex 22.833451156843342 43.20804183866554 16
      vertex 22.833451156843342 43.20804183866554 13
      vertex 22.99953393919581 43.191684112358175 13
    endloop
  endfacet
  facet normal -0.13701234168196005 -0.9905693404435784 0
    outer loop
      vertex 22.99953393919581 43.191684112358175 16
      vertex 22.99953393919581 43.191684112358175 13
      vertex 23.16484647642098 43.168818617829075 13
    endloop
  endfacet
  facet normal -0.17579627993433855 -0.9844265680898946 0
    outer loop
      vertex 23.16484647642098 43.168818617829075 16
      vertex 23.16484647642098 43.168818617829075 13
      vertex 23.329133868568544 43.13948061201347 13
    endloop
  endfacet
  facet normal -0.2143091530650507 -0.9767658813208725 0
    outer loop
      vertex 23.329133868568544 43.13948061201347 16
      vertex 23.329133868568544 43.13948061201347 13
      vertex 23.492142796387597 43.10371533198987 13
    endloop
  endfacet
  facet normal -0.6642524379112825 -0.7475083268625962 0
    outer loop
      vertex 25.260154205403282 42.20286852409987 16
      vertex 25.260154205403282 42.20286852409987 13
      vertex 25.384903168515002 42.0920138354014 13
    endloop
  endfacet
  facet normal -0.5056573733779841 -0.8627343859777921 0
    outer loop
      vertex 24.57664027636206 42.679251200359126 16
      vertex 24.57664027636206 42.679251200359126 13
      vertex 24.720618900042783 42.59486386880463 13
    endloop
  endfacet
  facet normal -0.5391383229109946 -0.8422172337162902 0
    outer loop
      vertex 24.720618900042783 42.59486386880463 16
      vertex 24.720618900042783 42.59486386880463 13
      vertex 24.861173490333307 42.50488902258556 13
    endloop
  endfacet
  facet normal -0.471396736825998 -0.8819212643483547 0
    outer loop
      vertex 24.429459623893074 42.7579208981003 16
      vertex 24.429459623893074 42.7579208981003 13
      vertex 24.57664027636206 42.679251200359126 13
    endloop
  endfacet
  facet normal -0.6035559419535523 -0.7973206537727215 0
    outer loop
      vertex 24.99808732224301 42.409465396393266 16
      vertex 24.99808732224301 42.409465396393266 13
      vertex 25.131149284566796 42.30874012654291 13
    endloop
  endfacet
  facet normal -0.5717879602276199 -0.8204014435255084 0
    outer loop
      vertex 24.861173490333307 42.50488902258556 16
      vertex 24.861173490333307 42.50488902258556 13
      vertex 24.99808732224301 42.409465396393266 13
    endloop
  endfacet
  facet normal -0.6343932841636583 -0.7730104533627266 0
    outer loop
      vertex 25.131149284566796 42.30874012654291 16
      vertex 25.131149284566796 42.30874012654291 13
      vertex 25.260154205403282 42.20286852409987 13
    endloop
  endfacet
  facet normal -0.7730104533627266 -0.6343932841636583 0
    outer loop
      vertex 25.73172535380013 41.73129737570302 16
      vertex 25.73172535380013 41.73129737570302 13
      vertex 25.837596956243168 41.602292454866536 13
    endloop
  endfacet
  facet normal -0.7208535967029281 -0.6930873625456262 0
    outer loop
      vertex 25.505203820042826 41.97634699034257 16
      vertex 25.505203820042826 41.97634699034257 13
      vertex 25.620870665101663 41.85604633881474 13
    endloop
  endfacet
  facet normal -0.6930873625456259 -0.7208535967029286 0
    outer loop
      vertex 25.384903168515002 42.0920138354014 16
      vertex 25.384903168515002 42.0920138354014 13
      vertex 25.505203820042826 41.97634699034257 13
    endloop
  endfacet
  facet normal -0.7475083268625962 -0.6642524379112825 0
    outer loop
      vertex 25.620870665101663 41.85604633881474 16
      vertex 25.620870665101663 41.85604633881474 13
      vertex 25.73172535380013 41.73129737570302 13
    endloop
  endfacet
  facet normal -0.8204014435255084 -0.5717879602276199 0
    outer loop
      vertex 25.938322226093526 41.46923049254275 16
      vertex 25.938322226093526 41.46923049254275 13
      vertex 26.03374585228582 41.33231666063305 13
    endloop
  endfacet
  facet normal -0.7973206537727215 -0.6035559419535523 0
    outer loop
      vertex 25.837596956243168 41.602292454866536 16
      vertex 25.837596956243168 41.602292454866536 13
      vertex 25.938322226093526 41.46923049254275 13
    endloop
  endfacet
  facet normal -0.8422172337162868 -0.539138322911 0
    outer loop
      vertex 26.03374585228582 41.33231666063305 16
      vertex 26.03374585228582 41.33231666063305 13
      vertex 26.123720698504894 41.19176207034252 13
    endloop
  endfacet
  facet normal -0.9767658813208709 -0.21430915306505718 0
    outer loop
      vertex 26.632572161690124 39.96328596668734 16
      vertex 26.632572161690124 39.96328596668734 13
      vertex 26.640349440523813 39.927839134363005 13
    endloop
  endfacet
  facet normal -0.9675990923602619 -0.25249157701515007 0
    outer loop
      vertex 26.590434754928 40.124765082226304 16
      vertex 26.590434754928 40.124765082226304 13
      vertex 26.632572161690124 39.96328596668734 13
    endloop
  endfacet
  facet normal -0.9569403357322095 -0.29028467725446033 0
    outer loop
      vertex 26.541990194254403 40.284465396393266 16
      vertex 26.541990194254403 40.284465396393266 13
      vertex 26.590434754928 40.124765082226304 13
    endloop
  endfacet
  facet normal -0.9312149347588038 -0.3644704998791491 0
    outer loop
      vertex 26.426488013172968 40.59754775785137 16
      vertex 26.426488013172968 40.59754775785137 13
      vertex 26.487313177670558 40.44214066287908 13
    endloop
  endfacet
  facet normal -0.9161879571171343 -0.40074883310314463 0
    outer loop
      vertex 26.359608488756596 40.750447054833806 16
      vertex 26.359608488756596 40.750447054833806 13
      vertex 26.426488013172968 40.59754775785137 13
    endloop
  endfacet
  facet normal -0.944806046466877 -0.3276301795616961 0
    outer loop
      vertex 26.487313177670558 40.44214066287908 16
      vertex 26.487313177670558 40.44214066287908 13
      vertex 26.541990194254403 40.284465396393266 13
    endloop
  endfacet
  facet normal -0.8997482840522206 -0.43640924067334347 0
    outer loop
      vertex 26.286777727800562 40.900602794192814 16
      vertex 26.286777727800562 40.900602794192814 13
      vertex 26.359608488756596 40.750447054833806 13
    endloop
  endfacet
  facet normal 0.29028467725447166 -0.9569403357322062 -3.169349759873093e-21
    outer loop
      vertex 21.24827354635736 43.03181823785135 16
      vertex 21.346378088073436 43.06157792522774 13
      vertex 21.346378088073436 43.06157792522774 16
    endloop
  endfacet
  facet normal 0.25249157701518987 -0.9675990923602514 1.6682819589461258e-19
    outer loop
      vertex 21.346378088073436 43.06157792522774 16
      vertex 21.507857203612403 43.10371533198987 13
      vertex 21.507857203612403 43.10371533198987 16
    endloop
  endfacet
  facet normal 0.2143091530650507 -0.9767658813208725 -2.6352796561001953e-19
    outer loop
      vertex 21.507857203612403 43.10371533198987 16
      vertex 21.670866131431456 43.13948061201347 13
      vertex 21.670866131431456 43.13948061201347 16
    endloop
  endfacet
  facet normal 0.17579627993433855 -0.9844265680898946 7.416511277099232e-20
    outer loop
      vertex 21.670866131431456 43.13948061201347 16
      vertex 21.83515352357902 43.168818617829075 13
      vertex 21.83515352357902 43.168818617829075 16
    endloop
  endfacet
  facet normal 0.13701234168196005 -0.9905693404435784 -3.651289314272739e-19
    outer loop
      vertex 21.83515352357902 43.168818617829075 16
      vertex 22.00046606080419 43.191684112358175 13
      vertex 22.00046606080419 43.191684112358175 16
    endloop
  endfacet
  facet normal 0.09801714032958966 -0.9951847266721939 -1.0691300628569223e-19
    outer loop
      vertex 22.00046606080419 43.191684112358175 16
      vertex 22.166548843156658 43.20804183866554 13
      vertex 22.166548843156658 43.20804183866554 16
    endloop
  endfacet
  facet normal 0.05887080365117083 -0.9982656101847169 2.2921827212877997e-20
    outer loop
      vertex 22.166548843156658 43.20804183866554 16
      vertex 22.33314578302396 43.21786657432281 13
      vertex 22.33314578302396 43.21786657432281 16
    endloop
  endfacet
  facet normal 0.019633692460630344 -0.9998072404820648 -8.698852141810782e-20
    outer loop
      vertex 22.33314578302396 43.21786657432281 16
      vertex 22.5 43.22114317029974 13
      vertex 22.5 43.22114317029974 16
    endloop
  endfacet
  facet normal -0.8422172337162868 -0.539138322911 0
    outer loop
      vertex 26.123720698504894 41.19176207034252 16
      vertex 26.03374585228582 41.33231666063305 16
      vertex 26.123720698504894 41.19176207034252 13
    endloop
  endfacet
  facet normal -0.8627343859777921 -0.5056573733779841 -1.3696024606186827e-18
    outer loop
      vertex 26.123720698504894 41.19176207034252 16
      vertex 26.20810803005939 41.047783446661796 13
      vertex 26.20810803005939 41.047783446661796 16
    endloop
  endfacet
  facet normal -0.2143091530650507 -0.9767658813208725 0
    outer loop
      vertex 23.492142796387597 43.10371533198987 16
      vertex 23.329133868568544 43.13948061201347 16
      vertex 23.492142796387597 43.10371533198987 13
    endloop
  endfacet
  facet normal -0.25249157701518987 -0.9675990923602514 -1.6682819589461258e-19
    outer loop
      vertex 23.492142796387597 43.10371533198987 16
      vertex 23.653621911926564 43.06157792522774 13
      vertex 23.653621911926564 43.06157792522774 16
    endloop
  endfacet
  facet normal -0.29028467725444085 -0.9569403357322154 -8.248673756185782e-20
    outer loop
      vertex 23.653621911926564 43.06157792522774 16
      vertex 23.813322226093526 43.01313336455414 13
      vertex 23.813322226093526 43.01313336455414 16
    endloop
  endfacet
  facet normal -0.3276301795616961 -0.944806046466877 -1.6614328631400618e-18
    outer loop
      vertex 23.813322226093526 43.01313336455414 16
      vertex 23.970997492579343 42.9584563479703 13
      vertex 23.970997492579343 42.9584563479703 16
    endloop
  endfacet
  facet normal -0.36447049987913066 -0.931214934758811 1.0209586485923086e-18
    outer loop
      vertex 23.970997492579343 42.9584563479703 16
      vertex 24.126404587551633 42.89763118347271 13
      vertex 24.126404587551633 42.89763118347271 16
    endloop
  endfacet
  facet normal -0.40074883310317255 -0.9161879571171221 -9.18585399248487e-19
    outer loop
      vertex 24.126404587551633 42.89763118347271 16
      vertex 24.27930388453407 42.83075165905633 13
      vertex 24.27930388453407 42.83075165905633 16
    endloop
  endfacet
  facet normal -0.019633692460630344 -0.9998072404820648 8.698852141810782e-20
    outer loop
      vertex 22.5 43.22114317029974 16
      vertex 22.66685421697604 43.21786657432281 13
      vertex 22.66685421697604 43.21786657432281 16
    endloop
  endfacet
  facet normal -0.05887080365117083 -0.9982656101847169 -2.2921827212877997e-20
    outer loop
      vertex 22.66685421697604 43.21786657432281 16
      vertex 22.833451156843342 43.20804183866554 13
      vertex 22.833451156843342 43.20804183866554 16
    endloop
  endfacet
  facet normal -0.09801714032958966 -0.9951847266721939 1.0691300628569223e-19
    outer loop
      vertex 22.833451156843342 43.20804183866554 16
      vertex 22.99953393919581 43.191684112358175 13
      vertex 22.99953393919581 43.191684112358175 16
    endloop
  endfacet
  facet normal -0.13701234168196005 -0.9905693404435784 3.651289314272739e-19
    outer loop
      vertex 22.99953393919581 43.191684112358175 16
      vertex 23.16484647642098 43.168818617829075 13
      vertex 23.16484647642098 43.168818617829075 16
    endloop
  endfacet
  facet normal -0.17579627993433855 -0.9844265680898946 -7.416511277099232e-20
    outer loop
      vertex 23.16484647642098 43.168818617829075 16
      vertex 23.329133868568544 43.13948061201347 13
      vertex 23.329133868568544 43.13948061201347 16
    endloop
  endfacet
  facet normal -0.5056573733779841 -0.8627343859777921 0
    outer loop
      vertex 24.720618900042783 42.59486386880463 16
      vertex 24.57664027636206 42.679251200359126 16
      vertex 24.720618900042783 42.59486386880463 13
    endloop
  endfacet
  facet normal -0.5391383229109946 -0.8422172337162902 -8.112826645533939e-19
    outer loop
      vertex 24.720618900042783 42.59486386880463 16
      vertex 24.861173490333307 42.50488902258556 13
      vertex 24.861173490333307 42.50488902258556 16
    endloop
  endfacet
  facet normal -0.43640924067333464 -0.8997482840522251 -8.645697175802983e-19
    outer loop
      vertex 24.27930388453407 42.83075165905633 16
      vertex 24.429459623893074 42.7579208981003 13
      vertex 24.429459623893074 42.7579208981003 16
    endloop
  endfacet
  facet normal -0.471396736825998 -0.8819212643483547 -6.96878690375786e-20
    outer loop
      vertex 24.429459623893074 42.7579208981003 16
      vertex 24.57664027636206 42.679251200359126 13
      vertex 24.57664027636206 42.679251200359126 16
    endloop
  endfacet
  facet normal -0.5717879602276199 -0.8204014435255084 0
    outer loop
      vertex 24.99808732224301 42.409465396393266 16
      vertex 24.861173490333307 42.50488902258556 16
      vertex 24.99808732224301 42.409465396393266 13
    endloop
  endfacet
  facet normal -0.6035559419535523 -0.7973206537727215 1.6358978982602833e-18
    outer loop
      vertex 24.99808732224301 42.409465396393266 16
      vertex 25.131149284566796 42.30874012654291 13
      vertex 25.131149284566796 42.30874012654291 16
    endloop
  endfacet
  facet normal -0.6343932841636583 -0.7730104533627266 -1.3791537077769105e-18
    outer loop
      vertex 25.131149284566796 42.30874012654291 16
      vertex 25.260154205403282 42.20286852409987 13
      vertex 25.260154205403282 42.20286852409987 16
    endloop
  endfacet
  facet normal -0.6642524379112825 -0.7475083268625962 4.8289047000659904e-20
    outer loop
      vertex 25.260154205403282 42.20286852409987 16
      vertex 25.384903168515002 42.0920138354014 13
      vertex 25.384903168515002 42.0920138354014 16
    endloop
  endfacet
  facet normal -0.6930873625456259 -0.7208535967029286 1.5323090675342224e-18
    outer loop
      vertex 25.384903168515002 42.0920138354014 16
      vertex 25.505203820042826 41.97634699034257 13
      vertex 25.505203820042826 41.97634699034257 16
    endloop
  endfacet
  facet normal -0.7208535967029281 -0.6930873625456262 6.264752843624703e-19
    outer loop
      vertex 25.505203820042826 41.97634699034257 16
      vertex 25.620870665101663 41.85604633881474 13
      vertex 25.620870665101663 41.85604633881474 16
    endloop
  endfacet
  facet normal -0.7475083268625962 -0.6642524379112825 4.8289047000659904e-20
    outer loop
      vertex 25.620870665101663 41.85604633881474 16
      vertex 25.73172535380013 41.73129737570302 13
      vertex 25.73172535380013 41.73129737570302 16
    endloop
  endfacet
  facet normal -0.8204014435255084 -0.5717879602276199 -9.440512007415369e-19
    outer loop
      vertex 25.938322226093526 41.46923049254275 16
      vertex 26.03374585228582 41.33231666063305 13
      vertex 26.03374585228582 41.33231666063305 16
    endloop
  endfacet
  facet normal -0.7730104533627266 -0.6343932841636583 -1.3791537077769105e-18
    outer loop
      vertex 25.73172535380013 41.73129737570302 16
      vertex 25.837596956243168 41.602292454866536 13
      vertex 25.837596956243168 41.602292454866536 16
    endloop
  endfacet
  facet normal -0.7973206537727215 -0.6035559419535523 0
    outer loop
      vertex 25.938322226093526 41.46923049254275 16
      vertex 25.837596956243168 41.602292454866536 16
      vertex 25.938322226093526 41.46923049254275 13
    endloop
  endfacet
  facet normal -0.9767658813208709 -0.21430915306505718 0
    outer loop
      vertex 26.640349440523813 39.927839134363005 16
      vertex 26.632572161690124 39.96328596668734 16
      vertex 26.640349440523813 39.927839134363005 13
    endloop
  endfacet
  facet normal -0.9675990923602619 -0.25249157701515007 0
    outer loop
      vertex 26.632572161690124 39.96328596668734 16
      vertex 26.590434754928 40.124765082226304 16
      vertex 26.632572161690124 39.96328596668734 13
    endloop
  endfacet
  facet normal -0.9569403357322095 -0.29028467725446033 0
    outer loop
      vertex 26.590434754928 40.124765082226304 16
      vertex 26.541990194254403 40.284465396393266 16
      vertex 26.590434754928 40.124765082226304 13
    endloop
  endfacet
  facet normal -0.9312149347588038 -0.3644704998791491 7.2515535685056e-20
    outer loop
      vertex 26.426488013172968 40.59754775785137 16
      vertex 26.487313177670558 40.44214066287908 13
      vertex 26.487313177670558 40.44214066287908 16
    endloop
  endfacet
  facet normal -0.9161879571171343 -0.40074883310314463 -7.042995096115069e-20
    outer loop
      vertex 26.359608488756596 40.750447054833806 16
      vertex 26.426488013172968 40.59754775785137 13
      vertex 26.426488013172968 40.59754775785137 16
    endloop
  endfacet
  facet normal -0.944806046466877 -0.3276301795616961 0
    outer loop
      vertex 26.541990194254403 40.284465396393266 16
      vertex 26.487313177670558 40.44214066287908 16
      vertex 26.541990194254403 40.284465396393266 13
    endloop
  endfacet
  facet normal -0.8997482840522206 -0.43640924067334347 0
    outer loop
      vertex 26.359608488756596 40.750447054833806 16
      vertex 26.286777727800562 40.900602794192814 16
      vertex 26.359608488756596 40.750447054833806 13
    endloop
  endfacet
  facet normal -0.8819212643483589 -0.47139673682599026 -1.6582752571659584e-18
    outer loop
      vertex 26.20810803005939 41.047783446661796 16
      vertex 26.286777727800562 40.900602794192814 13
      vertex 26.286777727800562 40.900602794192814 16
    endloop
  endfacet
  facet normal 0.8997482840522256 0.4364092406733336 0
    outer loop
      vertex -48.78677772780056 -1.929459623893074 16
      vertex -48.78677772780056 -1.929459623893074 13
      vertex -48.85960848875659 -1.7793038845340694 13
    endloop
  endfacet
  facet normal 0.9448060464668777 0.32763017956169455 0
    outer loop
      vertex -48.98731317767056 -1.470997492579345 16
      vertex -48.98731317767056 -1.470997492579345 13
      vertex -49.0419901942544 -1.3133222260935264 13
    endloop
  endfacet
  facet normal 0.9161879571171234 0.4007488331031696 0
    outer loop
      vertex -48.85960848875659 -1.7793038845340694 16
      vertex -48.85960848875659 -1.7793038845340694 13
      vertex -48.92648801317297 -1.6264045875516315 13
    endloop
  endfacet
  facet normal 0.9312149347588085 0.36447049987913743 0
    outer loop
      vertex -48.92648801317297 -1.6264045875516315 16
      vertex -48.92648801317297 -1.6264045875516315 13
      vertex -48.98731317767056 -1.470997492579345 13
    endloop
  endfacet
  facet normal 0.9569403357322149 0.2902846772544423 0
    outer loop
      vertex -49.0419901942544 -1.3133222260935264 16
      vertex -49.0419901942544 -1.3133222260935264 13
      vertex -49.090434754928 -1.1536219119265656 13
    endloop
  endfacet
  facet normal 0.9675990923602518 0.2524915770151886 0
    outer loop
      vertex -49.090434754928 -1.1536219119265656 16
      vertex -49.090434754928 -1.1536219119265656 13
      vertex -49.13257216169013 -0.992142796387598 13
    endloop
  endfacet
  facet normal 0.9767658813208723 0.21430915306505105 0
    outer loop
      vertex -49.13257216169013 -0.992142796387598 16
      vertex -49.13257216169013 -0.992142796387598 13
      vertex -49.16833744171373 -0.8291338685685451 13
    endloop
  endfacet
  facet normal 0.9951847266721939 0.09801714032958933 0
    outer loop
      vertex -49.220540942058435 -0.49953393919581 16
      vertex -49.220540942058435 -0.49953393919581 13
      vertex -49.2368986683658 -0.33345115684334103 13
    endloop
  endfacet
  facet normal 0.998265610184717 0.05887080365117125 0
    outer loop
      vertex -49.2368986683658 -0.33345115684334103 16
      vertex -49.2368986683658 -0.33345115684334103 13
      vertex -49.24672340402307 -0.16685421697604158 13
    endloop
  endfacet
  facet normal 0.9998072404820648 0.019633692460630327 0
    outer loop
      vertex -49.24672340402307 -0.16685421697604158 16
      vertex -49.24672340402307 -0.16685421697604158 13
      vertex -49.25 0 13
    endloop
  endfacet
  facet normal 0.9844265680898945 0.17579627993433866 0
    outer loop
      vertex -49.16833744171373 -0.8291338685685451 16
      vertex -49.16833744171373 -0.8291338685685451 13
      vertex -49.197675447529335 -0.6648464764209812 13
    endloop
  endfacet
  facet normal 0.9905693404435785 0.13701234168195858 0
    outer loop
      vertex -49.197675447529335 -0.6648464764209812 16
      vertex -49.197675447529335 -0.6648464764209812 13
      vertex -49.220540942058435 -0.49953393919581 13
    endloop
  endfacet
  facet normal 0.7475083268625997 0.6642524379112785 0
    outer loop
      vertex -48.12087066510166 -2.8849031685150024 16
      vertex -48.12087066510166 -2.8849031685150024 13
      vertex -48.23172535380013 -2.7601542054032806 13
    endloop
  endfacet
  facet normal 0.6930873625456313 0.7208535967029231 0
    outer loop
      vertex -47.89039059023367 -3.1155946109020833 16
      vertex -47.89039059023367 -3.1155946109020833 13
      vertex -48.00520382004283 -3.0052038200428273 13
    endloop
  endfacet
  facet normal 0.720853596702931 0.6930873625456231 0
    outer loop
      vertex -48.00520382004283 -3.0052038200428273 16
      vertex -48.00520382004283 -3.0052038200428273 13
      vertex -48.12087066510166 -2.8849031685150024 13
    endloop
  endfacet
  facet normal 0.7973206537727148 0.6035559419535613 0
    outer loop
      vertex -48.33759695624317 -2.6311492845667943 16
      vertex -48.33759695624317 -2.6311492845667943 13
      vertex -48.438322226093526 -2.498087322243011 13
    endloop
  endfacet
  facet normal 0.8204014435255084 0.5717879602276199 0
    outer loop
      vertex -48.438322226093526 -2.498087322243011 16
      vertex -48.438322226093526 -2.498087322243011 13
      vertex -48.53374585228582 -2.361173490333309 13
    endloop
  endfacet
  facet normal 0.8627343859777928 0.505657373377983 0
    outer loop
      vertex -48.62372069850489 -2.2206189000427825 16
      vertex -48.62372069850489 -2.2206189000427825 13
      vertex -48.708108030059385 -2.0766402763620584 13
    endloop
  endfacet
  facet normal 0.8422172337162949 0.5391383229109873 0
    outer loop
      vertex -48.53374585228582 -2.361173490333309 16
      vertex -48.53374585228582 -2.361173490333309 13
      vertex -48.62372069850489 -2.2206189000427825 13
    endloop
  endfacet
  facet normal 0.8819212643483527 0.47139673682600186 0
    outer loop
      vertex -48.708108030059385 -2.0766402763620584 16
      vertex -48.708108030059385 -2.0766402763620584 13
      vertex -48.78677772780056 -1.929459623893074 13
    endloop
  endfacet
  facet normal 0.7730104533627266 0.6343932841636583 0
    outer loop
      vertex -48.23172535380013 -2.7601542054032806 16
      vertex -48.23172535380013 -2.7601542054032806 13
      vertex -48.33759695624317 -2.6311492845667943 13
    endloop
  endfacet
  facet normal 0.8819212643483527 0.47139673682600186 0
    outer loop
      vertex -48.78677772780056 -1.929459623893074 16
      vertex -48.708108030059385 -2.0766402763620584 16
      vertex -48.78677772780056 -1.929459623893074 13
    endloop
  endfacet
  facet normal 0.9161879571171234 0.4007488331031696 1.2868976605482045e-18
    outer loop
      vertex -48.85960848875659 -1.7793038845340694 16
      vertex -48.92648801317297 -1.6264045875516315 13
      vertex -48.92648801317297 -1.6264045875516315 16
    endloop
  endfacet
  facet normal 0.8997482840522256 0.4364092406733336 3.665891422556633e-19
    outer loop
      vertex -48.78677772780056 -1.929459623893074 16
      vertex -48.85960848875659 -1.7793038845340694 13
      vertex -48.85960848875659 -1.7793038845340694 16
    endloop
  endfacet
  facet normal 0.9312149347588085 0.36447049987913743 0
    outer loop
      vertex -48.98731317767056 -1.470997492579345 16
      vertex -48.92648801317297 -1.6264045875516315 16
      vertex -48.98731317767056 -1.470997492579345 13
    endloop
  endfacet
  facet normal 0.9448060464668777 0.32763017956169455 -1.6428350928819734e-18
    outer loop
      vertex -48.98731317767056 -1.470997492579345 16
      vertex -49.0419901942544 -1.3133222260935264 13
      vertex -49.0419901942544 -1.3133222260935264 16
    endloop
  endfacet
  facet normal 0.9569403357322149 0.2902846772544423 -7.629368042575686e-19
    outer loop
      vertex -49.0419901942544 -1.3133222260935264 16
      vertex -49.090434754928 -1.1536219119265656 13
      vertex -49.090434754928 -1.1536219119265656 16
    endloop
  endfacet
  facet normal 0.9675990923602518 0.2524915770151886 0
    outer loop
      vertex -49.13257216169013 -0.992142796387598 16
      vertex -49.090434754928 -1.1536219119265656 16
      vertex -49.13257216169013 -0.992142796387598 13
    endloop
  endfacet
  facet normal 0.9951847266721939 0.09801714032958933 1.6071420014489397e-19
    outer loop
      vertex -49.220540942058435 -0.49953393919581 16
      vertex -49.2368986683658 -0.33345115684334103 13
      vertex -49.2368986683658 -0.33345115684334103 16
    endloop
  endfacet
  facet normal 0.998265610184717 0.05887080365117125 -1.0184359123880822e-19
    outer loop
      vertex -49.2368986683658 -0.33345115684334103 16
      vertex -49.24672340402307 -0.16685421697604158 13
      vertex -49.24672340402307 -0.16685421697604158 16
    endloop
  endfacet
  facet normal 0.9998072404820648 0.019633692460630327 7.987438378762074e-20
    outer loop
      vertex -49.24672340402307 -0.16685421697604158 16
      vertex -49.25 0 13
      vertex -49.25 0 16
    endloop
  endfacet
  facet normal 0.9767658813208723 0.21430915306505105 -1.9753045897867498e-19
    outer loop
      vertex -49.13257216169013 -0.992142796387598 16
      vertex -49.16833744171373 -0.8291338685685451 13
      vertex -49.16833744171373 -0.8291338685685451 16
    endloop
  endfacet
  facet normal 0.9844265680898945 0.17579627993433866 -4.981541547418525e-19
    outer loop
      vertex -49.16833744171373 -0.8291338685685451 16
      vertex -49.197675447529335 -0.6648464764209812 13
      vertex -49.197675447529335 -0.6648464764209812 16
    endloop
  endfacet
  facet normal 0.9905693404435785 0.13701234168195858 0
    outer loop
      vertex -49.220540942058435 -0.49953393919581 16
      vertex -49.197675447529335 -0.6648464764209812 16
      vertex -49.220540942058435 -0.49953393919581 13
    endloop
  endfacet
  facet normal 0.720853596702931 0.6930873625456231 0
    outer loop
      vertex -48.12087066510166 -2.8849031685150024 16
      vertex -48.00520382004283 -3.0052038200428273 16
      vertex -48.12087066510166 -2.8849031685150024 13
    endloop
  endfacet
  facet normal 0.6930873625456313 0.7208535967029231 -1.4253838422471727e-18
    outer loop
      vertex -47.89039059023367 -3.1155946109020833 16
      vertex -48.00520382004283 -3.0052038200428273 13
      vertex -48.00520382004283 -3.0052038200428273 16
    endloop
  endfacet
  facet normal 0.7730104533627266 0.6343932841636583 0
    outer loop
      vertex -48.33759695624317 -2.6311492845667943 16
      vertex -48.23172535380013 -2.7601542054032806 16
      vertex -48.33759695624317 -2.6311492845667943 13
    endloop
  endfacet
  facet normal 0.7973206537727148 0.6035559419535613 -9.763806111645698e-20
    outer loop
      vertex -48.33759695624317 -2.6311492845667943 16
      vertex -48.438322226093526 -2.498087322243011 13
      vertex -48.438322226093526 -2.498087322243011 16
    endloop
  endfacet
  facet normal 0.8204014435255084 0.5717879602276199 0
    outer loop
      vertex -48.53374585228582 -2.361173490333309 16
      vertex -48.438322226093526 -2.498087322243011 16
      vertex -48.53374585228582 -2.361173490333309 13
    endloop
  endfacet
  facet normal 0.8627343859777928 0.505657373377983 5.410998034283749e-21
    outer loop
      vertex -48.62372069850489 -2.2206189000427825 16
      vertex -48.708108030059385 -2.0766402763620584 13
      vertex -48.708108030059385 -2.0766402763620584 16
    endloop
  endfacet
  facet normal 0.8422172337162949 0.5391383229109873 -1.50898387034639e-18
    outer loop
      vertex -48.53374585228582 -2.361173490333309 16
      vertex -48.62372069850489 -2.2206189000427825 13
      vertex -48.62372069850489 -2.2206189000427825 16
    endloop
  endfacet
  facet normal 0.7475083268625997 0.6642524379112785 -4.243236579525309e-19
    outer loop
      vertex -48.12087066510166 -2.8849031685150024 16
      vertex -48.23172535380013 -2.7601542054032806 13
      vertex -48.23172535380013 -2.7601542054032806 16
    endloop
  endfacet
  facet normal 0.8997482840522206 0.43640924067334347 0
    outer loop
      vertex -26.286777727800562 -40.900602794192814 16
      vertex -26.286777727800562 -40.900602794192814 13
      vertex -26.359608488756596 -40.750447054833806 13
    endloop
  endfacet
  facet normal 0.944806046466877 0.3276301795616961 0
    outer loop
      vertex -26.487313177670558 -40.44214066287908 16
      vertex -26.487313177670558 -40.44214066287908 13
      vertex -26.541990194254403 -40.284465396393266 13
    endloop
  endfacet
  facet normal 0.9161879571171343 0.40074883310314463 0
    outer loop
      vertex -26.359608488756596 -40.750447054833806 16
      vertex -26.359608488756596 -40.750447054833806 13
      vertex -26.426488013172968 -40.59754775785137 13
    endloop
  endfacet
  facet normal 0.9312149347588038 0.3644704998791491 0
    outer loop
      vertex -26.426488013172968 -40.59754775785137 16
      vertex -26.426488013172968 -40.59754775785137 13
      vertex -26.487313177670558 -40.44214066287908 13
    endloop
  endfacet
  facet normal 0.9569403357322095 0.29028467725446033 0
    outer loop
      vertex -26.541990194254403 -40.284465396393266 16
      vertex -26.541990194254403 -40.284465396393266 13
      vertex -26.590434754928 -40.124765082226304 13
    endloop
  endfacet
  facet normal 0.9675990923602619 0.25249157701515007 0
    outer loop
      vertex -26.590434754928 -40.124765082226304 16
      vertex -26.590434754928 -40.124765082226304 13
      vertex -26.632572161690124 -39.96328596668734 13
    endloop
  endfacet
  facet normal 0.9767658813208709 0.21430915306505718 0
    outer loop
      vertex -26.632572161690124 -39.96328596668734 16
      vertex -26.632572161690124 -39.96328596668734 13
      vertex -26.640349440523813 -39.927839134363005 13
    endloop
  endfacet
  facet normal 0.8422172337162868 0.539138322911 0
    outer loop
      vertex -26.03374585228582 -41.33231666063305 16
      vertex -26.03374585228582 -41.33231666063305 13
      vertex -26.123720698504894 -41.19176207034252 13
    endloop
  endfacet
  facet normal 0.7973206537727215 0.6035559419535523 0
    outer loop
      vertex -25.837596956243168 -41.602292454866536 16
      vertex -25.837596956243168 -41.602292454866536 13
      vertex -25.938322226093526 -41.46923049254275 13
    endloop
  endfacet
  facet normal 0.8204014435255084 0.5717879602276199 0
    outer loop
      vertex -25.938322226093526 -41.46923049254275 16
      vertex -25.938322226093526 -41.46923049254275 13
      vertex -26.03374585228582 -41.33231666063305 13
    endloop
  endfacet
  facet normal 0.7475083268625962 0.6642524379112825 0
    outer loop
      vertex -25.620870665101663 -41.85604633881474 16
      vertex -25.620870665101663 -41.85604633881474 13
      vertex -25.73172535380013 -41.73129737570302 13
    endloop
  endfacet
  facet normal 0.6930873625456259 0.7208535967029286 0
    outer loop
      vertex -25.384903168515002 -42.0920138354014 16
      vertex -25.384903168515002 -42.0920138354014 13
      vertex -25.505203820042826 -41.97634699034257 13
    endloop
  endfacet
  facet normal 0.7208535967029281 0.6930873625456262 0
    outer loop
      vertex -25.505203820042826 -41.97634699034257 16
      vertex -25.505203820042826 -41.97634699034257 13
      vertex -25.620870665101663 -41.85604633881474 13
    endloop
  endfacet
  facet normal 0.7730104533627266 0.6343932841636583 0
    outer loop
      vertex -25.73172535380013 -41.73129737570302 16
      vertex -25.73172535380013 -41.73129737570302 13
      vertex -25.837596956243168 -41.602292454866536 13
    endloop
  endfacet
  facet normal 0.6343932841636583 0.7730104533627266 0
    outer loop
      vertex -25.131149284566796 -42.30874012654291 16
      vertex -25.131149284566796 -42.30874012654291 13
      vertex -25.260154205403282 -42.20286852409987 13
    endloop
  endfacet
  facet normal 0.5717879602276199 0.8204014435255084 0
    outer loop
      vertex -24.861173490333307 -42.50488902258556 16
      vertex -24.861173490333307 -42.50488902258556 13
      vertex -24.99808732224301 -42.409465396393266 13
    endloop
  endfacet
  facet normal 0.6035559419535523 0.7973206537727215 0
    outer loop
      vertex -24.99808732224301 -42.409465396393266 16
      vertex -24.99808732224301 -42.409465396393266 13
      vertex -25.131149284566796 -42.30874012654291 13
    endloop
  endfacet
  facet normal 0.471396736825998 0.8819212643483547 0
    outer loop
      vertex -24.429459623893074 -42.7579208981003 16
      vertex -24.429459623893074 -42.7579208981003 13
      vertex -24.57664027636206 -42.679251200359126 13
    endloop
  endfacet
  facet normal 0.5391383229109946 0.8422172337162902 0
    outer loop
      vertex -24.720618900042783 -42.59486386880463 16
      vertex -24.720618900042783 -42.59486386880463 13
      vertex -24.861173490333307 -42.50488902258556 13
    endloop
  endfacet
  facet normal 0.5056573733779841 0.8627343859777921 0
    outer loop
      vertex -24.57664027636206 -42.679251200359126 16
      vertex -24.57664027636206 -42.679251200359126 13
      vertex -24.720618900042783 -42.59486386880463 13
    endloop
  endfacet
  facet normal 0.6642524379112825 0.7475083268625962 0
    outer loop
      vertex -25.260154205403282 -42.20286852409987 16
      vertex -25.260154205403282 -42.20286852409987 13
      vertex -25.384903168515002 -42.0920138354014 13
    endloop
  endfacet
  facet normal 0.2143091530650507 0.9767658813208725 0
    outer loop
      vertex -23.329133868568544 -43.13948061201347 16
      vertex -23.329133868568544 -43.13948061201347 13
      vertex -23.492142796387597 -43.10371533198987 13
    endloop
  endfacet
  facet normal 0.17579627993433855 0.9844265680898946 0
    outer loop
      vertex -23.16484647642098 -43.168818617829075 16
      vertex -23.16484647642098 -43.168818617829075 13
      vertex -23.329133868568544 -43.13948061201347 13
    endloop
  endfacet
  facet normal 0.13701234168196005 0.9905693404435784 0
    outer loop
      vertex -22.99953393919581 -43.191684112358175 16
      vertex -22.99953393919581 -43.191684112358175 13
      vertex -23.16484647642098 -43.168818617829075 13
    endloop
  endfacet
  facet normal 0.09801714032958966 0.9951847266721939 0
    outer loop
      vertex -22.833451156843342 -43.20804183866554 16
      vertex -22.833451156843342 -43.20804183866554 13
      vertex -22.99953393919581 -43.191684112358175 13
    endloop
  endfacet
  facet normal 0.05887080365117083 0.9982656101847169 0
    outer loop
      vertex -22.66685421697604 -43.21786657432281 16
      vertex -22.66685421697604 -43.21786657432281 13
      vertex -22.833451156843342 -43.20804183866554 13
    endloop
  endfacet
  facet normal 0.019633692460630344 0.9998072404820648 0
    outer loop
      vertex -22.5 -43.22114317029974 16
      vertex -22.5 -43.22114317029974 13
      vertex -22.66685421697604 -43.21786657432281 13
    endloop
  endfacet
  facet normal 0.43640924067333464 0.8997482840522251 0
    outer loop
      vertex -24.27930388453407 -42.83075165905633 16
      vertex -24.27930388453407 -42.83075165905633 13
      vertex -24.429459623893074 -42.7579208981003 13
    endloop
  endfacet
  facet normal 0.40074883310317255 0.9161879571171221 0
    outer loop
      vertex -24.126404587551633 -42.89763118347271 16
      vertex -24.126404587551633 -42.89763118347271 13
      vertex -24.27930388453407 -42.83075165905633 13
    endloop
  endfacet
  facet normal 0.36447049987913066 0.931214934758811 0
    outer loop
      vertex -23.970997492579343 -42.9584563479703 16
      vertex -23.970997492579343 -42.9584563479703 13
      vertex -24.126404587551633 -42.89763118347271 13
    endloop
  endfacet
  facet normal 0.3276301795616961 0.944806046466877 0
    outer loop
      vertex -23.813322226093526 -43.01313336455414 16
      vertex -23.813322226093526 -43.01313336455414 13
      vertex -23.970997492579343 -42.9584563479703 13
    endloop
  endfacet
  facet normal 0.29028467725444085 0.9569403357322154 0
    outer loop
      vertex -23.653621911926564 -43.06157792522774 16
      vertex -23.653621911926564 -43.06157792522774 13
      vertex -23.813322226093526 -43.01313336455414 13
    endloop
  endfacet
  facet normal 0.25249157701518987 0.9675990923602514 0
    outer loop
      vertex -23.492142796387597 -43.10371533198987 16
      vertex -23.492142796387597 -43.10371533198987 13
      vertex -23.653621911926564 -43.06157792522774 13
    endloop
  endfacet
  facet normal 0.8627343859777921 0.5056573733779841 0
    outer loop
      vertex -26.123720698504894 -41.19176207034252 16
      vertex -26.123720698504894 -41.19176207034252 13
      vertex -26.20810803005939 -41.047783446661796 13
    endloop
  endfacet
  facet normal 0.8819212643483589 0.47139673682599026 0
    outer loop
      vertex -26.20810803005939 -41.047783446661796 16
      vertex -26.20810803005939 -41.047783446661796 13
      vertex -26.286777727800562 -40.900602794192814 13
    endloop
  endfacet
  facet normal -0.019633692460630344 0.9998072404820648 0
    outer loop
      vertex -22.33314578302396 -43.21786657432281 16
      vertex -22.33314578302396 -43.21786657432281 13
      vertex -22.5 -43.22114317029974 13
    endloop
  endfacet
  facet normal -0.05887080365117083 0.9982656101847169 0
    outer loop
      vertex -22.166548843156658 -43.20804183866554 16
      vertex -22.166548843156658 -43.20804183866554 13
      vertex -22.33314578302396 -43.21786657432281 13
    endloop
  endfacet
  facet normal -0.09801714032958966 0.9951847266721939 0
    outer loop
      vertex -22.00046606080419 -43.191684112358175 16
      vertex -22.00046606080419 -43.191684112358175 13
      vertex -22.166548843156658 -43.20804183866554 13
    endloop
  endfacet
  facet normal -0.13701234168196005 0.9905693404435784 0
    outer loop
      vertex -21.83515352357902 -43.168818617829075 16
      vertex -21.83515352357902 -43.168818617829075 13
      vertex -22.00046606080419 -43.191684112358175 13
    endloop
  endfacet
  facet normal -0.17579627993433855 0.9844265680898946 0
    outer loop
      vertex -21.670866131431456 -43.13948061201347 16
      vertex -21.670866131431456 -43.13948061201347 13
      vertex -21.83515352357902 -43.168818617829075 13
    endloop
  endfacet
  facet normal -0.2143091530650507 0.9767658813208725 0
    outer loop
      vertex -21.507857203612403 -43.10371533198987 16
      vertex -21.507857203612403 -43.10371533198987 13
      vertex -21.670866131431456 -43.13948061201347 13
    endloop
  endfacet
  facet normal -0.25249157701518987 0.9675990923602514 0
    outer loop
      vertex -21.346378088073436 -43.06157792522774 16
      vertex -21.346378088073436 -43.06157792522774 13
      vertex -21.507857203612403 -43.10371533198987 13
    endloop
  endfacet
  facet normal -0.29028467725447166 0.9569403357322062 0
    outer loop
      vertex -21.24827354635736 -43.03181823785135 16
      vertex -21.24827354635736 -43.03181823785135 13
      vertex -21.346378088073436 -43.06157792522774 13
    endloop
  endfacet
  facet normal 0.8819212643483589 0.47139673682599026 0
    outer loop
      vertex -26.286777727800562 -40.900602794192814 16
      vertex -26.20810803005939 -41.047783446661796 16
      vertex -26.286777727800562 -40.900602794192814 13
    endloop
  endfacet
  facet normal 0.8997482840522206 0.43640924067334347 2.5682925340994195e-19
    outer loop
      vertex -26.286777727800562 -40.900602794192814 16
      vertex -26.359608488756596 -40.750447054833806 13
      vertex -26.359608488756596 -40.750447054833806 16
    endloop
  endfacet
  facet normal 0.944806046466877 0.3276301795616961 -1.6614328631400618e-18
    outer loop
      vertex -26.487313177670558 -40.44214066287908 16
      vertex -26.541990194254403 -40.284465396393266 13
      vertex -26.541990194254403 -40.284465396393266 16
    endloop
  endfacet
  facet normal 0.9161879571171343 0.40074883310314463 0
    outer loop
      vertex -26.426488013172968 -40.59754775785137 16
      vertex -26.359608488756596 -40.750447054833806 16
      vertex -26.426488013172968 -40.59754775785137 13
    endloop
  endfacet
  facet normal 0.9312149347588038 0.3644704998791491 0
    outer loop
      vertex -26.487313177670558 -40.44214066287908 16
      vertex -26.426488013172968 -40.59754775785137 16
      vertex -26.487313177670558 -40.44214066287908 13
    endloop
  endfacet
  facet normal 0.9569403357322095 0.29028467725446033 -3.1201216121294206e-19
    outer loop
      vertex -26.541990194254403 -40.284465396393266 16
      vertex -26.590434754928 -40.124765082226304 13
      vertex -26.590434754928 -40.124765082226304 16
    endloop
  endfacet
  facet normal 0.9675990923602619 0.25249157701515007 -4.493639783363311e-19
    outer loop
      vertex -26.590434754928 -40.124765082226304 16
      vertex -26.632572161690124 -39.96328596668734 13
      vertex -26.632572161690124 -39.96328596668734 16
    endloop
  endfacet
  facet normal 0.9767658813208709 0.21430915306505718 1.4662867567869094e-20
    outer loop
      vertex -26.632572161690124 -39.96328596668734 16
      vertex -26.640349440523813 -39.927839134363005 13
      vertex -26.640349440523813 -39.927839134363005 16
    endloop
  endfacet
  facet normal 0.7973206537727215 0.6035559419535523 1.6358978982602833e-18
    outer loop
      vertex -25.837596956243168 -41.602292454866536 16
      vertex -25.938322226093526 -41.46923049254275 13
      vertex -25.938322226093526 -41.46923049254275 16
    endloop
  endfacet
  facet normal 0.7730104533627266 0.6343932841636583 0
    outer loop
      vertex -25.837596956243168 -41.602292454866536 16
      vertex -25.73172535380013 -41.73129737570302 16
      vertex -25.837596956243168 -41.602292454866536 13
    endloop
  endfacet
  facet normal 0.8204014435255084 0.5717879602276199 0
    outer loop
      vertex -26.03374585228582 -41.33231666063305 16
      vertex -25.938322226093526 -41.46923049254275 16
      vertex -26.03374585228582 -41.33231666063305 13
    endloop
  endfacet
  facet normal 0.7475083268625962 0.6642524379112825 0
    outer loop
      vertex -25.73172535380013 -41.73129737570302 16
      vertex -25.620870665101663 -41.85604633881474 16
      vertex -25.73172535380013 -41.73129737570302 13
    endloop
  endfacet
  facet normal 0.7208535967029281 0.6930873625456262 0
    outer loop
      vertex -25.620870665101663 -41.85604633881474 16
      vertex -25.505203820042826 -41.97634699034257 16
      vertex -25.620870665101663 -41.85604633881474 13
    endloop
  endfacet
  facet normal 0.6930873625456259 0.7208535967029286 0
    outer loop
      vertex -25.505203820042826 -41.97634699034257 16
      vertex -25.384903168515002 -42.0920138354014 16
      vertex -25.505203820042826 -41.97634699034257 13
    endloop
  endfacet
  facet normal 0.6642524379112825 0.7475083268625962 0
    outer loop
      vertex -25.384903168515002 -42.0920138354014 16
      vertex -25.260154205403282 -42.20286852409987 16
      vertex -25.384903168515002 -42.0920138354014 13
    endloop
  endfacet
  facet normal 0.6343932841636583 0.7730104533627266 0
    outer loop
      vertex -25.260154205403282 -42.20286852409987 16
      vertex -25.131149284566796 -42.30874012654291 16
      vertex -25.260154205403282 -42.20286852409987 13
    endloop
  endfacet
  facet normal 0.6035559419535523 0.7973206537727215 0
    outer loop
      vertex -25.131149284566796 -42.30874012654291 16
      vertex -24.99808732224301 -42.409465396393266 16
      vertex -25.131149284566796 -42.30874012654291 13
    endloop
  endfacet
  facet normal 0.5717879602276199 0.8204014435255084 -9.440512007415369e-19
    outer loop
      vertex -24.861173490333307 -42.50488902258556 16
      vertex -24.99808732224301 -42.409465396393266 13
      vertex -24.99808732224301 -42.409465396393266 16
    endloop
  endfacet
  facet normal 0.471396736825998 0.8819212643483547 0
    outer loop
      vertex -24.57664027636206 -42.679251200359126 16
      vertex -24.429459623893074 -42.7579208981003 16
      vertex -24.57664027636206 -42.679251200359126 13
    endloop
  endfacet
  facet normal 0.43640924067333464 0.8997482840522251 0
    outer loop
      vertex -24.429459623893074 -42.7579208981003 16
      vertex -24.27930388453407 -42.83075165905633 16
      vertex -24.429459623893074 -42.7579208981003 13
    endloop
  endfacet
  facet normal 0.5391383229109946 0.8422172337162902 0
    outer loop
      vertex -24.861173490333307 -42.50488902258556 16
      vertex -24.720618900042783 -42.59486386880463 16
      vertex -24.861173490333307 -42.50488902258556 13
    endloop
  endfacet
  facet normal 0.5056573733779841 0.8627343859777921 -1.3696024606186827e-18
    outer loop
      vertex -24.57664027636206 -42.679251200359126 16
      vertex -24.720618900042783 -42.59486386880463 13
      vertex -24.720618900042783 -42.59486386880463 16
    endloop
  endfacet
  facet normal 0.17579627993433855 0.9844265680898946 0
    outer loop
      vertex -23.329133868568544 -43.13948061201347 16
      vertex -23.16484647642098 -43.168818617829075 16
      vertex -23.329133868568544 -43.13948061201347 13
    endloop
  endfacet
  facet normal 0.13701234168196005 0.9905693404435784 0
    outer loop
      vertex -23.16484647642098 -43.168818617829075 16
      vertex -22.99953393919581 -43.191684112358175 16
      vertex -23.16484647642098 -43.168818617829075 13
    endloop
  endfacet
  facet normal 0.09801714032958966 0.9951847266721939 0
    outer loop
      vertex -22.99953393919581 -43.191684112358175 16
      vertex -22.833451156843342 -43.20804183866554 16
      vertex -22.99953393919581 -43.191684112358175 13
    endloop
  endfacet
  facet normal 0.05887080365117083 0.9982656101847169 0
    outer loop
      vertex -22.833451156843342 -43.20804183866554 16
      vertex -22.66685421697604 -43.21786657432281 16
      vertex -22.833451156843342 -43.20804183866554 13
    endloop
  endfacet
  facet normal 0.019633692460630344 0.9998072404820648 0
    outer loop
      vertex -22.66685421697604 -43.21786657432281 16
      vertex -22.5 -43.22114317029974 16
      vertex -22.66685421697604 -43.21786657432281 13
    endloop
  endfacet
  facet normal 0.40074883310317255 0.9161879571171221 0
    outer loop
      vertex -24.27930388453407 -42.83075165905633 16
      vertex -24.126404587551633 -42.89763118347271 16
      vertex -24.27930388453407 -42.83075165905633 13
    endloop
  endfacet
  facet normal 0.36447049987913066 0.931214934758811 0
    outer loop
      vertex -24.126404587551633 -42.89763118347271 16
      vertex -23.970997492579343 -42.9584563479703 16
      vertex -24.126404587551633 -42.89763118347271 13
    endloop
  endfacet
  facet normal 0.3276301795616961 0.944806046466877 0
    outer loop
      vertex -23.970997492579343 -42.9584563479703 16
      vertex -23.813322226093526 -43.01313336455414 16
      vertex -23.970997492579343 -42.9584563479703 13
    endloop
  endfacet
  facet normal 0.29028467725444085 0.9569403357322154 0
    outer loop
      vertex -23.813322226093526 -43.01313336455414 16
      vertex -23.653621911926564 -43.06157792522774 16
      vertex -23.813322226093526 -43.01313336455414 13
    endloop
  endfacet
  facet normal 0.25249157701518987 0.9675990923602514 0
    outer loop
      vertex -23.653621911926564 -43.06157792522774 16
      vertex -23.492142796387597 -43.10371533198987 16
      vertex -23.653621911926564 -43.06157792522774 13
    endloop
  endfacet
  facet normal 0.2143091530650507 0.9767658813208725 2.6352796561001953e-19
    outer loop
      vertex -23.329133868568544 -43.13948061201347 16
      vertex -23.492142796387597 -43.10371533198987 13
      vertex -23.492142796387597 -43.10371533198987 16
    endloop
  endfacet
  facet normal 0.8627343859777921 0.5056573733779841 0
    outer loop
      vertex -26.20810803005939 -41.047783446661796 16
      vertex -26.123720698504894 -41.19176207034252 16
      vertex -26.20810803005939 -41.047783446661796 13
    endloop
  endfacet
  facet normal 0.8422172337162868 0.539138322911 -1.2419185361537129e-18
    outer loop
      vertex -26.03374585228582 -41.33231666063305 16
      vertex -26.123720698504894 -41.19176207034252 13
      vertex -26.123720698504894 -41.19176207034252 16
    endloop
  endfacet
  facet normal -0.019633692460630344 0.9998072404820648 0
    outer loop
      vertex -22.5 -43.22114317029974 16
      vertex -22.33314578302396 -43.21786657432281 16
      vertex -22.5 -43.22114317029974 13
    endloop
  endfacet
  facet normal -0.05887080365117083 0.9982656101847169 0
    outer loop
      vertex -22.33314578302396 -43.21786657432281 16
      vertex -22.166548843156658 -43.20804183866554 16
      vertex -22.33314578302396 -43.21786657432281 13
    endloop
  endfacet
  facet normal -0.09801714032958966 0.9951847266721939 0
    outer loop
      vertex -22.166548843156658 -43.20804183866554 16
      vertex -22.00046606080419 -43.191684112358175 16
      vertex -22.166548843156658 -43.20804183866554 13
    endloop
  endfacet
  facet normal -0.13701234168196005 0.9905693404435784 0
    outer loop
      vertex -22.00046606080419 -43.191684112358175 16
      vertex -21.83515352357902 -43.168818617829075 16
      vertex -22.00046606080419 -43.191684112358175 13
    endloop
  endfacet
  facet normal -0.17579627993433855 0.9844265680898946 0
    outer loop
      vertex -21.83515352357902 -43.168818617829075 16
      vertex -21.670866131431456 -43.13948061201347 16
      vertex -21.83515352357902 -43.168818617829075 13
    endloop
  endfacet
  facet normal -0.2143091530650507 0.9767658813208725 0
    outer loop
      vertex -21.670866131431456 -43.13948061201347 16
      vertex -21.507857203612403 -43.10371533198987 16
      vertex -21.670866131431456 -43.13948061201347 13
    endloop
  endfacet
  facet normal -0.25249157701518987 0.9675990923602514 0
    outer loop
      vertex -21.507857203612403 -43.10371533198987 16
      vertex -21.346378088073436 -43.06157792522774 16
      vertex -21.507857203612403 -43.10371533198987 13
    endloop
  endfacet
  facet normal -0.29028467725447166 0.9569403357322062 0
    outer loop
      vertex -21.346378088073436 -43.06157792522774 16
      vertex -21.24827354635736 -43.03181823785135 16
      vertex -21.346378088073436 -43.06157792522774 13
    endloop
  endfacet
  facet normal 0.8997482840522224 0.43640924067334 0
    outer loop
      vertex -3.7867777278005637 -1.929459623893074 16
      vertex -3.7867777278005637 -1.929459623893074 13
      vertex -3.8596084887565953 -1.7793038845340694 13
    endloop
  endfacet
  facet normal 0.9448060464668794 0.32763017956168977 0
    outer loop
      vertex -3.9873131776705577 -1.470997492579345 16
      vertex -3.9873131776705577 -1.470997492579345 13
      vertex -4.041990194254402 -1.3133222260935264 13
    endloop
  endfacet
  facet normal 0.916187957117136 0.4007488331031405 0
    outer loop
      vertex -3.8596084887565953 -1.7793038845340694 16
      vertex -3.8596084887565953 -1.7793038845340694 13
      vertex -3.9264880131729685 -1.6264045875516315 13
    endloop
  endfacet
  facet normal 0.9312149347588028 0.3644704998791512 0
    outer loop
      vertex -3.9264880131729685 -1.6264045875516315 16
      vertex -3.9264880131729685 -1.6264045875516315 13
      vertex -3.9873131776705577 -1.470997492579345 13
    endloop
  endfacet
  facet normal 0.9569403357322075 0.29028467725446666 0
    outer loop
      vertex -4.041990194254402 -1.3133222260935264 16
      vertex -4.041990194254402 -1.3133222260935264 13
      vertex -4.090434754928001 -1.1536219119265656 13
    endloop
  endfacet
  facet normal 0.9675990923602608 0.2524915770151537 0
    outer loop
      vertex -4.090434754928001 -1.1536219119265656 16
      vertex -4.090434754928001 -1.1536219119265656 13
      vertex -4.132572161690125 -0.992142796387598 13
    endloop
  endfacet
  facet normal 0.9767658813208712 0.21430915306505613 0
    outer loop
      vertex -4.132572161690125 -0.992142796387598 16
      vertex -4.132572161690125 -0.992142796387598 13
      vertex -4.16833744171373 -0.8291338685685451 13
    endloop
  endfacet
  facet normal 0.9951847266721966 0.09801714032956298 0
    outer loop
      vertex -4.220540942058436 -0.49953393919581 16
      vertex -4.220540942058436 -0.49953393919581 13
      vertex -4.236898668365794 -0.33345115684334103 13
    endloop
  endfacet
  facet normal 0.9982656101847159 0.05887080365118715 0
    outer loop
      vertex -4.236898668365794 -0.33345115684334103 16
      vertex -4.236898668365794 -0.33345115684334103 13
      vertex -4.246723404023072 -0.16685421697604158 13
    endloop
  endfacet
  facet normal 0.9998072404820648 0.019633692460630327 0
    outer loop
      vertex -4.246723404023072 -0.16685421697604158 16
      vertex -4.246723404023072 -0.16685421697604158 13
      vertex -4.25 0 13
    endloop
  endfacet
  facet normal 0.9844265680898917 0.17579627993435412 0
    outer loop
      vertex -4.16833744171373 -0.8291338685685451 16
      vertex -4.16833744171373 -0.8291338685685451 13
      vertex -4.197675447529336 -0.6648464764209812 13
    endloop
  endfacet
  facet normal 0.9905693404435778 0.13701234168196383 0
    outer loop
      vertex -4.197675447529336 -0.6648464764209812 16
      vertex -4.197675447529336 -0.6648464764209812 13
      vertex -4.220540942058436 -0.49953393919581 13
    endloop
  endfacet
  facet normal 0.47139673682599775 0.881921264348355 0
    outer loop
      vertex -1.929459623893074 -3.7867777278005637 16
      vertex -1.929459623893074 -3.7867777278005637 13
      vertex -2.0766402763620584 -3.708108030059388 13
    endloop
  endfacet
  facet normal 0.43640924067334 0.8997482840522224 0
    outer loop
      vertex -1.7793038845340694 -3.8596084887565953 16
      vertex -1.7793038845340694 -3.8596084887565953 13
      vertex -1.929459623893074 -3.7867777278005637 13
    endloop
  endfacet
  facet normal 0.4007488331031405 0.916187957117136 0
    outer loop
      vertex -1.6264045875516315 -3.9264880131729685 16
      vertex -1.6264045875516315 -3.9264880131729685 13
      vertex -1.7793038845340694 -3.8596084887565953 13
    endloop
  endfacet
  facet normal 0.3644704998791512 0.9312149347588028 0
    outer loop
      vertex -1.470997492579345 -3.9873131776705577 16
      vertex -1.470997492579345 -3.9873131776705577 13
      vertex -1.6264045875516315 -3.9264880131729685 13
    endloop
  endfacet
  facet normal 0.32763017956168977 0.9448060464668794 0
    outer loop
      vertex -1.3133222260935264 -4.041990194254402 16
      vertex -1.3133222260935264 -4.041990194254402 13
      vertex -1.470997492579345 -3.9873131776705577 13
    endloop
  endfacet
  facet normal 0.29028467725446666 0.9569403357322075 0
    outer loop
      vertex -1.1536219119265656 -4.090434754928001 16
      vertex -1.1536219119265656 -4.090434754928001 13
      vertex -1.3133222260935264 -4.041990194254402 13
    endloop
  endfacet
  facet normal 0.2524915770151537 0.9675990923602608 0
    outer loop
      vertex -0.992142796387598 -4.132572161690125 16
      vertex -0.992142796387598 -4.132572161690125 13
      vertex -1.1536219119265656 -4.090434754928001 13
    endloop
  endfacet
  facet normal 0.21430915306505613 0.9767658813208712 0
    outer loop
      vertex -0.8291338685685451 -4.16833744171373 16
      vertex -0.8291338685685451 -4.16833744171373 13
      vertex -0.992142796387598 -4.132572161690125 13
    endloop
  endfacet
  facet normal 0.17579627993435412 0.9844265680898917 0
    outer loop
      vertex -0.6648464764209812 -4.197675447529336 16
      vertex -0.6648464764209812 -4.197675447529336 13
      vertex -0.8291338685685451 -4.16833744171373 13
    endloop
  endfacet
  facet normal 0.13701234168196383 0.9905693404435778 0
    outer loop
      vertex -0.49953393919581 -4.220540942058436 16
      vertex -0.49953393919581 -4.220540942058436 13
      vertex -0.6648464764209812 -4.197675447529336 13
    endloop
  endfacet
  facet normal 0.09801714032956298 0.9951847266721966 0
    outer loop
      vertex -0.33345115684334103 -4.236898668365794 16
      vertex -0.33345115684334103 -4.236898668365794 13
      vertex -0.49953393919581 -4.220540942058436 13
    endloop
  endfacet
  facet normal 0.05887080365118715 0.9982656101847159 0
    outer loop
      vertex -0.16685421697604158 -4.246723404023072 16
      vertex -0.16685421697604158 -4.246723404023072 13
      vertex -0.33345115684334103 -4.236898668365794 13
    endloop
  endfacet
  facet normal 0.019633692460630327 0.9998072404820648 0
    outer loop
      vertex 0 -4.25 16
      vertex 0 -4.25 13
      vertex -0.16685421697604158 -4.246723404023072 13
    endloop
  endfacet
  facet normal 0.747508326862597 0.6642524379112815 0
    outer loop
      vertex -3.1208706651016636 -2.8849031685150024 16
      vertex -3.1208706651016636 -2.8849031685150024 13
      vertex -3.2317253538001314 -2.7601542054032806 13
    endloop
  endfacet
  facet normal 0.6930873625456342 0.7208535967029205 0
    outer loop
      vertex -2.8849031685150024 -3.1208706651016636 16
      vertex -2.8849031685150024 -3.1208706651016636 13
      vertex -3.0052038200428273 -3.0052038200428273 13
    endloop
  endfacet
  facet normal 0.7208535967029205 0.6930873625456342 0
    outer loop
      vertex -3.0052038200428273 -3.0052038200428273 16
      vertex -3.0052038200428273 -3.0052038200428273 13
      vertex -3.1208706651016636 -2.8849031685150024 13
    endloop
  endfacet
  facet normal 0.7973206537727071 0.6035559419535714 0
    outer loop
      vertex -3.337596956243166 -2.6311492845667943 16
      vertex -3.337596956243166 -2.6311492845667943 13
      vertex -3.4383222260935264 -2.498087322243011 13
    endloop
  endfacet
  facet normal 0.8204014435255146 0.5717879602276109 0
    outer loop
      vertex -3.4383222260935264 -2.498087322243011 16
      vertex -3.4383222260935264 -2.498087322243011 13
      vertex -3.533745852285817 -2.361173490333309 13
    endloop
  endfacet
  facet normal 0.8627343859777917 0.505657373377985 0
    outer loop
      vertex -3.623720698504892 -2.2206189000427825 16
      vertex -3.623720698504892 -2.2206189000427825 13
      vertex -3.708108030059388 -2.0766402763620584 13
    endloop
  endfacet
  facet normal 0.8422172337162851 0.5391383229110024 0
    outer loop
      vertex -3.533745852285817 -2.361173490333309 16
      vertex -3.533745852285817 -2.361173490333309 13
      vertex -3.623720698504892 -2.2206189000427825 13
    endloop
  endfacet
  facet normal 0.881921264348355 0.47139673682599775 0
    outer loop
      vertex -3.708108030059388 -2.0766402763620584 16
      vertex -3.708108030059388 -2.0766402763620584 13
      vertex -3.7867777278005637 -1.929459623893074 13
    endloop
  endfacet
  facet normal 0.773010453362737 0.6343932841636456 0
    outer loop
      vertex -3.2317253538001314 -2.7601542054032806 16
      vertex -3.2317253538001314 -2.7601542054032806 13
      vertex -3.337596956243166 -2.6311492845667943 13
    endloop
  endfacet
  facet normal 0.6343932841636456 0.773010453362737 0
    outer loop
      vertex -2.6311492845667943 -3.337596956243166 16
      vertex -2.6311492845667943 -3.337596956243166 13
      vertex -2.7601542054032806 -3.2317253538001314 13
    endloop
  endfacet
  facet normal 0.6035559419535714 0.7973206537727071 0
    outer loop
      vertex -2.498087322243011 -3.4383222260935264 16
      vertex -2.498087322243011 -3.4383222260935264 13
      vertex -2.6311492845667943 -3.337596956243166 13
    endloop
  endfacet
  facet normal 0.5717879602276109 0.8204014435255146 0
    outer loop
      vertex -2.361173490333309 -3.533745852285817 16
      vertex -2.361173490333309 -3.533745852285817 13
      vertex -2.498087322243011 -3.4383222260935264 13
    endloop
  endfacet
  facet normal 0.6642524379112815 0.747508326862597 0
    outer loop
      vertex -2.7601542054032806 -3.2317253538001314 16
      vertex -2.7601542054032806 -3.2317253538001314 13
      vertex -2.8849031685150024 -3.1208706651016636 13
    endloop
  endfacet
  facet normal 0.5391383229110024 0.8422172337162851 0
    outer loop
      vertex -2.2206189000427825 -3.623720698504892 16
      vertex -2.2206189000427825 -3.623720698504892 13
      vertex -2.361173490333309 -3.533745852285817 13
    endloop
  endfacet
  facet normal 0.505657373377985 0.8627343859777917 0
    outer loop
      vertex -2.0766402763620584 -3.708108030059388 16
      vertex -2.0766402763620584 -3.708108030059388 13
      vertex -2.2206189000427825 -3.623720698504892 13
    endloop
  endfacet
  facet normal 0.881921264348355 0.47139673682599775 0
    outer loop
      vertex -3.7867777278005637 -1.929459623893074 16
      vertex -3.708108030059388 -2.0766402763620584 16
      vertex -3.7867777278005637 -1.929459623893074 13
    endloop
  endfacet
  facet normal 0.916187957117136 0.4007488331031405 7.632170649839498e-19
    outer loop
      vertex -3.8596084887565953 -1.7793038845340694 16
      vertex -3.9264880131729685 -1.6264045875516315 13
      vertex -3.9264880131729685 -1.6264045875516315 16
    endloop
  endfacet
  facet normal 0.8997482840522224 0.43640924067334 -7.408133555634495e-19
    outer loop
      vertex -3.7867777278005637 -1.929459623893074 16
      vertex -3.8596084887565953 -1.7793038845340694 13
      vertex -3.8596084887565953 -1.7793038845340694 16
    endloop
  endfacet
  facet normal 0.9312149347588028 0.3644704998791512 0
    outer loop
      vertex -3.9873131776705577 -1.470997492579345 16
      vertex -3.9264880131729685 -1.6264045875516315 16
      vertex -3.9873131776705577 -1.470997492579345 13
    endloop
  endfacet
  facet normal 0.9448060464668794 0.32763017956168977 8.856134842396845e-19
    outer loop
      vertex -3.9873131776705577 -1.470997492579345 16
      vertex -4.041990194254402 -1.3133222260935264 13
      vertex -4.041990194254402 -1.3133222260935264 16
    endloop
  endfacet
  facet normal 0.9569403357322075 0.29028467725446666 -1.8362379678988612e-19
    outer loop
      vertex -4.041990194254402 -1.3133222260935264 16
      vertex -4.090434754928001 -1.1536219119265656 13
      vertex -4.090434754928001 -1.1536219119265656 16
    endloop
  endfacet
  facet normal 0.9675990923602608 0.2524915770151537 0
    outer loop
      vertex -4.132572161690125 -0.992142796387598 16
      vertex -4.090434754928001 -1.1536219119265656 16
      vertex -4.132572161690125 -0.992142796387598 13
    endloop
  endfacet
  facet normal 0.9951847266721966 0.09801714032956298 -1.0981378473855145e-19
    outer loop
      vertex -4.220540942058436 -0.49953393919581 16
      vertex -4.236898668365794 -0.33345115684334103 13
      vertex -4.236898668365794 -0.33345115684334103 16
    endloop
  endfacet
  facet normal 0.9982656101847159 0.05887080365118715 -1.638636673695168e-19
    outer loop
      vertex -4.236898668365794 -0.33345115684334103 16
      vertex -4.246723404023072 -0.16685421697604158 13
      vertex -4.246723404023072 -0.16685421697604158 16
    endloop
  endfacet
  facet normal 0.9998072404820648 0.019633692460630327 7.987438378762074e-20
    outer loop
      vertex -4.246723404023072 -0.16685421697604158 16
      vertex -4.25 0 13
      vertex -4.25 0 16
    endloop
  endfacet
  facet normal 0.9767658813208712 0.21430915306505613 -6.091388926849482e-20
    outer loop
      vertex -4.132572161690125 -0.992142796387598 16
      vertex -4.16833744171373 -0.8291338685685451 13
      vertex -4.16833744171373 -0.8291338685685451 16
    endloop
  endfacet
  facet normal 0.9844265680898917 0.17579627993435412 3.739718225277867e-20
    outer loop
      vertex -4.16833744171373 -0.8291338685685451 16
      vertex -4.197675447529336 -0.6648464764209812 13
      vertex -4.197675447529336 -0.6648464764209812 16
    endloop
  endfacet
  facet normal 0.9905693404435778 0.13701234168196383 0
    outer loop
      vertex -4.220540942058436 -0.49953393919581 16
      vertex -4.197675447529336 -0.6648464764209812 16
      vertex -4.220540942058436 -0.49953393919581 13
    endloop
  endfacet
  facet normal 0.43640924067334 0.8997482840522224 0
    outer loop
      vertex -1.929459623893074 -3.7867777278005637 16
      vertex -1.7793038845340694 -3.8596084887565953 16
      vertex -1.929459623893074 -3.7867777278005637 13
    endloop
  endfacet
  facet normal 0.4007488331031405 0.916187957117136 0
    outer loop
      vertex -1.7793038845340694 -3.8596084887565953 16
      vertex -1.6264045875516315 -3.9264880131729685 16
      vertex -1.7793038845340694 -3.8596084887565953 13
    endloop
  endfacet
  facet normal 0.32763017956168977 0.9448060464668794 0
    outer loop
      vertex -1.470997492579345 -3.9873131776705577 16
      vertex -1.3133222260935264 -4.041990194254402 16
      vertex -1.470997492579345 -3.9873131776705577 13
    endloop
  endfacet
  facet normal 0.3644704998791512 0.9312149347588028 1.2947463233630988e-18
    outer loop
      vertex -1.470997492579345 -3.9873131776705577 16
      vertex -1.6264045875516315 -3.9264880131729685 13
      vertex -1.6264045875516315 -3.9264880131729685 16
    endloop
  endfacet
  facet normal 0.29028467725446666 0.9569403357322075 0
    outer loop
      vertex -1.3133222260935264 -4.041990194254402 16
      vertex -1.1536219119265656 -4.090434754928001 16
      vertex -1.3133222260935264 -4.041990194254402 13
    endloop
  endfacet
  facet normal 0.2524915770151537 0.9675990923602608 0
    outer loop
      vertex -1.1536219119265656 -4.090434754928001 16
      vertex -0.992142796387598 -4.132572161690125 16
      vertex -1.1536219119265656 -4.090434754928001 13
    endloop
  endfacet
  facet normal 0.21430915306505613 0.9767658813208712 0
    outer loop
      vertex -0.992142796387598 -4.132572161690125 16
      vertex -0.8291338685685451 -4.16833744171373 16
      vertex -0.992142796387598 -4.132572161690125 13
    endloop
  endfacet
  facet normal 0.17579627993435412 0.9844265680898917 0
    outer loop
      vertex -0.8291338685685451 -4.16833744171373 16
      vertex -0.6648464764209812 -4.197675447529336 16
      vertex -0.8291338685685451 -4.16833744171373 13
    endloop
  endfacet
  facet normal 0.13701234168196383 0.9905693404435778 1.7703638312580794e-19
    outer loop
      vertex -0.49953393919581 -4.220540942058436 16
      vertex -0.6648464764209812 -4.197675447529336 13
      vertex -0.6648464764209812 -4.197675447529336 16
    endloop
  endfacet
  facet normal 0.09801714032956298 0.9951847266721966 0
    outer loop
      vertex -0.49953393919581 -4.220540942058436 16
      vertex -0.33345115684334103 -4.236898668365794 16
      vertex -0.49953393919581 -4.220540942058436 13
    endloop
  endfacet
  facet normal 0.05887080365118715 0.9982656101847159 0
    outer loop
      vertex -0.33345115684334103 -4.236898668365794 16
      vertex -0.16685421697604158 -4.246723404023072 16
      vertex -0.33345115684334103 -4.236898668365794 13
    endloop
  endfacet
  facet normal 0.019633692460630327 0.9998072404820648 0
    outer loop
      vertex -0.16685421697604158 -4.246723404023072 16
      vertex 0 -4.25 16
      vertex -0.16685421697604158 -4.246723404023072 13
    endloop
  endfacet
  facet normal 0.7208535967029205 0.6930873625456342 0
    outer loop
      vertex -3.1208706651016636 -2.8849031685150024 16
      vertex -3.0052038200428273 -3.0052038200428273 16
      vertex -3.1208706651016636 -2.8849031685150024 13
    endloop
  endfacet
  facet normal 0.6642524379112815 0.747508326862597 0
    outer loop
      vertex -2.8849031685150024 -3.1208706651016636 16
      vertex -2.7601542054032806 -3.2317253538001314 16
      vertex -2.8849031685150024 -3.1208706651016636 13
    endloop
  endfacet
  facet normal 0.6930873625456342 0.7208535967029205 -5.367746965711495e-19
    outer loop
      vertex -2.8849031685150024 -3.1208706651016636 16
      vertex -3.0052038200428273 -3.0052038200428273 13
      vertex -3.0052038200428273 -3.0052038200428273 16
    endloop
  endfacet
  facet normal 0.773010453362737 0.6343932841636456 0
    outer loop
      vertex -3.337596956243166 -2.6311492845667943 16
      vertex -3.2317253538001314 -2.7601542054032806 16
      vertex -3.337596956243166 -2.6311492845667943 13
    endloop
  endfacet
  facet normal 0.7973206537727071 0.6035559419535714 -1.4252901119259203e-18
    outer loop
      vertex -3.337596956243166 -2.6311492845667943 16
      vertex -3.4383222260935264 -2.498087322243011 13
      vertex -3.4383222260935264 -2.498087322243011 16
    endloop
  endfacet
  facet normal 0.8204014435255146 0.5717879602276109 0
    outer loop
      vertex -3.533745852285817 -2.361173490333309 16
      vertex -3.4383222260935264 -2.498087322243011 16
      vertex -3.533745852285817 -2.361173490333309 13
    endloop
  endfacet
  facet normal 0.8627343859777917 0.505657373377985 4.955955510831906e-19
    outer loop
      vertex -3.623720698504892 -2.2206189000427825 16
      vertex -3.708108030059388 -2.0766402763620584 13
      vertex -3.708108030059388 -2.0766402763620584 16
    endloop
  endfacet
  facet normal 0.8422172337162851 0.5391383229110024 -1.0093514675497494e-18
    outer loop
      vertex -3.533745852285817 -2.361173490333309 16
      vertex -3.623720698504892 -2.2206189000427825 13
      vertex -3.623720698504892 -2.2206189000427825 16
    endloop
  endfacet
  facet normal 0.747508326862597 0.6642524379112815 2.1020331601510226e-20
    outer loop
      vertex -3.1208706651016636 -2.8849031685150024 16
      vertex -3.2317253538001314 -2.7601542054032806 13
      vertex -3.2317253538001314 -2.7601542054032806 16
    endloop
  endfacet
  facet normal 0.6035559419535714 0.7973206537727071 0
    outer loop
      vertex -2.6311492845667943 -3.337596956243166 16
      vertex -2.498087322243011 -3.4383222260935264 16
      vertex -2.6311492845667943 -3.337596956243166 13
    endloop
  endfacet
  facet normal 0.5717879602276109 0.8204014435255146 -7.885409213810774e-20
    outer loop
      vertex -2.361173490333309 -3.533745852285817 16
      vertex -2.498087322243011 -3.4383222260935264 13
      vertex -2.498087322243011 -3.4383222260935264 16
    endloop
  endfacet
  facet normal 0.6343932841636456 0.773010453362737 -6.789782988985278e-19
    outer loop
      vertex -2.6311492845667943 -3.337596956243166 16
      vertex -2.7601542054032806 -3.2317253538001314 13
      vertex -2.7601542054032806 -3.2317253538001314 16
    endloop
  endfacet
  facet normal 0.5391383229110024 0.8422172337162851 0
    outer loop
      vertex -2.361173490333309 -3.533745852285817 16
      vertex -2.2206189000427825 -3.623720698504892 16
      vertex -2.361173490333309 -3.533745852285817 13
    endloop
  endfacet
  facet normal 0.505657373377985 0.8627343859777917 0
    outer loop
      vertex -2.2206189000427825 -3.623720698504892 16
      vertex -2.0766402763620584 -3.708108030059388 16
      vertex -2.2206189000427825 -3.623720698504892 13
    endloop
  endfacet
  facet normal 0.47139673682599775 0.881921264348355 -6.083267544497765e-19
    outer loop
      vertex -1.929459623893074 -3.7867777278005637 16
      vertex -2.0766402763620584 -3.708108030059388 13
      vertex -2.0766402763620584 -3.708108030059388 16
    endloop
  endfacet
  facet normal -0.505657373377985 -0.8627343859777917 0
    outer loop
      vertex 2.0766402763620584 3.708108030059388 16
      vertex 2.0766402763620584 3.708108030059388 13
      vertex 2.2206189000427825 3.623720698504892 13
    endloop
  endfacet
  facet normal -0.5391383229110024 -0.8422172337162851 0
    outer loop
      vertex 2.2206189000427825 3.623720698504892 16
      vertex 2.2206189000427825 3.623720698504892 13
      vertex 2.361173490333309 3.533745852285817 13
    endloop
  endfacet
  facet normal -0.6642524379112815 -0.747508326862597 0
    outer loop
      vertex 2.7601542054032806 3.2317253538001314 16
      vertex 2.7601542054032806 3.2317253538001314 13
      vertex 2.8849031685150024 3.1208706651016636 13
    endloop
  endfacet
  facet normal -0.5717879602276109 -0.8204014435255146 0
    outer loop
      vertex 2.361173490333309 3.533745852285817 16
      vertex 2.361173490333309 3.533745852285817 13
      vertex 2.498087322243011 3.4383222260935264 13
    endloop
  endfacet
  facet normal -0.6035559419535714 -0.7973206537727071 0
    outer loop
      vertex 2.498087322243011 3.4383222260935264 16
      vertex 2.498087322243011 3.4383222260935264 13
      vertex 2.6311492845667943 3.337596956243166 13
    endloop
  endfacet
  facet normal -0.6343932841636456 -0.773010453362737 0
    outer loop
      vertex 2.6311492845667943 3.337596956243166 16
      vertex 2.6311492845667943 3.337596956243166 13
      vertex 2.7601542054032806 3.2317253538001314 13
    endloop
  endfacet
  facet normal -0.773010453362737 -0.6343932841636456 0
    outer loop
      vertex 3.2317253538001314 2.7601542054032806 16
      vertex 3.2317253538001314 2.7601542054032806 13
      vertex 3.337596956243166 2.6311492845667943 13
    endloop
  endfacet
  facet normal -0.881921264348355 -0.47139673682599775 0
    outer loop
      vertex 3.708108030059388 2.0766402763620584 16
      vertex 3.708108030059388 2.0766402763620584 13
      vertex 3.7867777278005637 1.929459623893074 13
    endloop
  endfacet
  facet normal -0.8422172337162851 -0.5391383229110024 0
    outer loop
      vertex 3.533745852285817 2.361173490333309 16
      vertex 3.533745852285817 2.361173490333309 13
      vertex 3.623720698504892 2.2206189000427825 13
    endloop
  endfacet
  facet normal -0.8627343859777917 -0.505657373377985 0
    outer loop
      vertex 3.623720698504892 2.2206189000427825 16
      vertex 3.623720698504892 2.2206189000427825 13
      vertex 3.708108030059388 2.0766402763620584 13
    endloop
  endfacet
  facet normal -0.8204014435255146 -0.5717879602276109 0
    outer loop
      vertex 3.4383222260935264 2.498087322243011 16
      vertex 3.4383222260935264 2.498087322243011 13
      vertex 3.533745852285817 2.361173490333309 13
    endloop
  endfacet
  facet normal -0.7973206537727071 -0.6035559419535714 0
    outer loop
      vertex 3.337596956243166 2.6311492845667943 16
      vertex 3.337596956243166 2.6311492845667943 13
      vertex 3.4383222260935264 2.498087322243011 13
    endloop
  endfacet
  facet normal -0.7208535967029205 -0.6930873625456342 0
    outer loop
      vertex 3.0052038200428273 3.0052038200428273 16
      vertex 3.0052038200428273 3.0052038200428273 13
      vertex 3.1208706651016636 2.8849031685150024 13
    endloop
  endfacet
  facet normal -0.6930873625456342 -0.7208535967029205 0
    outer loop
      vertex 2.8849031685150024 3.1208706651016636 16
      vertex 2.8849031685150024 3.1208706651016636 13
      vertex 3.0052038200428273 3.0052038200428273 13
    endloop
  endfacet
  facet normal -0.747508326862597 -0.6642524379112815 0
    outer loop
      vertex 3.1208706651016636 2.8849031685150024 16
      vertex 3.1208706651016636 2.8849031685150024 13
      vertex 3.2317253538001314 2.7601542054032806 13
    endloop
  endfacet
  facet normal -0.019633692460630327 -0.9998072404820648 0
    outer loop
      vertex 0 4.25 16
      vertex 0 4.25 13
      vertex 0.16685421697604158 4.246723404023072 13
    endloop
  endfacet
  facet normal -0.05887080365118715 -0.9982656101847159 0
    outer loop
      vertex 0.16685421697604158 4.246723404023072 16
      vertex 0.16685421697604158 4.246723404023072 13
      vertex 0.33345115684334103 4.236898668365794 13
    endloop
  endfacet
  facet normal -0.09801714032956298 -0.9951847266721966 0
    outer loop
      vertex 0.33345115684334103 4.236898668365794 16
      vertex 0.33345115684334103 4.236898668365794 13
      vertex 0.49953393919581 4.220540942058436 13
    endloop
  endfacet
  facet normal -0.13701234168196383 -0.9905693404435778 0
    outer loop
      vertex 0.49953393919581 4.220540942058436 16
      vertex 0.49953393919581 4.220540942058436 13
      vertex 0.6648464764209812 4.197675447529336 13
    endloop
  endfacet
  facet normal -0.17579627993435412 -0.9844265680898917 0
    outer loop
      vertex 0.6648464764209812 4.197675447529336 16
      vertex 0.6648464764209812 4.197675447529336 13
      vertex 0.8291338685685451 4.16833744171373 13
    endloop
  endfacet
  facet normal -0.21430915306505613 -0.9767658813208712 0
    outer loop
      vertex 0.8291338685685451 4.16833744171373 16
      vertex 0.8291338685685451 4.16833744171373 13
      vertex 0.992142796387598 4.132572161690125 13
    endloop
  endfacet
  facet normal -0.2524915770151537 -0.9675990923602608 0
    outer loop
      vertex 0.992142796387598 4.132572161690125 16
      vertex 0.992142796387598 4.132572161690125 13
      vertex 1.1536219119265656 4.090434754928001 13
    endloop
  endfacet
  facet normal -0.29028467725446666 -0.9569403357322075 0
    outer loop
      vertex 1.1536219119265656 4.090434754928001 16
      vertex 1.1536219119265656 4.090434754928001 13
      vertex 1.3133222260935264 4.041990194254402 13
    endloop
  endfacet
  facet normal -0.32763017956168977 -0.9448060464668794 0
    outer loop
      vertex 1.3133222260935264 4.041990194254402 16
      vertex 1.3133222260935264 4.041990194254402 13
      vertex 1.470997492579345 3.9873131776705577 13
    endloop
  endfacet
  facet normal -0.3644704998791512 -0.9312149347588028 0
    outer loop
      vertex 1.470997492579345 3.9873131776705577 16
      vertex 1.470997492579345 3.9873131776705577 13
      vertex 1.6264045875516315 3.9264880131729685 13
    endloop
  endfacet
  facet normal -0.4007488331031405 -0.916187957117136 0
    outer loop
      vertex 1.6264045875516315 3.9264880131729685 16
      vertex 1.6264045875516315 3.9264880131729685 13
      vertex 1.7793038845340694 3.8596084887565953 13
    endloop
  endfacet
  facet normal -0.43640924067334 -0.8997482840522224 0
    outer loop
      vertex 1.7793038845340694 3.8596084887565953 16
      vertex 1.7793038845340694 3.8596084887565953 13
      vertex 1.929459623893074 3.7867777278005637 13
    endloop
  endfacet
  facet normal -0.47139673682599775 -0.881921264348355 0
    outer loop
      vertex 1.929459623893074 3.7867777278005637 16
      vertex 1.929459623893074 3.7867777278005637 13
      vertex 2.0766402763620584 3.708108030059388 13
    endloop
  endfacet
  facet normal -0.9905693404435778 -0.13701234168196383 0
    outer loop
      vertex 4.197675447529336 0.6648464764209812 16
      vertex 4.197675447529336 0.6648464764209812 13
      vertex 4.220540942058436 0.49953393919581 13
    endloop
  endfacet
  facet normal -0.9844265680898917 -0.17579627993435412 0
    outer loop
      vertex 4.16833744171373 0.8291338685685451 16
      vertex 4.16833744171373 0.8291338685685451 13
      vertex 4.197675447529336 0.6648464764209812 13
    endloop
  endfacet
  facet normal -0.9998072404820648 -0.019633692460630327 0
    outer loop
      vertex 4.246723404023072 0.16685421697604158 16
      vertex 4.246723404023072 0.16685421697604158 13
      vertex 4.25 0 13
    endloop
  endfacet
  facet normal -0.9982656101847159 -0.05887080365118715 0
    outer loop
      vertex 4.236898668365794 0.33345115684334103 16
      vertex 4.236898668365794 0.33345115684334103 13
      vertex 4.246723404023072 0.16685421697604158 13
    endloop
  endfacet
  facet normal -0.9951847266721966 -0.09801714032956298 0
    outer loop
      vertex 4.220540942058436 0.49953393919581 16
      vertex 4.220540942058436 0.49953393919581 13
      vertex 4.236898668365794 0.33345115684334103 13
    endloop
  endfacet
  facet normal -0.9767658813208712 -0.21430915306505613 0
    outer loop
      vertex 4.132572161690125 0.992142796387598 16
      vertex 4.132572161690125 0.992142796387598 13
      vertex 4.16833744171373 0.8291338685685451 13
    endloop
  endfacet
  facet normal -0.9675990923602608 -0.2524915770151537 0
    outer loop
      vertex 4.090434754928001 1.1536219119265656 16
      vertex 4.090434754928001 1.1536219119265656 13
      vertex 4.132572161690125 0.992142796387598 13
    endloop
  endfacet
  facet normal -0.9569403357322075 -0.29028467725446666 0
    outer loop
      vertex 4.041990194254402 1.3133222260935264 16
      vertex 4.041990194254402 1.3133222260935264 13
      vertex 4.090434754928001 1.1536219119265656 13
    endloop
  endfacet
  facet normal -0.9312149347588028 -0.3644704998791512 0
    outer loop
      vertex 3.9264880131729685 1.6264045875516315 16
      vertex 3.9264880131729685 1.6264045875516315 13
      vertex 3.9873131776705577 1.470997492579345 13
    endloop
  endfacet
  facet normal -0.916187957117136 -0.4007488331031405 0
    outer loop
      vertex 3.8596084887565953 1.7793038845340694 16
      vertex 3.8596084887565953 1.7793038845340694 13
      vertex 3.9264880131729685 1.6264045875516315 13
    endloop
  endfacet
  facet normal -0.9448060464668794 -0.32763017956168977 0
    outer loop
      vertex 3.9873131776705577 1.470997492579345 16
      vertex 3.9873131776705577 1.470997492579345 13
      vertex 4.041990194254402 1.3133222260935264 13
    endloop
  endfacet
  facet normal -0.8997482840522224 -0.43640924067334 0
    outer loop
      vertex 3.7867777278005637 1.929459623893074 16
      vertex 3.7867777278005637 1.929459623893074 13
      vertex 3.8596084887565953 1.7793038845340694 13
    endloop
  endfacet
  facet normal -0.47139673682599775 -0.881921264348355 0
    outer loop
      vertex 2.0766402763620584 3.708108030059388 16
      vertex 1.929459623893074 3.7867777278005637 16
      vertex 2.0766402763620584 3.708108030059388 13
    endloop
  endfacet
  facet normal -0.505657373377985 -0.8627343859777917 4.955955510831906e-19
    outer loop
      vertex 2.0766402763620584 3.708108030059388 16
      vertex 2.2206189000427825 3.623720698504892 13
      vertex 2.2206189000427825 3.623720698504892 16
    endloop
  endfacet
  facet normal -0.5391383229110024 -0.8422172337162851 -1.0093514675497494e-18
    outer loop
      vertex 2.2206189000427825 3.623720698504892 16
      vertex 2.361173490333309 3.533745852285817 13
      vertex 2.361173490333309 3.533745852285817 16
    endloop
  endfacet
  facet normal -0.6343932841636456 -0.773010453362737 0
    outer loop
      vertex 2.7601542054032806 3.2317253538001314 16
      vertex 2.6311492845667943 3.337596956243166 16
      vertex 2.7601542054032806 3.2317253538001314 13
    endloop
  endfacet
  facet normal -0.5717879602276109 -0.8204014435255146 0
    outer loop
      vertex 2.498087322243011 3.4383222260935264 16
      vertex 2.361173490333309 3.533745852285817 16
      vertex 2.498087322243011 3.4383222260935264 13
    endloop
  endfacet
  facet normal -0.6035559419535714 -0.7973206537727071 -1.4252901119259203e-18
    outer loop
      vertex 2.498087322243011 3.4383222260935264 16
      vertex 2.6311492845667943 3.337596956243166 13
      vertex 2.6311492845667943 3.337596956243166 16
    endloop
  endfacet
  facet normal -0.747508326862597 -0.6642524379112815 0
    outer loop
      vertex 3.2317253538001314 2.7601542054032806 16
      vertex 3.1208706651016636 2.8849031685150024 16
      vertex 3.2317253538001314 2.7601542054032806 13
    endloop
  endfacet
  facet normal -0.8422172337162851 -0.5391383229110024 0
    outer loop
      vertex 3.623720698504892 2.2206189000427825 16
      vertex 3.533745852285817 2.361173490333309 16
      vertex 3.623720698504892 2.2206189000427825 13
    endloop
  endfacet
  facet normal -0.8627343859777917 -0.505657373377985 0
    outer loop
      vertex 3.708108030059388 2.0766402763620584 16
      vertex 3.623720698504892 2.2206189000427825 16
      vertex 3.708108030059388 2.0766402763620584 13
    endloop
  endfacet
  facet normal -0.8204014435255146 -0.5717879602276109 -7.885409213810774e-20
    outer loop
      vertex 3.4383222260935264 2.498087322243011 16
      vertex 3.533745852285817 2.361173490333309 13
      vertex 3.533745852285817 2.361173490333309 16
    endloop
  endfacet
  facet normal -0.7973206537727071 -0.6035559419535714 0
    outer loop
      vertex 3.4383222260935264 2.498087322243011 16
      vertex 3.337596956243166 2.6311492845667943 16
      vertex 3.4383222260935264 2.498087322243011 13
    endloop
  endfacet
  facet normal -0.773010453362737 -0.6343932841636456 -6.789782988985278e-19
    outer loop
      vertex 3.2317253538001314 2.7601542054032806 16
      vertex 3.337596956243166 2.6311492845667943 13
      vertex 3.337596956243166 2.6311492845667943 16
    endloop
  endfacet
  facet normal -0.6930873625456342 -0.7208535967029205 0
    outer loop
      vertex 3.0052038200428273 3.0052038200428273 16
      vertex 2.8849031685150024 3.1208706651016636 16
      vertex 3.0052038200428273 3.0052038200428273 13
    endloop
  endfacet
  facet normal -0.6642524379112815 -0.747508326862597 2.1020331601510226e-20
    outer loop
      vertex 2.7601542054032806 3.2317253538001314 16
      vertex 2.8849031685150024 3.1208706651016636 13
      vertex 2.8849031685150024 3.1208706651016636 16
    endloop
  endfacet
  facet normal -0.7208535967029205 -0.6930873625456342 -5.367746965711495e-19
    outer loop
      vertex 3.0052038200428273 3.0052038200428273 16
      vertex 3.1208706651016636 2.8849031685150024 13
      vertex 3.1208706651016636 2.8849031685150024 16
    endloop
  endfacet
  facet normal -0.019633692460630327 -0.9998072404820648 7.987438378762074e-20
    outer loop
      vertex 0 4.25 16
      vertex 0.16685421697604158 4.246723404023072 13
      vertex 0.16685421697604158 4.246723404023072 16
    endloop
  endfacet
  facet normal -0.05887080365118715 -0.9982656101847159 -1.638636673695168e-19
    outer loop
      vertex 0.16685421697604158 4.246723404023072 16
      vertex 0.33345115684334103 4.236898668365794 13
      vertex 0.33345115684334103 4.236898668365794 16
    endloop
  endfacet
  facet normal -0.09801714032956298 -0.9951847266721966 -1.0981378473855145e-19
    outer loop
      vertex 0.33345115684334103 4.236898668365794 16
      vertex 0.49953393919581 4.220540942058436 13
      vertex 0.49953393919581 4.220540942058436 16
    endloop
  endfacet
  facet normal -0.13701234168196383 -0.9905693404435778 0
    outer loop
      vertex 0.6648464764209812 4.197675447529336 16
      vertex 0.49953393919581 4.220540942058436 16
      vertex 0.6648464764209812 4.197675447529336 13
    endloop
  endfacet
  facet normal -0.17579627993435412 -0.9844265680898917 3.739718225277867e-20
    outer loop
      vertex 0.6648464764209812 4.197675447529336 16
      vertex 0.8291338685685451 4.16833744171373 13
      vertex 0.8291338685685451 4.16833744171373 16
    endloop
  endfacet
  facet normal -0.21430915306505613 -0.9767658813208712 -6.091388926849482e-20
    outer loop
      vertex 0.8291338685685451 4.16833744171373 16
      vertex 0.992142796387598 4.132572161690125 13
      vertex 0.992142796387598 4.132572161690125 16
    endloop
  endfacet
  facet normal -0.2524915770151537 -0.9675990923602608 4.1110612531232913e-19
    outer loop
      vertex 0.992142796387598 4.132572161690125 16
      vertex 1.1536219119265656 4.090434754928001 13
      vertex 1.1536219119265656 4.090434754928001 16
    endloop
  endfacet
  facet normal -0.29028467725446666 -0.9569403357322075 -1.8362379678988612e-19
    outer loop
      vertex 1.1536219119265656 4.090434754928001 16
      vertex 1.3133222260935264 4.041990194254402 13
      vertex 1.3133222260935264 4.041990194254402 16
    endloop
  endfacet
  facet normal -0.3644704998791512 -0.9312149347588028 0
    outer loop
      vertex 1.6264045875516315 3.9264880131729685 16
      vertex 1.470997492579345 3.9873131776705577 16
      vertex 1.6264045875516315 3.9264880131729685 13
    endloop
  endfacet
  facet normal -0.32763017956168977 -0.9448060464668794 8.856134842396845e-19
    outer loop
      vertex 1.3133222260935264 4.041990194254402 16
      vertex 1.470997492579345 3.9873131776705577 13
      vertex 1.470997492579345 3.9873131776705577 16
    endloop
  endfacet
  facet normal -0.4007488331031405 -0.916187957117136 7.632170649839498e-19
    outer loop
      vertex 1.6264045875516315 3.9264880131729685 16
      vertex 1.7793038845340694 3.8596084887565953 13
      vertex 1.7793038845340694 3.8596084887565953 16
    endloop
  endfacet
  facet normal -0.43640924067334 -0.8997482840522224 -7.408133555634495e-19
    outer loop
      vertex 1.7793038845340694 3.8596084887565953 16
      vertex 1.929459623893074 3.7867777278005637 13
      vertex 1.929459623893074 3.7867777278005637 16
    endloop
  endfacet
  facet normal -0.9905693404435778 -0.13701234168196383 1.7703638312580794e-19
    outer loop
      vertex 4.197675447529336 0.6648464764209812 16
      vertex 4.220540942058436 0.49953393919581 13
      vertex 4.220540942058436 0.49953393919581 16
    endloop
  endfacet
  facet normal -0.9844265680898917 -0.17579627993435412 0
    outer loop
      vertex 4.197675447529336 0.6648464764209812 16
      vertex 4.16833744171373 0.8291338685685451 16
      vertex 4.197675447529336 0.6648464764209812 13
    endloop
  endfacet
  facet normal -0.9767658813208712 -0.21430915306505613 0
    outer loop
      vertex 4.16833744171373 0.8291338685685451 16
      vertex 4.132572161690125 0.992142796387598 16
      vertex 4.16833744171373 0.8291338685685451 13
    endloop
  endfacet
  facet normal -0.9998072404820648 -0.019633692460630327 0
    outer loop
      vertex 4.25 0 16
      vertex 4.246723404023072 0.16685421697604158 16
      vertex 4.25 0 13
    endloop
  endfacet
  facet normal -0.9982656101847159 -0.05887080365118715 0
    outer loop
      vertex 4.246723404023072 0.16685421697604158 16
      vertex 4.236898668365794 0.33345115684334103 16
      vertex 4.246723404023072 0.16685421697604158 13
    endloop
  endfacet
  facet normal -0.9951847266721966 -0.09801714032956298 0
    outer loop
      vertex 4.236898668365794 0.33345115684334103 16
      vertex 4.220540942058436 0.49953393919581 16
      vertex 4.236898668365794 0.33345115684334103 13
    endloop
  endfacet
  facet normal -0.9675990923602608 -0.2524915770151537 4.1110612531232913e-19
    outer loop
      vertex 4.090434754928001 1.1536219119265656 16
      vertex 4.132572161690125 0.992142796387598 13
      vertex 4.132572161690125 0.992142796387598 16
    endloop
  endfacet
  facet normal -0.9569403357322075 -0.29028467725446666 0
    outer loop
      vertex 4.090434754928001 1.1536219119265656 16
      vertex 4.041990194254402 1.3133222260935264 16
      vertex 4.090434754928001 1.1536219119265656 13
    endloop
  endfacet
  facet normal -0.9448060464668794 -0.32763017956168977 0
    outer loop
      vertex 4.041990194254402 1.3133222260935264 16
      vertex 3.9873131776705577 1.470997492579345 16
      vertex 4.041990194254402 1.3133222260935264 13
    endloop
  endfacet
  facet normal -0.9312149347588028 -0.3644704998791512 1.2947463233630988e-18
    outer loop
      vertex 3.9264880131729685 1.6264045875516315 16
      vertex 3.9873131776705577 1.470997492579345 13
      vertex 3.9873131776705577 1.470997492579345 16
    endloop
  endfacet
  facet normal -0.8997482840522224 -0.43640924067334 0
    outer loop
      vertex 3.8596084887565953 1.7793038845340694 16
      vertex 3.7867777278005637 1.929459623893074 16
      vertex 3.8596084887565953 1.7793038845340694 13
    endloop
  endfacet
  facet normal -0.916187957117136 -0.4007488331031405 0
    outer loop
      vertex 3.9264880131729685 1.6264045875516315 16
      vertex 3.8596084887565953 1.7793038845340694 16
      vertex 3.9264880131729685 1.6264045875516315 13
    endloop
  endfacet
  facet normal -0.881921264348355 -0.47139673682599775 -6.083267544497765e-19
    outer loop
      vertex 3.708108030059388 2.0766402763620584 16
      vertex 3.7867777278005637 1.929459623893074 13
      vertex 3.7867777278005637 1.929459623893074 16
    endloop
  endfacet
  facet normal 0 0 -1
    outer loop
      vertex 0.16685421697604158 4.246723404023072 13
      vertex 0 4.25 13
      vertex 0 12.4 13
    endloop
  endfacet
  facet normal 0 0 -1
    outer loop
      vertex 0.16685421697604158 4.246723404023072 13
      vertex 0.11777944727720582 12.402312891277832 13
      vertex 0.33345115684334103 4.236898668365794 13
    endloop
  endfacet
  facet normal 0 0 -1
    outer loop
      vertex 0.33345115684334103 4.236898668365794 13
      vertex 0.35261219237351293 12.420794629135221 13
      vertex 0.49953393919581 4.220540942058436 13
    endloop
  endfacet
  facet normal 0 0 -1
    outer loop
      vertex 0.49953393919581 4.220540942058436 13
      vertex 0.46930339512069263 12.436934978214587 13
      vertex 0.6648464764209812 4.197675447529336 13
    endloop
  endfacet
  facet normal 0 0 -1
    outer loop
      vertex 0.6648464764209812 4.197675447529336 13
      vertex 0.5852709660483848 12.457644158790309 13
      vertex 0.8291338685685451 4.16833744171373 13
    endloop
  endfacet
  facet normal 0 0 -1
    outer loop
      vertex 0.8291338685685451 4.16833744171373 13
      vertex 0.7003360915677161 12.48289023880697 13
      vertex 0.992142796387598 4.132572161690125 13
    endloop
  endfacet
  facet normal 0 0 -1
    outer loop
      vertex 0.992142796387598 4.132572161690125 13
      vertex 0.8143213495952228 12.512634290639058 13
      vertex 1.1536219119265656 4.090434754928001 13
    endloop
  endfacet
  facet normal 0 0 -1
    outer loop
      vertex 1.1536219119265656 4.090434754928001 13
      vertex 1.0383511712324789 12.585425992232548 13
      vertex 1.3133222260935264 4.041990194254402 13
    endloop
  endfacet
  facet normal 0 0 -1
    outer loop
      vertex 1.3133222260935264 4.041990194254402 13
      vertex 1.1480502970952693 12.62836140246614 13
      vertex 1.470997492579345 3.9873131776705577 13
    endloop
  endfacet
  facet normal 0 0 -1
    outer loop
      vertex 1.470997492579345 3.9873131776705577 13
      vertex 1.2559792126122842 12.675570478524756 13
      vertex 1.6264045875516315 3.9264880131729685 13
    endloop
  endfacet
  facet normal 0 0 -1
    outer loop
      vertex 4.246723404023072 0.16685421697604158 13
      vertex 12.402312891277832 0.11777944727720582 13
      vertex 4.25 0 13
    endloop
  endfacet
  facet normal 0 0 -1
    outer loop
      vertex 4.236898668365794 0.33345115684334103 13
      vertex 12.409247998800616 0.23537728718353484 13
      vertex 4.246723404023072 0.16685421697604158 13
    endloop
  endfacet
  facet normal 0 0 -1
    outer loop
      vertex 4.220540942058436 0.49953393919581 13
      vertex 12.420794629135221 0.35261219237351293 13
      vertex 4.236898668365794 0.33345115684334103 13
    endloop
  endfacet
  facet normal 0 0 -1
    outer loop
      vertex 4.197675447529336 0.6648464764209812 13
      vertex 12.436934978214587 0.46930339512069263 13
      vertex 4.220540942058436 0.49953393919581 13
    endloop
  endfacet
  facet normal 0 0 -1
    outer loop
      vertex 4.16833744171373 0.8291338685685451 13
      vertex 12.457644158790309 0.5852709660483848 13
      vertex 4.197675447529336 0.6648464764209812 13
    endloop
  endfacet
  facet normal 0 0 -1
    outer loop
      vertex 4.132572161690125 0.992142796387598 13
      vertex 12.48289023880697 0.7003360915677161 13
      vertex 4.16833744171373 0.8291338685685451 13
    endloop
  endfacet
  facet normal 0 0 -1
    outer loop
      vertex 4.041990194254402 1.3133222260935264 13
      vertex 12.585425992232548 1.0383511712324789 13
      vertex 4.090434754928001 1.1536219119265656 13
    endloop
  endfacet
  facet normal 0 0 -1
    outer loop
      vertex 4.090434754928001 1.1536219119265656 13
      vertex 12.54683045111454 0.9270509831248421 13
      vertex 4.132572161690125 0.992142796387598 13
    endloop
  endfacet
  facet normal 0 0 -1
    outer loop
      vertex 3.9873131776705577 1.470997492579345 13
      vertex 12.62836140246614 1.1480502970952693 13
      vertex 4.041990194254402 1.3133222260935264 13
    endloop
  endfacet
  facet normal 0 0 -1
    outer loop
      vertex 2.498087322243011 3.4383222260935264 13
      vertex 15.556349186104047 15.556349186104047 13
      vertex 2.6311492845667943 3.337596956243166 13
    endloop
  endfacet
  facet normal 0 0 -1
    outer loop
      vertex 2.6311492845667943 3.337596956243166 13
      vertex 15.556349186104047 15.556349186104047 13
      vertex 2.7601542054032806 3.2317253538001314 13
    endloop
  endfacet
  facet normal 0 0 -1
    outer loop
      vertex 2.8849031685150024 3.1208706651016636 13
      vertex 16.15509520758508 14.93361640172472 13
      vertex 3.0052038200428273 3.0052038200428273 13
    endloop
  endfacet
  facet normal 0 0 -1
    outer loop
      vertex 3.0052038200428273 3.0052038200428273 13
      vertex 16.15509520758508 14.93361640172472 13
      vertex 3.1208706651016636 2.8849031685150024 13
    endloop
  endfacet
  facet normal 0 0 -1
    outer loop
      vertex 2.7601542054032806 3.2317253538001314 13
      vertex 15.556349186104047 15.556349186104047 13
      vertex 2.8849031685150024 3.1208706651016636 13
    endloop
  endfacet
  facet normal 0 0 -1
    outer loop
      vertex 0.16685421697604158 4.246723404023072 13
      vertex 0 12.4 13
      vertex 0.11777944727720582 12.402312891277832 13
    endloop
  endfacet
  facet normal 0 0 -1
    outer loop
      vertex 0.33345115684334103 4.236898668365794 13
      vertex 0.11777944727720582 12.402312891277832 13
      vertex 0.23537728718353484 12.409247998800616 13
    endloop
  endfacet
  facet normal 0 0 -1
    outer loop
      vertex 0.33345115684334103 4.236898668365794 13
      vertex 0.23537728718353484 12.409247998800616 13
      vertex 0.35261219237351293 12.420794629135221 13
    endloop
  endfacet
  facet normal 0 0 -1
    outer loop
      vertex 0.49953393919581 4.220540942058436 13
      vertex 0.35261219237351293 12.420794629135221 13
      vertex 0.46930339512069263 12.436934978214587 13
    endloop
  endfacet
  facet normal 0 0 -1
    outer loop
      vertex 0.6648464764209812 4.197675447529336 13
      vertex 0.46930339512069263 12.436934978214587 13
      vertex 0.5852709660483848 12.457644158790309 13
    endloop
  endfacet
  facet normal 0 0 -1
    outer loop
      vertex 0.8291338685685451 4.16833744171373 13
      vertex 0.5852709660483848 12.457644158790309 13
      vertex 0.7003360915677161 12.48289023880697 13
    endloop
  endfacet
  facet normal 0 0 -1
    outer loop
      vertex 0.992142796387598 4.132572161690125 13
      vertex 0.7003360915677161 12.48289023880697 13
      vertex 0.8143213495952228 12.512634290639058 13
    endloop
  endfacet
  facet normal 0 0 -1
    outer loop
      vertex 1.1536219119265656 4.090434754928001 13
      vertex 0.8143213495952228 12.512634290639058 13
      vertex 0.9270509831248421 12.54683045111454 13
    endloop
  endfacet
  facet normal 0 0 -1
    outer loop
      vertex 1.1536219119265656 4.090434754928001 13
      vertex 0.9270509831248421 12.54683045111454 13
      vertex 1.0383511712324789 12.585425992232548 13
    endloop
  endfacet
  facet normal 0 0 -1
    outer loop
      vertex 1.3133222260935264 4.041990194254402 13
      vertex 1.0383511712324789 12.585425992232548 13
      vertex 1.1480502970952693 12.62836140246614 13
    endloop
  endfacet
  facet normal 0 0 -1
    outer loop
      vertex 1.470997492579345 3.9873131776705577 13
      vertex 1.1480502970952693 12.62836140246614 13
      vertex 1.2559792126122842 12.675570478524756 13
    endloop
  endfacet
  facet normal 0 0 -1
    outer loop
      vertex 1.6264045875516315 3.9264880131729685 13
      vertex 1.2559792126122842 12.675570478524756 13
      vertex 1.3619714992186405 12.726980427434896 13
    endloop
  endfacet
  facet normal 0 0 -1
    outer loop
      vertex 1.929459623893074 3.7867777278005637 13
      vertex 14.93361640172472 16.15509520758508 13
      vertex 2.0766402763620584 3.708108030059388 13
    endloop
  endfacet
  facet normal 0 0 -1
    outer loop
      vertex 1.7793038845340694 3.8596084887565953 13
      vertex 14.93361640172472 16.15509520758508 13
      vertex 1.929459623893074 3.7867777278005637 13
    endloop
  endfacet
  facet normal 0 0 -1
    outer loop
      vertex 2.0766402763620584 3.708108030059388 13
      vertex 14.93361640172472 16.15509520758508 13
      vertex 2.2206189000427825 3.623720698504892 13
    endloop
  endfacet
  facet normal 0 0 -1
    outer loop
      vertex 1.6264045875516315 3.9264880131729685 13
      vertex 14.93361640172472 16.15509520758508 13
      vertex 1.7793038845340694 3.8596084887565953 13
    endloop
  endfacet
  facet normal 0 0 -1
    outer loop
      vertex 2.2206189000427825 3.623720698504892 13
      vertex 15.556349186104047 15.556349186104047 13
      vertex 2.361173490333309 3.533745852285817 13
    endloop
  endfacet
  facet normal 0 0 -1
    outer loop
      vertex 2.361173490333309 3.533745852285817 13
      vertex 15.556349186104047 15.556349186104047 13
      vertex 2.498087322243011 3.4383222260935264 13
    endloop
  endfacet
  facet normal 0 0 -1
    outer loop
      vertex 1.6264045875516315 3.9264880131729685 13
      vertex 1.3619714992186405 12.726980427434896 13
      vertex 14.28785706326404 16.72893124320068 13
    endloop
  endfacet
  facet normal 0 0 -1
    outer loop
      vertex 14.28785706326404 16.72893124320068 13
      vertex 1.3619714992186405 12.726980427434896 13
      vertex 1.4658637244908648 12.78251197878161 13
    endloop
  endfacet
  facet normal 0 0 -1
    outer loop
      vertex 14.28785706326404 16.72893124320068 13
      vertex 1.4658637244908648 12.78251197878161 13
      vertex 1.5674956941478464 12.842079506937724 13
    endloop
  endfacet
  facet normal 0 0 -1
    outer loop
      vertex 14.28785706326404 16.72893124320068 13
      vertex 1.5674956941478464 12.842079506937724 13
      vertex 1.6667106990588065 12.905591163092364 13
    endloop
  endfacet
  facet normal 0 0 -1
    outer loop
      vertex 13.620066884816348 17.27697247937639 13
      vertex 1.857281847929502 13.044049207357766 13
      vertex 1.948344144990551 13.118782103199909 13
    endloop
  endfacet
  facet normal 0 0 -1
    outer loop
      vertex 14.28785706326404 16.72893124320068 13
      vertex 1.6667106990588065 12.905591163092364 13
      vertex 1.7633557568774194 12.972949016875159 13
    endloop
  endfacet
  facet normal 0 0 -1
    outer loop
      vertex 1.857281847929502 13.044049207357766 13
      vertex 14.28785706326404 16.72893124320068 13
      vertex 1.7633557568774194 12.972949016875159 13
    endloop
  endfacet
  facet normal 0 0 -1
    outer loop
      vertex 13.620066884816348 17.27697247937639 13
      vertex 1.948344144990551 13.118782103199909 13
      vertex 2.0364022365988252 13.197032471692943 13
    endloop
  endfacet
  facet normal 0 0 -1
    outer loop
      vertex 12.931275550434409 17.798373876248846 13
      vertex 2.121320343559643 13.278679656440357 13
      vertex 2.202967528307057 13.363597763401176 13
    endloop
  endfacet
  facet normal 0 0 -1
    outer loop
      vertex 2.2812178968000927 13.451655855009449 13
      vertex 12.931275550434409 17.798373876248846 13
      vertex 2.202967528307057 13.363597763401176 13
    endloop
  endfacet
  facet normal 0 0 -1
    outer loop
      vertex 2.121320343559643 13.278679656440357 13
      vertex 13.620066884816348 17.27697247937639 13
      vertex 2.0364022365988252 13.197032471692943 13
    endloop
  endfacet
  facet normal 0 0 -1
    outer loop
      vertex 4.25 0 13
      vertex 12.402312891277832 0.11777944727720582 13
      vertex 12.4 0 13
    endloop
  endfacet
  facet normal 0 0 -1
    outer loop
      vertex 4.246723404023072 0.16685421697604158 13
      vertex 12.409247998800616 0.23537728718353484 13
      vertex 12.402312891277832 0.11777944727720582 13
    endloop
  endfacet
  facet normal 0 0 -1
    outer loop
      vertex 4.236898668365794 0.33345115684334103 13
      vertex 12.420794629135221 0.35261219237351293 13
      vertex 12.409247998800616 0.23537728718353484 13
    endloop
  endfacet
  facet normal 0 0 -1
    outer loop
      vertex 4.220540942058436 0.49953393919581 13
      vertex 12.436934978214587 0.46930339512069263 13
      vertex 12.420794629135221 0.35261219237351293 13
    endloop
  endfacet
  facet normal 0 0 -1
    outer loop
      vertex 4.197675447529336 0.6648464764209812 13
      vertex 12.457644158790309 0.5852709660483848 13
      vertex 12.436934978214587 0.46930339512069263 13
    endloop
  endfacet
  facet normal 0 0 -1
    outer loop
      vertex 4.16833744171373 0.8291338685685451 13
      vertex 12.48289023880697 0.7003360915677161 13
      vertex 12.457644158790309 0.5852709660483848 13
    endloop
  endfacet
  facet normal 0 0 -1
    outer loop
      vertex 4.132572161690125 0.992142796387598 13
      vertex 12.512634290639058 0.8143213495952228 13
      vertex 12.48289023880697 0.7003360915677161 13
    endloop
  endfacet
  facet normal 0 0 -1
    outer loop
      vertex 4.132572161690125 0.992142796387598 13
      vertex 12.54683045111454 0.9270509831248421 13
      vertex 12.512634290639058 0.8143213495952228 13
    endloop
  endfacet
  facet normal 0 0 -1
    outer loop
      vertex 4.090434754928001 1.1536219119265656 13
      vertex 12.585425992232548 1.0383511712324789 13
      vertex 12.54683045111454 0.9270509831248421 13
    endloop
  endfacet
  facet normal 0 0 -1
    outer loop
      vertex 4.041990194254402 1.3133222260935264 13
      vertex 12.62836140246614 1.1480502970952693 13
      vertex 12.585425992232548 1.0383511712324789 13
    endloop
  endfacet
  facet normal 0 0 -1
    outer loop
      vertex 3.9873131776705577 1.470997492579345 13
      vertex 12.675570478524756 1.2559792126122842 13
      vertex 12.62836140246614 1.1480502970952693 13
    endloop
  endfacet
  facet normal 0 0 -1
    outer loop
      vertex 12.675570478524756 1.2559792126122842 13
      vertex 3.9873131776705577 1.470997492579345 13
      vertex 12.726980427434896 1.3619714992186405 13
    endloop
  endfacet
  facet normal 0 0 -1
    outer loop
      vertex 12.726980427434896 1.3619714992186405 13
      vertex 3.9873131776705577 1.470997492579345 13
      vertex 12.78251197878161 1.4658637244908648 13
    endloop
  endfacet
  facet normal 0 0 -1
    outer loop
      vertex 12.78251197878161 1.4658637244908648 13
      vertex 3.9873131776705577 1.470997492579345 13
      vertex 12.842079506937724 1.5674956941478464 13
    endloop
  endfacet
  facet normal 0 0 -1
    outer loop
      vertex 12.842079506937724 1.5674956941478464 13
      vertex 3.9873131776705577 1.470997492579345 13
      vertex 12.905591163092364 1.6667106990588065 13
    endloop
  endfacet
  facet normal 0 0 -1
    outer loop
      vertex 12.905591163092364 1.6667106990588065 13
      vertex 3.9873131776705577 1.470997492579345 13
      vertex 12.972949016875159 1.7633557568774194 13
    endloop
  endfacet
  facet normal 0 0 -1
    outer loop
      vertex 12.972949016875159 1.7633557568774194 13
      vertex 3.9873131776705577 1.470997492579345 13
      vertex 13.044049207357766 1.857281847929502 13
    endloop
  endfacet
  facet normal 0 0 -1
    outer loop
      vertex 13.044049207357766 1.857281847929502 13
      vertex 3.9873131776705577 1.470997492579345 13
      vertex 13.118782103199909 1.948344144990551 13
    endloop
  endfacet
  facet normal 0 0 -1
    outer loop
      vertex 13.118782103199909 1.948344144990551 13
      vertex 3.9873131776705577 1.470997492579345 13
      vertex 13.197032471692943 2.0364022365988252 13
    endloop
  endfacet
  facet normal 0 0 -1
    outer loop
      vertex 13.197032471692943 2.0364022365988252 13
      vertex 3.9873131776705577 1.470997492579345 13
      vertex 13.278679656440357 2.121320343559643 13
    endloop
  endfacet
  facet normal 0 0 -1
    outer loop
      vertex 13.278679656440357 2.121320343559643 13
      vertex 3.9873131776705577 1.470997492579345 13
      vertex 13.363597763401176 2.202967528307057 13
    endloop
  endfacet
  facet normal 0 0 -1
    outer loop
      vertex 3.8596084887565953 1.7793038845340694 13
      vertex 19.979149824151786 9.210514225823418 13
      vertex 3.9264880131729685 1.6264045875516315 13
    endloop
  endfacet
  facet normal 0 0 -1
    outer loop
      vertex 3.7867777278005637 1.929459623893074 13
      vertex 19.602143532144094 9.98779099427003 13
      vertex 3.8596084887565953 1.7793038845340694 13
    endloop
  endfacet
  facet normal 0 0 -1
    outer loop
      vertex 3.708108030059388 2.0766402763620584 13
      vertex 19.19491215560154 10.74966731293301 13
      vertex 3.7867777278005637 1.929459623893074 13
    endloop
  endfacet
  facet normal 0 0 -1
    outer loop
      vertex 3.533745852285817 2.361173490333309 13
      vertex 18.292331470655995 12.222545126431248 13
      vertex 3.623720698504892 2.2206189000427825 13
    endloop
  endfacet
  facet normal 0 0 -1
    outer loop
      vertex 3.623720698504892 2.2206189000427825 13
      vertex 18.75808361579003 11.494968423750873 13
      vertex 3.708108030059388 2.0766402763620584 13
    endloop
  endfacet
  facet normal 0 0 -1
    outer loop
      vertex 3.2317253538001314 2.7601542054032806 13
      vertex 16.72893124320068 14.28785706326404 13
      vertex 3.337596956243166 2.6311492845667943 13
    endloop
  endfacet
  facet normal 0 0 -1
    outer loop
      vertex 3.4383222260935264 2.498087322243011 13
      vertex 17.798373876248846 12.931275550434409 13
      vertex 3.533745852285817 2.361173490333309 13
    endloop
  endfacet
  facet normal 0 0 -1
    outer loop
      vertex 3.337596956243166 2.6311492845667943 13
      vertex 17.27697247937639 13.620066884816348 13
      vertex 3.4383222260935264 2.498087322243011 13
    endloop
  endfacet
  facet normal 0 0 -1
    outer loop
      vertex 3.1208706651016636 2.8849031685150024 13
      vertex 16.15509520758508 14.93361640172472 13
      vertex 3.2317253538001314 2.7601542054032806 13
    endloop
  endfacet
  facet normal 0 0 -1
    outer loop
      vertex 3.9264880131729685 1.6264045875516315 13
      vertex 20.325349715248308 8.419035512031975 13
      vertex 3.9873131776705577 1.470997492579345 13
    endloop
  endfacet
  facet normal 0 0 -1
    outer loop
      vertex 13.363597763401176 2.202967528307057 13
      vertex 3.9873131776705577 1.470997492579345 13
      vertex 20.325349715248308 8.419035512031975 13
    endloop
  endfacet
  facet normal 0 0 -1
    outer loop
      vertex 3.9264880131729685 1.6264045875516315 13
      vertex 19.979149824151786 9.210514225823418 13
      vertex 20.325349715248308 8.419035512031975 13
    endloop
  endfacet
  facet normal 0 0 -1
    outer loop
      vertex 3.8596084887565953 1.7793038845340694 13
      vertex 19.602143532144094 9.98779099427003 13
      vertex 19.979149824151786 9.210514225823418 13
    endloop
  endfacet
  facet normal 0 0 -1
    outer loop
      vertex 1.6264045875516315 3.9264880131729685 13
      vertex 14.28785706326404 16.72893124320068 13
      vertex 14.93361640172472 16.15509520758508 13
    endloop
  endfacet
  facet normal 0 0 -1
    outer loop
      vertex 2.2206189000427825 3.623720698504892 13
      vertex 14.93361640172472 16.15509520758508 13
      vertex 15.556349186104047 15.556349186104047 13
    endloop
  endfacet
  facet normal 0 0 -1
    outer loop
      vertex 2.8849031685150024 3.1208706651016636 13
      vertex 15.556349186104047 15.556349186104047 13
      vertex 16.15509520758508 14.93361640172472 13
    endloop
  endfacet
  facet normal 0 0 -1
    outer loop
      vertex 3.2317253538001314 2.7601542054032806 13
      vertex 16.15509520758508 14.93361640172472 13
      vertex 16.72893124320068 14.28785706326404 13
    endloop
  endfacet
  facet normal 0 0 -1
    outer loop
      vertex 3.337596956243166 2.6311492845667943 13
      vertex 16.72893124320068 14.28785706326404 13
      vertex 17.27697247937639 13.620066884816348 13
    endloop
  endfacet
  facet normal 0 0 -1
    outer loop
      vertex 3.4383222260935264 2.498087322243011 13
      vertex 17.27697247937639 13.620066884816348 13
      vertex 17.798373876248846 12.931275550434409 13
    endloop
  endfacet
  facet normal 0 0 -1
    outer loop
      vertex 3.708108030059388 2.0766402763620584 13
      vertex 18.75808361579003 11.494968423750873 13
      vertex 19.19491215560154 10.74966731293301 13
    endloop
  endfacet
  facet normal 0 0 -1
    outer loop
      vertex 3.623720698504892 2.2206189000427825 13
      vertex 18.292331470655995 12.222545126431248 13
      vertex 18.75808361579003 11.494968423750873 13
    endloop
  endfacet
  facet normal 0 0 -1
    outer loop
      vertex 3.533745852285817 2.361173490333309 13
      vertex 17.798373876248846 12.931275550434409 13
      vertex 18.292331470655995 12.222545126431248 13
    endloop
  endfacet
  facet normal 0 0 -1
    outer loop
      vertex 3.7867777278005637 1.929459623893074 13
      vertex 19.19491215560154 10.74966731293301 13
      vertex 19.602143532144094 9.98779099427003 13
    endloop
  endfacet
  facet normal 0 0 -1
    outer loop
      vertex 4.291987084354822 21.57727616887107 13
      vertex 2.355950792642235 17.2572818479295 13
      vertex 2.2812178968000927 17.348344144990552 13
    endloop
  endfacet
  facet normal 0 0 -1
    outer loop
      vertex 5.135798004829919 21.392138248748886 13
      vertex 2.557920493062277 16.967495694147846 13
      vertex 2.4944088369076356 17.066710699058806 13
    endloop
  endfacet
  facet normal 0 0 -1
    outer loop
      vertex 2.355950792642235 17.2572818479295 13
      vertex 5.135798004829919 21.392138248748886 13
      vertex 2.4270509831248424 17.16335575687742 13
    endloop
  endfacet
  facet normal 0 0 -1
    outer loop
      vertex 5.135798004829919 21.392138248748886 13
      vertex 2.4944088369076356 17.066710699058806 13
      vertex 2.4270509831248424 17.16335575687742 13
    endloop
  endfacet
  facet normal 0 0 -1
    outer loop
      vertex 2.557920493062277 16.967495694147846 13
      vertex 5.971689897031633 21.17401520198024 13
      vertex 2.6174880212183913 16.865863724490865 13
    endloop
  endfacet
  facet normal 0 0 -1
    outer loop
      vertex 0 22 13
      vertex 0.11777944727720582 18.39768710872217 13
      vertex 0 18.4 13
    endloop
  endfacet
  facet normal 0 0 -1
    outer loop
      vertex 0 22 13
      vertex 0.23537728718353484 18.390752001199385 13
      vertex 0.11777944727720582 18.39768710872217 13
    endloop
  endfacet
  facet normal 0 0 -1
    outer loop
      vertex 0 22 13
      vertex 0.35261219237351293 18.379205370864778 13
      vertex 0.23537728718353484 18.390752001199385 13
    endloop
  endfacet
  facet normal 0 0 -1
    outer loop
      vertex 0 22 13
      vertex 0.46930339512069263 18.363065021785413 13
      vertex 0.35261219237351293 18.379205370864778 13
    endloop
  endfacet
  facet normal 0 0 -1
    outer loop
      vertex 0.8637159466995095 21.983038797295904 13
      vertex 0.5852709660483848 18.34235584120969 13
      vertex 0.46930339512069263 18.363065021785413 13
    endloop
  endfacet
  facet normal 0 0 -1
    outer loop
      vertex 0.8637159466995095 21.983038797295904 13
      vertex 0.7003360915677161 18.31710976119303 13
      vertex 0.5852709660483848 18.34235584120969 13
    endloop
  endfacet
  facet normal 0 0 -1
    outer loop
      vertex 0.8637159466995095 21.983038797295904 13
      vertex 0.8143213495952228 18.28736570936094 13
      vertex 0.7003360915677161 18.31710976119303 13
    endloop
  endfacet
  facet normal 0 0 -1
    outer loop
      vertex 0.8637159466995095 21.983038797295904 13
      vertex 0.9270509831248421 18.25316954888546 13
      vertex 0.8143213495952228 18.28736570936094 13
    endloop
  endfacet
  facet normal 0 0 -1
    outer loop
      vertex 1.7261001060125887 21.932181342128814 13
      vertex 1.1480502970952693 18.17163859753386 13
      vertex 1.0383511712324789 18.214574007767453 13
    endloop
  endfacet
  facet normal 0 0 -1
    outer loop
      vertex 1.7261001060125887 21.932181342128814 13
      vertex 1.2559792126122842 18.124429521475243 13
      vertex 1.1480502970952693 18.17163859753386 13
    endloop
  endfacet
  facet normal 0 0 -1
    outer loop
      vertex 1.7261001060125887 21.932181342128814 13
      vertex 1.0383511712324789 18.214574007767453 13
      vertex 0.9270509831248421 18.25316954888546 13
    endloop
  endfacet
  facet normal 0 0 -1
    outer loop
      vertex 1.7261001060125887 21.932181342128814 13
      vertex 1.3619714992186405 18.073019572565105 13
      vertex 1.2559792126122842 18.124429521475243 13
    endloop
  endfacet
  facet normal 0 0 -1
    outer loop
      vertex 2.585822744072428 21.847506053008377 13
      vertex 1.4658637244908648 18.01748802121839 13
      vertex 1.3619714992186405 18.073019572565105 13
    endloop
  endfacet
  facet normal 0 0 -1
    outer loop
      vertex 2.585822744072428 21.847506053008377 13
      vertex 1.5674956941478464 17.95792049306228 13
      vertex 1.4658637244908648 18.01748802121839 13
    endloop
  endfacet
  facet normal 0 0 -1
    outer loop
      vertex 0 22 13
      vertex 0.8637159466995095 21.983038797295904 13
      vertex 0.46930339512069263 18.363065021785413 13
    endloop
  endfacet
  facet normal 0 0 -1
    outer loop
      vertex 0.8637159466995095 21.983038797295904 13
      vertex 1.7261001060125887 21.932181342128814 13
      vertex 0.9270509831248421 18.25316954888546 13
    endloop
  endfacet
  facet normal 0 0 -1
    outer loop
      vertex 2.585822744072428 21.847506053008377 13
      vertex 1.7633557568774194 17.827050983124842 13
      vertex 1.6667106990588065 17.894408836907637 13
    endloop
  endfacet
  facet normal 0 0 -1
    outer loop
      vertex 2.585822744072428 21.847506053008377 13
      vertex 1.6667106990588065 17.894408836907637 13
      vertex 1.5674956941478464 17.95792049306228 13
    endloop
  endfacet
  facet normal 0 0 -1
    outer loop
      vertex 3.441558230885079 21.72914349309303 13
      vertex 1.948344144990551 17.681217896800092 13
      vertex 1.857281847929502 17.755950792642235 13
    endloop
  endfacet
  facet normal 0 0 -1
    outer loop
      vertex 3.441558230885079 21.72914349309303 13
      vertex 1.857281847929502 17.755950792642235 13
      vertex 1.7633557568774194 17.827050983124842 13
    endloop
  endfacet
  facet normal 0 0 -1
    outer loop
      vertex 3.441558230885079 21.72914349309303 13
      vertex 2.0364022365988252 17.602967528307058 13
      vertex 1.948344144990551 17.681217896800092 13
    endloop
  endfacet
  facet normal 0 0 -1
    outer loop
      vertex 1.7261001060125887 21.932181342128814 13
      vertex 2.585822744072428 21.847506053008377 13
      vertex 1.3619714992186405 18.073019572565105 13
    endloop
  endfacet
  facet normal 0 0 -1
    outer loop
      vertex 2.585822744072428 21.847506053008377 13
      vertex 3.441558230885079 21.72914349309303 13
      vertex 1.7633557568774194 17.827050983124842 13
    endloop
  endfacet
  facet normal 0 0 -1
    outer loop
      vertex 4.291987084354822 21.57727616887107 13
      vertex 2.202967528307057 17.436402236598827 13
      vertex 2.121320343559643 17.521320343559644 13
    endloop
  endfacet
  facet normal 0 0 -1
    outer loop
      vertex 4.291987084354822 21.57727616887107 13
      vertex 2.2812178968000927 17.348344144990552 13
      vertex 2.202967528307057 17.436402236598827 13
    endloop
  endfacet
  facet normal 0 0 -1
    outer loop
      vertex 2.0364022365988252 17.602967528307058 13
      vertex 4.291987084354822 21.57727616887107 13
      vertex 2.121320343559643 17.521320343559644 13
    endloop
  endfacet
  facet normal 0 0 -1
    outer loop
      vertex 3.441558230885079 21.72914349309303 13
      vertex 4.291987084354822 21.57727616887107 13
      vertex 2.0364022365988252 17.602967528307058 13
    endloop
  endfacet
  facet normal 0 0 -1
    outer loop
      vertex 12.222545126431248 18.292331470655995 13
      vertex 2.2812178968000927 13.451655855009449 13
      vertex 2.355950792642235 13.5427181520705 13
    endloop
  endfacet
  facet normal 0 0 -1
    outer loop
      vertex 11.494968423750873 18.75808361579003 13
      vertex 2.4944088369076356 13.733289300941195 13
      vertex 2.557920493062277 13.832504305852154 13
    endloop
  endfacet
  facet normal 0 0 -1
    outer loop
      vertex 10.74966731293301 19.19491215560154 13
      vertex 2.673019572565104 14.03802850078136 13
      vertex 2.7244295214752436 14.144020787387717 13
    endloop
  endfacet
  facet normal 0 0 -1
    outer loop
      vertex 11.494968423750873 18.75808361579003 13
      vertex 2.557920493062277 13.832504305852154 13
      vertex 2.6174880212183913 13.934136275509136 13
    endloop
  endfacet
  facet normal 0 0 -1
    outer loop
      vertex 2.673019572565104 14.03802850078136 13
      vertex 11.494968423750873 18.75808361579003 13
      vertex 2.6174880212183913 13.934136275509136 13
    endloop
  endfacet
  facet normal 0 0 -1
    outer loop
      vertex 10.74966731293301 19.19491215560154 13
      vertex 2.7244295214752436 14.144020787387717 13
      vertex 2.77163859753386 14.251949702904732 13
    endloop
  endfacet
  facet normal 0 0 -1
    outer loop
      vertex 2.8145740077674524 14.361648828767521 13
      vertex 10.74966731293301 19.19491215560154 13
      vertex 2.77163859753386 14.251949702904732 13
    endloop
  endfacet
  facet normal 0 0 -1
    outer loop
      vertex 8.419035512031975 20.325349715248308 13
      vertex 2.9792053708647788 15.047387807626487 13
      vertex 2.990752001199384 15.164622712816465 13
    endloop
  endfacet
  facet normal 0 0 -1
    outer loop
      vertex 9.210514225823418 19.979149824151786 13
      vertex 2.9171097611930294 14.699663908432285 13
      vertex 2.9423558412096913 14.814729033951615 13
    endloop
  endfacet
  facet normal 0 0 -1
    outer loop
      vertex 9.210514225823418 19.979149824151786 13
      vertex 2.9423558412096913 14.814729033951615 13
      vertex 2.9630650217854133 14.930696604879309 13
    endloop
  endfacet
  facet normal 0 0 -1
    outer loop
      vertex 2.9792053708647788 15.047387807626487 13
      vertex 9.210514225823418 19.979149824151786 13
      vertex 2.9630650217854133 14.930696604879309 13
    endloop
  endfacet
  facet normal 0 0 -1
    outer loop
      vertex 9.98779099427003 19.602143532144094 13
      vertex 2.8145740077674524 14.361648828767521 13
      vertex 2.8531695488854605 14.472949016875159 13
    endloop
  endfacet
  facet normal 0 0 -1
    outer loop
      vertex 9.98779099427003 19.602143532144094 13
      vertex 2.8531695488854605 14.472949016875159 13
      vertex 2.887365709360942 14.585678650404777 13
    endloop
  endfacet
  facet normal 0 0 -1
    outer loop
      vertex 2.9171097611930294 14.699663908432285 13
      vertex 9.98779099427003 19.602143532144094 13
      vertex 2.887365709360942 14.585678650404777 13
    endloop
  endfacet
  facet normal 0 0 -1
    outer loop
      vertex 6.798373876248843 20.923243358493377 13
      vertex 2.9171097611930294 16.100336091567716 13
      vertex 2.887365709360942 16.214321349595224 13
    endloop
  endfacet
  facet normal 0 0 -1
    outer loop
      vertex 7.614575255704845 20.64020939029465 13
      vertex 2.9976871087221686 15.517779447277206 13
      vertex 2.990752001199384 15.635377287183536 13
    endloop
  endfacet
  facet normal 0 0 -1
    outer loop
      vertex 7.614575255704845 20.64020939029465 13
      vertex 2.990752001199384 15.635377287183536 13
      vertex 2.9792053708647788 15.752612192373514 13
    endloop
  endfacet
  facet normal 0 0 -1
    outer loop
      vertex 2.9630650217854133 15.869303395120692 13
      vertex 7.614575255704845 20.64020939029465 13
      vertex 2.9792053708647788 15.752612192373514 13
    endloop
  endfacet
  facet normal 0 0 -1
    outer loop
      vertex 2.9423558412096913 15.985270966048386 13
      vertex 7.614575255704845 20.64020939029465 13
      vertex 2.9630650217854133 15.869303395120692 13
    endloop
  endfacet
  facet normal 0 0 -1
    outer loop
      vertex 2.9171097611930294 16.100336091567716 13
      vertex 7.614575255704845 20.64020939029465 13
      vertex 2.9423558412096913 15.985270966048386 13
    endloop
  endfacet
  facet normal 0 0 -1
    outer loop
      vertex 5.971689897031633 21.17401520198024 13
      vertex 2.77163859753386 16.54805029709527 13
      vertex 2.7244295214752436 16.655979212612284 13
    endloop
  endfacet
  facet normal 0 0 -1
    outer loop
      vertex 5.971689897031633 21.17401520198024 13
      vertex 2.673019572565104 16.761971499218642 13
      vertex 2.6174880212183913 16.865863724490865 13
    endloop
  endfacet
  facet normal 0 0 -1
    outer loop
      vertex 5.971689897031633 21.17401520198024 13
      vertex 2.7244295214752436 16.655979212612284 13
      vertex 2.673019572565104 16.761971499218642 13
    endloop
  endfacet
  facet normal 0 0 -1
    outer loop
      vertex 6.798373876248843 20.923243358493377 13
      vertex 2.8531695488854605 16.327050983124842 13
      vertex 2.8145740077674524 16.43835117123248 13
    endloop
  endfacet
  facet normal 0 0 -1
    outer loop
      vertex 6.798373876248843 20.923243358493377 13
      vertex 2.887365709360942 16.214321349595224 13
      vertex 2.8531695488854605 16.327050983124842 13
    endloop
  endfacet
  facet normal 0 0 -1
    outer loop
      vertex 6.798373876248843 20.923243358493377 13
      vertex 2.8145740077674524 16.43835117123248 13
      vertex 2.77163859753386 16.54805029709527 13
    endloop
  endfacet
  facet normal 0 0 -1
    outer loop
      vertex 8.419035512031975 20.325349715248308 13
      vertex 2.990752001199384 15.164622712816465 13
      vertex 2.9976871087221686 15.282220552722794 13
    endloop
  endfacet
  facet normal 0 0 -1
    outer loop
      vertex 3 15.4 13
      vertex 8.419035512031975 20.325349715248308 13
      vertex 2.9976871087221686 15.282220552722794 13
    endloop
  endfacet
  facet normal 0 0 -1
    outer loop
      vertex 2.9976871087221686 15.517779447277206 13
      vertex 8.419035512031975 20.325349715248308 13
      vertex 3 15.4 13
    endloop
  endfacet
  facet normal 0 0 -1
    outer loop
      vertex 12.222545126431248 18.292331470655995 13
      vertex 2.355950792642235 13.5427181520705 13
      vertex 2.4270509831248424 13.63664424312258 13
    endloop
  endfacet
  facet normal 0 0 -1
    outer loop
      vertex 2.4944088369076356 13.733289300941195 13
      vertex 12.222545126431248 18.292331470655995 13
      vertex 2.4270509831248424 13.63664424312258 13
    endloop
  endfacet
  facet normal 0 0 -1
    outer loop
      vertex 8.419035512031975 20.325349715248308 13
      vertex 9.210514225823418 19.979149824151786 13
      vertex 2.9792053708647788 15.047387807626487 13
    endloop
  endfacet
  facet normal 0 0 -1
    outer loop
      vertex 9.210514225823418 19.979149824151786 13
      vertex 9.98779099427003 19.602143532144094 13
      vertex 2.9171097611930294 14.699663908432285 13
    endloop
  endfacet
  facet normal 0 0 -1
    outer loop
      vertex 4.291987084354822 21.57727616887107 13
      vertex 5.135798004829919 21.392138248748886 13
      vertex 2.355950792642235 17.2572818479295 13
    endloop
  endfacet
  facet normal 0 0 -1
    outer loop
      vertex 5.135798004829919 21.392138248748886 13
      vertex 5.971689897031633 21.17401520198024 13
      vertex 2.557920493062277 16.967495694147846 13
    endloop
  endfacet
  facet normal 0 0 -1
    outer loop
      vertex 5.971689897031633 21.17401520198024 13
      vertex 6.798373876248843 20.923243358493377 13
      vertex 2.77163859753386 16.54805029709527 13
    endloop
  endfacet
  facet normal 0 0 -1
    outer loop
      vertex 6.798373876248843 20.923243358493377 13
      vertex 7.614575255704845 20.64020939029465 13
      vertex 2.9171097611930294 16.100336091567716 13
    endloop
  endfacet
  facet normal 0 0 -1
    outer loop
      vertex 7.614575255704845 20.64020939029465 13
      vertex 8.419035512031975 20.325349715248308 13
      vertex 2.9976871087221686 15.517779447277206 13
    endloop
  endfacet
  facet normal 0 0 -1
    outer loop
      vertex 12.222545126431248 18.292331470655995 13
      vertex 12.931275550434409 17.798373876248846 13
      vertex 2.2812178968000927 13.451655855009449 13
    endloop
  endfacet
  facet normal 0 0 -1
    outer loop
      vertex 9.98779099427003 19.602143532144094 13
      vertex 10.74966731293301 19.19491215560154 13
      vertex 2.8145740077674524 14.361648828767521 13
    endloop
  endfacet
  facet normal 0 0 -1
    outer loop
      vertex 10.74966731293301 19.19491215560154 13
      vertex 11.494968423750873 18.75808361579003 13
      vertex 2.673019572565104 14.03802850078136 13
    endloop
  endfacet
  facet normal 0 0 -1
    outer loop
      vertex 11.494968423750873 18.75808361579003 13
      vertex 12.222545126431248 18.292331470655995 13
      vertex 2.4944088369076356 13.733289300941195 13
    endloop
  endfacet
  facet normal 0 0 -1
    outer loop
      vertex 13.620066884816348 17.27697247937639 13
      vertex 14.28785706326404 16.72893124320068 13
      vertex 1.857281847929502 13.044049207357766 13
    endloop
  endfacet
  facet normal 0 0 -1
    outer loop
      vertex 12.931275550434409 17.798373876248846 13
      vertex 13.620066884816348 17.27697247937639 13
      vertex 2.121320343559643 13.278679656440357 13
    endloop
  endfacet
  facet normal 0 0 -1
    outer loop
      vertex 17.348344144990552 2.2812178968000927 13
      vertex 21.392138248748886 5.135798004829919 13
      vertex 17.436402236598827 2.202967528307057 13
    endloop
  endfacet
  facet normal 0 0 -1
    outer loop
      vertex 17.2572818479295 2.355950792642235 13
      vertex 21.392138248748886 5.135798004829919 13
      vertex 17.348344144990552 2.2812178968000927 13
    endloop
  endfacet
  facet normal 0 0 -1
    outer loop
      vertex 16.865863724490865 2.6174880212183913 13
      vertex 21.17401520198024 5.971689897031633 13
      vertex 16.967495694147846 2.557920493062277 13
    endloop
  endfacet
  facet normal 0 0 -1
    outer loop
      vertex 17.066710699058806 2.4944088369076356 13
      vertex 21.17401520198024 5.971689897031633 13
      vertex 17.16335575687742 2.4270509831248424 13
    endloop
  endfacet
  facet normal 0 0 -1
    outer loop
      vertex 16.967495694147846 2.557920493062277 13
      vertex 21.17401520198024 5.971689897031633 13
      vertex 17.066710699058806 2.4944088369076356 13
    endloop
  endfacet
  facet normal 0 0 -1
    outer loop
      vertex 21.17401520198024 5.971689897031633 13
      vertex 17.2572818479295 2.355950792642235 13
      vertex 17.16335575687742 2.4270509831248424 13
    endloop
  endfacet
  facet normal 0 0 -1
    outer loop
      vertex 13.363597763401176 2.202967528307057 13
      vertex 20.325349715248308 8.419035512031975 13
      vertex 13.451655855009449 2.2812178968000927 13
    endloop
  endfacet
  facet normal 0 0 -1
    outer loop
      vertex 13.451655855009449 2.2812178968000927 13
      vertex 20.325349715248308 8.419035512031975 13
      vertex 13.5427181520705 2.355950792642235 13
    endloop
  endfacet
  facet normal 0 0 -1
    outer loop
      vertex 13.5427181520705 2.355950792642235 13
      vertex 20.325349715248308 8.419035512031975 13
      vertex 13.63664424312258 2.4270509831248424 13
    endloop
  endfacet
  facet normal 0 0 -1
    outer loop
      vertex 13.63664424312258 2.4270509831248424 13
      vertex 20.325349715248308 8.419035512031975 13
      vertex 13.733289300941195 2.4944088369076356 13
    endloop
  endfacet
  facet normal 0 0 -1
    outer loop
      vertex 13.733289300941195 2.4944088369076356 13
      vertex 20.325349715248308 8.419035512031975 13
      vertex 13.832504305852154 2.557920493062277 13
    endloop
  endfacet
  facet normal 0 0 -1
    outer loop
      vertex 13.832504305852154 2.557920493062277 13
      vertex 20.325349715248308 8.419035512031975 13
      vertex 13.934136275509136 2.6174880212183913 13
    endloop
  endfacet
  facet normal 0 0 -1
    outer loop
      vertex 13.934136275509136 2.6174880212183913 13
      vertex 20.325349715248308 8.419035512031975 13
      vertex 14.03802850078136 2.673019572565104 13
    endloop
  endfacet
  facet normal 0 0 -1
    outer loop
      vertex 14.03802850078136 2.673019572565104 13
      vertex 20.325349715248308 8.419035512031975 13
      vertex 14.144020787387717 2.7244295214752436 13
    endloop
  endfacet
  facet normal 0 0 -1
    outer loop
      vertex 14.144020787387717 2.7244295214752436 13
      vertex 20.325349715248308 8.419035512031975 13
      vertex 14.251949702904732 2.77163859753386 13
    endloop
  endfacet
  facet normal 0 0 -1
    outer loop
      vertex 14.251949702904732 2.77163859753386 13
      vertex 20.325349715248308 8.419035512031975 13
      vertex 14.361648828767521 2.8145740077674524 13
    endloop
  endfacet
  facet normal 0 0 -1
    outer loop
      vertex 14.361648828767521 2.8145740077674524 13
      vertex 20.325349715248308 8.419035512031975 13
      vertex 14.472949016875159 2.8531695488854605 13
    endloop
  endfacet
  facet normal 0 0 -1
    outer loop
      vertex 14.472949016875159 2.8531695488854605 13
      vertex 20.325349715248308 8.419035512031975 13
      vertex 14.585678650404777 2.887365709360942 13
    endloop
  endfacet
  facet normal 0 0 -1
    outer loop
      vertex 14.585678650404777 2.887365709360942 13
      vertex 20.325349715248308 8.419035512031975 13
      vertex 14.699663908432285 2.9171097611930294 13
    endloop
  endfacet
  facet normal 0 0 -1
    outer loop
      vertex 14.699663908432285 2.9171097611930294 13
      vertex 20.325349715248308 8.419035512031975 13
      vertex 14.814729033951615 2.9423558412096913 13
    endloop
  endfacet
  facet normal 0 0 -1
    outer loop
      vertex 14.814729033951615 2.9423558412096913 13
      vertex 20.325349715248308 8.419035512031975 13
      vertex 14.930696604879309 2.9630650217854133 13
    endloop
  endfacet
  facet normal 0 0 -1
    outer loop
      vertex 14.930696604879309 2.9630650217854133 13
      vertex 20.325349715248308 8.419035512031975 13
      vertex 15.047387807626487 2.9792053708647788 13
    endloop
  endfacet
  facet normal 0 0 -1
    outer loop
      vertex 15.047387807626487 2.9792053708647788 13
      vertex 20.325349715248308 8.419035512031975 13
      vertex 15.164622712816465 2.990752001199384 13
    endloop
  endfacet
  facet normal 0 0 -1
    outer loop
      vertex 16.327050983124842 2.8531695488854605 13
      vertex 20.64020939029465 7.614575255704845 13
      vertex 16.43835117123248 2.8145740077674524 13
    endloop
  endfacet
  facet normal 0 0 -1
    outer loop
      vertex 16.214321349595224 2.887365709360942 13
      vertex 20.64020939029465 7.614575255704845 13
      vertex 16.327050983124842 2.8531695488854605 13
    endloop
  endfacet
  facet normal 0 0 -1
    outer loop
      vertex 15.164622712816465 2.990752001199384 13
      vertex 20.325349715248308 8.419035512031975 13
      vertex 15.282220552722794 2.9976871087221686 13
    endloop
  endfacet
  facet normal 0 0 -1
    outer loop
      vertex 15.4 3 13
      vertex 20.325349715248308 8.419035512031975 13
      vertex 15.517779447277206 2.9976871087221686 13
    endloop
  endfacet
  facet normal 0 0 -1
    outer loop
      vertex 15.282220552722794 2.9976871087221686 13
      vertex 20.325349715248308 8.419035512031975 13
      vertex 15.4 3 13
    endloop
  endfacet
  facet normal 0 0 -1
    outer loop
      vertex 15.517779447277206 2.9976871087221686 13
      vertex 20.325349715248308 8.419035512031975 13
      vertex 15.635377287183536 2.990752001199384 13
    endloop
  endfacet
  facet normal 0 0 -1
    outer loop
      vertex 15.752612192373514 2.9792053708647788 13
      vertex 20.325349715248308 8.419035512031975 13
      vertex 15.869303395120692 2.9630650217854133 13
    endloop
  endfacet
  facet normal 0 0 -1
    outer loop
      vertex 15.635377287183536 2.990752001199384 13
      vertex 20.325349715248308 8.419035512031975 13
      vertex 15.752612192373514 2.9792053708647788 13
    endloop
  endfacet
  facet normal 0 0 -1
    outer loop
      vertex 15.869303395120692 2.9630650217854133 13
      vertex 20.325349715248308 8.419035512031975 13
      vertex 15.985270966048386 2.9423558412096913 13
    endloop
  endfacet
  facet normal 0 0 -1
    outer loop
      vertex 16.100336091567716 2.9171097611930294 13
      vertex 20.325349715248308 8.419035512031975 13
      vertex 16.214321349595224 2.887365709360942 13
    endloop
  endfacet
  facet normal 0 0 -1
    outer loop
      vertex 15.985270966048386 2.9423558412096913 13
      vertex 20.325349715248308 8.419035512031975 13
      vertex 16.100336091567716 2.9171097611930294 13
    endloop
  endfacet
  facet normal 0 0 -1
    outer loop
      vertex 16.54805029709527 2.77163859753386 13
      vertex 20.923243358493377 6.798373876248843 13
      vertex 16.655979212612284 2.7244295214752436 13
    endloop
  endfacet
  facet normal 0 0 -1
    outer loop
      vertex 16.655979212612284 2.7244295214752436 13
      vertex 20.923243358493377 6.798373876248843 13
      vertex 16.761971499218642 2.673019572565104 13
    endloop
  endfacet
  facet normal 0 0 -1
    outer loop
      vertex 20.923243358493377 6.798373876248843 13
      vertex 16.865863724490865 2.6174880212183913 13
      vertex 16.761971499218642 2.673019572565104 13
    endloop
  endfacet
  facet normal 0 0 -1
    outer loop
      vertex 20.64020939029465 7.614575255704845 13
      vertex 16.54805029709527 2.77163859753386 13
      vertex 16.43835117123248 2.8145740077674524 13
    endloop
  endfacet
  facet normal 0 0 -1
    outer loop
      vertex 21.983038797295904 0.8637159466995095 13
      vertex 18.4 0 13
      vertex 18.39768710872217 0.11777944727720582 13
    endloop
  endfacet
  facet normal 0 0 -1
    outer loop
      vertex 18.390752001199385 0.23537728718353484 13
      vertex 21.983038797295904 0.8637159466995095 13
      vertex 18.39768710872217 0.11777944727720582 13
    endloop
  endfacet
  facet normal 0 0 -1
    outer loop
      vertex 18.379205370864778 0.35261219237351293 13
      vertex 21.983038797295904 0.8637159466995095 13
      vertex 18.390752001199385 0.23537728718353484 13
    endloop
  endfacet
  facet normal 0 0 -1
    outer loop
      vertex 18.363065021785413 0.46930339512069263 13
      vertex 21.983038797295904 0.8637159466995095 13
      vertex 18.379205370864778 0.35261219237351293 13
    endloop
  endfacet
  facet normal 0 0 -1
    outer loop
      vertex 21.932181342128814 1.7261001060125887 13
      vertex 18.363065021785413 0.46930339512069263 13
      vertex 18.34235584120969 0.5852709660483848 13
    endloop
  endfacet
  facet normal 0 0 -1
    outer loop
      vertex 18.31710976119303 0.7003360915677161 13
      vertex 21.932181342128814 1.7261001060125887 13
      vertex 18.34235584120969 0.5852709660483848 13
    endloop
  endfacet
  facet normal 0 0 -1
    outer loop
      vertex 18.28736570936094 0.8143213495952228 13
      vertex 21.932181342128814 1.7261001060125887 13
      vertex 18.31710976119303 0.7003360915677161 13
    endloop
  endfacet
  facet normal 0 0 -1
    outer loop
      vertex 18.25316954888546 0.9270509831248421 13
      vertex 21.932181342128814 1.7261001060125887 13
      vertex 18.28736570936094 0.8143213495952228 13
    endloop
  endfacet
  facet normal 0 0 -1
    outer loop
      vertex 21.847506053008377 2.585822744072428 13
      vertex 18.25316954888546 0.9270509831248421 13
      vertex 18.214574007767453 1.0383511712324789 13
    endloop
  endfacet
  facet normal 0 0 -1
    outer loop
      vertex 18.17163859753386 1.1480502970952693 13
      vertex 21.847506053008377 2.585822744072428 13
      vertex 18.214574007767453 1.0383511712324789 13
    endloop
  endfacet
  facet normal 0 0 -1
    outer loop
      vertex 18.124429521475243 1.2559792126122842 13
      vertex 21.847506053008377 2.585822744072428 13
      vertex 18.17163859753386 1.1480502970952693 13
    endloop
  endfacet
  facet normal 0 0 -1
    outer loop
      vertex 18.073019572565105 1.3619714992186405 13
      vertex 21.847506053008377 2.585822744072428 13
      vertex 18.124429521475243 1.2559792126122842 13
    endloop
  endfacet
  facet normal 0 0 -1
    outer loop
      vertex 17.894408836907637 1.6667106990588065 13
      vertex 21.72914349309303 3.441558230885079 13
      vertex 17.95792049306228 1.5674956941478464 13
    endloop
  endfacet
  facet normal 0 0 -1
    outer loop
      vertex 17.827050983124842 1.7633557568774194 13
      vertex 21.72914349309303 3.441558230885079 13
      vertex 17.894408836907637 1.6667106990588065 13
    endloop
  endfacet
  facet normal 0 0 -1
    outer loop
      vertex 17.602967528307058 2.0364022365988252 13
      vertex 21.57727616887107 4.291987084354822 13
      vertex 17.681217896800092 1.948344144990551 13
    endloop
  endfacet
  facet normal 0 0 -1
    outer loop
      vertex 21.57727616887107 4.291987084354822 13
      vertex 17.827050983124842 1.7633557568774194 13
      vertex 17.755950792642235 1.857281847929502 13
    endloop
  endfacet
  facet normal 0 0 -1
    outer loop
      vertex 17.681217896800092 1.948344144990551 13
      vertex 21.57727616887107 4.291987084354822 13
      vertex 17.755950792642235 1.857281847929502 13
    endloop
  endfacet
  facet normal 0 0 -1
    outer loop
      vertex 21.72914349309303 3.441558230885079 13
      vertex 18.073019572565105 1.3619714992186405 13
      vertex 18.01748802121839 1.4658637244908648 13
    endloop
  endfacet
  facet normal 0 0 -1
    outer loop
      vertex 17.95792049306228 1.5674956941478464 13
      vertex 21.72914349309303 3.441558230885079 13
      vertex 18.01748802121839 1.4658637244908648 13
    endloop
  endfacet
  facet normal 0 0 -1
    outer loop
      vertex 17.521320343559644 2.121320343559643 13
      vertex 21.57727616887107 4.291987084354822 13
      vertex 17.602967528307058 2.0364022365988252 13
    endloop
  endfacet
  facet normal 0 0 -1
    outer loop
      vertex 21.392138248748886 5.135798004829919 13
      vertex 17.521320343559644 2.121320343559643 13
      vertex 17.436402236598827 2.202967528307057 13
    endloop
  endfacet
  facet normal 0 0 -1
    outer loop
      vertex 21.72914349309303 3.441558230885079 13
      vertex 21.847506053008377 2.585822744072428 13
      vertex 18.073019572565105 1.3619714992186405 13
    endloop
  endfacet
  facet normal 0 0 -1
    outer loop
      vertex 21.57727616887107 4.291987084354822 13
      vertex 21.72914349309303 3.441558230885079 13
      vertex 17.827050983124842 1.7633557568774194 13
    endloop
  endfacet
  facet normal 0 0 -1
    outer loop
      vertex 21.983038797295904 0.8637159466995095 13
      vertex 22 0 13
      vertex 18.4 0 13
    endloop
  endfacet
  facet normal 0 0 -1
    outer loop
      vertex 21.932181342128814 1.7261001060125887 13
      vertex 21.983038797295904 0.8637159466995095 13
      vertex 18.363065021785413 0.46930339512069263 13
    endloop
  endfacet
  facet normal 0 0 -1
    outer loop
      vertex 21.847506053008377 2.585822744072428 13
      vertex 21.932181342128814 1.7261001060125887 13
      vertex 18.25316954888546 0.9270509831248421 13
    endloop
  endfacet
  facet normal 0 0 -1
    outer loop
      vertex 20.923243358493377 6.798373876248843 13
      vertex 21.17401520198024 5.971689897031633 13
      vertex 16.865863724490865 2.6174880212183913 13
    endloop
  endfacet
  facet normal 0 0 -1
    outer loop
      vertex 21.17401520198024 5.971689897031633 13
      vertex 21.392138248748886 5.135798004829919 13
      vertex 17.2572818479295 2.355950792642235 13
    endloop
  endfacet
  facet normal 0 0 -1
    outer loop
      vertex 21.392138248748886 5.135798004829919 13
      vertex 21.57727616887107 4.291987084354822 13
      vertex 17.521320343559644 2.121320343559643 13
    endloop
  endfacet
  facet normal 0 0 -1
    outer loop
      vertex 20.325349715248308 8.419035512031975 13
      vertex 20.64020939029465 7.614575255704845 13
      vertex 16.214321349595224 2.887365709360942 13
    endloop
  endfacet
  facet normal 0 0 -1
    outer loop
      vertex 20.64020939029465 7.614575255704845 13
      vertex 20.923243358493377 6.798373876248843 13
      vertex 16.54805029709527 2.77163859753386 13
    endloop
  endfacet
  facet normal -1 0 0
    outer loop
      vertex 0 12.4 13
      vertex 0 4.25 13
      vertex 0 12.4 16
    endloop
  endfacet
  facet normal 0 -1 0
    outer loop
      vertex 12.4 0 16
      vertex 4.25 0 13
      vertex 12.4 0 13
    endloop
  endfacet
  facet normal -1 0 0
    outer loop
      vertex 0 22 13
      vertex 0 18.4 13
      vertex 0 22 16
    endloop
  endfacet
  facet normal 0 -1 0
    outer loop
      vertex 22 0 13
      vertex 18.4 0 16
      vertex 18.4 0 13
    endloop
  endfacet
  facet normal 0 0 -1
    outer loop
      vertex 1.8844711564352932 47.9629937395547 13
      vertex 0 48 13
      vertex 0 60 13
    endloop
  endfacet
  facet normal 0 0 -1
    outer loop
      vertex 3.7660365949365575 47.85203201919014 13
      vertex 1.8844711564352932 47.9629937395547 13
      vertex 0 60 13
    endloop
  endfacet
  facet normal 0 0 -1
    outer loop
      vertex 5.641795077976207 47.66728593383646 13
      vertex 3.7660365949365575 47.85203201919014 13
      vertex 0 60 13
    endloop
  endfacet
  facet normal 0 0 -1
    outer loop
      vertex 7.508854321931082 47.40904034856661 13
      vertex 5.641795077976207 47.66728593383646 13
      vertex 0 60 13
    endloop
  endfacet
  facet normal 0 0 -1
    outer loop
      vertex 9.364335456774157 47.07769345935506 13
      vertex 7.508854321931082 47.40904034856661 13
      vertex 0 60 13
    endloop
  endfacet
  facet normal 0 0 -1
    outer loop
      vertex 11.205377465083458 46.67375617908847 13
      vertex 9.364335456774157 47.07769345935506 13
      vertex 0 60 13
    endloop
  endfacet
  facet normal 0 0 -1
    outer loop
      vertex 14.832815729997474 45.65071278216737 13
      vertex 13.029141593523565 46.19785134977507 13
      vertex 0 60 13
    endloop
  endfacet
  facet normal 0 0 -1
    outer loop
      vertex 13.029141593523565 46.19785134977507 13
      vertex 11.205377465083458 46.67375617908847 13
      vertex 0 60 13
    endloop
  endfacet
  facet normal 0 0 -1
    outer loop
      vertex 16.613618739719662 45.03318412427924 13
      vertex 14.832815729997474 45.65071278216737 13
      vertex 0 60 13
    endloop
  endfacet
  facet normal 0 0 -1
    outer loop
      vertex 18.36880475352431 44.34621756054176 13
      vertex 16.613618739719662 45.03318412427924 13
      vertex 0 60 13
    endloop
  endfacet
  facet normal 0 0 -1
    outer loop
      vertex 20.095667401796547 43.5908723436039 13
      vertex 18.36880475352431 44.34621756054176 13
      vertex 0 60 13
    endloop
  endfacet
  facet normal 0 0 -1
    outer loop
      vertex 22.166548843156658 43.20804183866554 13
      vertex 20.095667401796547 43.5908723436039 13
      vertex 0 60 13
    endloop
  endfacet
  facet normal 0 0 -1
    outer loop
      vertex 22.166548843156658 43.20804183866554 13
      vertex 0 60 13
      vertex 22.33314578302396 43.21786657432281 13
    endloop
  endfacet
  facet normal 0 0 -1
    outer loop
      vertex 22.33314578302396 43.21786657432281 13
      vertex 0 60 13
      vertex 22.5 43.22114317029974 13
    endloop
  endfacet
  facet normal 0 0 -1
    outer loop
      vertex 21.346378088073436 43.06157792522774 13
      vertex 21.24827354635736 43.03181823785135 13
      vertex 20.095667401796547 43.5908723436039 13
    endloop
  endfacet
  facet normal 0 0 -1
    outer loop
      vertex 21.346378088073436 43.06157792522774 13
      vertex 20.095667401796547 43.5908723436039 13
      vertex 21.507857203612403 43.10371533198987 13
    endloop
  endfacet
  facet normal 0 0 -1
    outer loop
      vertex 21.507857203612403 43.10371533198987 13
      vertex 20.095667401796547 43.5908723436039 13
      vertex 21.670866131431456 43.13948061201347 13
    endloop
  endfacet
  facet normal 0 0 -1
    outer loop
      vertex 21.670866131431456 43.13948061201347 13
      vertex 20.095667401796547 43.5908723436039 13
      vertex 21.83515352357902 43.168818617829075 13
    endloop
  endfacet
  facet normal 0 0 -1
    outer loop
      vertex 21.83515352357902 43.168818617829075 13
      vertex 20.095667401796547 43.5908723436039 13
      vertex 22.00046606080419 43.191684112358175 13
    endloop
  endfacet
  facet normal 0 0 -1
    outer loop
      vertex 22.00046606080419 43.191684112358175 13
      vertex 20.095667401796547 43.5908723436039 13
      vertex 22.166548843156658 43.20804183866554 13
    endloop
  endfacet
  facet normal 0 0 -1
    outer loop
      vertex 26.632572161690124 39.96328596668734 13
      vertex 26.667371184940905 39.91054139052217 13
      vertex 26.640349440523813 39.927839134363005 13
    endloop
  endfacet
  facet normal 0 0 -1
    outer loop
      vertex 26.632572161690124 39.96328596668734 13
      vertex 28.21369211003871 38.83281572999748 13
      vertex 26.667371184940905 39.91054139052217 13
    endloop
  endfacet
  facet normal 0 0 -1
    outer loop
      vertex 26.590434754928 40.124765082226304 13
      vertex 28.21369211003871 38.83281572999748 13
      vertex 26.632572161690124 39.96328596668734 13
    endloop
  endfacet
  facet normal 0 0 -1
    outer loop
      vertex 26.541990194254403 40.284465396393266 13
      vertex 28.21369211003871 38.83281572999748 13
      vertex 26.590434754928 40.124765082226304 13
    endloop
  endfacet
  facet normal 0 0 -1
    outer loop
      vertex 23.329133868568544 43.13948061201347 13
      vertex 0 60 13
      vertex 23.492142796387597 43.10371533198987 13
    endloop
  endfacet
  facet normal 0 0 -1
    outer loop
      vertex 23.492142796387597 43.10371533198987 13
      vertex 0 60 13
      vertex 23.653621911926564 43.06157792522774 13
    endloop
  endfacet
  facet normal 0 0 -1
    outer loop
      vertex 23.813322226093526 43.01313336455414 13
      vertex 0 60 13
      vertex 23.970997492579343 42.9584563479703 13
    endloop
  endfacet
  facet normal 0 0 -1
    outer loop
      vertex 23.653621911926564 43.06157792522774 13
      vertex 0 60 13
      vertex 23.813322226093526 43.01313336455414 13
    endloop
  endfacet
  facet normal 0 0 -1
    outer loop
      vertex 23.970997492579343 42.9584563479703 13
      vertex 0 60 13
      vertex 24.126404587551633 42.89763118347271 13
    endloop
  endfacet
  facet normal 0 0 -1
    outer loop
      vertex 24.126404587551633 42.89763118347271 13
      vertex 0 60 13
      vertex 24.27930388453407 42.83075165905633 13
    endloop
  endfacet
  facet normal 0 0 -1
    outer loop
      vertex 24.429459623893074 42.7579208981003 13
      vertex 0 60 13
      vertex 24.57664027636206 42.679251200359126 13
    endloop
  endfacet
  facet normal 0 0 -1
    outer loop
      vertex 24.27930388453407 42.83075165905633 13
      vertex 0 60 13
      vertex 24.429459623893074 42.7579208981003 13
    endloop
  endfacet
  facet normal 0 0 -1
    outer loop
      vertex 24.57664027636206 42.679251200359126 13
      vertex 0 60 13
      vertex 24.720618900042783 42.59486386880463 13
    endloop
  endfacet
  facet normal 0 0 -1
    outer loop
      vertex 24.861173490333307 42.50488902258556 13
      vertex 0 60 13
      vertex 24.99808732224301 42.409465396393266 13
    endloop
  endfacet
  facet normal 0 0 -1
    outer loop
      vertex 24.720618900042783 42.59486386880463 13
      vertex 0 60 13
      vertex 24.861173490333307 42.50488902258556 13
    endloop
  endfacet
  facet normal 0 0 -1
    outer loop
      vertex 22.5 43.22114317029974 13
      vertex 0 60 13
      vertex 22.66685421697604 43.21786657432281 13
    endloop
  endfacet
  facet normal 0 0 -1
    outer loop
      vertex 22.66685421697604 43.21786657432281 13
      vertex 0 60 13
      vertex 22.833451156843342 43.20804183866554 13
    endloop
  endfacet
  facet normal 0 0 -1
    outer loop
      vertex 22.833451156843342 43.20804183866554 13
      vertex 0 60 13
      vertex 22.99953393919581 43.191684112358175 13
    endloop
  endfacet
  facet normal 0 0 -1
    outer loop
      vertex 22.99953393919581 43.191684112358175 13
      vertex 0 60 13
      vertex 23.16484647642098 43.168818617829075 13
    endloop
  endfacet
  facet normal 0 0 -1
    outer loop
      vertex 23.16484647642098 43.168818617829075 13
      vertex 0 60 13
      vertex 23.329133868568544 43.13948061201347 13
    endloop
  endfacet
  facet normal 0 0 -1
    outer loop
      vertex 11.705419324338436 58.8471168205142 13
      vertex 42.42640686780214 42.42640686780214 13
      vertex 0 60 13
    endloop
  endfacet
  facet normal 0 0 -1
    outer loop
      vertex 24.99808732224301 42.409465396393266 13
      vertex 0 60 13
      vertex 49.88817673913757 33.33421397963764 13
    endloop
  endfacet
  facet normal 0 0 -1
    outer loop
      vertex 11.705419324338436 58.8471168205142 13
      vertex 33.3342139793792 49.888176739303006 13
      vertex 42.42640686780214 42.42640686780214 13
    endloop
  endfacet
  facet normal 0 0 -1
    outer loop
      vertex 11.705419324338436 58.8471168205142 13
      vertex 22.961005941033363 55.43277195096016 13
      vertex 33.3342139793792 49.888176739303006 13
    endloop
  endfacet
  facet normal -1 0 0
    outer loop
      vertex 0 48 16
      vertex 0 60 13
      vertex 0 48 13
    endloop
  endfacet
  facet normal 0.09801714061143936 0.9951847266444342 2.0451212335358537e-17
    outer loop
      vertex 11.705419324338436 58.8471168205142 13
      vertex 0 60 13
      vertex 0 60 16
    endloop
  endfacet
  facet normal 0.29028467704615735 0.9569403357953974 0
    outer loop
      vertex 11.705419324338436 58.8471168205142 13
      vertex 11.705419324338436 58.8471168205142 16
      vertex 22.961005941033363 55.43277195096016 13
    endloop
  endfacet
  facet normal 0.47139673680133487 0.8819212643615376 -7.86398910522474e-17
    outer loop
      vertex 22.961005941033363 55.43277195096016 13
      vertex 33.3342139793792 49.888176739303006 16
      vertex 33.3342139793792 49.888176739303006 13
    endloop
  endfacet
  facet normal 0 0 -1
    outer loop
      vertex 39.91054139052217 26.667371184940905 13
      vertex 38.83281572999748 28.21369211003871 13
      vertex 49.88817673913757 33.33421397963764 13
    endloop
  endfacet
  facet normal 0 0 -1
    outer loop
      vertex 41.87980833949426 23.453819591853836 13
      vertex 40.92672788899643 25.079931106365542 13
      vertex 49.88817673930299 33.33421397937923 13
    endloop
  endfacet
  facet normal 0 0 -1
    outer loop
      vertex 39.91054139052217 26.667371184940905 13
      vertex 49.88817673913757 33.33421397963764 13
      vertex 40.92672788899643 25.079931106365542 13
    endloop
  endfacet
  facet normal 0 0 -1
    outer loop
      vertex 48.708108030059385 2.0766402763620584 13
      vertex 60 0 13
      vertex 48.78677772780056 1.929459623893074 13
    endloop
  endfacet
  facet normal 0 0 -1
    outer loop
      vertex 48.33759695624317 2.6311492845667943 13
      vertex 60 0 13
      vertex 48.438322226093526 2.498087322243011 13
    endloop
  endfacet
  facet normal 0 0 -1
    outer loop
      vertex 48.23172535380013 2.7601542054032806 13
      vertex 60 0 13
      vertex 48.33759695624317 2.6311492845667943 13
    endloop
  endfacet
  facet normal 0 0 -1
    outer loop
      vertex 48.438322226093526 2.498087322243011 13
      vertex 60 0 13
      vertex 48.53374585228582 2.361173490333309 13
    endloop
  endfacet
  facet normal 0 0 -1
    outer loop
      vertex 48.62372069850489 2.2206189000427825 13
      vertex 60 0 13
      vertex 48.708108030059385 2.0766402763620584 13
    endloop
  endfacet
  facet normal 0 0 -1
    outer loop
      vertex 48.53374585228582 2.361173490333309 13
      vertex 60 0 13
      vertex 48.62372069850489 2.2206189000427825 13
    endloop
  endfacet
  facet normal 0 0 -1
    outer loop
      vertex 48.00520382004283 3.0052038200428273 13
      vertex 47.89039059023367 3.1155946109020833 13
      vertex 60 0 13
    endloop
  endfacet
  facet normal 0 0 -1
    outer loop
      vertex 47.89039059023367 3.1155946109020833 13
      vertex 47.85203201919014 3.7660365949365575 13
      vertex 60 0 13
    endloop
  endfacet
  facet normal 0 0 -1
    outer loop
      vertex 48.00520382004283 3.0052038200428273 13
      vertex 60 0 13
      vertex 48.12087066510166 2.8849031685150024 13
    endloop
  endfacet
  facet normal 0 0 -1
    outer loop
      vertex 48.12087066510166 2.8849031685150024 13
      vertex 60 0 13
      vertex 48.23172535380013 2.7601542054032806 13
    endloop
  endfacet
  facet normal 0 0 -1
    outer loop
      vertex 47.85203201919014 3.7660365949365575 13
      vertex 47.66728593383646 5.641795077976207 13
      vertex 60 0 13
    endloop
  endfacet
  facet normal 0 0 -1
    outer loop
      vertex 47.40904034856661 7.508854321931082 13
      vertex 47.07769345935506 9.364335456774157 13
      vertex 60 0 13
    endloop
  endfacet
  facet normal 0 0 -1
    outer loop
      vertex 47.66728593383646 5.641795077976207 13
      vertex 47.40904034856661 7.508854321931082 13
      vertex 60 0 13
    endloop
  endfacet
  facet normal 0 0 -1
    outer loop
      vertex 47.07769345935506 9.364335456774157 13
      vertex 46.67375617908847 11.205377465083458 13
      vertex 60 0 13
    endloop
  endfacet
  facet normal 0 0 -1
    outer loop
      vertex 49.24672340402307 0.16685421697604158 13
      vertex 60 0 13
      vertex 49.25 0 13
    endloop
  endfacet
  facet normal 0 0 -1
    outer loop
      vertex 49.2368986683658 0.33345115684334103 13
      vertex 60 0 13
      vertex 49.24672340402307 0.16685421697604158 13
    endloop
  endfacet
  facet normal 0 0 -1
    outer loop
      vertex 49.220540942058435 0.49953393919581 13
      vertex 60 0 13
      vertex 49.2368986683658 0.33345115684334103 13
    endloop
  endfacet
  facet normal 0 0 -1
    outer loop
      vertex 49.197675447529335 0.6648464764209812 13
      vertex 60 0 13
      vertex 49.220540942058435 0.49953393919581 13
    endloop
  endfacet
  facet normal 0 0 -1
    outer loop
      vertex 49.0419901942544 1.3133222260935264 13
      vertex 60 0 13
      vertex 49.090434754928 1.1536219119265656 13
    endloop
  endfacet
  facet normal 0 0 -1
    outer loop
      vertex 48.98731317767056 1.470997492579345 13
      vertex 60 0 13
      vertex 49.0419901942544 1.3133222260935264 13
    endloop
  endfacet
  facet normal 0 0 -1
    outer loop
      vertex 49.16833744171373 0.8291338685685451 13
      vertex 60 0 13
      vertex 49.197675447529335 0.6648464764209812 13
    endloop
  endfacet
  facet normal 0 0 -1
    outer loop
      vertex 49.13257216169013 0.992142796387598 13
      vertex 60 0 13
      vertex 49.16833744171373 0.8291338685685451 13
    endloop
  endfacet
  facet normal 0 0 -1
    outer loop
      vertex 49.090434754928 1.1536219119265656 13
      vertex 60 0 13
      vertex 49.13257216169013 0.992142796387598 13
    endloop
  endfacet
  facet normal 0 0 -1
    outer loop
      vertex 48.85960848875659 1.7793038845340694 13
      vertex 60 0 13
      vertex 48.92648801317297 1.6264045875516315 13
    endloop
  endfacet
  facet normal 0 0 -1
    outer loop
      vertex 48.92648801317297 1.6264045875516315 13
      vertex 60 0 13
      vertex 48.98731317767056 1.470997492579345 13
    endloop
  endfacet
  facet normal 0 0 -1
    outer loop
      vertex 48.78677772780056 1.929459623893074 13
      vertex 60 0 13
      vertex 48.85960848875659 1.7793038845340694 13
    endloop
  endfacet
  facet normal 0 0 -1
    outer loop
      vertex 55.43277195096016 22.961005941033363 13
      vertex 60 0 13
      vertex 46.67375617908847 11.205377465083458 13
    endloop
  endfacet
  facet normal 0 0 -1
    outer loop
      vertex 58.8471168205142 11.705419324338436 13
      vertex 60 0 13
      vertex 55.43277195096016 22.961005941033363 13
    endloop
  endfacet
  facet normal 0 0 -1
    outer loop
      vertex 55.43277195096016 22.961005941033363 13
      vertex 45.65071278216737 14.832815729997474 13
      vertex 45.03318412427924 16.613618739719662 13
    endloop
  endfacet
  facet normal 0 0 -1
    outer loop
      vertex 55.43277195096016 22.961005941033363 13
      vertex 44.34621756054176 18.36880475352431 13
      vertex 43.5908723436039 20.095667401796547 13
    endloop
  endfacet
  facet normal 0 0 -1
    outer loop
      vertex 55.43277195096016 22.961005941033363 13
      vertex 45.03318412427924 16.613618739719662 13
      vertex 44.34621756054176 18.36880475352431 13
    endloop
  endfacet
  facet normal 0 0 -1
    outer loop
      vertex 55.43277195096016 22.961005941033363 13
      vertex 43.5908723436039 20.095667401796547 13
      vertex 42.76831316104166 21.791543987498248 13
    endloop
  endfacet
  facet normal 0 0 -1
    outer loop
      vertex 55.43277195096016 22.961005941033363 13
      vertex 46.67375617908847 11.205377465083458 13
      vertex 46.19785134977507 13.029141593523565 13
    endloop
  endfacet
  facet normal 0 0 -1
    outer loop
      vertex 55.43277195096016 22.961005941033363 13
      vertex 46.19785134977507 13.029141593523565 13
      vertex 45.65071278216737 14.832815729997474 13
    endloop
  endfacet
  facet normal 0 0 -1
    outer loop
      vertex 55.43277195096016 22.961005941033363 13
      vertex 42.76831316104166 21.791543987498248 13
      vertex 41.87980833949426 23.453819591853836 13
    endloop
  endfacet
  facet normal 0 0 -1
    outer loop
      vertex 55.43277195096016 22.961005941033363 13
      vertex 41.87980833949426 23.453819591853836 13
      vertex 49.88817673930299 33.33421397937923 13
    endloop
  endfacet
  facet normal 0 -1 0
    outer loop
      vertex 49.25 0 16
      vertex 49.25 0 13
      vertex 60 0 13
    endloop
  endfacet
  facet normal 0.9951847266444342 0.09801714061143936 0
    outer loop
      vertex 58.8471168205142 11.705419324338436 13
      vertex 58.8471168205142 11.705419324338436 16
      vertex 60 0 13
    endloop
  endfacet
  facet normal 0.8819212643615375 0.47139673680133476 -6.349656462670807e-17
    outer loop
      vertex 55.43277195096016 22.961005941033363 13
      vertex 49.88817673930299 33.33421397937923 13
      vertex 49.88817673930299 33.33421397937923 16
    endloop
  endfacet
  facet normal 0.9569403357953974 0.29028467704615735 1.7304871989204238e-17
    outer loop
      vertex 58.8471168205142 11.705419324338436 13
      vertex 55.43277195096016 22.961005941033363 13
      vertex 55.43277195096016 22.961005941033363 16
    endloop
  endfacet
  facet normal 0 0 -1
    outer loop
      vertex 26.541990194254403 40.284465396393266 13
      vertex 49.88817673913757 33.33421397963764 13
      vertex 28.21369211003871 38.83281572999748 13
    endloop
  endfacet
  facet normal 0 0 -1
    outer loop
      vertex 29.71650956687203 37.69521268227576 13
      vertex 28.21369211003871 38.83281572999748 13
      vertex 49.88817673913757 33.33421397963764 13
    endloop
  endfacet
  facet normal 0 0 -1
    outer loop
      vertex 29.71650956687203 37.69521268227576 13
      vertex 49.88817673913757 33.33421397963764 13
      vertex 31.173506319848816 36.49948634880148 13
    endloop
  endfacet
  facet normal 0 0 -1
    outer loop
      vertex 24.99808732224301 42.409465396393266 13
      vertex 49.88817673913757 33.33421397963764 13
      vertex 25.131149284566796 42.30874012654291 13
    endloop
  endfacet
  facet normal 0 0 -1
    outer loop
      vertex 25.260154205403282 42.20286852409987 13
      vertex 49.88817673913757 33.33421397963764 13
      vertex 25.384903168515002 42.0920138354014 13
    endloop
  endfacet
  facet normal 0 0 -1
    outer loop
      vertex 25.131149284566796 42.30874012654291 13
      vertex 49.88817673913757 33.33421397963764 13
      vertex 25.260154205403282 42.20286852409987 13
    endloop
  endfacet
  facet normal 0 0 -1
    outer loop
      vertex 25.384903168515002 42.0920138354014 13
      vertex 49.88817673913757 33.33421397963764 13
      vertex 25.505203820042826 41.97634699034257 13
    endloop
  endfacet
  facet normal 0 0 -1
    outer loop
      vertex 25.620870665101663 41.85604633881474 13
      vertex 49.88817673913757 33.33421397963764 13
      vertex 25.73172535380013 41.73129737570302 13
    endloop
  endfacet
  facet normal 0 0 -1
    outer loop
      vertex 25.505203820042826 41.97634699034257 13
      vertex 49.88817673913757 33.33421397963764 13
      vertex 25.620870665101663 41.85604633881474 13
    endloop
  endfacet
  facet normal 0 0 -1
    outer loop
      vertex 26.286777727800562 40.900602794192814 13
      vertex 49.88817673913757 33.33421397963764 13
      vertex 26.359608488756596 40.750447054833806 13
    endloop
  endfacet
  facet normal 0 0 -1
    outer loop
      vertex 26.20810803005939 41.047783446661796 13
      vertex 49.88817673913757 33.33421397963764 13
      vertex 26.286777727800562 40.900602794192814 13
    endloop
  endfacet
  facet normal 0 0 -1
    outer loop
      vertex 26.487313177670558 40.44214066287908 13
      vertex 49.88817673913757 33.33421397963764 13
      vertex 26.541990194254403 40.284465396393266 13
    endloop
  endfacet
  facet normal 0 0 -1
    outer loop
      vertex 26.426488013172968 40.59754775785137 13
      vertex 49.88817673913757 33.33421397963764 13
      vertex 26.487313177670558 40.44214066287908 13
    endloop
  endfacet
  facet normal 0 0 -1
    outer loop
      vertex 26.359608488756596 40.750447054833806 13
      vertex 49.88817673913757 33.33421397963764 13
      vertex 26.426488013172968 40.59754775785137 13
    endloop
  endfacet
  facet normal 0 0 -1
    outer loop
      vertex 25.73172535380013 41.73129737570302 13
      vertex 49.88817673913757 33.33421397963764 13
      vertex 25.837596956243168 41.602292454866536 13
    endloop
  endfacet
  facet normal 0 0 -1
    outer loop
      vertex 25.938322226093526 41.46923049254275 13
      vertex 49.88817673913757 33.33421397963764 13
      vertex 26.03374585228582 41.33231666063305 13
    endloop
  endfacet
  facet normal 0 0 -1
    outer loop
      vertex 25.837596956243168 41.602292454866536 13
      vertex 49.88817673913757 33.33421397963764 13
      vertex 25.938322226093526 41.46923049254275 13
    endloop
  endfacet
  facet normal 0 0 -1
    outer loop
      vertex 26.123720698504894 41.19176207034252 13
      vertex 49.88817673913757 33.33421397963764 13
      vertex 26.20810803005939 41.047783446661796 13
    endloop
  endfacet
  facet normal 0 0 -1
    outer loop
      vertex 26.03374585228582 41.33231666063305 13
      vertex 49.88817673913757 33.33421397963764 13
      vertex 26.123720698504894 41.19176207034252 13
    endloop
  endfacet
  facet normal 0 0 -1
    outer loop
      vertex 35.24748045291291 32.582435785581204 13
      vertex 33.941125496954285 33.941125496954285 13
      vertex 49.88817673913757 33.33421397963764 13
    endloop
  endfacet
  facet normal 0 0 -1
    outer loop
      vertex 36.49948634880148 31.173506319848816 13
      vertex 35.24748045291291 32.582435785581204 13
      vertex 49.88817673913757 33.33421397963764 13
    endloop
  endfacet
  facet normal 0 0 -1
    outer loop
      vertex 32.582435785581204 35.24748045291291 13
      vertex 31.173506319848816 36.49948634880148 13
      vertex 49.88817673913757 33.33421397963764 13
    endloop
  endfacet
  facet normal 0 0 -1
    outer loop
      vertex 33.941125496954285 33.941125496954285 13
      vertex 32.582435785581204 35.24748045291291 13
      vertex 49.88817673913757 33.33421397963764 13
    endloop
  endfacet
  facet normal 0 0 -1
    outer loop
      vertex 38.83281572999748 28.21369211003871 13
      vertex 37.69521268227576 29.71650956687203 13
      vertex 49.88817673913757 33.33421397963764 13
    endloop
  endfacet
  facet normal 0 0 -1
    outer loop
      vertex 37.69521268227576 29.71650956687203 13
      vertex 36.49948634880148 31.173506319848816 13
      vertex 49.88817673913757 33.33421397963764 13
    endloop
  endfacet
  facet normal 0 0 -1
    outer loop
      vertex 42.42640686780214 42.42640686780214 13
      vertex 49.88817673913757 33.33421397963764 13
      vertex 0 60 13
    endloop
  endfacet
  facet normal 0 0 -1
    outer loop
      vertex 42.42640686780214 42.42640686780214 13
      vertex 33.3342139793792 49.888176739303006 13
      vertex 33.33421397963766 49.888176739137556 13
    endloop
  endfacet
  facet normal 0 0 -1
    outer loop
      vertex 40.92672788899643 25.079931106365542 13
      vertex 49.88817673913757 33.33421397963764 13
      vertex 49.88817673930299 33.33421397937923 13
    endloop
  endfacet
  facet normal 0.6343932844631603 0.7730104531169314 -1.394461760111158e-16
    outer loop
      vertex 42.42640686780214 42.42640686780214 13
      vertex 33.33421397963766 49.888176739137556 13
      vertex 33.33421397963766 49.888176739137556 16
    endloop
  endfacet
  facet normal 0.7730104531169315 0.6343932844631602 1.4856823169244426e-16
    outer loop
      vertex 42.42640686780214 42.42640686780214 13
      vertex 49.88817673913757 33.33421397963764 16
      vertex 49.88817673913757 33.33421397963764 13
    endloop
  endfacet
  facet normal -1 0 0
    outer loop
      vertex 0 4.25 16
      vertex 0 12.4 16
      vertex 0 4.25 13
    endloop
  endfacet
  facet normal 0 -1 0
    outer loop
      vertex 4.25 0 16
      vertex 4.25 0 13
      vertex 12.4 0 16
    endloop
  endfacet
  facet normal -1 0 0
    outer loop
      vertex 0 18.4 16
      vertex 0 22 16
      vertex 0 18.4 13
    endloop
  endfacet
  facet normal 0 -1 0
    outer loop
      vertex 22 0 16
      vertex 18.4 0 16
      vertex 22 0 13
    endloop
  endfacet
  facet normal -1 0 0
    outer loop
      vertex 0 60 16
      vertex 0 60 13
      vertex 0 48 16
    endloop
  endfacet
  facet normal 0.09801714061143936 0.9951847266444342 0
    outer loop
      vertex 11.705419324338436 58.8471168205142 13
      vertex 0 60 16
      vertex 11.705419324338436 58.8471168205142 16
    endloop
  endfacet
  facet normal 0.29028467704615735 0.9569403357953974 0
    outer loop
      vertex 22.961005941033363 55.43277195096016 13
      vertex 11.705419324338436 58.8471168205142 16
      vertex 22.961005941033363 55.43277195096016 16
    endloop
  endfacet
  facet normal 0.47139673680133487 0.8819212643615376 0
    outer loop
      vertex 22.961005941033363 55.43277195096016 13
      vertex 22.961005941033363 55.43277195096016 16
      vertex 33.3342139793792 49.888176739303006 16
    endloop
  endfacet
  facet normal 0 -1 0
    outer loop
      vertex 60 0 16
      vertex 49.25 0 16
      vertex 60 0 13
    endloop
  endfacet
  facet normal 0.9951847266444342 0.09801714061143936 0
    outer loop
      vertex 60 0 16
      vertex 60 0 13
      vertex 58.8471168205142 11.705419324338436 16
    endloop
  endfacet
  facet normal 0.9569403357953974 0.29028467704615735 0
    outer loop
      vertex 58.8471168205142 11.705419324338436 13
      vertex 55.43277195096016 22.961005941033363 16
      vertex 58.8471168205142 11.705419324338436 16
    endloop
  endfacet
  facet normal 0.8819212643615375 0.47139673680133476 0
    outer loop
      vertex 55.43277195096016 22.961005941033363 13
      vertex 49.88817673930299 33.33421397937923 16
      vertex 55.43277195096016 22.961005941033363 16
    endloop
  endfacet
  facet normal 0.6343932844631603 0.7730104531169314 0
    outer loop
      vertex 42.42640686780214 42.42640686780214 13
      vertex 33.33421397963766 49.888176739137556 16
      vertex 42.42640686780214 42.42640686780214 16
    endloop
  endfacet
  facet normal 0.7730104531169315 0.6343932844631602 0
    outer loop
      vertex 42.42640686780214 42.42640686780214 13
      vertex 42.42640686780214 42.42640686780214 16
      vertex 49.88817673913757 33.33421397963764 16
    endloop
  endfacet
  facet normal 0 0 -1
    outer loop
      vertex -55.43277195096016 -22.961005941033363 13
      vertex -33.33421397963766 -49.888176739137556 13
      vertex -49.88817673930299 -33.33421397937923 13
    endloop
  endfacet
  facet normal 0 0 -1
    outer loop
      vertex -55.43277195096016 -22.961005941033363 13
      vertex -58.8471168205142 -11.705419324338436 13
      vertex -22.961005941033363 -55.43277195096016 13
    endloop
  endfacet
  facet normal 0 0 -1
    outer loop
      vertex -42.42640686780214 -42.42640686780214 13
      vertex -49.88817673913757 -33.33421397963764 13
      vertex -33.33421397963766 -49.888176739137556 13
    endloop
  endfacet
  facet normal 0 0 -1
    outer loop
      vertex -49.88817673930299 -33.33421397937923 13
      vertex -33.33421397963766 -49.888176739137556 13
      vertex -49.88817673913757 -33.33421397963764 13
    endloop
  endfacet
  facet normal 0 0 -1
    outer loop
      vertex -55.43277195096016 -22.961005941033363 13
      vertex -33.3342139793792 -49.888176739303006 13
      vertex -33.33421397963766 -49.888176739137556 13
    endloop
  endfacet
  facet normal 0 0 -1
    outer loop
      vertex -22.961005941033363 -55.43277195096016 13
      vertex -33.3342139793792 -49.888176739303006 13
      vertex -55.43277195096016 -22.961005941033363 13
    endloop
  endfacet
  facet normal 0 0 -1
    outer loop
      vertex -58.8471168205142 -11.705419324338436 13
      vertex -11.705419324338436 -58.8471168205142 13
      vertex -22.961005941033363 -55.43277195096016 13
    endloop
  endfacet
  facet normal 0 0 -1
    outer loop
      vertex -58.8471168205142 -11.705419324338436 13
      vertex -32.582435785581204 -35.24748045291291 13
      vertex -11.705419324338436 -58.8471168205142 13
    endloop
  endfacet
  facet normal -0.7730104531169315 -0.6343932844631602 1.4856823169244426e-16
    outer loop
      vertex -42.42640686780214 -42.42640686780214 13
      vertex -49.88817673913757 -33.33421397963764 16
      vertex -49.88817673913757 -33.33421397963764 13
    endloop
  endfacet
  facet normal -0.6343932844631603 -0.7730104531169314 -1.394461760111158e-16
    outer loop
      vertex -42.42640686780214 -42.42640686780214 13
      vertex -33.33421397963766 -49.888176739137556 13
      vertex -33.33421397963766 -49.888176739137556 16
    endloop
  endfacet
  facet normal 0 0 -1
    outer loop
      vertex -58.8471168205142 -11.705419324338436 13
      vertex -38.83281572999748 -28.21369211003871 13
      vertex -37.69521268227576 -29.71650956687203 13
    endloop
  endfacet
  facet normal 0 0 -1
    outer loop
      vertex -58.8471168205142 -11.705419324338436 13
      vertex -44.34621756054176 -18.36880475352431 13
      vertex -43.5908723436039 -20.095667401796547 13
    endloop
  endfacet
  facet normal 0 0 -1
    outer loop
      vertex -58.8471168205142 -11.705419324338436 13
      vertex -42.76831316104166 -21.791543987498248 13
      vertex -41.87980833949426 -23.453819591853836 13
    endloop
  endfacet
  facet normal 0 0 -1
    outer loop
      vertex -58.8471168205142 -11.705419324338436 13
      vertex -41.87980833949426 -23.453819591853836 13
      vertex -40.92672788899643 -25.079931106365542 13
    endloop
  endfacet
  facet normal 0 0 -1
    outer loop
      vertex -58.8471168205142 -11.705419324338436 13
      vertex -40.92672788899643 -25.079931106365542 13
      vertex -39.91054139052217 -26.667371184940905 13
    endloop
  endfacet
  facet normal 0 0 -1
    outer loop
      vertex -58.8471168205142 -11.705419324338436 13
      vertex -39.91054139052217 -26.667371184940905 13
      vertex -38.83281572999748 -28.21369211003871 13
    endloop
  endfacet
  facet normal 0 0 -1
    outer loop
      vertex -58.8471168205142 -11.705419324338436 13
      vertex -43.5908723436039 -20.095667401796547 13
      vertex -42.76831316104166 -21.791543987498248 13
    endloop
  endfacet
  facet normal 0 0 -1
    outer loop
      vertex -58.8471168205142 -11.705419324338436 13
      vertex -60 0 13
      vertex -44.34621756054176 -18.36880475352431 13
    endloop
  endfacet
  facet normal 0 0 -1
    outer loop
      vertex -48.78677772780056 -1.929459623893074 13
      vertex -60 0 13
      vertex -48.85960848875659 -1.7793038845340694 13
    endloop
  endfacet
  facet normal 0 0 -1
    outer loop
      vertex -48.92648801317297 -1.6264045875516315 13
      vertex -60 0 13
      vertex -48.98731317767056 -1.470997492579345 13
    endloop
  endfacet
  facet normal 0 0 -1
    outer loop
      vertex -48.85960848875659 -1.7793038845340694 13
      vertex -60 0 13
      vertex -48.92648801317297 -1.6264045875516315 13
    endloop
  endfacet
  facet normal 0 0 -1
    outer loop
      vertex -49.090434754928 -1.1536219119265656 13
      vertex -60 0 13
      vertex -49.13257216169013 -0.992142796387598 13
    endloop
  endfacet
  facet normal 0 0 -1
    outer loop
      vertex -49.13257216169013 -0.992142796387598 13
      vertex -60 0 13
      vertex -49.16833744171373 -0.8291338685685451 13
    endloop
  endfacet
  facet normal 0 0 -1
    outer loop
      vertex -49.16833744171373 -0.8291338685685451 13
      vertex -60 0 13
      vertex -49.197675447529335 -0.6648464764209812 13
    endloop
  endfacet
  facet normal 0 0 -1
    outer loop
      vertex -49.0419901942544 -1.3133222260935264 13
      vertex -60 0 13
      vertex -49.090434754928 -1.1536219119265656 13
    endloop
  endfacet
  facet normal 0 0 -1
    outer loop
      vertex -48.98731317767056 -1.470997492579345 13
      vertex -60 0 13
      vertex -49.0419901942544 -1.3133222260935264 13
    endloop
  endfacet
  facet normal 0 0 -1
    outer loop
      vertex -49.197675447529335 -0.6648464764209812 13
      vertex -60 0 13
      vertex -49.220540942058435 -0.49953393919581 13
    endloop
  endfacet
  facet normal 0 0 -1
    outer loop
      vertex -49.220540942058435 -0.49953393919581 13
      vertex -60 0 13
      vertex -49.2368986683658 -0.33345115684334103 13
    endloop
  endfacet
  facet normal 0 0 -1
    outer loop
      vertex -49.2368986683658 -0.33345115684334103 13
      vertex -60 0 13
      vertex -49.24672340402307 -0.16685421697604158 13
    endloop
  endfacet
  facet normal 0 0 -1
    outer loop
      vertex -49.24672340402307 -0.16685421697604158 13
      vertex -60 0 13
      vertex -49.25 0 13
    endloop
  endfacet
  facet normal 0 0 -1
    outer loop
      vertex -45.03318412427924 -16.613618739719662 13
      vertex -44.34621756054176 -18.36880475352431 13
      vertex -60 0 13
    endloop
  endfacet
  facet normal 0 0 -1
    outer loop
      vertex -46.67375617908847 -11.205377465083458 13
      vertex -46.19785134977507 -13.029141593523565 13
      vertex -60 0 13
    endloop
  endfacet
  facet normal 0 0 -1
    outer loop
      vertex -45.65071278216737 -14.832815729997474 13
      vertex -45.03318412427924 -16.613618739719662 13
      vertex -60 0 13
    endloop
  endfacet
  facet normal 0 0 -1
    outer loop
      vertex -46.19785134977507 -13.029141593523565 13
      vertex -45.65071278216737 -14.832815729997474 13
      vertex -60 0 13
    endloop
  endfacet
  facet normal 0 0 -1
    outer loop
      vertex -47.07769345935506 -9.364335456774157 13
      vertex -46.67375617908847 -11.205377465083458 13
      vertex -60 0 13
    endloop
  endfacet
  facet normal 0 0 -1
    outer loop
      vertex -47.66728593383646 -5.641795077976207 13
      vertex -47.40904034856661 -7.508854321931082 13
      vertex -60 0 13
    endloop
  endfacet
  facet normal 0 0 -1
    outer loop
      vertex -47.40904034856661 -7.508854321931082 13
      vertex -47.07769345935506 -9.364335456774157 13
      vertex -60 0 13
    endloop
  endfacet
  facet normal 0 0 -1
    outer loop
      vertex -47.85203201919014 -3.7660365949365575 13
      vertex -47.66728593383646 -5.641795077976207 13
      vertex -60 0 13
    endloop
  endfacet
  facet normal 0 0 -1
    outer loop
      vertex -48.00520382004283 -3.0052038200428273 13
      vertex -60 0 13
      vertex -48.12087066510166 -2.8849031685150024 13
    endloop
  endfacet
  facet normal 0 0 -1
    outer loop
      vertex -48.12087066510166 -2.8849031685150024 13
      vertex -60 0 13
      vertex -48.23172535380013 -2.7601542054032806 13
    endloop
  endfacet
  facet normal 0 0 -1
    outer loop
      vertex -47.85203201919014 -3.7660365949365575 13
      vertex -60 0 13
      vertex -47.89039059023367 -3.1155946109020833 13
    endloop
  endfacet
  facet normal 0 0 -1
    outer loop
      vertex -48.00520382004283 -3.0052038200428273 13
      vertex -47.89039059023367 -3.1155946109020833 13
      vertex -60 0 13
    endloop
  endfacet
  facet normal 0 0 -1
    outer loop
      vertex -48.53374585228582 -2.361173490333309 13
      vertex -60 0 13
      vertex -48.62372069850489 -2.2206189000427825 13
    endloop
  endfacet
  facet normal 0 0 -1
    outer loop
      vertex -48.62372069850489 -2.2206189000427825 13
      vertex -60 0 13
      vertex -48.708108030059385 -2.0766402763620584 13
    endloop
  endfacet
  facet normal 0 0 -1
    outer loop
      vertex -48.438322226093526 -2.498087322243011 13
      vertex -60 0 13
      vertex -48.53374585228582 -2.361173490333309 13
    endloop
  endfacet
  facet normal 0 0 -1
    outer loop
      vertex -48.23172535380013 -2.7601542054032806 13
      vertex -60 0 13
      vertex -48.33759695624317 -2.6311492845667943 13
    endloop
  endfacet
  facet normal 0 0 -1
    outer loop
      vertex -48.33759695624317 -2.6311492845667943 13
      vertex -60 0 13
      vertex -48.438322226093526 -2.498087322243011 13
    endloop
  endfacet
  facet normal 0 0 -1
    outer loop
      vertex -48.708108030059385 -2.0766402763620584 13
      vertex -60 0 13
      vertex -48.78677772780056 -1.929459623893074 13
    endloop
  endfacet
  facet normal 0 0 -1
    outer loop
      vertex -58.8471168205142 -11.705419324338436 13
      vertex -33.941125496954285 -33.941125496954285 13
      vertex -32.582435785581204 -35.24748045291291 13
    endloop
  endfacet
  facet normal 0 0 -1
    outer loop
      vertex -58.8471168205142 -11.705419324338436 13
      vertex -36.49948634880148 -31.173506319848816 13
      vertex -35.24748045291291 -32.582435785581204 13
    endloop
  endfacet
  facet normal 0 0 -1
    outer loop
      vertex -58.8471168205142 -11.705419324338436 13
      vertex -37.69521268227576 -29.71650956687203 13
      vertex -36.49948634880148 -31.173506319848816 13
    endloop
  endfacet
  facet normal 0 0 -1
    outer loop
      vertex -58.8471168205142 -11.705419324338436 13
      vertex -35.24748045291291 -32.582435785581204 13
      vertex -33.941125496954285 -33.941125496954285 13
    endloop
  endfacet
  facet normal -0.9569403357953974 -0.29028467704615735 0
    outer loop
      vertex -55.43277195096016 -22.961005941033363 13
      vertex -55.43277195096016 -22.961005941033363 16
      vertex -58.8471168205142 -11.705419324338436 13
    endloop
  endfacet
  facet normal -0.8819212643615375 -0.47139673680133476 -6.349656462670807e-17
    outer loop
      vertex -55.43277195096016 -22.961005941033363 13
      vertex -49.88817673930299 -33.33421397937923 13
      vertex -49.88817673930299 -33.33421397937923 16
    endloop
  endfacet
  facet normal -0.9951847266444342 -0.09801714061143936 0
    outer loop
      vertex -58.8471168205142 -11.705419324338436 13
      vertex -58.8471168205142 -11.705419324338436 16
      vertex -60 0 13
    endloop
  endfacet
  facet normal 0 0 -1
    outer loop
      vertex -11.705419324338436 -58.8471168205142 13
      vertex -29.71650956687203 -37.69521268227576 13
      vertex -28.21369211003871 -38.83281572999748 13
    endloop
  endfacet
  facet normal 0 0 -1
    outer loop
      vertex -11.705419324338436 -58.8471168205142 13
      vertex -25.505203820042826 -41.97634699034257 13
      vertex -25.384903168515002 -42.0920138354014 13
    endloop
  endfacet
  facet normal 0 0 -1
    outer loop
      vertex -11.705419324338436 -58.8471168205142 13
      vertex -25.73172535380013 -41.73129737570302 13
      vertex -25.620870665101663 -41.85604633881474 13
    endloop
  endfacet
  facet normal 0 0 -1
    outer loop
      vertex -11.705419324338436 -58.8471168205142 13
      vertex -25.837596956243168 -41.602292454866536 13
      vertex -25.73172535380013 -41.73129737570302 13
    endloop
  endfacet
  facet normal 0 0 -1
    outer loop
      vertex -11.705419324338436 -58.8471168205142 13
      vertex -25.620870665101663 -41.85604633881474 13
      vertex -25.505203820042826 -41.97634699034257 13
    endloop
  endfacet
  facet normal 0 0 -1
    outer loop
      vertex -11.705419324338436 -58.8471168205142 13
      vertex -25.384903168515002 -42.0920138354014 13
      vertex -25.260154205403282 -42.20286852409987 13
    endloop
  endfacet
  facet normal 0 0 -1
    outer loop
      vertex -11.705419324338436 -58.8471168205142 13
      vertex -25.260154205403282 -42.20286852409987 13
      vertex -25.131149284566796 -42.30874012654291 13
    endloop
  endfacet
  facet normal 0 0 -1
    outer loop
      vertex -11.705419324338436 -58.8471168205142 13
      vertex -28.21369211003871 -38.83281572999748 13
      vertex -25.837596956243168 -41.602292454866536 13
    endloop
  endfacet
  facet normal 0 0 -1
    outer loop
      vertex -11.705419324338436 -58.8471168205142 13
      vertex -24.99808732224301 -42.409465396393266 13
      vertex -24.861173490333307 -42.50488902258556 13
    endloop
  endfacet
  facet normal 0 0 -1
    outer loop
      vertex -11.705419324338436 -58.8471168205142 13
      vertex -25.131149284566796 -42.30874012654291 13
      vertex -24.99808732224301 -42.409465396393266 13
    endloop
  endfacet
  facet normal 0 0 -1
    outer loop
      vertex -11.705419324338436 -58.8471168205142 13
      vertex -24.861173490333307 -42.50488902258556 13
      vertex -24.720618900042783 -42.59486386880463 13
    endloop
  endfacet
  facet normal 0 0 -1
    outer loop
      vertex -11.705419324338436 -58.8471168205142 13
      vertex -24.57664027636206 -42.679251200359126 13
      vertex -24.429459623893074 -42.7579208981003 13
    endloop
  endfacet
  facet normal 0 0 -1
    outer loop
      vertex -11.705419324338436 -58.8471168205142 13
      vertex -24.720618900042783 -42.59486386880463 13
      vertex -24.57664027636206 -42.679251200359126 13
    endloop
  endfacet
  facet normal 0 0 -1
    outer loop
      vertex -11.705419324338436 -58.8471168205142 13
      vertex -23.813322226093526 -43.01313336455414 13
      vertex -23.653621911926564 -43.06157792522774 13
    endloop
  endfacet
  facet normal 0 0 -1
    outer loop
      vertex -11.705419324338436 -58.8471168205142 13
      vertex -24.429459623893074 -42.7579208981003 13
      vertex -24.27930388453407 -42.83075165905633 13
    endloop
  endfacet
  facet normal 0 0 -1
    outer loop
      vertex -11.705419324338436 -58.8471168205142 13
      vertex -24.126404587551633 -42.89763118347271 13
      vertex -23.970997492579343 -42.9584563479703 13
    endloop
  endfacet
  facet normal 0 0 -1
    outer loop
      vertex -11.705419324338436 -58.8471168205142 13
      vertex -24.27930388453407 -42.83075165905633 13
      vertex -24.126404587551633 -42.89763118347271 13
    endloop
  endfacet
  facet normal 0 0 -1
    outer loop
      vertex -11.705419324338436 -58.8471168205142 13
      vertex -23.970997492579343 -42.9584563479703 13
      vertex -23.813322226093526 -43.01313336455414 13
    endloop
  endfacet
  facet normal 0 0 -1
    outer loop
      vertex -11.705419324338436 -58.8471168205142 13
      vertex -23.653621911926564 -43.06157792522774 13
      vertex -23.492142796387597 -43.10371533198987 13
    endloop
  endfacet
  facet normal 0 0 -1
    outer loop
      vertex -11.705419324338436 -58.8471168205142 13
      vertex -23.492142796387597 -43.10371533198987 13
      vertex -23.329133868568544 -43.13948061201347 13
    endloop
  endfacet
  facet normal 0 0 -1
    outer loop
      vertex -11.705419324338436 -58.8471168205142 13
      vertex -23.329133868568544 -43.13948061201347 13
      vertex -23.16484647642098 -43.168818617829075 13
    endloop
  endfacet
  facet normal 0 0 -1
    outer loop
      vertex -11.705419324338436 -58.8471168205142 13
      vertex -23.16484647642098 -43.168818617829075 13
      vertex -22.99953393919581 -43.191684112358175 13
    endloop
  endfacet
  facet normal 0 0 -1
    outer loop
      vertex -11.705419324338436 -58.8471168205142 13
      vertex -22.99953393919581 -43.191684112358175 13
      vertex -22.833451156843342 -43.20804183866554 13
    endloop
  endfacet
  facet normal 0 0 -1
    outer loop
      vertex -11.705419324338436 -58.8471168205142 13
      vertex -22.833451156843342 -43.20804183866554 13
      vertex -22.66685421697604 -43.21786657432281 13
    endloop
  endfacet
  facet normal 0 0 -1
    outer loop
      vertex -11.705419324338436 -58.8471168205142 13
      vertex -22.66685421697604 -43.21786657432281 13
      vertex -22.5 -43.22114317029974 13
    endloop
  endfacet
  facet normal 0 0 -1
    outer loop
      vertex -11.705419324338436 -58.8471168205142 13
      vertex -22.5 -43.22114317029974 13
      vertex -22.33314578302396 -43.21786657432281 13
    endloop
  endfacet
  facet normal 0 0 -1
    outer loop
      vertex -11.705419324338436 -58.8471168205142 13
      vertex -20.095667401796547 -43.5908723436039 13
      vertex -18.36880475352431 -44.34621756054176 13
    endloop
  endfacet
  facet normal 0 0 -1
    outer loop
      vertex -11.705419324338436 -58.8471168205142 13
      vertex -18.36880475352431 -44.34621756054176 13
      vertex -16.613618739719662 -45.03318412427924 13
    endloop
  endfacet
  facet normal 0 0 -1
    outer loop
      vertex -11.705419324338436 -58.8471168205142 13
      vertex -22.33314578302396 -43.21786657432281 13
      vertex -22.166548843156658 -43.20804183866554 13
    endloop
  endfacet
  facet normal 0 0 -1
    outer loop
      vertex -11.705419324338436 -58.8471168205142 13
      vertex -22.166548843156658 -43.20804183866554 13
      vertex -22.00046606080419 -43.191684112358175 13
    endloop
  endfacet
  facet normal 0 0 -1
    outer loop
      vertex -11.705419324338436 -58.8471168205142 13
      vertex -22.00046606080419 -43.191684112358175 13
      vertex -21.83515352357902 -43.168818617829075 13
    endloop
  endfacet
  facet normal 0 0 -1
    outer loop
      vertex -11.705419324338436 -58.8471168205142 13
      vertex -21.83515352357902 -43.168818617829075 13
      vertex -21.670866131431456 -43.13948061201347 13
    endloop
  endfacet
  facet normal 0 0 -1
    outer loop
      vertex -11.705419324338436 -58.8471168205142 13
      vertex -21.670866131431456 -43.13948061201347 13
      vertex -21.507857203612403 -43.10371533198987 13
    endloop
  endfacet
  facet normal 0 0 -1
    outer loop
      vertex -11.705419324338436 -58.8471168205142 13
      vertex -21.507857203612403 -43.10371533198987 13
      vertex -21.346378088073436 -43.06157792522774 13
    endloop
  endfacet
  facet normal 0 0 -1
    outer loop
      vertex -11.705419324338436 -58.8471168205142 13
      vertex -21.346378088073436 -43.06157792522774 13
      vertex -21.24827354635736 -43.03181823785135 13
    endloop
  endfacet
  facet normal 0 0 -1
    outer loop
      vertex -11.705419324338436 -58.8471168205142 13
      vertex -21.24827354635736 -43.03181823785135 13
      vertex -20.095667401796547 -43.5908723436039 13
    endloop
  endfacet
  facet normal 0 0 -1
    outer loop
      vertex -26.123720698504894 -41.19176207034252 13
      vertex -28.21369211003871 -38.83281572999748 13
      vertex -26.20810803005939 -41.047783446661796 13
    endloop
  endfacet
  facet normal 0 0 -1
    outer loop
      vertex -26.03374585228582 -41.33231666063305 13
      vertex -28.21369211003871 -38.83281572999748 13
      vertex -26.123720698504894 -41.19176207034252 13
    endloop
  endfacet
  facet normal 0 0 -1
    outer loop
      vertex -25.938322226093526 -41.46923049254275 13
      vertex -28.21369211003871 -38.83281572999748 13
      vertex -26.03374585228582 -41.33231666063305 13
    endloop
  endfacet
  facet normal 0 0 -1
    outer loop
      vertex -25.837596956243168 -41.602292454866536 13
      vertex -28.21369211003871 -38.83281572999748 13
      vertex -25.938322226093526 -41.46923049254275 13
    endloop
  endfacet
  facet normal 0 0 -1
    outer loop
      vertex -26.286777727800562 -40.900602794192814 13
      vertex -28.21369211003871 -38.83281572999748 13
      vertex -26.359608488756596 -40.750447054833806 13
    endloop
  endfacet
  facet normal 0 0 -1
    outer loop
      vertex -26.487313177670558 -40.44214066287908 13
      vertex -28.21369211003871 -38.83281572999748 13
      vertex -26.541990194254403 -40.284465396393266 13
    endloop
  endfacet
  facet normal 0 0 -1
    outer loop
      vertex -26.359608488756596 -40.750447054833806 13
      vertex -28.21369211003871 -38.83281572999748 13
      vertex -26.426488013172968 -40.59754775785137 13
    endloop
  endfacet
  facet normal 0 0 -1
    outer loop
      vertex -26.426488013172968 -40.59754775785137 13
      vertex -28.21369211003871 -38.83281572999748 13
      vertex -26.487313177670558 -40.44214066287908 13
    endloop
  endfacet
  facet normal 0 0 -1
    outer loop
      vertex -26.20810803005939 -41.047783446661796 13
      vertex -28.21369211003871 -38.83281572999748 13
      vertex -26.286777727800562 -40.900602794192814 13
    endloop
  endfacet
  facet normal 0 0 -1
    outer loop
      vertex -26.541990194254403 -40.284465396393266 13
      vertex -28.21369211003871 -38.83281572999748 13
      vertex -26.590434754928 -40.124765082226304 13
    endloop
  endfacet
  facet normal 0 0 -1
    outer loop
      vertex -26.590434754928 -40.124765082226304 13
      vertex -28.21369211003871 -38.83281572999748 13
      vertex -26.632572161690124 -39.96328596668734 13
    endloop
  endfacet
  facet normal 0 0 -1
    outer loop
      vertex -26.632572161690124 -39.96328596668734 13
      vertex -28.21369211003871 -38.83281572999748 13
      vertex -26.667371184940905 -39.91054139052217 13
    endloop
  endfacet
  facet normal 0 0 -1
    outer loop
      vertex -26.632572161690124 -39.96328596668734 13
      vertex -26.667371184940905 -39.91054139052217 13
      vertex -26.640349440523813 -39.927839134363005 13
    endloop
  endfacet
  facet normal 0 0 -1
    outer loop
      vertex -11.705419324338436 -58.8471168205142 13
      vertex -32.582435785581204 -35.24748045291291 13
      vertex -31.173506319848816 -36.49948634880148 13
    endloop
  endfacet
  facet normal 0 0 -1
    outer loop
      vertex -11.705419324338436 -58.8471168205142 13
      vertex -31.173506319848816 -36.49948634880148 13
      vertex -29.71650956687203 -37.69521268227576 13
    endloop
  endfacet
  facet normal 0 0 -1
    outer loop
      vertex -11.705419324338436 -58.8471168205142 13
      vertex -14.832815729997474 -45.65071278216737 13
      vertex 0 -60 13
    endloop
  endfacet
  facet normal 0 0 -1
    outer loop
      vertex -11.705419324338436 -58.8471168205142 13
      vertex -16.613618739719662 -45.03318412427924 13
      vertex -14.832815729997474 -45.65071278216737 13
    endloop
  endfacet
  facet normal 0 0 -1
    outer loop
      vertex -13.029141593523565 -46.19785134977507 13
      vertex -11.205377465083458 -46.67375617908847 13
      vertex 0 -60 13
    endloop
  endfacet
  facet normal 0 0 -1
    outer loop
      vertex -14.832815729997474 -45.65071278216737 13
      vertex -13.029141593523565 -46.19785134977507 13
      vertex 0 -60 13
    endloop
  endfacet
  facet normal 0 0 -1
    outer loop
      vertex -11.205377465083458 -46.67375617908847 13
      vertex -9.364335456774157 -47.07769345935506 13
      vertex 0 -60 13
    endloop
  endfacet
  facet normal 0 0 -1
    outer loop
      vertex -9.364335456774157 -47.07769345935506 13
      vertex -7.508854321931082 -47.40904034856661 13
      vertex 0 -60 13
    endloop
  endfacet
  facet normal 0 0 -1
    outer loop
      vertex -7.508854321931082 -47.40904034856661 13
      vertex -5.641795077976207 -47.66728593383646 13
      vertex 0 -60 13
    endloop
  endfacet
  facet normal 0 0 -1
    outer loop
      vertex -5.641795077976207 -47.66728593383646 13
      vertex -3.7660365949365575 -47.85203201919014 13
      vertex 0 -60 13
    endloop
  endfacet
  facet normal 0 0 -1
    outer loop
      vertex -3.7660365949365575 -47.85203201919014 13
      vertex -1.8844711564352932 -47.9629937395547 13
      vertex 0 -60 13
    endloop
  endfacet
  facet normal 0 0 -1
    outer loop
      vertex -1.8844711564352932 -47.9629937395547 13
      vertex 0 -48 13
      vertex 0 -60 13
    endloop
  endfacet
  facet normal -0.47139673680133487 -0.8819212643615376 -7.86398910522474e-17
    outer loop
      vertex -22.961005941033363 -55.43277195096016 13
      vertex -33.3342139793792 -49.888176739303006 16
      vertex -33.3342139793792 -49.888176739303006 13
    endloop
  endfacet
  facet normal -0.29028467704615735 -0.9569403357953974 1.7304871989204238e-17
    outer loop
      vertex -22.961005941033363 -55.43277195096016 13
      vertex -11.705419324338436 -58.8471168205142 13
      vertex -11.705419324338436 -58.8471168205142 16
    endloop
  endfacet
  facet normal -0.09801714061143936 -0.9951847266444342 2.0451212335358537e-17
    outer loop
      vertex -11.705419324338436 -58.8471168205142 13
      vertex 0 -60 13
      vertex 0 -60 16
    endloop
  endfacet
  facet normal 0 0 -1
    outer loop
      vertex -19.19491215560154 -10.74966731293301 13
      vertex -19.602143532144094 -9.98779099427003 13
      vertex -15.4 -3 13
    endloop
  endfacet
  facet normal 0 0 -1
    outer loop
      vertex -17.798373876248846 -12.931275550434409 13
      vertex -18.292331470655995 -12.222545126431248 13
      vertex -14.699663908432285 -2.9171097611930294 13
    endloop
  endfacet
  facet normal 0 0 -1
    outer loop
      vertex -18.292331470655995 -12.222545126431248 13
      vertex -18.75808361579003 -11.494968423750873 13
      vertex -14.930696604879309 -2.9630650217854133 13
    endloop
  endfacet
  facet normal 0 0 -1
    outer loop
      vertex -18.75808361579003 -11.494968423750873 13
      vertex -19.19491215560154 -10.74966731293301 13
      vertex -15.164622712816465 -2.990752001199384 13
    endloop
  endfacet
  facet normal 0 0 -1
    outer loop
      vertex -17.27697247937639 -13.620066884816348 13
      vertex -17.798373876248846 -12.931275550434409 13
      vertex -14.585678650404777 -2.887365709360942 13
    endloop
  endfacet
  facet normal 0 0 -1
    outer loop
      vertex -16.72893124320068 -14.28785706326404 13
      vertex -17.27697247937639 -13.620066884816348 13
      vertex -14.361648828767521 -2.8145740077674524 13
    endloop
  endfacet
  facet normal 0 0 -1
    outer loop
      vertex -16.15509520758508 -14.93361640172472 13
      vertex -16.72893124320068 -14.28785706326404 13
      vertex -14.144020787387717 -2.7244295214752436 13
    endloop
  endfacet
  facet normal 0 0 -1
    outer loop
      vertex -15.556349186104047 -15.556349186104047 13
      vertex -16.15509520758508 -14.93361640172472 13
      vertex -14.03802850078136 -2.673019572565104 13
    endloop
  endfacet
  facet normal 0 0 -1
    outer loop
      vertex -19.979149824151786 -9.210514225823418 13
      vertex -20.325349715248308 -8.419035512031975 13
      vertex -15.985270966048386 -2.9423558412096913 13
    endloop
  endfacet
  facet normal 0 0 -1
    outer loop
      vertex -20.64020939029465 -7.614575255704845 13
      vertex -20.923243358493377 -6.798373876248843 13
      vertex -16.54805029709527 -2.77163859753386 13
    endloop
  endfacet
  facet normal 0 0 -1
    outer loop
      vertex -20.325349715248308 -8.419035512031975 13
      vertex -20.64020939029465 -7.614575255704845 13
      vertex -16.214321349595224 -2.887365709360942 13
    endloop
  endfacet
  facet normal 0 0 -1
    outer loop
      vertex -21.392138248748886 -5.135798004829919 13
      vertex -21.57727616887107 -4.291987084354822 13
      vertex -17.521320343559644 -2.121320343559643 13
    endloop
  endfacet
  facet normal 0 0 -1
    outer loop
      vertex -21.17401520198024 -5.971689897031633 13
      vertex -21.392138248748886 -5.135798004829919 13
      vertex -17.2572818479295 -2.355950792642235 13
    endloop
  endfacet
  facet normal 0 0 -1
    outer loop
      vertex -20.923243358493377 -6.798373876248843 13
      vertex -21.17401520198024 -5.971689897031633 13
      vertex -16.865863724490865 -2.6174880212183913 13
    endloop
  endfacet
  facet normal 0 0 -1
    outer loop
      vertex -21.847506053008377 -2.585822744072428 13
      vertex -21.932181342128814 -1.7261001060125887 13
      vertex -18.25316954888546 -0.9270509831248421 13
    endloop
  endfacet
  facet normal 0 0 -1
    outer loop
      vertex -21.932181342128814 -1.7261001060125887 13
      vertex -21.983038797295904 -0.8637159466995095 13
      vertex -18.363065021785413 -0.46930339512069263 13
    endloop
  endfacet
  facet normal 0 0 -1
    outer loop
      vertex -21.983038797295904 -0.8637159466995095 13
      vertex -22 0 13
      vertex -18.4 0 13
    endloop
  endfacet
  facet normal 0 0 -1
    outer loop
      vertex -21.57727616887107 -4.291987084354822 13
      vertex -21.72914349309303 -3.441558230885079 13
      vertex -17.827050983124842 -1.7633557568774194 13
    endloop
  endfacet
  facet normal 0 0 -1
    outer loop
      vertex -21.72914349309303 -3.441558230885079 13
      vertex -21.847506053008377 -2.585822744072428 13
      vertex -18.073019572565105 -1.3619714992186405 13
    endloop
  endfacet
  facet normal 0 0 -1
    outer loop
      vertex -21.392138248748886 -5.135798004829919 13
      vertex -17.521320343559644 -2.121320343559643 13
      vertex -17.436402236598827 -2.202967528307057 13
    endloop
  endfacet
  facet normal 0 0 -1
    outer loop
      vertex -21.57727616887107 -4.291987084354822 13
      vertex -17.602967528307058 -2.0364022365988252 13
      vertex -17.521320343559644 -2.121320343559643 13
    endloop
  endfacet
  facet normal 0 0 -1
    outer loop
      vertex -21.72914349309303 -3.441558230885079 13
      vertex -18.01748802121839 -1.4658637244908648 13
      vertex -17.95792049306228 -1.5674956941478464 13
    endloop
  endfacet
  facet normal 0 0 -1
    outer loop
      vertex -21.72914349309303 -3.441558230885079 13
      vertex -18.073019572565105 -1.3619714992186405 13
      vertex -18.01748802121839 -1.4658637244908648 13
    endloop
  endfacet
  facet normal 0 0 -1
    outer loop
      vertex -21.57727616887107 -4.291987084354822 13
      vertex -17.755950792642235 -1.857281847929502 13
      vertex -17.681217896800092 -1.948344144990551 13
    endloop
  endfacet
  facet normal 0 0 -1
    outer loop
      vertex -21.57727616887107 -4.291987084354822 13
      vertex -17.827050983124842 -1.7633557568774194 13
      vertex -17.755950792642235 -1.857281847929502 13
    endloop
  endfacet
  facet normal 0 0 -1
    outer loop
      vertex -21.57727616887107 -4.291987084354822 13
      vertex -17.681217896800092 -1.948344144990551 13
      vertex -17.602967528307058 -2.0364022365988252 13
    endloop
  endfacet
  facet normal 0 0 -1
    outer loop
      vertex -21.72914349309303 -3.441558230885079 13
      vertex -17.894408836907637 -1.6667106990588065 13
      vertex -17.827050983124842 -1.7633557568774194 13
    endloop
  endfacet
  facet normal 0 0 -1
    outer loop
      vertex -21.72914349309303 -3.441558230885079 13
      vertex -17.95792049306228 -1.5674956941478464 13
      vertex -17.894408836907637 -1.6667106990588065 13
    endloop
  endfacet
  facet normal 0 0 -1
    outer loop
      vertex -21.847506053008377 -2.585822744072428 13
      vertex -18.17163859753386 -1.1480502970952693 13
      vertex -18.124429521475243 -1.2559792126122842 13
    endloop
  endfacet
  facet normal 0 0 -1
    outer loop
      vertex -21.847506053008377 -2.585822744072428 13
      vertex -18.124429521475243 -1.2559792126122842 13
      vertex -18.073019572565105 -1.3619714992186405 13
    endloop
  endfacet
  facet normal 0 0 -1
    outer loop
      vertex -21.847506053008377 -2.585822744072428 13
      vertex -18.214574007767453 -1.0383511712324789 13
      vertex -18.17163859753386 -1.1480502970952693 13
    endloop
  endfacet
  facet normal 0 0 -1
    outer loop
      vertex -21.847506053008377 -2.585822744072428 13
      vertex -18.25316954888546 -0.9270509831248421 13
      vertex -18.214574007767453 -1.0383511712324789 13
    endloop
  endfacet
  facet normal 0 0 -1
    outer loop
      vertex -21.932181342128814 -1.7261001060125887 13
      vertex -18.31710976119303 -0.7003360915677161 13
      vertex -18.28736570936094 -0.8143213495952228 13
    endloop
  endfacet
  facet normal 0 0 -1
    outer loop
      vertex -21.932181342128814 -1.7261001060125887 13
      vertex -18.28736570936094 -0.8143213495952228 13
      vertex -18.25316954888546 -0.9270509831248421 13
    endloop
  endfacet
  facet normal 0 0 -1
    outer loop
      vertex -21.932181342128814 -1.7261001060125887 13
      vertex -18.34235584120969 -0.5852709660483848 13
      vertex -18.31710976119303 -0.7003360915677161 13
    endloop
  endfacet
  facet normal 0 0 -1
    outer loop
      vertex -21.932181342128814 -1.7261001060125887 13
      vertex -18.363065021785413 -0.46930339512069263 13
      vertex -18.34235584120969 -0.5852709660483848 13
    endloop
  endfacet
  facet normal 0 0 -1
    outer loop
      vertex -21.983038797295904 -0.8637159466995095 13
      vertex -18.390752001199385 -0.23537728718353484 13
      vertex -18.379205370864778 -0.35261219237351293 13
    endloop
  endfacet
  facet normal 0 0 -1
    outer loop
      vertex -21.983038797295904 -0.8637159466995095 13
      vertex -18.379205370864778 -0.35261219237351293 13
      vertex -18.363065021785413 -0.46930339512069263 13
    endloop
  endfacet
  facet normal 0 0 -1
    outer loop
      vertex -21.983038797295904 -0.8637159466995095 13
      vertex -18.39768710872217 -0.11777944727720582 13
      vertex -18.390752001199385 -0.23537728718353484 13
    endloop
  endfacet
  facet normal 0 0 -1
    outer loop
      vertex -21.983038797295904 -0.8637159466995095 13
      vertex -18.4 0 13
      vertex -18.39768710872217 -0.11777944727720582 13
    endloop
  endfacet
  facet normal 0 0 -1
    outer loop
      vertex -19.602143532144094 -9.98779099427003 13
      vertex -19.979149824151786 -9.210514225823418 13
      vertex -15.635377287183536 -2.990752001199384 13
    endloop
  endfacet
  facet normal 0 0 -1
    outer loop
      vertex -20.64020939029465 -7.614575255704845 13
      vertex -16.54805029709527 -2.77163859753386 13
      vertex -16.43835117123248 -2.8145740077674524 13
    endloop
  endfacet
  facet normal 0 0 -1
    outer loop
      vertex -20.923243358493377 -6.798373876248843 13
      vertex -16.865863724490865 -2.6174880212183913 13
      vertex -16.761971499218642 -2.673019572565104 13
    endloop
  endfacet
  facet normal 0 0 -1
    outer loop
      vertex -20.923243358493377 -6.798373876248843 13
      vertex -16.761971499218642 -2.673019572565104 13
      vertex -16.655979212612284 -2.7244295214752436 13
    endloop
  endfacet
  facet normal 0 0 -1
    outer loop
      vertex -20.923243358493377 -6.798373876248843 13
      vertex -16.655979212612284 -2.7244295214752436 13
      vertex -16.54805029709527 -2.77163859753386 13
    endloop
  endfacet
  facet normal 0 0 -1
    outer loop
      vertex -20.325349715248308 -8.419035512031975 13
      vertex -16.214321349595224 -2.887365709360942 13
      vertex -16.100336091567716 -2.9171097611930294 13
    endloop
  endfacet
  facet normal 0 0 -1
    outer loop
      vertex -20.325349715248308 -8.419035512031975 13
      vertex -16.100336091567716 -2.9171097611930294 13
      vertex -15.985270966048386 -2.9423558412096913 13
    endloop
  endfacet
  facet normal 0 0 -1
    outer loop
      vertex -19.602143532144094 -9.98779099427003 13
      vertex -15.635377287183536 -2.990752001199384 13
      vertex -15.517779447277206 -2.9976871087221686 13
    endloop
  endfacet
  facet normal 0 0 -1
    outer loop
      vertex -19.979149824151786 -9.210514225823418 13
      vertex -15.985270966048386 -2.9423558412096913 13
      vertex -15.869303395120692 -2.9630650217854133 13
    endloop
  endfacet
  facet normal 0 0 -1
    outer loop
      vertex -19.979149824151786 -9.210514225823418 13
      vertex -15.869303395120692 -2.9630650217854133 13
      vertex -15.752612192373514 -2.9792053708647788 13
    endloop
  endfacet
  facet normal 0 0 -1
    outer loop
      vertex -19.979149824151786 -9.210514225823418 13
      vertex -15.752612192373514 -2.9792053708647788 13
      vertex -15.635377287183536 -2.990752001199384 13
    endloop
  endfacet
  facet normal 0 0 -1
    outer loop
      vertex -20.64020939029465 -7.614575255704845 13
      vertex -16.43835117123248 -2.8145740077674524 13
      vertex -16.327050983124842 -2.8531695488854605 13
    endloop
  endfacet
  facet normal 0 0 -1
    outer loop
      vertex -20.64020939029465 -7.614575255704845 13
      vertex -16.327050983124842 -2.8531695488854605 13
      vertex -16.214321349595224 -2.887365709360942 13
    endloop
  endfacet
  facet normal 0 0 -1
    outer loop
      vertex -18.75808361579003 -11.494968423750873 13
      vertex -15.164622712816465 -2.990752001199384 13
      vertex -15.047387807626487 -2.9792053708647788 13
    endloop
  endfacet
  facet normal 0 0 -1
    outer loop
      vertex -18.75808361579003 -11.494968423750873 13
      vertex -15.047387807626487 -2.9792053708647788 13
      vertex -14.930696604879309 -2.9630650217854133 13
    endloop
  endfacet
  facet normal 0 0 -1
    outer loop
      vertex -18.292331470655995 -12.222545126431248 13
      vertex -14.930696604879309 -2.9630650217854133 13
      vertex -14.814729033951615 -2.9423558412096913 13
    endloop
  endfacet
  facet normal 0 0 -1
    outer loop
      vertex -16.72893124320068 -14.28785706326404 13
      vertex -14.361648828767521 -2.8145740077674524 13
      vertex -14.251949702904732 -2.77163859753386 13
    endloop
  endfacet
  facet normal 0 0 -1
    outer loop
      vertex -16.72893124320068 -14.28785706326404 13
      vertex -14.251949702904732 -2.77163859753386 13
      vertex -14.144020787387717 -2.7244295214752436 13
    endloop
  endfacet
  facet normal 0 0 -1
    outer loop
      vertex -17.798373876248846 -12.931275550434409 13
      vertex -14.699663908432285 -2.9171097611930294 13
      vertex -14.585678650404777 -2.887365709360942 13
    endloop
  endfacet
  facet normal 0 0 -1
    outer loop
      vertex -18.292331470655995 -12.222545126431248 13
      vertex -14.814729033951615 -2.9423558412096913 13
      vertex -14.699663908432285 -2.9171097611930294 13
    endloop
  endfacet
  facet normal 0 0 -1
    outer loop
      vertex -17.27697247937639 -13.620066884816348 13
      vertex -14.585678650404777 -2.887365709360942 13
      vertex -14.472949016875159 -2.8531695488854605 13
    endloop
  endfacet
  facet normal 0 0 -1
    outer loop
      vertex -17.27697247937639 -13.620066884816348 13
      vertex -14.472949016875159 -2.8531695488854605 13
      vertex -14.361648828767521 -2.8145740077674524 13
    endloop
  endfacet
  facet normal 0 0 -1
    outer loop
      vertex -19.602143532144094 -9.98779099427003 13
      vertex -15.517779447277206 -2.9976871087221686 13
      vertex -15.4 -3 13
    endloop
  endfacet
  facet normal 0 0 -1
    outer loop
      vertex -19.19491215560154 -10.74966731293301 13
      vertex -15.4 -3 13
      vertex -15.282220552722794 -2.9976871087221686 13
    endloop
  endfacet
  facet normal 0 0 -1
    outer loop
      vertex -19.19491215560154 -10.74966731293301 13
      vertex -15.282220552722794 -2.9976871087221686 13
      vertex -15.164622712816465 -2.990752001199384 13
    endloop
  endfacet
  facet normal 0 0 -1
    outer loop
      vertex -21.17401520198024 -5.971689897031633 13
      vertex -17.2572818479295 -2.355950792642235 13
      vertex -17.16335575687742 -2.4270509831248424 13
    endloop
  endfacet
  facet normal 0 0 -1
    outer loop
      vertex -21.17401520198024 -5.971689897031633 13
      vertex -17.066710699058806 -2.4944088369076356 13
      vertex -16.967495694147846 -2.557920493062277 13
    endloop
  endfacet
  facet normal 0 0 -1
    outer loop
      vertex -21.17401520198024 -5.971689897031633 13
      vertex -17.16335575687742 -2.4270509831248424 13
      vertex -17.066710699058806 -2.4944088369076356 13
    endloop
  endfacet
  facet normal 0 0 -1
    outer loop
      vertex -21.17401520198024 -5.971689897031633 13
      vertex -16.967495694147846 -2.557920493062277 13
      vertex -16.865863724490865 -2.6174880212183913 13
    endloop
  endfacet
  facet normal 0 0 -1
    outer loop
      vertex -21.392138248748886 -5.135798004829919 13
      vertex -17.436402236598827 -2.202967528307057 13
      vertex -17.348344144990552 -2.2812178968000927 13
    endloop
  endfacet
  facet normal 0 0 -1
    outer loop
      vertex -21.392138248748886 -5.135798004829919 13
      vertex -17.348344144990552 -2.2812178968000927 13
      vertex -17.2572818479295 -2.355950792642235 13
    endloop
  endfacet
  facet normal 0 0 -1
    outer loop
      vertex -13.620066884816348 -17.27697247937639 13
      vertex -14.28785706326404 -16.72893124320068 13
      vertex -2.7244295214752436 -14.144020787387717 13
    endloop
  endfacet
  facet normal 0 0 -1
    outer loop
      vertex -12.931275550434409 -17.798373876248846 13
      vertex -13.620066884816348 -17.27697247937639 13
      vertex -2.8145740077674524 -14.361648828767521 13
    endloop
  endfacet
  facet normal 0 0 -1
    outer loop
      vertex -11.494968423750873 -18.75808361579003 13
      vertex -12.222545126431248 -18.292331470655995 13
      vertex -2.9171097611930294 -14.699663908432285 13
    endloop
  endfacet
  facet normal 0 0 -1
    outer loop
      vertex -9.98779099427003 -19.602143532144094 13
      vertex -10.74966731293301 -19.19491215560154 13
      vertex -2.990752001199384 -15.164622712816465 13
    endloop
  endfacet
  facet normal 0 0 -1
    outer loop
      vertex -10.74966731293301 -19.19491215560154 13
      vertex -11.494968423750873 -18.75808361579003 13
      vertex -2.9630650217854133 -14.930696604879309 13
    endloop
  endfacet
  facet normal 0 0 -1
    outer loop
      vertex -12.222545126431248 -18.292331470655995 13
      vertex -12.931275550434409 -17.798373876248846 13
      vertex -2.8531695488854605 -14.472949016875159 13
    endloop
  endfacet
  facet normal 0 0 -1
    outer loop
      vertex -7.614575255704845 -20.64020939029465 13
      vertex -8.419035512031975 -20.325349715248308 13
      vertex -2.9423558412096913 -15.985270966048386 13
    endloop
  endfacet
  facet normal 0 0 -1
    outer loop
      vertex -6.798373876248843 -20.923243358493377 13
      vertex -7.614575255704845 -20.64020939029465 13
      vertex -2.8531695488854605 -16.327050983124842 13
    endloop
  endfacet
  facet normal 0 0 -1
    outer loop
      vertex -5.971689897031633 -21.17401520198024 13
      vertex -6.798373876248843 -20.923243358493377 13
      vertex -2.77163859753386 -16.54805029709527 13
    endloop
  endfacet
  facet normal 0 0 -1
    outer loop
      vertex -5.135798004829919 -21.392138248748886 13
      vertex -5.971689897031633 -21.17401520198024 13
      vertex -2.557920493062277 -16.967495694147846 13
    endloop
  endfacet
  facet normal 0 0 -1
    outer loop
      vertex -4.291987084354822 -21.57727616887107 13
      vertex -5.135798004829919 -21.392138248748886 13
      vertex -2.355950792642235 -17.2572818479295 13
    endloop
  endfacet
  facet normal 0 0 -1
    outer loop
      vertex -9.210514225823418 -19.979149824151786 13
      vertex -9.98779099427003 -19.602143532144094 13
      vertex -3 -15.4 13
    endloop
  endfacet
  facet normal 0 0 -1
    outer loop
      vertex -8.419035512031975 -20.325349715248308 13
      vertex -9.210514225823418 -19.979149824151786 13
      vertex -2.990752001199384 -15.635377287183536 13
    endloop
  endfacet
  facet normal 0 0 -1
    outer loop
      vertex -11.494968423750873 -18.75808361579003 13
      vertex -2.9423558412096913 -14.814729033951615 13
      vertex -2.9630650217854133 -14.930696604879309 13
    endloop
  endfacet
  facet normal 0 0 -1
    outer loop
      vertex -11.494968423750873 -18.75808361579003 13
      vertex -2.9171097611930294 -14.699663908432285 13
      vertex -2.9423558412096913 -14.814729033951615 13
    endloop
  endfacet
  facet normal 0 0 -1
    outer loop
      vertex -12.931275550434409 -17.798373876248846 13
      vertex -2.8145740077674524 -14.361648828767521 13
      vertex -2.8531695488854605 -14.472949016875159 13
    endloop
  endfacet
  facet normal 0 0 -1
    outer loop
      vertex -13.620066884816348 -17.27697247937639 13
      vertex -2.77163859753386 -14.251949702904732 13
      vertex -2.8145740077674524 -14.361648828767521 13
    endloop
  endfacet
  facet normal 0 0 -1
    outer loop
      vertex -13.620066884816348 -17.27697247937639 13
      vertex -2.7244295214752436 -14.144020787387717 13
      vertex -2.77163859753386 -14.251949702904732 13
    endloop
  endfacet
  facet normal 0 0 -1
    outer loop
      vertex -12.222545126431248 -18.292331470655995 13
      vertex -2.887365709360942 -14.585678650404777 13
      vertex -2.9171097611930294 -14.699663908432285 13
    endloop
  endfacet
  facet normal 0 0 -1
    outer loop
      vertex -12.222545126431248 -18.292331470655995 13
      vertex -2.8531695488854605 -14.472949016875159 13
      vertex -2.887365709360942 -14.585678650404777 13
    endloop
  endfacet
  facet normal 0 0 -1
    outer loop
      vertex -8.419035512031975 -20.325349715248308 13
      vertex -2.9630650217854133 -15.869303395120692 13
      vertex -2.9423558412096913 -15.985270966048386 13
    endloop
  endfacet
  facet normal 0 0 -1
    outer loop
      vertex -9.210514225823418 -19.979149824151786 13
      vertex -2.9976871087221686 -15.517779447277206 13
      vertex -2.990752001199384 -15.635377287183536 13
    endloop
  endfacet
  facet normal 0 0 -1
    outer loop
      vertex -9.210514225823418 -19.979149824151786 13
      vertex -3 -15.4 13
      vertex -2.9976871087221686 -15.517779447277206 13
    endloop
  endfacet
  facet normal 0 0 -1
    outer loop
      vertex -8.419035512031975 -20.325349715248308 13
      vertex -2.9792053708647788 -15.752612192373514 13
      vertex -2.9630650217854133 -15.869303395120692 13
    endloop
  endfacet
  facet normal 0 0 -1
    outer loop
      vertex -8.419035512031975 -20.325349715248308 13
      vertex -2.990752001199384 -15.635377287183536 13
      vertex -2.9792053708647788 -15.752612192373514 13
    endloop
  endfacet
  facet normal 0 0 -1
    outer loop
      vertex -6.798373876248843 -20.923243358493377 13
      vertex -2.8145740077674524 -16.43835117123248 13
      vertex -2.77163859753386 -16.54805029709527 13
    endloop
  endfacet
  facet normal 0 0 -1
    outer loop
      vertex -6.798373876248843 -20.923243358493377 13
      vertex -2.8531695488854605 -16.327050983124842 13
      vertex -2.8145740077674524 -16.43835117123248 13
    endloop
  endfacet
  facet normal 0 0 -1
    outer loop
      vertex -5.971689897031633 -21.17401520198024 13
      vertex -2.673019572565104 -16.761971499218642 13
      vertex -2.6174880212183913 -16.865863724490865 13
    endloop
  endfacet
  facet normal 0 0 -1
    outer loop
      vertex -5.971689897031633 -21.17401520198024 13
      vertex -2.7244295214752436 -16.655979212612284 13
      vertex -2.673019572565104 -16.761971499218642 13
    endloop
  endfacet
  facet normal 0 0 -1
    outer loop
      vertex -5.971689897031633 -21.17401520198024 13
      vertex -2.77163859753386 -16.54805029709527 13
      vertex -2.7244295214752436 -16.655979212612284 13
    endloop
  endfacet
  facet normal 0 0 -1
    outer loop
      vertex -7.614575255704845 -20.64020939029465 13
      vertex -2.9171097611930294 -16.100336091567716 13
      vertex -2.887365709360942 -16.214321349595224 13
    endloop
  endfacet
  facet normal 0 0 -1
    outer loop
      vertex -7.614575255704845 -20.64020939029465 13
      vertex -2.9423558412096913 -15.985270966048386 13
      vertex -2.9171097611930294 -16.100336091567716 13
    endloop
  endfacet
  facet normal 0 0 -1
    outer loop
      vertex -7.614575255704845 -20.64020939029465 13
      vertex -2.887365709360942 -16.214321349595224 13
      vertex -2.8531695488854605 -16.327050983124842 13
    endloop
  endfacet
  facet normal 0 0 -1
    outer loop
      vertex -10.74966731293301 -19.19491215560154 13
      vertex -2.9792053708647788 -15.047387807626487 13
      vertex -2.990752001199384 -15.164622712816465 13
    endloop
  endfacet
  facet normal 0 0 -1
    outer loop
      vertex -9.98779099427003 -19.602143532144094 13
      vertex -2.9976871087221686 -15.282220552722794 13
      vertex -3 -15.4 13
    endloop
  endfacet
  facet normal 0 0 -1
    outer loop
      vertex -9.98779099427003 -19.602143532144094 13
      vertex -2.990752001199384 -15.164622712816465 13
      vertex -2.9976871087221686 -15.282220552722794 13
    endloop
  endfacet
  facet normal 0 0 -1
    outer loop
      vertex -10.74966731293301 -19.19491215560154 13
      vertex -2.9630650217854133 -14.930696604879309 13
      vertex -2.9792053708647788 -15.047387807626487 13
    endloop
  endfacet
  facet normal 0 0 -1
    outer loop
      vertex -3.441558230885079 -21.72914349309303 13
      vertex -4.291987084354822 -21.57727616887107 13
      vertex -2.0364022365988252 -17.602967528307058 13
    endloop
  endfacet
  facet normal 0 0 -1
    outer loop
      vertex -4.291987084354822 -21.57727616887107 13
      vertex -2.121320343559643 -17.521320343559644 13
      vertex -2.0364022365988252 -17.602967528307058 13
    endloop
  endfacet
  facet normal 0 0 -1
    outer loop
      vertex -4.291987084354822 -21.57727616887107 13
      vertex -2.202967528307057 -17.436402236598827 13
      vertex -2.121320343559643 -17.521320343559644 13
    endloop
  endfacet
  facet normal 0 0 -1
    outer loop
      vertex -4.291987084354822 -21.57727616887107 13
      vertex -2.2812178968000927 -17.348344144990552 13
      vertex -2.202967528307057 -17.436402236598827 13
    endloop
  endfacet
  facet normal 0 0 -1
    outer loop
      vertex -2.585822744072428 -21.847506053008377 13
      vertex -3.441558230885079 -21.72914349309303 13
      vertex -1.7633557568774194 -17.827050983124842 13
    endloop
  endfacet
  facet normal 0 0 -1
    outer loop
      vertex -1.7261001060125887 -21.932181342128814 13
      vertex -2.585822744072428 -21.847506053008377 13
      vertex -1.3619714992186405 -18.073019572565105 13
    endloop
  endfacet
  facet normal 0 0 -1
    outer loop
      vertex -3.441558230885079 -21.72914349309303 13
      vertex -2.0364022365988252 -17.602967528307058 13
      vertex -1.948344144990551 -17.681217896800092 13
    endloop
  endfacet
  facet normal 0 0 -1
    outer loop
      vertex -3.441558230885079 -21.72914349309303 13
      vertex -1.857281847929502 -17.755950792642235 13
      vertex -1.7633557568774194 -17.827050983124842 13
    endloop
  endfacet
  facet normal 0 0 -1
    outer loop
      vertex -3.441558230885079 -21.72914349309303 13
      vertex -1.948344144990551 -17.681217896800092 13
      vertex -1.857281847929502 -17.755950792642235 13
    endloop
  endfacet
  facet normal 0 0 -1
    outer loop
      vertex -2.585822744072428 -21.847506053008377 13
      vertex -1.6667106990588065 -17.894408836907637 13
      vertex -1.5674956941478464 -17.95792049306228 13
    endloop
  endfacet
  facet normal 0 0 -1
    outer loop
      vertex -2.585822744072428 -21.847506053008377 13
      vertex -1.7633557568774194 -17.827050983124842 13
      vertex -1.6667106990588065 -17.894408836907637 13
    endloop
  endfacet
  facet normal 0 0 -1
    outer loop
      vertex -0.8637159466995095 -21.983038797295904 13
      vertex -1.7261001060125887 -21.932181342128814 13
      vertex -0.9270509831248421 -18.25316954888546 13
    endloop
  endfacet
  facet normal 0 0 -1
    outer loop
      vertex -0.8637159466995095 -21.983038797295904 13
      vertex -0.46930339512069263 -18.363065021785413 13
      vertex 0 -22 13
    endloop
  endfacet
  facet normal 0 0 -1
    outer loop
      vertex -2.585822744072428 -21.847506053008377 13
      vertex -1.4658637244908648 -18.01748802121839 13
      vertex -1.3619714992186405 -18.073019572565105 13
    endloop
  endfacet
  facet normal 0 0 -1
    outer loop
      vertex -2.585822744072428 -21.847506053008377 13
      vertex -1.5674956941478464 -17.95792049306228 13
      vertex -1.4658637244908648 -18.01748802121839 13
    endloop
  endfacet
  facet normal 0 0 -1
    outer loop
      vertex -1.7261001060125887 -21.932181342128814 13
      vertex -1.3619714992186405 -18.073019572565105 13
      vertex -1.2559792126122842 -18.124429521475243 13
    endloop
  endfacet
  facet normal 0 0 -1
    outer loop
      vertex -1.7261001060125887 -21.932181342128814 13
      vertex -1.0383511712324789 -18.214574007767453 13
      vertex -0.9270509831248421 -18.25316954888546 13
    endloop
  endfacet
  facet normal 0 0 -1
    outer loop
      vertex -1.7261001060125887 -21.932181342128814 13
      vertex -1.1480502970952693 -18.17163859753386 13
      vertex -1.0383511712324789 -18.214574007767453 13
    endloop
  endfacet
  facet normal 0 0 -1
    outer loop
      vertex -1.7261001060125887 -21.932181342128814 13
      vertex -1.2559792126122842 -18.124429521475243 13
      vertex -1.1480502970952693 -18.17163859753386 13
    endloop
  endfacet
  facet normal 0 0 -1
    outer loop
      vertex -0.8637159466995095 -21.983038797295904 13
      vertex -0.9270509831248421 -18.25316954888546 13
      vertex -0.8143213495952228 -18.28736570936094 13
    endloop
  endfacet
  facet normal 0 0 -1
    outer loop
      vertex -0.8637159466995095 -21.983038797295904 13
      vertex -0.7003360915677161 -18.31710976119303 13
      vertex -0.5852709660483848 -18.34235584120969 13
    endloop
  endfacet
  facet normal 0 0 -1
    outer loop
      vertex -0.8637159466995095 -21.983038797295904 13
      vertex -0.8143213495952228 -18.28736570936094 13
      vertex -0.7003360915677161 -18.31710976119303 13
    endloop
  endfacet
  facet normal 0 0 -1
    outer loop
      vertex -0.8637159466995095 -21.983038797295904 13
      vertex -0.5852709660483848 -18.34235584120969 13
      vertex -0.46930339512069263 -18.363065021785413 13
    endloop
  endfacet
  facet normal 0 0 -1
    outer loop
      vertex 0 -22 13
      vertex -0.46930339512069263 -18.363065021785413 13
      vertex -0.35261219237351293 -18.379205370864778 13
    endloop
  endfacet
  facet normal 0 0 -1
    outer loop
      vertex 0 -22 13
      vertex -0.23537728718353484 -18.390752001199385 13
      vertex -0.11777944727720582 -18.39768710872217 13
    endloop
  endfacet
  facet normal 0 0 -1
    outer loop
      vertex 0 -22 13
      vertex -0.35261219237351293 -18.379205370864778 13
      vertex -0.23537728718353484 -18.390752001199385 13
    endloop
  endfacet
  facet normal 0 0 -1
    outer loop
      vertex 0 -22 13
      vertex -0.11777944727720582 -18.39768710872217 13
      vertex 0 -18.4 13
    endloop
  endfacet
  facet normal 0 0 -1
    outer loop
      vertex -5.971689897031633 -21.17401520198024 13
      vertex -2.6174880212183913 -16.865863724490865 13
      vertex -2.557920493062277 -16.967495694147846 13
    endloop
  endfacet
  facet normal 0 0 -1
    outer loop
      vertex -5.135798004829919 -21.392138248748886 13
      vertex -2.4270509831248424 -17.16335575687742 13
      vertex -2.355950792642235 -17.2572818479295 13
    endloop
  endfacet
  facet normal 0 0 -1
    outer loop
      vertex -5.135798004829919 -21.392138248748886 13
      vertex -2.4944088369076356 -17.066710699058806 13
      vertex -2.4270509831248424 -17.16335575687742 13
    endloop
  endfacet
  facet normal 0 0 -1
    outer loop
      vertex -5.135798004829919 -21.392138248748886 13
      vertex -2.557920493062277 -16.967495694147846 13
      vertex -2.4944088369076356 -17.066710699058806 13
    endloop
  endfacet
  facet normal 0 0 -1
    outer loop
      vertex -4.291987084354822 -21.57727616887107 13
      vertex -2.355950792642235 -17.2572818479295 13
      vertex -2.2812178968000927 -17.348344144990552 13
    endloop
  endfacet
  facet normal 0 0 -1
    outer loop
      vertex -14.93361640172472 -16.15509520758508 13
      vertex -15.556349186104047 -15.556349186104047 13
      vertex -13.934136275509136 -2.6174880212183913 13
    endloop
  endfacet
  facet normal 0 0 -1
    outer loop
      vertex -14.28785706326404 -16.72893124320068 13
      vertex -14.93361640172472 -16.15509520758508 13
      vertex -13.832504305852154 -2.557920493062277 13
    endloop
  endfacet
  facet normal 0 0 -1
    outer loop
      vertex -14.28785706326404 -16.72893124320068 13
      vertex -13.733289300941195 -2.4944088369076356 13
      vertex -2.7244295214752436 -14.144020787387717 13
    endloop
  endfacet
  facet normal 0 0 -1
    outer loop
      vertex -16.15509520758508 -14.93361640172472 13
      vertex -14.144020787387717 -2.7244295214752436 13
      vertex -14.03802850078136 -2.673019572565104 13
    endloop
  endfacet
  facet normal 0 0 -1
    outer loop
      vertex -14.93361640172472 -16.15509520758508 13
      vertex -13.934136275509136 -2.6174880212183913 13
      vertex -13.832504305852154 -2.557920493062277 13
    endloop
  endfacet
  facet normal 0 0 -1
    outer loop
      vertex -15.556349186104047 -15.556349186104047 13
      vertex -14.03802850078136 -2.673019572565104 13
      vertex -13.934136275509136 -2.6174880212183913 13
    endloop
  endfacet
  facet normal 0 0 -1
    outer loop
      vertex -14.28785706326404 -16.72893124320068 13
      vertex -13.832504305852154 -2.557920493062277 13
      vertex -13.733289300941195 -2.4944088369076356 13
    endloop
  endfacet
  facet normal 0 0 -1
    outer loop
      vertex -13.63664424312258 -2.4270509831248424 13
      vertex -2.4270509831248424 -13.63664424312258 13
      vertex -13.733289300941195 -2.4944088369076356 13
    endloop
  endfacet
  facet normal 0 0 -1
    outer loop
      vertex -13.5427181520705 -2.355950792642235 13
      vertex -2.355950792642235 -13.5427181520705 13
      vertex -13.63664424312258 -2.4270509831248424 13
    endloop
  endfacet
  facet normal 0 0 -1
    outer loop
      vertex -13.451655855009449 -2.2812178968000927 13
      vertex -2.2812178968000927 -13.451655855009449 13
      vertex -13.5427181520705 -2.355950792642235 13
    endloop
  endfacet
  facet normal 0 0 -1
    outer loop
      vertex -13.363597763401176 -2.202967528307057 13
      vertex -2.202967528307057 -13.363597763401176 13
      vertex -13.451655855009449 -2.2812178968000927 13
    endloop
  endfacet
  facet normal 0 0 -1
    outer loop
      vertex -13.278679656440357 -2.121320343559643 13
      vertex -2.121320343559643 -13.278679656440357 13
      vertex -13.363597763401176 -2.202967528307057 13
    endloop
  endfacet
  facet normal 0 0 -1
    outer loop
      vertex -13.197032471692943 -2.0364022365988252 13
      vertex -2.0364022365988252 -13.197032471692943 13
      vertex -13.278679656440357 -2.121320343559643 13
    endloop
  endfacet
  facet normal 0 0 -1
    outer loop
      vertex -13.118782103199909 -1.948344144990551 13
      vertex -1.948344144990551 -13.118782103199909 13
      vertex -13.197032471692943 -2.0364022365988252 13
    endloop
  endfacet
  facet normal 0 0 -1
    outer loop
      vertex -3.533745852285817 -2.361173490333309 13
      vertex -13.118782103199909 -1.948344144990551 13
      vertex -13.044049207357766 -1.857281847929502 13
    endloop
  endfacet
  facet normal 0 0 -1
    outer loop
      vertex -3.623720698504892 -2.2206189000427825 13
      vertex -13.044049207357766 -1.857281847929502 13
      vertex -12.972949016875159 -1.7633557568774194 13
    endloop
  endfacet
  facet normal 0 0 -1
    outer loop
      vertex -3.708108030059388 -2.0766402763620584 13
      vertex -12.972949016875159 -1.7633557568774194 13
      vertex -12.905591163092364 -1.6667106990588065 13
    endloop
  endfacet
  facet normal 0 0 -1
    outer loop
      vertex -3.7867777278005637 -1.929459623893074 13
      vertex -12.905591163092364 -1.6667106990588065 13
      vertex -12.842079506937724 -1.5674956941478464 13
    endloop
  endfacet
  facet normal 0 0 -1
    outer loop
      vertex -3.7867777278005637 -1.929459623893074 13
      vertex -12.842079506937724 -1.5674956941478464 13
      vertex -12.78251197878161 -1.4658637244908648 13
    endloop
  endfacet
  facet normal 0 0 -1
    outer loop
      vertex -3.8596084887565953 -1.7793038845340694 13
      vertex -12.78251197878161 -1.4658637244908648 13
      vertex -12.726980427434896 -1.3619714992186405 13
    endloop
  endfacet
  facet normal 0 0 -1
    outer loop
      vertex -3.9264880131729685 -1.6264045875516315 13
      vertex -12.726980427434896 -1.3619714992186405 13
      vertex -12.675570478524756 -1.2559792126122842 13
    endloop
  endfacet
  facet normal 0 0 -1
    outer loop
      vertex -3.9873131776705577 -1.470997492579345 13
      vertex -12.675570478524756 -1.2559792126122842 13
      vertex -12.62836140246614 -1.1480502970952693 13
    endloop
  endfacet
  facet normal 0 0 -1
    outer loop
      vertex -4.041990194254402 -1.3133222260935264 13
      vertex -12.62836140246614 -1.1480502970952693 13
      vertex -12.585425992232548 -1.0383511712324789 13
    endloop
  endfacet
  facet normal 0 0 -1
    outer loop
      vertex -4.090434754928001 -1.1536219119265656 13
      vertex -12.585425992232548 -1.0383511712324789 13
      vertex -12.54683045111454 -0.9270509831248421 13
    endloop
  endfacet
  facet normal 0 0 -1
    outer loop
      vertex -4.132572161690125 -0.992142796387598 13
      vertex -12.54683045111454 -0.9270509831248421 13
      vertex -12.512634290639058 -0.8143213495952228 13
    endloop
  endfacet
  facet normal 0 0 -1
    outer loop
      vertex -4.132572161690125 -0.992142796387598 13
      vertex -12.512634290639058 -0.8143213495952228 13
      vertex -12.48289023880697 -0.7003360915677161 13
    endloop
  endfacet
  facet normal 0 0 -1
    outer loop
      vertex -4.16833744171373 -0.8291338685685451 13
      vertex -12.48289023880697 -0.7003360915677161 13
      vertex -12.457644158790309 -0.5852709660483848 13
    endloop
  endfacet
  facet normal 0 0 -1
    outer loop
      vertex -4.197675447529336 -0.6648464764209812 13
      vertex -12.457644158790309 -0.5852709660483848 13
      vertex -12.436934978214587 -0.46930339512069263 13
    endloop
  endfacet
  facet normal 0 0 -1
    outer loop
      vertex -4.220540942058436 -0.49953393919581 13
      vertex -12.436934978214587 -0.46930339512069263 13
      vertex -12.420794629135221 -0.35261219237351293 13
    endloop
  endfacet
  facet normal 0 0 -1
    outer loop
      vertex -4.236898668365794 -0.33345115684334103 13
      vertex -12.420794629135221 -0.35261219237351293 13
      vertex -12.409247998800616 -0.23537728718353484 13
    endloop
  endfacet
  facet normal 0 0 -1
    outer loop
      vertex -4.246723404023072 -0.16685421697604158 13
      vertex -12.409247998800616 -0.23537728718353484 13
      vertex -12.402312891277832 -0.11777944727720582 13
    endloop
  endfacet
  facet normal 0 0 -1
    outer loop
      vertex -4.25 0 13
      vertex -12.402312891277832 -0.11777944727720582 13
      vertex -12.4 0 13
    endloop
  endfacet
  facet normal 0 0 -1
    outer loop
      vertex -13.733289300941195 -2.4944088369076356 13
      vertex -2.673019572565104 -14.03802850078136 13
      vertex -2.7244295214752436 -14.144020787387717 13
    endloop
  endfacet
  facet normal 0 0 -1
    outer loop
      vertex -13.733289300941195 -2.4944088369076356 13
      vertex -2.6174880212183913 -13.934136275509136 13
      vertex -2.673019572565104 -14.03802850078136 13
    endloop
  endfacet
  facet normal 0 0 -1
    outer loop
      vertex -13.733289300941195 -2.4944088369076356 13
      vertex -2.557920493062277 -13.832504305852154 13
      vertex -2.6174880212183913 -13.934136275509136 13
    endloop
  endfacet
  facet normal 0 0 -1
    outer loop
      vertex -13.733289300941195 -2.4944088369076356 13
      vertex -2.4944088369076356 -13.733289300941195 13
      vertex -2.557920493062277 -13.832504305852154 13
    endloop
  endfacet
  facet normal 0 0 -1
    outer loop
      vertex -13.733289300941195 -2.4944088369076356 13
      vertex -2.4270509831248424 -13.63664424312258 13
      vertex -2.4944088369076356 -13.733289300941195 13
    endloop
  endfacet
  facet normal 0 0 -1
    outer loop
      vertex -13.63664424312258 -2.4270509831248424 13
      vertex -2.355950792642235 -13.5427181520705 13
      vertex -2.4270509831248424 -13.63664424312258 13
    endloop
  endfacet
  facet normal 0 0 -1
    outer loop
      vertex -13.5427181520705 -2.355950792642235 13
      vertex -2.2812178968000927 -13.451655855009449 13
      vertex -2.355950792642235 -13.5427181520705 13
    endloop
  endfacet
  facet normal 0 0 -1
    outer loop
      vertex -13.451655855009449 -2.2812178968000927 13
      vertex -2.202967528307057 -13.363597763401176 13
      vertex -2.2812178968000927 -13.451655855009449 13
    endloop
  endfacet
  facet normal 0 0 -1
    outer loop
      vertex -13.363597763401176 -2.202967528307057 13
      vertex -2.121320343559643 -13.278679656440357 13
      vertex -2.202967528307057 -13.363597763401176 13
    endloop
  endfacet
  facet normal 0 0 -1
    outer loop
      vertex -13.278679656440357 -2.121320343559643 13
      vertex -2.0364022365988252 -13.197032471692943 13
      vertex -2.121320343559643 -13.278679656440357 13
    endloop
  endfacet
  facet normal 0 0 -1
    outer loop
      vertex -13.197032471692943 -2.0364022365988252 13
      vertex -1.948344144990551 -13.118782103199909 13
      vertex -2.0364022365988252 -13.197032471692943 13
    endloop
  endfacet
  facet normal 0 0 -1
    outer loop
      vertex -2.361173490333309 -3.533745852285817 13
      vertex -1.857281847929502 -13.044049207357766 13
      vertex -1.948344144990551 -13.118782103199909 13
    endloop
  endfacet
  facet normal 0 0 -1
    outer loop
      vertex -2.2206189000427825 -3.623720698504892 13
      vertex -1.7633557568774194 -12.972949016875159 13
      vertex -1.857281847929502 -13.044049207357766 13
    endloop
  endfacet
  facet normal 0 0 -1
    outer loop
      vertex -2.2206189000427825 -3.623720698504892 13
      vertex -1.6667106990588065 -12.905591163092364 13
      vertex -1.7633557568774194 -12.972949016875159 13
    endloop
  endfacet
  facet normal 0 0 -1
    outer loop
      vertex -2.0766402763620584 -3.708108030059388 13
      vertex -1.5674956941478464 -12.842079506937724 13
      vertex -1.6667106990588065 -12.905591163092364 13
    endloop
  endfacet
  facet normal 0 0 -1
    outer loop
      vertex -1.929459623893074 -3.7867777278005637 13
      vertex -1.4658637244908648 -12.78251197878161 13
      vertex -1.5674956941478464 -12.842079506937724 13
    endloop
  endfacet
  facet normal 0 0 -1
    outer loop
      vertex -1.7793038845340694 -3.8596084887565953 13
      vertex -1.3619714992186405 -12.726980427434896 13
      vertex -1.4658637244908648 -12.78251197878161 13
    endloop
  endfacet
  facet normal 0 0 -1
    outer loop
      vertex -1.6264045875516315 -3.9264880131729685 13
      vertex -1.2559792126122842 -12.675570478524756 13
      vertex -1.3619714992186405 -12.726980427434896 13
    endloop
  endfacet
  facet normal 0 0 -1
    outer loop
      vertex -1.470997492579345 -3.9873131776705577 13
      vertex -1.1480502970952693 -12.62836140246614 13
      vertex -1.2559792126122842 -12.675570478524756 13
    endloop
  endfacet
  facet normal 0 0 -1
    outer loop
      vertex -1.3133222260935264 -4.041990194254402 13
      vertex -1.0383511712324789 -12.585425992232548 13
      vertex -1.1480502970952693 -12.62836140246614 13
    endloop
  endfacet
  facet normal 0 0 -1
    outer loop
      vertex -1.1536219119265656 -4.090434754928001 13
      vertex -0.9270509831248421 -12.54683045111454 13
      vertex -1.0383511712324789 -12.585425992232548 13
    endloop
  endfacet
  facet normal 0 0 -1
    outer loop
      vertex -1.1536219119265656 -4.090434754928001 13
      vertex -0.8143213495952228 -12.512634290639058 13
      vertex -0.9270509831248421 -12.54683045111454 13
    endloop
  endfacet
  facet normal 0 0 -1
    outer loop
      vertex -0.992142796387598 -4.132572161690125 13
      vertex -0.7003360915677161 -12.48289023880697 13
      vertex -0.8143213495952228 -12.512634290639058 13
    endloop
  endfacet
  facet normal 0 0 -1
    outer loop
      vertex -0.8291338685685451 -4.16833744171373 13
      vertex -0.5852709660483848 -12.457644158790309 13
      vertex -0.7003360915677161 -12.48289023880697 13
    endloop
  endfacet
  facet normal 0 0 -1
    outer loop
      vertex -0.6648464764209812 -4.197675447529336 13
      vertex -0.46930339512069263 -12.436934978214587 13
      vertex -0.5852709660483848 -12.457644158790309 13
    endloop
  endfacet
  facet normal 0 0 -1
    outer loop
      vertex -0.49953393919581 -4.220540942058436 13
      vertex -0.35261219237351293 -12.420794629135221 13
      vertex -0.46930339512069263 -12.436934978214587 13
    endloop
  endfacet
  facet normal 0 0 -1
    outer loop
      vertex -0.33345115684334103 -4.236898668365794 13
      vertex -0.23537728718353484 -12.409247998800616 13
      vertex -0.35261219237351293 -12.420794629135221 13
    endloop
  endfacet
  facet normal 0 0 -1
    outer loop
      vertex -0.33345115684334103 -4.236898668365794 13
      vertex -0.11777944727720582 -12.402312891277832 13
      vertex -0.23537728718353484 -12.409247998800616 13
    endloop
  endfacet
  facet normal 0 0 -1
    outer loop
      vertex -0.16685421697604158 -4.246723404023072 13
      vertex 0 -12.4 13
      vertex -0.11777944727720582 -12.402312891277832 13
    endloop
  endfacet
  facet normal 0 0 -1
    outer loop
      vertex -2.361173490333309 -3.533745852285817 13
      vertex -1.948344144990551 -13.118782103199909 13
      vertex -13.118782103199909 -1.948344144990551 13
    endloop
  endfacet
  facet normal 0 0 -1
    outer loop
      vertex -3.2317253538001314 -2.7601542054032806 13
      vertex -13.118782103199909 -1.948344144990551 13
      vertex -3.337596956243166 -2.6311492845667943 13
    endloop
  endfacet
  facet normal 0 0 -1
    outer loop
      vertex -3.337596956243166 -2.6311492845667943 13
      vertex -13.118782103199909 -1.948344144990551 13
      vertex -3.4383222260935264 -2.498087322243011 13
    endloop
  endfacet
  facet normal 0 0 -1
    outer loop
      vertex -3.708108030059388 -2.0766402763620584 13
      vertex -12.905591163092364 -1.6667106990588065 13
      vertex -3.7867777278005637 -1.929459623893074 13
    endloop
  endfacet
  facet normal 0 0 -1
    outer loop
      vertex -3.4383222260935264 -2.498087322243011 13
      vertex -13.118782103199909 -1.948344144990551 13
      vertex -3.533745852285817 -2.361173490333309 13
    endloop
  endfacet
  facet normal 0 0 -1
    outer loop
      vertex -3.533745852285817 -2.361173490333309 13
      vertex -13.044049207357766 -1.857281847929502 13
      vertex -3.623720698504892 -2.2206189000427825 13
    endloop
  endfacet
  facet normal 0 0 -1
    outer loop
      vertex -3.623720698504892 -2.2206189000427825 13
      vertex -12.972949016875159 -1.7633557568774194 13
      vertex -3.708108030059388 -2.0766402763620584 13
    endloop
  endfacet
  facet normal 0 0 -1
    outer loop
      vertex -2.6311492845667943 -3.337596956243166 13
      vertex -13.118782103199909 -1.948344144990551 13
      vertex -2.7601542054032806 -3.2317253538001314 13
    endloop
  endfacet
  facet normal 0 0 -1
    outer loop
      vertex -2.361173490333309 -3.533745852285817 13
      vertex -13.118782103199909 -1.948344144990551 13
      vertex -2.498087322243011 -3.4383222260935264 13
    endloop
  endfacet
  facet normal 0 0 -1
    outer loop
      vertex -2.498087322243011 -3.4383222260935264 13
      vertex -13.118782103199909 -1.948344144990551 13
      vertex -2.6311492845667943 -3.337596956243166 13
    endloop
  endfacet
  facet normal 0 0 -1
    outer loop
      vertex -2.8849031685150024 -3.1208706651016636 13
      vertex -13.118782103199909 -1.948344144990551 13
      vertex -3.0052038200428273 -3.0052038200428273 13
    endloop
  endfacet
  facet normal 0 0 -1
    outer loop
      vertex -3.0052038200428273 -3.0052038200428273 13
      vertex -13.118782103199909 -1.948344144990551 13
      vertex -3.1208706651016636 -2.8849031685150024 13
    endloop
  endfacet
  facet normal 0 0 -1
    outer loop
      vertex -3.1208706651016636 -2.8849031685150024 13
      vertex -13.118782103199909 -1.948344144990551 13
      vertex -3.2317253538001314 -2.7601542054032806 13
    endloop
  endfacet
  facet normal 0 0 -1
    outer loop
      vertex -2.7601542054032806 -3.2317253538001314 13
      vertex -13.118782103199909 -1.948344144990551 13
      vertex -2.8849031685150024 -3.1208706651016636 13
    endloop
  endfacet
  facet normal 0 0 -1
    outer loop
      vertex -3.7867777278005637 -1.929459623893074 13
      vertex -12.78251197878161 -1.4658637244908648 13
      vertex -3.8596084887565953 -1.7793038845340694 13
    endloop
  endfacet
  facet normal 0 0 -1
    outer loop
      vertex -3.8596084887565953 -1.7793038845340694 13
      vertex -12.726980427434896 -1.3619714992186405 13
      vertex -3.9264880131729685 -1.6264045875516315 13
    endloop
  endfacet
  facet normal 0 0 -1
    outer loop
      vertex -3.9264880131729685 -1.6264045875516315 13
      vertex -12.675570478524756 -1.2559792126122842 13
      vertex -3.9873131776705577 -1.470997492579345 13
    endloop
  endfacet
  facet normal 0 0 -1
    outer loop
      vertex -3.9873131776705577 -1.470997492579345 13
      vertex -12.62836140246614 -1.1480502970952693 13
      vertex -4.041990194254402 -1.3133222260935264 13
    endloop
  endfacet
  facet normal 0 0 -1
    outer loop
      vertex -4.090434754928001 -1.1536219119265656 13
      vertex -12.54683045111454 -0.9270509831248421 13
      vertex -4.132572161690125 -0.992142796387598 13
    endloop
  endfacet
  facet normal 0 0 -1
    outer loop
      vertex -4.041990194254402 -1.3133222260935264 13
      vertex -12.585425992232548 -1.0383511712324789 13
      vertex -4.090434754928001 -1.1536219119265656 13
    endloop
  endfacet
  facet normal 0 0 -1
    outer loop
      vertex -4.132572161690125 -0.992142796387598 13
      vertex -12.48289023880697 -0.7003360915677161 13
      vertex -4.16833744171373 -0.8291338685685451 13
    endloop
  endfacet
  facet normal 0 0 -1
    outer loop
      vertex -4.16833744171373 -0.8291338685685451 13
      vertex -12.457644158790309 -0.5852709660483848 13
      vertex -4.197675447529336 -0.6648464764209812 13
    endloop
  endfacet
  facet normal 0 0 -1
    outer loop
      vertex -4.197675447529336 -0.6648464764209812 13
      vertex -12.436934978214587 -0.46930339512069263 13
      vertex -4.220540942058436 -0.49953393919581 13
    endloop
  endfacet
  facet normal 0 0 -1
    outer loop
      vertex -4.220540942058436 -0.49953393919581 13
      vertex -12.420794629135221 -0.35261219237351293 13
      vertex -4.236898668365794 -0.33345115684334103 13
    endloop
  endfacet
  facet normal 0 0 -1
    outer loop
      vertex -4.236898668365794 -0.33345115684334103 13
      vertex -12.409247998800616 -0.23537728718353484 13
      vertex -4.246723404023072 -0.16685421697604158 13
    endloop
  endfacet
  facet normal 0 0 -1
    outer loop
      vertex -4.246723404023072 -0.16685421697604158 13
      vertex -12.402312891277832 -0.11777944727720582 13
      vertex -4.25 0 13
    endloop
  endfacet
  facet normal 0 0 -1
    outer loop
      vertex -2.2206189000427825 -3.623720698504892 13
      vertex -1.857281847929502 -13.044049207357766 13
      vertex -2.361173490333309 -3.533745852285817 13
    endloop
  endfacet
  facet normal 0 0 -1
    outer loop
      vertex -2.0766402763620584 -3.708108030059388 13
      vertex -1.6667106990588065 -12.905591163092364 13
      vertex -2.2206189000427825 -3.623720698504892 13
    endloop
  endfacet
  facet normal 0 0 -1
    outer loop
      vertex -1.7793038845340694 -3.8596084887565953 13
      vertex -1.4658637244908648 -12.78251197878161 13
      vertex -1.929459623893074 -3.7867777278005637 13
    endloop
  endfacet
  facet normal 0 0 -1
    outer loop
      vertex -1.929459623893074 -3.7867777278005637 13
      vertex -1.5674956941478464 -12.842079506937724 13
      vertex -2.0766402763620584 -3.708108030059388 13
    endloop
  endfacet
  facet normal 0 0 -1
    outer loop
      vertex -1.6264045875516315 -3.9264880131729685 13
      vertex -1.3619714992186405 -12.726980427434896 13
      vertex -1.7793038845340694 -3.8596084887565953 13
    endloop
  endfacet
  facet normal 0 0 -1
    outer loop
      vertex -1.470997492579345 -3.9873131776705577 13
      vertex -1.2559792126122842 -12.675570478524756 13
      vertex -1.6264045875516315 -3.9264880131729685 13
    endloop
  endfacet
  facet normal 0 0 -1
    outer loop
      vertex -1.3133222260935264 -4.041990194254402 13
      vertex -1.1480502970952693 -12.62836140246614 13
      vertex -1.470997492579345 -3.9873131776705577 13
    endloop
  endfacet
  facet normal 0 0 -1
    outer loop
      vertex -1.1536219119265656 -4.090434754928001 13
      vertex -1.0383511712324789 -12.585425992232548 13
      vertex -1.3133222260935264 -4.041990194254402 13
    endloop
  endfacet
  facet normal 0 0 -1
    outer loop
      vertex -0.992142796387598 -4.132572161690125 13
      vertex -0.8143213495952228 -12.512634290639058 13
      vertex -1.1536219119265656 -4.090434754928001 13
    endloop
  endfacet
  facet normal 0 0 -1
    outer loop
      vertex -0.8291338685685451 -4.16833744171373 13
      vertex -0.7003360915677161 -12.48289023880697 13
      vertex -0.992142796387598 -4.132572161690125 13
    endloop
  endfacet
  facet normal 0 0 -1
    outer loop
      vertex -0.6648464764209812 -4.197675447529336 13
      vertex -0.5852709660483848 -12.457644158790309 13
      vertex -0.8291338685685451 -4.16833744171373 13
    endloop
  endfacet
  facet normal 0 0 -1
    outer loop
      vertex -0.49953393919581 -4.220540942058436 13
      vertex -0.46930339512069263 -12.436934978214587 13
      vertex -0.6648464764209812 -4.197675447529336 13
    endloop
  endfacet
  facet normal 0 0 -1
    outer loop
      vertex -0.33345115684334103 -4.236898668365794 13
      vertex -0.35261219237351293 -12.420794629135221 13
      vertex -0.49953393919581 -4.220540942058436 13
    endloop
  endfacet
  facet normal 0 0 -1
    outer loop
      vertex -0.16685421697604158 -4.246723404023072 13
      vertex -0.11777944727720582 -12.402312891277832 13
      vertex -0.33345115684334103 -4.236898668365794 13
    endloop
  endfacet
  facet normal 0 0 -1
    outer loop
      vertex -0.16685421697604158 -4.246723404023072 13
      vertex 0 -4.25 13
      vertex 0 -12.4 13
    endloop
  endfacet
  facet normal -0.7730104531169315 -0.6343932844631602 0
    outer loop
      vertex -42.42640686780214 -42.42640686780214 13
      vertex -42.42640686780214 -42.42640686780214 16
      vertex -49.88817673913757 -33.33421397963764 16
    endloop
  endfacet
  facet normal -0.6343932844631603 -0.7730104531169314 0
    outer loop
      vertex -42.42640686780214 -42.42640686780214 13
      vertex -33.33421397963766 -49.888176739137556 16
      vertex -42.42640686780214 -42.42640686780214 16
    endloop
  endfacet
  facet normal -0.8819212643615375 -0.47139673680133476 0
    outer loop
      vertex -55.43277195096016 -22.961005941033363 13
      vertex -49.88817673930299 -33.33421397937923 16
      vertex -55.43277195096016 -22.961005941033363 16
    endloop
  endfacet
  facet normal -0.9569403357953974 -0.29028467704615735 0
    outer loop
      vertex -58.8471168205142 -11.705419324338436 13
      vertex -55.43277195096016 -22.961005941033363 16
      vertex -58.8471168205142 -11.705419324338436 16
    endloop
  endfacet
  facet normal -0.9951847266444342 -0.09801714061143936 0
    outer loop
      vertex -60 0 16
      vertex -60 0 13
      vertex -58.8471168205142 -11.705419324338436 16
    endloop
  endfacet
  facet normal -0.47139673680133487 -0.8819212643615376 0
    outer loop
      vertex -22.961005941033363 -55.43277195096016 13
      vertex -22.961005941033363 -55.43277195096016 16
      vertex -33.3342139793792 -49.888176739303006 16
    endloop
  endfacet
  facet normal -0.29028467704615735 -0.9569403357953974 0
    outer loop
      vertex -22.961005941033363 -55.43277195096016 13
      vertex -11.705419324338436 -58.8471168205142 16
      vertex -22.961005941033363 -55.43277195096016 16
    endloop
  endfacet
  facet normal -0.09801714061143936 -0.9951847266444342 0
    outer loop
      vertex -11.705419324338436 -58.8471168205142 13
      vertex 0 -60 16
      vertex -11.705419324338436 -58.8471168205142 16
    endloop
  endfacet
  facet normal 0 1 0
    outer loop
      vertex -49.25 0 13
      vertex -60 0 13
      vertex -49.25 0 16
    endloop
  endfacet
  facet normal 0 1 0
    outer loop
      vertex -18.4 0 13
      vertex -22 0 13
      vertex -18.4 0 16
    endloop
  endfacet
  facet normal 0 1 0
    outer loop
      vertex -12.4 0 16
      vertex -4.25 0 13
      vertex -12.4 0 13
    endloop
  endfacet
  facet normal 0 1 0
    outer loop
      vertex -60 0 16
      vertex -49.25 0 16
      vertex -60 0 13
    endloop
  endfacet
  facet normal 0 1 0
    outer loop
      vertex -22 0 16
      vertex -18.4 0 16
      vertex -22 0 13
    endloop
  endfacet
  facet normal 0 1 0
    outer loop
      vertex -12.4 0 16
      vertex -4.25 0 16
      vertex -4.25 0 13
    endloop
  endfacet
  facet normal 1 0 0
    outer loop
      vertex 0 -60 16
      vertex 0 -60 13
      vertex 0 -48 13
    endloop
  endfacet
  facet normal 1 0 0
    outer loop
      vertex 0 -22 13
      vertex 0 -18.4 13
      vertex 0 -22 16
    endloop
  endfacet
  facet normal 1 0 0
    outer loop
      vertex 0 -12.4 13
      vertex 0 -4.25 13
      vertex 0 -12.4 16
    endloop
  endfacet
  facet normal 1 0 0
    outer loop
      vertex 0 -48 16
      vertex 0 -60 16
      vertex 0 -48 13
    endloop
  endfacet
  facet normal 1 0 0
    outer loop
      vertex 0 -18.4 16
      vertex 0 -22 16
      vertex 0 -18.4 13
    endloop
  endfacet
  facet normal 1 0 0
    outer loop
      vertex 0 -4.25 16
      vertex 0 -12.4 16
      vertex 0 -4.25 13
    endloop
  endfacet
endsolid OpenSCAD_Model
