solid OpenSCAD_Model
  facet normal 0 0 -1
    outer loop
      vertex 8.687668840775036 13.63741630908087 0
      vertex 8.698498123817853 13.747367864990233 0
      vertex 8.695143373431335 13.644890841737169 0
    endloop
  endfacet
  facet normal 0 0 -1
    outer loop
      vertex 8.695143373431335 13.644890841737169 0
      vertex 8.698498123817853 13.747367864990233 0
      vertex 8.746466238185462 14.037906449072578 0
    endloop
  endfacet
  facet normal 0 0 -1
    outer loop
      vertex 8.695143373431335 13.644890841737169 0
      vertex 8.746466238185462 14.037906449072578 0
      vertex 8.813333781699193 14.324685702961343 0
    endloop
  endfacet
  facet normal 0 0 -1
    outer loop
      vertex 8.695143373431335 13.644890841737169 0
      vertex 8.813333781699193 14.324685702961343 0
      vertex 8.898814417272025 14.606477593864227 0
    endloop
  endfacet
  facet normal 0 0 -1
    outer loop
      vertex 8.695143373431335 13.644890841737169 0
      vertex 8.898814417272025 14.606477593864227 0
      vertex 9.00254210369921 14.882075445642904 0
    endloop
  endfacet
  facet normal 0 0 -1
    outer loop
      vertex 8.695143373431335 13.644890841737169 0
      vertex 9.00254210369921 14.882075445642904 0
      vertex 9.124072663102904 15.150299105985507 0
    endloop
  endfacet
  facet normal 0 0 -1
    outer loop
      vertex 8.695143373431335 13.644890841737169 0
      vertex 9.124072663102904 15.150299105985507 0
      vertex 9.262885682970026 15.41 0
    endloop
  endfacet
  facet normal 0 0 -1
    outer loop
      vertex 8.695143373431335 13.644890841737169 0
      vertex 9.262885682970026 15.41 0
      vertex 9.418386744638546 15.66006604858821 0
    endloop
  endfacet
  facet normal 0 0 -1
    outer loop
      vertex 8.695143373431335 13.644890841737169 0
      vertex 9.418386744638546 15.66006604858821 0
      vertex 9.589909968689442 15.899426430539243 0
    endloop
  endfacet
  facet normal 0 0 -1
    outer loop
      vertex 8.695143373431335 13.644890841737169 0
      vertex 9.589909968689442 15.899426430539243 0
      vertex 9.7767208663446 16.12705616795031 0
    endloop
  endfacet
  facet normal 0 0 -1
    outer loop
      vertex 8.695143373431335 13.644890841737169 0
      vertex 9.7767208663446 16.12705616795031 0
      vertex 9.978019484660535 16.341980515339465 0
    endloop
  endfacet
  facet normal 0 0 -1
    outer loop
      vertex 8.695143373431335 13.644890841737169 0
      vertex 9.978019484660535 16.341980515339465 0
      vertex 10.19294383204969 16.5432791336554 0
    endloop
  endfacet
  facet normal 0 0 -1
    outer loop
      vertex 8.695143373431335 13.644890841737169 0
      vertex 10.19294383204969 16.5432791336554 0
      vertex 10.420573569460757 16.73009003131056 0
    endloop
  endfacet
  facet normal 0 0 -1
    outer loop
      vertex 8.695143373431335 13.644890841737169 0
      vertex 10.65993395141179 16.901613255361454 0
      vertex 10.65993395141179 15.609681419717624 0
    endloop
  endfacet
  facet normal 0 0 -1
    outer loop
      vertex 8.695143373431335 13.644890841737169 0
      vertex 10.420573569460757 16.73009003131056 0
      vertex 10.65993395141179 16.901613255361454 0
    endloop
  endfacet
  facet normal 0 0 -1
    outer loop
      vertex 10.857788294557817 15.462211705442186 0
      vertex 10.65993395141179 15.579305838914111 0
      vertex 10.65993395141179 15.609681419717624 0
    endloop
  endfacet
  facet normal 0 0 -1
    outer loop
      vertex 10.857788294557817 15.462211705442186 0
      vertex 10.65993395141179 15.609681419717624 0
      vertex 10.65993395141179 16.901613255361454 0
    endloop
  endfacet
  facet normal 0 0 -1
    outer loop
      vertex 10.857788294557817 15.462211705442186 0
      vertex 12.30285044036991 14.13739174972267 0
      vertex 12.240761184457488 14.079238815542512 0
    endloop
  endfacet
  facet normal 0 0 -1
    outer loop
      vertex 10.857788294557817 15.462211705442186 0
      vertex 12.368610142288663 14.191359342378606 0
      vertex 12.30285044036991 14.13739174972267 0
    endloop
  endfacet
  facet normal 0 0 -1
    outer loop
      vertex 10.857788294557817 15.462211705442186 0
      vertex 12.678905962866663 16.823074552472804 0
      vertex 12.368610142288663 14.191359342378606 0
    endloop
  endfacet
  facet normal 0 0 -1
    outer loop
      vertex 12.678905962866663 16.823074552472804 0
      vertex 12.437758697074518 14.240910495993308 0
      vertex 12.368610142288663 14.191359342378606 0
    endloop
  endfacet
  facet normal 0 0 -1
    outer loop
      vertex 12.678905962866663 16.823074552472804 0
      vertex 12.51 14.28583302491977 0
      vertex 12.437758697074518 14.240910495993308 0
    endloop
  endfacet
  facet normal 0 0 -1
    outer loop
      vertex 12.678905962866663 16.823074552472804 0
      vertex 12.585024702715298 14.325934563992494 0
      vertex 12.51 14.28583302491977 0
    endloop
  endfacet
  facet normal 0 0 -1
    outer loop
      vertex 12.678905962866663 16.823074552472804 0
      vertex 12.662511537925383 14.361043392264673 0
      vertex 12.585024702715298 14.325934563992494 0
    endloop
  endfacet
  facet normal 0 0 -1
    outer loop
      vertex 12.678905962866663 16.823074552472804 0
      vertex 12.74212869510589 14.391009168343638 0
      vertex 12.662511537925383 14.361043392264673 0
    endloop
  endfacet
  facet normal 0 0 -1
    outer loop
      vertex 12.678905962866663 16.823074552472804 0
      vertex 12.823535241366724 14.415703574175788 0
      vertex 12.74212869510589 14.391009168343638 0
    endloop
  endfacet
  facet normal 0 0 -1
    outer loop
      vertex 12.678905962866663 16.823074552472804 0
      vertex 12.906382581379033 14.4350208645242 0
      vertex 12.823535241366724 14.415703574175788 0
    endloop
  endfacet
  facet normal 0 0 -1
    outer loop
      vertex 12.678905962866663 16.823074552472804 0
      vertex 12.990315950113933 14.448878319785953 0
      vertex 12.906382581379033 14.4350208645242 0
    endloop
  endfacet
  facet normal 0 0 -1
    outer loop
      vertex 12.678905962866663 16.823074552472804 0
      vertex 13.074975932000815 14.457216600210185 0
      vertex 12.990315950113933 14.448878319785953 0
    endloop
  endfacet
  facet normal 0 0 -1
    outer loop
      vertex 12.678905962866663 16.823074552472804 0
      vertex 13.16 14.46 0
      vertex 13.074975932000815 14.457216600210185 0
    endloop
  endfacet
  facet normal 0 0 -1
    outer loop
      vertex 12.678905962866663 16.823074552472804 0
      vertex 13.245024067999186 14.457216600210185 0
      vertex 13.16 14.46 0
    endloop
  endfacet
  facet normal 0 0 -1
    outer loop
      vertex 10.857788294557817 15.462211705442186 0
      vertex 10.65993395141179 16.901613255361454 0
      vertex 10.91 17.057114317029974 0
    endloop
  endfacet
  facet normal 0 0 -1
    outer loop
      vertex 10.857788294557817 15.462211705442186 0
      vertex 10.91 17.057114317029974 0
      vertex 11.169700894014493 17.195927336897096 0
    endloop
  endfacet
  facet normal 0 0 -1
    outer loop
      vertex 10.857788294557817 15.462211705442186 0
      vertex 11.169700894014493 17.195927336897096 0
      vertex 11.437924554357096 17.31745789630079 0
    endloop
  endfacet
  facet normal 0 0 -1
    outer loop
      vertex 10.857788294557817 15.462211705442186 0
      vertex 11.437924554357096 17.31745789630079 0
      vertex 11.713522406135773 17.421185582727976 0
    endloop
  endfacet
  facet normal 0 0 -1
    outer loop
      vertex 10.857788294557817 15.462211705442186 0
      vertex 11.713522406135773 17.421185582727976 0
      vertex 11.995314297038657 17.506666218300808 0
    endloop
  endfacet
  facet normal 0 0 -1
    outer loop
      vertex 10.857788294557817 15.462211705442186 0
      vertex 11.995314297038657 17.506666218300808 0
      vertex 12.282093550927422 17.573533761814538 0
    endloop
  endfacet
  facet normal 0 0 -1
    outer loop
      vertex 10.857788294557817 15.462211705442186 0
      vertex 12.282093550927422 17.573533761814538 0
      vertex 12.572632135009767 17.621501876182148 0
    endloop
  endfacet
  facet normal 0 0 -1
    outer loop
      vertex 10.857788294557817 15.462211705442186 0
      vertex 12.572632135009767 17.621501876182148 0
      vertex 12.546006230679787 17.30198672974041 0
    endloop
  endfacet
  facet normal 0 0 -1
    outer loop
      vertex 10.857788294557817 15.462211705442186 0
      vertex 13.289888203907903 17.511799593984236 0
      vertex 12.678905962866663 16.823074552472804 0
    endloop
  endfacet
  facet normal 0 0 -1
    outer loop
      vertex 10.857788294557817 15.462211705442186 0
      vertex 12.546006230679787 17.30198672974041 0
      vertex 13.289888203907903 17.511799593984236 0
    endloop
  endfacet
  facet normal 0 0 -1
    outer loop
      vertex 12.546006230679787 17.30198672974041 0
      vertex 12.572632135009767 17.621501876182148 0
      vertex 12.682583690919133 17.632331159224965 0
    endloop
  endfacet
  facet normal -0.9951847266721968 0.09801714032956074 0
    outer loop
      vertex 8.687668840775036 13.63741630908087 0
      vertex 8.687668840775036 13.63741630908087 5
      vertex 8.698498123817853 13.747367864990233 0
    endloop
  endfacet
  facet normal -0.9866433320848792 0.16289547339458813 1.5017985121731238e-19
    outer loop
      vertex 8.698498123817853 13.747367864990233 0
      vertex 8.746466238185462 14.037906449072578 5
      vertex 8.746466238185462 14.037906449072578 0
    endloop
  endfacet
  facet normal -0.9738769792773332 0.22707626303437564 4.470544738215552e-19
    outer loop
      vertex 8.746466238185462 14.037906449072578 0
      vertex 8.813333781699193 14.324685702961343 5
      vertex 8.813333781699193 14.324685702961343 0
    endloop
  endfacet
  facet normal -0.9569403357322087 0.2902846772544631 7.023940757356424e-19
    outer loop
      vertex 8.813333781699193 14.324685702961343 0
      vertex 8.898814417272025 14.606477593864227 5
      vertex 8.898814417272025 14.606477593864227 0
    endloop
  endfacet
  facet normal -0.9359059267573264 0.3522500479212315 6.941396565002311e-19
    outer loop
      vertex 8.898814417272025 14.606477593864227 0
      vertex 9.00254210369921 14.882075445642904 5
      vertex 9.00254210369921 14.882075445642904 0
    endloop
  endfacet
  facet normal -0.910863824921174 0.41270702980439866 -8.263883046604628e-19
    outer loop
      vertex 9.00254210369921 14.882075445642904 0
      vertex 9.124072663102904 15.150299105985507 5
      vertex 9.124072663102904 15.150299105985507 0
    endloop
  endfacet
  facet normal -0.8819212643483562 0.47139673682599537 9.748689707187262e-19
    outer loop
      vertex 9.124072663102904 15.150299105985507 0
      vertex 9.262885682970026 15.41 5
      vertex 9.262885682970026 15.41 0
    endloop
  endfacet
  facet normal -0.8492021815265784 0.5280678506503685 1.2581228468303434e-19
    outer loop
      vertex 9.262885682970026 15.41 0
      vertex 9.418386744638546 15.66006604858821 5
      vertex 9.418386744638546 15.66006604858821 0
    endloop
  endfacet
  facet normal -0.8128466845916158 0.5824776968678013 -2.1522138939183667e-18
    outer loop
      vertex 9.418386744638546 15.66006604858821 0
      vertex 9.589909968689442 15.899426430539243 5
      vertex 9.589909968689442 15.899426430539243 0
    endloop
  endfacet
  facet normal -0.7730104533627401 0.6343932841636417 2.044306110644639e-18
    outer loop
      vertex 9.589909968689442 15.899426430539243 0
      vertex 9.7767208663446 16.12705616795031 5
      vertex 9.7767208663446 16.12705616795031 0
    endloop
  endfacet
  facet normal -0.7298640726978347 0.6835923020228725 1.8102872445028143e-18
    outer loop
      vertex 9.7767208663446 16.12705616795031 0
      vertex 9.978019484660535 16.341980515339465 5
      vertex 9.978019484660535 16.341980515339465 0
    endloop
  endfacet
  facet normal -0.6835923020228725 0.7298640726978347 0
    outer loop
      vertex 9.978019484660535 16.341980515339465 0
      vertex 9.978019484660535 16.341980515339465 5
      vertex 10.19294383204969 16.5432791336554 0
    endloop
  endfacet
  facet normal -0.6343932841636453 0.773010453362737 0
    outer loop
      vertex 10.19294383204969 16.5432791336554 0
      vertex 10.19294383204969 16.5432791336554 5
      vertex 10.420573569460757 16.73009003131056 0
    endloop
  endfacet
  facet normal -0.5824776968677973 0.8128466845916186 0
    outer loop
      vertex 10.420573569460757 16.73009003131056 0
      vertex 10.420573569460757 16.73009003131056 5
      vertex 10.65993395141179 16.901613255361454 0
    endloop
  endfacet
  facet normal -0.5280678506503685 0.8492021815265784 0
    outer loop
      vertex 10.65993395141179 16.901613255361454 0
      vertex 10.65993395141179 16.901613255361454 5
      vertex 10.91 17.057114317029974 0
    endloop
  endfacet
  facet normal -0.47139673682599537 0.8819212643483562 0
    outer loop
      vertex 10.91 17.057114317029974 0
      vertex 10.91 17.057114317029974 5
      vertex 11.169700894014493 17.195927336897096 0
    endloop
  endfacet
  facet normal -0.41270702980439866 0.910863824921174 0
    outer loop
      vertex 11.169700894014493 17.195927336897096 0
      vertex 11.169700894014493 17.195927336897096 5
      vertex 11.437924554357096 17.31745789630079 0
    endloop
  endfacet
  facet normal -0.3522500479212315 0.9359059267573264 0
    outer loop
      vertex 11.437924554357096 17.31745789630079 0
      vertex 11.437924554357096 17.31745789630079 5
      vertex 11.713522406135773 17.421185582727976 0
    endloop
  endfacet
  facet normal -0.2902846772544631 0.9569403357322087 0
    outer loop
      vertex 11.713522406135773 17.421185582727976 0
      vertex 11.713522406135773 17.421185582727976 5
      vertex 11.995314297038657 17.506666218300808 0
    endloop
  endfacet
  facet normal -0.22707626303437564 0.9738769792773332 0
    outer loop
      vertex 11.995314297038657 17.506666218300808 0
      vertex 11.995314297038657 17.506666218300808 5
      vertex 12.282093550927422 17.573533761814538 0
    endloop
  endfacet
  facet normal -0.16289547339458813 0.9866433320848792 0
    outer loop
      vertex 12.282093550927422 17.573533761814538 0
      vertex 12.282093550927422 17.573533761814538 5
      vertex 12.572632135009767 17.621501876182148 0
    endloop
  endfacet
  facet normal -0.09801714032955919 0.995184726672197 2.5937218199632115e-21
    outer loop
      vertex 12.572632135009767 17.621501876182148 0
      vertex 12.682583690919133 17.632331159224965 5
      vertex 12.682583690919133 17.632331159224965 0
    endloop
  endfacet
  facet normal 0 0 -1
    outer loop
      vertex 13.63741630908087 8.687668840775036 0
      vertex 13.597186811453318 11.936260673546004 0
      vertex 13.747367864990233 8.698498123817853 0
    endloop
  endfacet
  facet normal 0 0 -1
    outer loop
      vertex 13.747367864990233 8.698498123817853 0
      vertex 13.597186811453318 11.936260673546004 0
      vertex 13.657488462074618 11.958956607735328 0
    endloop
  endfacet
  facet normal 0 0 -1
    outer loop
      vertex 13.747367864990233 8.698498123817853 0
      vertex 13.657488462074618 11.958956607735328 0
      vertex 13.734975297284702 11.994065436007507 0
    endloop
  endfacet
  facet normal 0 0 -1
    outer loop
      vertex 13.747367864990233 8.698498123817853 0
      vertex 13.734975297284702 11.994065436007507 0
      vertex 13.81 12.03416697508023 0
    endloop
  endfacet
  facet normal 0 0 -1
    outer loop
      vertex 13.747367864990233 8.698498123817853 0
      vertex 13.81 12.03416697508023 0
      vertex 13.882241302925483 12.079089504006692 0
    endloop
  endfacet
  facet normal 0 0 -1
    outer loop
      vertex 13.747367864990233 8.698498123817853 0
      vertex 13.882241302925483 12.079089504006692 0
      vertex 13.951389857711337 12.128640657621395 0
    endloop
  endfacet
  facet normal 0 0 -1
    outer loop
      vertex 13.747367864990233 8.698498123817853 0
      vertex 14.01714955963009 12.18260825027733 0
      vertex 14.079238815542512 12.240761184457488 0
    endloop
  endfacet
  facet normal 0 0 -1
    outer loop
      vertex 13.747367864990233 8.698498123817853 0
      vertex 13.951389857711337 12.128640657621395 0
      vertex 14.01714955963009 12.18260825027733 0
    endloop
  endfacet
  facet normal 0 0 -1
    outer loop
      vertex 13.747367864990233 8.698498123817853 0
      vertex 14.079238815542512 12.240761184457488 0
      vertex 14.13739174972267 12.30285044036991 0
    endloop
  endfacet
  facet normal 0 0 -1
    outer loop
      vertex 13.747367864990233 8.698498123817853 0
      vertex 14.13739174972267 12.30285044036991 0
      vertex 14.191359342378606 12.368610142288663 0
    endloop
  endfacet
  facet normal 0 0 -1
    outer loop
      vertex 13.747367864990233 8.698498123817853 0
      vertex 14.191359342378606 12.368610142288663 0
      vertex 14.240910495993308 12.437758697074518 0
    endloop
  endfacet
  facet normal 0 0 -1
    outer loop
      vertex 13.747367864990233 8.698498123817853 0
      vertex 14.240910495993308 12.437758697074518 0
      vertex 14.28583302491977 12.51 0
    endloop
  endfacet
  facet normal 0 0 -1
    outer loop
      vertex 13.747367864990233 8.698498123817853 0
      vertex 17.195927336897096 12.30605317844237 0
      vertex 14.037906449072578 8.746466238185462 0
    endloop
  endfacet
  facet normal 0 0 -1
    outer loop
      vertex 14.037906449072578 8.746466238185462 0
      vertex 17.195927336897096 12.30605317844237 0
      vertex 14.324685702961343 8.813333781699193 0
    endloop
  endfacet
  facet normal 0 0 -1
    outer loop
      vertex 14.324685702961343 8.813333781699193 0
      vertex 17.195927336897096 12.30605317844237 0
      vertex 14.606477593864227 8.898814417272025 0
    endloop
  endfacet
  facet normal 0 0 -1
    outer loop
      vertex 13.747367864990233 8.698498123817853 0
      vertex 14.28583302491977 12.51 0
      vertex 17.195927336897096 12.30605317844237 0
    endloop
  endfacet
  facet normal 0 0 -1
    outer loop
      vertex 14.606477593864227 8.898814417272025 0
      vertex 17.195927336897096 12.30605317844237 0
      vertex 14.882075445642904 9.00254210369921 0
    endloop
  endfacet
  facet normal 0 0 -1
    outer loop
      vertex 14.882075445642904 9.00254210369921 0
      vertex 17.195927336897096 12.30605317844237 0
      vertex 15.150299105985507 9.124072663102904 0
    endloop
  endfacet
  facet normal 0 0 -1
    outer loop
      vertex 15.150299105985507 9.124072663102904 0
      vertex 17.195927336897096 12.30605317844237 0
      vertex 15.41 9.262885682970026 0
    endloop
  endfacet
  facet normal 0 0 -1
    outer loop
      vertex 15.41 9.262885682970026 0
      vertex 17.195927336897096 12.30605317844237 0
      vertex 15.66006604858821 9.418386744638546 0
    endloop
  endfacet
  facet normal 0 0 -1
    outer loop
      vertex 15.66006604858821 9.418386744638546 0
      vertex 17.195927336897096 12.30605317844237 0
      vertex 15.899426430539243 9.589909968689442 0
    endloop
  endfacet
  facet normal 0 0 -1
    outer loop
      vertex 17.195927336897096 12.30605317844237 0
      vertex 14.28583302491977 12.51 0
      vertex 14.325934563992494 12.585024702715298 0
    endloop
  endfacet
  facet normal 0 0 -1
    outer loop
      vertex 17.195927336897096 12.30605317844237 0
      vertex 14.325934563992494 12.585024702715298 0
      vertex 14.361043392264673 12.662511537925383 0
    endloop
  endfacet
  facet normal 0 0 -1
    outer loop
      vertex 17.195927336897096 12.30605317844237 0
      vertex 14.361043392264673 12.662511537925383 0
      vertex 14.391009168343638 12.74212869510589 0
    endloop
  endfacet
  facet normal 0 0 -1
    outer loop
      vertex 17.195927336897096 12.30605317844237 0
      vertex 14.391009168343638 12.74212869510589 0
      vertex 14.415703574175788 12.823535241366724 0
    endloop
  endfacet
  facet normal 0 0 -1
    outer loop
      vertex 17.195927336897096 12.30605317844237 0
      vertex 14.415703574175788 12.823535241366724 0
      vertex 14.4350208645242 12.906382581379033 0
    endloop
  endfacet
  facet normal 0 0 -1
    outer loop
      vertex 17.195927336897096 12.30605317844237 0
      vertex 14.4350208645242 12.906382581379033 0
      vertex 14.448878319785953 12.990315950113933 0
    endloop
  endfacet
  facet normal 0 0 -1
    outer loop
      vertex 17.195927336897096 12.30605317844237 0
      vertex 14.448878319785953 12.990315950113933 0
      vertex 14.457216600210185 13.074975932000815 0
    endloop
  endfacet
  facet normal 0 0 -1
    outer loop
      vertex 17.195927336897096 12.30605317844237 0
      vertex 14.457216600210185 13.074975932000815 0
      vertex 14.46 13.16 0
    endloop
  endfacet
  facet normal 0 0 -1
    outer loop
      vertex 17.195927336897096 12.30605317844237 0
      vertex 14.46 13.16 0
      vertex 14.457216600210185 13.245024067999186 0
    endloop
  endfacet
  facet normal 0 0 -1
    outer loop
      vertex 17.195927336897096 12.30605317844237 0
      vertex 14.457216600210185 13.245024067999186 0
      vertex 14.448878319785953 13.329684049886067 0
    endloop
  endfacet
  facet normal 0 0 -1
    outer loop
      vertex 17.195927336897096 12.30605317844237 0
      vertex 14.448878319785953 13.329684049886067 0
      vertex 14.4350208645242 13.413617418620968 0
    endloop
  endfacet
  facet normal 0 0 -1
    outer loop
      vertex 15.899426430539243 9.589909968689442 0
      vertex 17.195927336897096 12.30605317844237 0
      vertex 16.12705616795031 9.7767208663446 0
    endloop
  endfacet
  facet normal 0 0 -1
    outer loop
      vertex 16.12705616795031 9.7767208663446 0
      vertex 17.195927336897096 12.30605317844237 0
      vertex 16.341980515339465 9.978019484660535 0
    endloop
  endfacet
  facet normal 0 0 -1
    outer loop
      vertex 16.341980515339465 9.978019484660535 0
      vertex 17.195927336897096 12.30605317844237 0
      vertex 16.5432791336554 10.19294383204969 0
    endloop
  endfacet
  facet normal 0 0 -1
    outer loop
      vertex 16.5432791336554 10.19294383204969 0
      vertex 17.195927336897096 12.30605317844237 0
      vertex 16.73009003131056 10.420573569460757 0
    endloop
  endfacet
  facet normal 0 0 -1
    outer loop
      vertex 16.73009003131056 10.420573569460757 0
      vertex 17.195927336897096 12.30605317844237 0
      vertex 16.901613255361454 10.65993395141179 0
    endloop
  endfacet
  facet normal 0 0 -1
    outer loop
      vertex 16.901613255361454 10.65993395141179 0
      vertex 17.195927336897096 12.30605317844237 0
      vertex 17.057114317029974 10.91 0
    endloop
  endfacet
  facet normal 0 0 -1
    outer loop
      vertex 17.057114317029974 10.91 0
      vertex 17.195927336897096 12.30605317844237 0
      vertex 17.195927336897096 11.169700894014493 0
    endloop
  endfacet
  facet normal 0 0 -1
    outer loop
      vertex 17.195927336897096 11.169700894014493 0
      vertex 17.232360301473086 12.282612833167255 0
      vertex 17.31745789630079 11.437924554357096 0
    endloop
  endfacet
  facet normal 0 0 -1
    outer loop
      vertex 17.195927336897096 11.169700894014493 0
      vertex 17.195927336897096 12.30605317844237 0
      vertex 17.232360301473086 12.282612833167255 0
    endloop
  endfacet
  facet normal 0 0 -1
    outer loop
      vertex 17.31745789630079 11.437924554357096 0
      vertex 17.232360301473086 12.282612833167255 0
      vertex 17.421185582727976 11.713522406135773 0
    endloop
  endfacet
  facet normal 0 0 -1
    outer loop
      vertex 17.421185582727976 11.713522406135773 0
      vertex 17.232360301473086 12.282612833167255 0
      vertex 17.506666218300808 11.995314297038657 0
    endloop
  endfacet
  facet normal 0 0 -1
    outer loop
      vertex 17.506666218300808 11.995314297038657 0
      vertex 17.232360301473086 12.282612833167255 0
      vertex 17.573533761814538 12.282093550927422 0
    endloop
  endfacet
  facet normal 0 0 -1
    outer loop
      vertex 17.232360301473086 12.282612833167255 0
      vertex 17.621501876182148 12.572632135009767 0
      vertex 17.573533761814538 12.282093550927422 0
    endloop
  endfacet
  facet normal 0 0 -1
    outer loop
      vertex 17.232360301473086 12.282612833167255 0
      vertex 17.632331159224965 12.682583690919133 0
      vertex 17.621501876182148 12.572632135009767 0
    endloop
  endfacet
  facet normal 0.09801714032956074 -0.9951847266721968 1.1505872352531797e-19
    outer loop
      vertex 13.63741630908087 8.687668840775036 0
      vertex 13.747367864990233 8.698498123817853 0
      vertex 13.747367864990233 8.698498123817853 5
    endloop
  endfacet
  facet normal 0.16289547339458813 -0.9866433320848792 1.5017985121731238e-19
    outer loop
      vertex 13.747367864990233 8.698498123817853 0
      vertex 14.037906449072578 8.746466238185462 0
      vertex 14.037906449072578 8.746466238185462 5
    endloop
  endfacet
  facet normal 0.22707626303437564 -0.9738769792773332 4.470544738215552e-19
    outer loop
      vertex 14.037906449072578 8.746466238185462 0
      vertex 14.324685702961343 8.813333781699193 0
      vertex 14.324685702961343 8.813333781699193 5
    endloop
  endfacet
  facet normal 0.2902846772544631 -0.9569403357322087 7.023940757356424e-19
    outer loop
      vertex 14.324685702961343 8.813333781699193 0
      vertex 14.606477593864227 8.898814417272025 0
      vertex 14.606477593864227 8.898814417272025 5
    endloop
  endfacet
  facet normal 0.3522500479212315 -0.9359059267573264 6.941396565002311e-19
    outer loop
      vertex 14.606477593864227 8.898814417272025 0
      vertex 14.882075445642904 9.00254210369921 0
      vertex 14.882075445642904 9.00254210369921 5
    endloop
  endfacet
  facet normal 0.41270702980439866 -0.910863824921174 -8.263883046604628e-19
    outer loop
      vertex 14.882075445642904 9.00254210369921 0
      vertex 15.150299105985507 9.124072663102904 0
      vertex 15.150299105985507 9.124072663102904 5
    endloop
  endfacet
  facet normal 0.47139673682599537 -0.8819212643483562 9.748689707187262e-19
    outer loop
      vertex 15.150299105985507 9.124072663102904 0
      vertex 15.41 9.262885682970026 0
      vertex 15.41 9.262885682970026 5
    endloop
  endfacet
  facet normal 0.5280678506503685 -0.8492021815265784 1.2581228468303434e-19
    outer loop
      vertex 15.41 9.262885682970026 0
      vertex 15.66006604858821 9.418386744638546 0
      vertex 15.66006604858821 9.418386744638546 5
    endloop
  endfacet
  facet normal 0.5824776968678013 -0.8128466845916158 -2.1522138939183667e-18
    outer loop
      vertex 15.66006604858821 9.418386744638546 0
      vertex 15.899426430539243 9.589909968689442 0
      vertex 15.899426430539243 9.589909968689442 5
    endloop
  endfacet
  facet normal 0.6343932841636417 -0.7730104533627401 2.044306110644639e-18
    outer loop
      vertex 15.899426430539243 9.589909968689442 0
      vertex 16.12705616795031 9.7767208663446 0
      vertex 16.12705616795031 9.7767208663446 5
    endloop
  endfacet
  facet normal 0.6835923020228725 -0.7298640726978347 1.8102872445028143e-18
    outer loop
      vertex 16.12705616795031 9.7767208663446 0
      vertex 16.341980515339465 9.978019484660535 0
      vertex 16.341980515339465 9.978019484660535 5
    endloop
  endfacet
  facet normal 0.7298640726978347 -0.6835923020228725 0
    outer loop
      vertex 16.341980515339465 9.978019484660535 0
      vertex 16.5432791336554 10.19294383204969 0
      vertex 16.341980515339465 9.978019484660535 5
    endloop
  endfacet
  facet normal 0.773010453362737 -0.6343932841636453 0
    outer loop
      vertex 16.5432791336554 10.19294383204969 0
      vertex 16.73009003131056 10.420573569460757 0
      vertex 16.5432791336554 10.19294383204969 5
    endloop
  endfacet
  facet normal 0.8128466845916186 -0.5824776968677973 0
    outer loop
      vertex 16.73009003131056 10.420573569460757 0
      vertex 16.901613255361454 10.65993395141179 0
      vertex 16.73009003131056 10.420573569460757 5
    endloop
  endfacet
  facet normal 0.8492021815265784 -0.5280678506503685 0
    outer loop
      vertex 16.901613255361454 10.65993395141179 0
      vertex 17.057114317029974 10.91 0
      vertex 16.901613255361454 10.65993395141179 5
    endloop
  endfacet
  facet normal 0.8819212643483562 -0.47139673682599537 0
    outer loop
      vertex 17.057114317029974 10.91 0
      vertex 17.195927336897096 11.169700894014493 0
      vertex 17.057114317029974 10.91 5
    endloop
  endfacet
  facet normal 0.910863824921174 -0.41270702980439866 0
    outer loop
      vertex 17.195927336897096 11.169700894014493 0
      vertex 17.31745789630079 11.437924554357096 0
      vertex 17.195927336897096 11.169700894014493 5
    endloop
  endfacet
  facet normal 0.9359059267573264 -0.3522500479212315 0
    outer loop
      vertex 17.31745789630079 11.437924554357096 0
      vertex 17.421185582727976 11.713522406135773 0
      vertex 17.31745789630079 11.437924554357096 5
    endloop
  endfacet
  facet normal 0.9569403357322087 -0.2902846772544631 0
    outer loop
      vertex 17.421185582727976 11.713522406135773 0
      vertex 17.506666218300808 11.995314297038657 0
      vertex 17.421185582727976 11.713522406135773 5
    endloop
  endfacet
  facet normal 0.9738769792773332 -0.22707626303437564 0
    outer loop
      vertex 17.506666218300808 11.995314297038657 0
      vertex 17.573533761814538 12.282093550927422 0
      vertex 17.506666218300808 11.995314297038657 5
    endloop
  endfacet
  facet normal 0.9866433320848792 -0.16289547339458813 0
    outer loop
      vertex 17.573533761814538 12.282093550927422 0
      vertex 17.621501876182148 12.572632135009767 0
      vertex 17.573533761814538 12.282093550927422 5
    endloop
  endfacet
  facet normal 0.995184726672197 -0.09801714032955919 0
    outer loop
      vertex 17.621501876182148 12.572632135009767 0
      vertex 17.632331159224965 12.682583690919133 0
      vertex 17.621501876182148 12.572632135009767 5
    endloop
  endfacet
  facet normal 0 0 -1
    outer loop
      vertex 12.678905962866663 16.823074552472804 0
      vertex 13.329684049886067 14.448878319785953 0
      vertex 13.245024067999186 14.457216600210185 0
    endloop
  endfacet
  facet normal 0 0 -1
    outer loop
      vertex 12.678905962866663 16.823074552472804 0
      vertex 13.413617418620968 14.4350208645242 0
      vertex 13.329684049886067 14.448878319785953 0
    endloop
  endfacet
  facet normal 0 0 -1
    outer loop
      vertex 12.678905962866663 16.823074552472804 0
      vertex 13.496464758633277 14.415703574175788 0
      vertex 13.413617418620968 14.4350208645242 0
    endloop
  endfacet
  facet normal 0 0 -1
    outer loop
      vertex 12.678905962866663 16.823074552472804 0
      vertex 13.57787130489411 14.391009168343638 0
      vertex 13.496464758633277 14.415703574175788 0
    endloop
  endfacet
  facet normal 0 0 -1
    outer loop
      vertex 12.678905962866663 16.823074552472804 0
      vertex 13.657488462074618 14.361043392264673 0
      vertex 13.57787130489411 14.391009168343638 0
    endloop
  endfacet
  facet normal 0 0 -1
    outer loop
      vertex 12.678905962866663 16.823074552472804 0
      vertex 13.734975297284702 14.325934563992494 0
      vertex 13.657488462074618 14.361043392264673 0
    endloop
  endfacet
  facet normal 0 0 -1
    outer loop
      vertex 12.678905962866663 16.823074552472804 0
      vertex 13.81 14.28583302491977 0
      vertex 13.734975297284702 14.325934563992494 0
    endloop
  endfacet
  facet normal 0 0 -1
    outer loop
      vertex 12.678905962866663 16.823074552472804 0
      vertex 14.079238815542512 14.079238815542512 0
      vertex 14.01714955963009 14.13739174972267 0
    endloop
  endfacet
  facet normal 0 0 -1
    outer loop
      vertex 12.678905962866663 16.823074552472804 0
      vertex 14.01714955963009 14.13739174972267 0
      vertex 13.951389857711337 14.191359342378606 0
    endloop
  endfacet
  facet normal 0 0 -1
    outer loop
      vertex 12.678905962866663 16.823074552472804 0
      vertex 14.13739174972267 14.01714955963009 0
      vertex 14.079238815542512 14.079238815542512 0
    endloop
  endfacet
  facet normal 0 0 -1
    outer loop
      vertex 12.678905962866663 16.823074552472804 0
      vertex 14.28583302491977 13.81 0
      vertex 14.240910495993308 13.882241302925483 0
    endloop
  endfacet
  facet normal 0 0 -1
    outer loop
      vertex 12.678905962866663 16.823074552472804 0
      vertex 14.325934563992494 13.734975297284702 0
      vertex 14.28583302491977 13.81 0
    endloop
  endfacet
  facet normal 0 0 -1
    outer loop
      vertex 12.678905962866663 16.823074552472804 0
      vertex 14.191359342378606 13.951389857711337 0
      vertex 14.13739174972267 14.01714955963009 0
    endloop
  endfacet
  facet normal 0 0 -1
    outer loop
      vertex 12.678905962866663 16.823074552472804 0
      vertex 14.240910495993308 13.882241302925483 0
      vertex 14.191359342378606 13.951389857711337 0
    endloop
  endfacet
  facet normal 0 0 -1
    outer loop
      vertex 12.678905962866663 16.823074552472804 0
      vertex 13.882241302925483 14.240910495993308 0
      vertex 13.81 14.28583302491977 0
    endloop
  endfacet
  facet normal 0 0 -1
    outer loop
      vertex 12.678905962866663 16.823074552472804 0
      vertex 13.951389857711337 14.191359342378606 0
      vertex 13.882241302925483 14.240910495993308 0
    endloop
  endfacet
  facet normal 0 0 -1
    outer loop
      vertex 17.195927336897096 12.30605317844237 0
      vertex 14.4350208645242 13.413617418620968 0
      vertex 14.415703574175788 13.496464758633277 0
    endloop
  endfacet
  facet normal 0 0 -1
    outer loop
      vertex 17.195927336897096 12.30605317844237 0
      vertex 14.415703574175788 13.496464758633277 0
      vertex 14.391009168343638 13.57787130489411 0
    endloop
  endfacet
  facet normal 0 0 -1
    outer loop
      vertex 17.195927336897096 12.30605317844237 0
      vertex 14.391009168343638 13.57787130489411 0
      vertex 14.361043392264673 13.657488462074618 0
    endloop
  endfacet
  facet normal 0 0 -1
    outer loop
      vertex 17.195927336897096 12.30605317844237 0
      vertex 14.361043392264673 13.657488462074618 0
      vertex 14.325934563992494 13.734975297284702 0
    endloop
  endfacet
  facet normal 0 0 -1
    outer loop
      vertex 12.678905962866663 16.823074552472804 0
      vertex 17.195927336897096 12.30605317844237 0
      vertex 14.325934563992494 13.734975297284702 0
    endloop
  endfacet
  facet normal -0.9951847266721968 0.09801714032956074 0
    outer loop
      vertex 8.698498123817853 13.747367864990233 0
      vertex 8.687668840775036 13.63741630908087 5
      vertex 8.698498123817853 13.747367864990233 5
    endloop
  endfacet
  facet normal -0.9866433320848792 0.16289547339458813 0
    outer loop
      vertex 8.698498123817853 13.747367864990233 0
      vertex 8.698498123817853 13.747367864990233 5
      vertex 8.746466238185462 14.037906449072578 5
    endloop
  endfacet
  facet normal -0.9738769792773332 0.22707626303437564 0
    outer loop
      vertex 8.746466238185462 14.037906449072578 0
      vertex 8.746466238185462 14.037906449072578 5
      vertex 8.813333781699193 14.324685702961343 5
    endloop
  endfacet
  facet normal -0.9569403357322087 0.2902846772544631 0
    outer loop
      vertex 8.813333781699193 14.324685702961343 0
      vertex 8.813333781699193 14.324685702961343 5
      vertex 8.898814417272025 14.606477593864227 5
    endloop
  endfacet
  facet normal -0.9359059267573264 0.3522500479212315 0
    outer loop
      vertex 8.898814417272025 14.606477593864227 0
      vertex 8.898814417272025 14.606477593864227 5
      vertex 9.00254210369921 14.882075445642904 5
    endloop
  endfacet
  facet normal -0.910863824921174 0.41270702980439866 0
    outer loop
      vertex 9.00254210369921 14.882075445642904 0
      vertex 9.00254210369921 14.882075445642904 5
      vertex 9.124072663102904 15.150299105985507 5
    endloop
  endfacet
  facet normal -0.8819212643483562 0.47139673682599537 0
    outer loop
      vertex 9.124072663102904 15.150299105985507 0
      vertex 9.124072663102904 15.150299105985507 5
      vertex 9.262885682970026 15.41 5
    endloop
  endfacet
  facet normal -0.8492021815265784 0.5280678506503685 0
    outer loop
      vertex 9.262885682970026 15.41 0
      vertex 9.262885682970026 15.41 5
      vertex 9.418386744638546 15.66006604858821 5
    endloop
  endfacet
  facet normal -0.8128466845916158 0.5824776968678013 0
    outer loop
      vertex 9.418386744638546 15.66006604858821 0
      vertex 9.418386744638546 15.66006604858821 5
      vertex 9.589909968689442 15.899426430539243 5
    endloop
  endfacet
  facet normal -0.7730104533627401 0.6343932841636417 0
    outer loop
      vertex 9.589909968689442 15.899426430539243 0
      vertex 9.589909968689442 15.899426430539243 5
      vertex 9.7767208663446 16.12705616795031 5
    endloop
  endfacet
  facet normal -0.7298640726978347 0.6835923020228725 0
    outer loop
      vertex 9.7767208663446 16.12705616795031 0
      vertex 9.7767208663446 16.12705616795031 5
      vertex 9.978019484660535 16.341980515339465 5
    endloop
  endfacet
  facet normal -0.6835923020228725 0.7298640726978347 0
    outer loop
      vertex 10.19294383204969 16.5432791336554 0
      vertex 9.978019484660535 16.341980515339465 5
      vertex 10.19294383204969 16.5432791336554 5
    endloop
  endfacet
  facet normal -0.6343932841636453 0.773010453362737 0
    outer loop
      vertex 10.420573569460757 16.73009003131056 0
      vertex 10.19294383204969 16.5432791336554 5
      vertex 10.420573569460757 16.73009003131056 5
    endloop
  endfacet
  facet normal -0.5824776968677973 0.8128466845916186 0
    outer loop
      vertex 10.65993395141179 16.901613255361454 0
      vertex 10.420573569460757 16.73009003131056 5
      vertex 10.65993395141179 16.901613255361454 5
    endloop
  endfacet
  facet normal -0.5280678506503685 0.8492021815265784 0
    outer loop
      vertex 10.91 17.057114317029974 0
      vertex 10.65993395141179 16.901613255361454 5
      vertex 10.91 17.057114317029974 5
    endloop
  endfacet
  facet normal -0.47139673682599537 0.8819212643483562 0
    outer loop
      vertex 11.169700894014493 17.195927336897096 0
      vertex 10.91 17.057114317029974 5
      vertex 11.169700894014493 17.195927336897096 5
    endloop
  endfacet
  facet normal -0.41270702980439866 0.910863824921174 0
    outer loop
      vertex 11.437924554357096 17.31745789630079 0
      vertex 11.169700894014493 17.195927336897096 5
      vertex 11.437924554357096 17.31745789630079 5
    endloop
  endfacet
  facet normal -0.3522500479212315 0.9359059267573264 0
    outer loop
      vertex 11.713522406135773 17.421185582727976 0
      vertex 11.437924554357096 17.31745789630079 5
      vertex 11.713522406135773 17.421185582727976 5
    endloop
  endfacet
  facet normal -0.2902846772544631 0.9569403357322087 0
    outer loop
      vertex 11.995314297038657 17.506666218300808 0
      vertex 11.713522406135773 17.421185582727976 5
      vertex 11.995314297038657 17.506666218300808 5
    endloop
  endfacet
  facet normal -0.22707626303437564 0.9738769792773332 0
    outer loop
      vertex 12.282093550927422 17.573533761814538 0
      vertex 11.995314297038657 17.506666218300808 5
      vertex 12.282093550927422 17.573533761814538 5
    endloop
  endfacet
  facet normal -0.16289547339458813 0.9866433320848792 0
    outer loop
      vertex 12.572632135009767 17.621501876182148 0
      vertex 12.282093550927422 17.573533761814538 5
      vertex 12.572632135009767 17.621501876182148 5
    endloop
  endfacet
  facet normal -0.09801714032955919 0.995184726672197 0
    outer loop
      vertex 12.572632135009767 17.621501876182148 0
      vertex 12.572632135009767 17.621501876182148 5
      vertex 12.682583690919133 17.632331159224965 5
    endloop
  endfacet
  facet normal 0 0 1
    outer loop
      vertex 8.687668840775036 13.63741630908087 5
      vertex 8.898814417272025 13.848561885577858 5
      vertex 8.698498123817853 13.747367864990233 5
    endloop
  endfacet
  facet normal 0 0 1
    outer loop
      vertex 8.698498123817853 13.747367864990233 5
      vertex 8.898814417272025 13.848561885577858 5
      vertex 8.746466238185462 14.037906449072578 5
    endloop
  endfacet
  facet normal 0 0 1
    outer loop
      vertex 8.746466238185462 14.037906449072578 5
      vertex 8.898814417272025 13.848561885577858 5
      vertex 8.813333781699193 14.324685702961343 5
    endloop
  endfacet
  facet normal 0 0 1
    outer loop
      vertex 8.898814417272025 13.848561885577858 5
      vertex 8.898814417272025 14.606477593864227 5
      vertex 8.813333781699193 14.324685702961343 5
    endloop
  endfacet
  facet normal 0 0 1
    outer loop
      vertex 8.902681072170733 11.703248950510195 5
      vertex 10.65993395141179 15.579305838914111 5
      vertex 8.898814417272025 13.848561885577858 5
    endloop
  endfacet
  facet normal 0 0 1
    outer loop
      vertex 8.898814417272025 13.848561885577858 5
      vertex 10.65993395141179 15.579305838914111 5
      vertex 8.898814417272025 14.606477593864227 5
    endloop
  endfacet
  facet normal 0 0 1
    outer loop
      vertex 8.898814417272025 14.606477593864227 5
      vertex 10.65993395141179 15.579305838914111 5
      vertex 9.00254210369921 14.882075445642904 5
    endloop
  endfacet
  facet normal 0 0 1
    outer loop
      vertex 9.00254210369921 14.882075445642904 5
      vertex 10.65993395141179 15.579305838914111 5
      vertex 9.124072663102904 15.150299105985507 5
    endloop
  endfacet
  facet normal 0 0 1
    outer loop
      vertex 9.124072663102904 15.150299105985507 5
      vertex 10.65993395141179 15.579305838914111 5
      vertex 9.262885682970026 15.41 5
    endloop
  endfacet
  facet normal 0 0 1
    outer loop
      vertex 9.262885682970026 15.41 5
      vertex 10.65993395141179 15.579305838914111 5
      vertex 9.418386744638546 15.66006604858821 5
    endloop
  endfacet
  facet normal 0 0 1
    outer loop
      vertex 9.418386744638546 15.66006604858821 5
      vertex 10.65993395141179 15.579305838914111 5
      vertex 9.589909968689442 15.899426430539243 5
    endloop
  endfacet
  facet normal 0 0 1
    outer loop
      vertex 9.589909968689442 15.899426430539243 5
      vertex 10.65993395141179 15.579305838914111 5
      vertex 9.7767208663446 16.12705616795031 5
    endloop
  endfacet
  facet normal 0 0 1
    outer loop
      vertex 9.7767208663446 16.12705616795031 5
      vertex 10.65993395141179 15.579305838914111 5
      vertex 9.978019484660535 16.341980515339465 5
    endloop
  endfacet
  facet normal 0 0 1
    outer loop
      vertex 10.65993395141179 15.579305838914111 5
      vertex 10.19294383204969 16.5432791336554 5
      vertex 9.978019484660535 16.341980515339465 5
    endloop
  endfacet
  facet normal 0 0 1
    outer loop
      vertex 10.65993395141179 15.579305838914111 5
      vertex 10.420573569460757 16.73009003131056 5
      vertex 10.19294383204969 16.5432791336554 5
    endloop
  endfacet
  facet normal 0 0 1
    outer loop
      vertex 10.65993395141179 15.579305838914111 5
      vertex 10.701953578800772 15.618046421199232 5
      vertex 10.65993395141179 16.901613255361454 5
    endloop
  endfacet
  facet normal 0 0 1
    outer loop
      vertex 10.701953578800772 15.618046421199232 5
      vertex 12.585024702715298 14.325934563992494 5
      vertex 10.91 17.057114317029974 5
    endloop
  endfacet
  facet normal 0 0 1
    outer loop
      vertex 10.701953578800772 15.618046421199232 5
      vertex 12.24076118445749 14.079238815542514 5
      vertex 12.30285044036991 14.13739174972267 5
    endloop
  endfacet
  facet normal 0 0 1
    outer loop
      vertex 10.701953578800772 15.618046421199232 5
      vertex 12.30285044036991 14.13739174972267 5
      vertex 12.368610142288663 14.191359342378606 5
    endloop
  endfacet
  facet normal 0 0 1
    outer loop
      vertex 10.701953578800772 15.618046421199232 5
      vertex 12.368610142288663 14.191359342378606 5
      vertex 12.437758697074518 14.240910495993308 5
    endloop
  endfacet
  facet normal 0 0 1
    outer loop
      vertex 10.701953578800772 15.618046421199232 5
      vertex 12.437758697074518 14.240910495993308 5
      vertex 12.51 14.28583302491977 5
    endloop
  endfacet
  facet normal 0 0 1
    outer loop
      vertex 10.701953578800772 15.618046421199232 5
      vertex 12.51 14.28583302491977 5
      vertex 12.585024702715298 14.325934563992494 5
    endloop
  endfacet
  facet normal 0 0 1
    outer loop
      vertex 11.169700894014493 17.195927336897096 5
      vertex 12.585024702715298 14.325934563992494 5
      vertex 12.662511537925383 14.361043392264673 5
    endloop
  endfacet
  facet normal 0 0 1
    outer loop
      vertex 11.169700894014493 17.195927336897096 5
      vertex 12.662511537925383 14.361043392264673 5
      vertex 12.74212869510589 14.391009168343638 5
    endloop
  endfacet
  facet normal 0 0 1
    outer loop
      vertex 10.91 17.057114317029974 5
      vertex 12.585024702715298 14.325934563992494 5
      vertex 11.169700894014493 17.195927336897096 5
    endloop
  endfacet
  facet normal 0 0 1
    outer loop
      vertex 11.437924554357096 17.31745789630079 5
      vertex 12.74212869510589 14.391009168343638 5
      vertex 12.823535241366724 14.415703574175788 5
    endloop
  endfacet
  facet normal 0 0 1
    outer loop
      vertex 11.713522406135773 17.421185582727976 5
      vertex 12.823535241366724 14.415703574175788 5
      vertex 12.906382581379033 14.4350208645242 5
    endloop
  endfacet
  facet normal 0 0 1
    outer loop
      vertex 11.995314297038657 17.506666218300808 5
      vertex 12.906382581379033 14.4350208645242 5
      vertex 12.990315950113933 14.448878319785953 5
    endloop
  endfacet
  facet normal 0 0 1
    outer loop
      vertex 12.399343475715892 17.102637039623577 5
      vertex 12.990315950113933 14.448878319785953 5
      vertex 13.074975932000815 14.457216600210185 5
    endloop
  endfacet
  facet normal 0 0 1
    outer loop
      vertex 12.399343475715892 17.102637039623577 5
      vertex 13.074975932000815 14.457216600210185 5
      vertex 13.16 14.46 5
    endloop
  endfacet
  facet normal 0 0 1
    outer loop
      vertex 12.399343475715892 17.102637039623577 5
      vertex 13.16 14.46 5
      vertex 13.245024067999186 14.457216600210185 5
    endloop
  endfacet
  facet normal 0 0 1
    outer loop
      vertex 12.399343475715892 17.102637039623577 5
      vertex 13.245024067999186 14.457216600210185 5
      vertex 13.329684049886067 14.448878319785953 5
    endloop
  endfacet
  facet normal 0 0 1
    outer loop
      vertex 10.65993395141179 15.579305838914111 5
      vertex 10.65993395141179 16.901613255361454 5
      vertex 10.420573569460757 16.73009003131056 5
    endloop
  endfacet
  facet normal 0 0 1
    outer loop
      vertex 10.701953578800772 15.618046421199232 5
      vertex 10.91 17.057114317029974 5
      vertex 10.65993395141179 16.901613255361454 5
    endloop
  endfacet
  facet normal 0 0 1
    outer loop
      vertex 11.169700894014493 17.195927336897096 5
      vertex 12.74212869510589 14.391009168343638 5
      vertex 11.437924554357096 17.31745789630079 5
    endloop
  endfacet
  facet normal 0 0 1
    outer loop
      vertex 11.437924554357096 17.31745789630079 5
      vertex 12.823535241366724 14.415703574175788 5
      vertex 11.713522406135773 17.421185582727976 5
    endloop
  endfacet
  facet normal 0 0 1
    outer loop
      vertex 11.713522406135773 17.421185582727976 5
      vertex 12.906382581379033 14.4350208645242 5
      vertex 11.995314297038657 17.506666218300808 5
    endloop
  endfacet
  facet normal 0 0 1
    outer loop
      vertex 11.995314297038657 17.506666218300808 5
      vertex 12.36258805540568 17.25025339825284 5
      vertex 12.282093550927422 17.573533761814538 5
    endloop
  endfacet
  facet normal 0 0 1
    outer loop
      vertex 11.995314297038657 17.506666218300808 5
      vertex 12.990315950113933 14.448878319785953 5
      vertex 12.399343475715892 17.102637039623577 5
    endloop
  endfacet
  facet normal 0 0 1
    outer loop
      vertex 11.995314297038657 17.506666218300808 5
      vertex 12.399343475715892 17.102637039623577 5
      vertex 12.36258805540568 17.25025339825284 5
    endloop
  endfacet
  facet normal 0 0 1
    outer loop
      vertex 12.36258805540568 17.25025339825284 5
      vertex 12.627600596885697 17.32500052533695 5
      vertex 12.282093550927422 17.573533761814538 5
    endloop
  endfacet
  facet normal 0 0 1
    outer loop
      vertex 12.282093550927422 17.573533761814538 5
      vertex 12.627600596885697 17.32500052533695 5
      vertex 12.572632135009767 17.621501876182148 5
    endloop
  endfacet
  facet normal 0 0 1
    outer loop
      vertex 12.572632135009767 17.621501876182148 5
      vertex 12.627600596885697 17.32500052533695 5
      vertex 12.682583690919133 17.632331159224965 5
    endloop
  endfacet
  facet normal 0.09801714032956074 -0.9951847266721968 0
    outer loop
      vertex 13.63741630908087 8.687668840775036 0
      vertex 13.747367864990233 8.698498123817853 5
      vertex 13.63741630908087 8.687668840775036 5
    endloop
  endfacet
  facet normal 0.16289547339458813 -0.9866433320848792 0
    outer loop
      vertex 13.747367864990233 8.698498123817853 0
      vertex 14.037906449072578 8.746466238185462 5
      vertex 13.747367864990233 8.698498123817853 5
    endloop
  endfacet
  facet normal 0.22707626303437564 -0.9738769792773332 0
    outer loop
      vertex 14.037906449072578 8.746466238185462 0
      vertex 14.324685702961343 8.813333781699193 5
      vertex 14.037906449072578 8.746466238185462 5
    endloop
  endfacet
  facet normal 0.2902846772544631 -0.9569403357322087 0
    outer loop
      vertex 14.324685702961343 8.813333781699193 0
      vertex 14.606477593864227 8.898814417272025 5
      vertex 14.324685702961343 8.813333781699193 5
    endloop
  endfacet
  facet normal 0.3522500479212315 -0.9359059267573264 0
    outer loop
      vertex 14.606477593864227 8.898814417272025 0
      vertex 14.882075445642904 9.00254210369921 5
      vertex 14.606477593864227 8.898814417272025 5
    endloop
  endfacet
  facet normal 0.41270702980439866 -0.910863824921174 0
    outer loop
      vertex 14.882075445642904 9.00254210369921 0
      vertex 15.150299105985507 9.124072663102904 5
      vertex 14.882075445642904 9.00254210369921 5
    endloop
  endfacet
  facet normal 0.47139673682599537 -0.8819212643483562 0
    outer loop
      vertex 15.150299105985507 9.124072663102904 0
      vertex 15.41 9.262885682970026 5
      vertex 15.150299105985507 9.124072663102904 5
    endloop
  endfacet
  facet normal 0.5280678506503685 -0.8492021815265784 0
    outer loop
      vertex 15.41 9.262885682970026 0
      vertex 15.66006604858821 9.418386744638546 5
      vertex 15.41 9.262885682970026 5
    endloop
  endfacet
  facet normal 0.5824776968678013 -0.8128466845916158 0
    outer loop
      vertex 15.66006604858821 9.418386744638546 0
      vertex 15.899426430539243 9.589909968689442 5
      vertex 15.66006604858821 9.418386744638546 5
    endloop
  endfacet
  facet normal 0.6343932841636417 -0.7730104533627401 0
    outer loop
      vertex 15.899426430539243 9.589909968689442 0
      vertex 16.12705616795031 9.7767208663446 5
      vertex 15.899426430539243 9.589909968689442 5
    endloop
  endfacet
  facet normal 0.6835923020228725 -0.7298640726978347 0
    outer loop
      vertex 16.12705616795031 9.7767208663446 0
      vertex 16.341980515339465 9.978019484660535 5
      vertex 16.12705616795031 9.7767208663446 5
    endloop
  endfacet
  facet normal 0.7298640726978347 -0.6835923020228725 0
    outer loop
      vertex 16.5432791336554 10.19294383204969 0
      vertex 16.5432791336554 10.19294383204969 5
      vertex 16.341980515339465 9.978019484660535 5
    endloop
  endfacet
  facet normal 0.773010453362737 -0.6343932841636453 0
    outer loop
      vertex 16.73009003131056 10.420573569460757 0
      vertex 16.73009003131056 10.420573569460757 5
      vertex 16.5432791336554 10.19294383204969 5
    endloop
  endfacet
  facet normal 0.8128466845916186 -0.5824776968677973 0
    outer loop
      vertex 16.901613255361454 10.65993395141179 0
      vertex 16.901613255361454 10.65993395141179 5
      vertex 16.73009003131056 10.420573569460757 5
    endloop
  endfacet
  facet normal 0.8492021815265784 -0.5280678506503685 0
    outer loop
      vertex 17.057114317029974 10.91 0
      vertex 17.057114317029974 10.91 5
      vertex 16.901613255361454 10.65993395141179 5
    endloop
  endfacet
  facet normal 0.8819212643483562 -0.47139673682599537 0
    outer loop
      vertex 17.195927336897096 11.169700894014493 0
      vertex 17.195927336897096 11.169700894014493 5
      vertex 17.057114317029974 10.91 5
    endloop
  endfacet
  facet normal 0.910863824921174 -0.41270702980439866 0
    outer loop
      vertex 17.31745789630079 11.437924554357096 0
      vertex 17.31745789630079 11.437924554357096 5
      vertex 17.195927336897096 11.169700894014493 5
    endloop
  endfacet
  facet normal 0.9359059267573264 -0.3522500479212315 0
    outer loop
      vertex 17.421185582727976 11.713522406135773 0
      vertex 17.421185582727976 11.713522406135773 5
      vertex 17.31745789630079 11.437924554357096 5
    endloop
  endfacet
  facet normal 0.9569403357322087 -0.2902846772544631 0
    outer loop
      vertex 17.506666218300808 11.995314297038657 0
      vertex 17.506666218300808 11.995314297038657 5
      vertex 17.421185582727976 11.713522406135773 5
    endloop
  endfacet
  facet normal 0.9738769792773332 -0.22707626303437564 0
    outer loop
      vertex 17.573533761814538 12.282093550927422 0
      vertex 17.573533761814538 12.282093550927422 5
      vertex 17.506666218300808 11.995314297038657 5
    endloop
  endfacet
  facet normal 0.9866433320848792 -0.16289547339458813 0
    outer loop
      vertex 17.621501876182148 12.572632135009767 0
      vertex 17.621501876182148 12.572632135009767 5
      vertex 17.573533761814538 12.282093550927422 5
    endloop
  endfacet
  facet normal 0.995184726672197 -0.09801714032955919 0
    outer loop
      vertex 17.632331159224965 12.682583690919133 0
      vertex 17.632331159224965 12.682583690919133 5
      vertex 17.621501876182148 12.572632135009767 5
    endloop
  endfacet
  facet normal 0 0 1
    outer loop
      vertex 13.63741630908087 8.687668840775036 5
      vertex 13.747367864990233 8.698498123817853 5
      vertex 13.496447299224823 11.904292354861132 5
    endloop
  endfacet
  facet normal 0 0 1
    outer loop
      vertex 13.747367864990233 8.698498123817853 5
      vertex 13.496464758633277 11.904296425824212 5
      vertex 13.496447299224823 11.904292354861132 5
    endloop
  endfacet
  facet normal 0 0 1
    outer loop
      vertex 13.747367864990233 8.698498123817853 5
      vertex 13.57787130489411 11.928990831656362 5
      vertex 13.496464758633277 11.904296425824212 5
    endloop
  endfacet
  facet normal 0 0 1
    outer loop
      vertex 13.747367864990233 8.698498123817853 5
      vertex 13.657488462074618 11.958956607735328 5
      vertex 13.57787130489411 11.928990831656362 5
    endloop
  endfacet
  facet normal 0 0 1
    outer loop
      vertex 13.747367864990233 8.698498123817853 5
      vertex 13.734975297284702 11.994065436007507 5
      vertex 13.657488462074618 11.958956607735328 5
    endloop
  endfacet
  facet normal 0 0 1
    outer loop
      vertex 13.747367864990233 8.698498123817853 5
      vertex 13.81 12.03416697508023 5
      vertex 13.734975297284702 11.994065436007507 5
    endloop
  endfacet
  facet normal 0 0 1
    outer loop
      vertex 13.747367864990233 8.698498123817853 5
      vertex 13.882241302925483 12.079089504006692 5
      vertex 13.81 12.03416697508023 5
    endloop
  endfacet
  facet normal 0 0 1
    outer loop
      vertex 13.747367864990233 8.698498123817853 5
      vertex 13.951389857711337 12.128640657621395 5
      vertex 13.882241302925483 12.079089504006692 5
    endloop
  endfacet
  facet normal 0 0 1
    outer loop
      vertex 13.747367864990233 8.698498123817853 5
      vertex 14.079238815542512 12.240761184457488 5
      vertex 14.01714955963009 12.18260825027733 5
    endloop
  endfacet
  facet normal 0 0 1
    outer loop
      vertex 13.747367864990233 8.698498123817853 5
      vertex 14.01714955963009 12.18260825027733 5
      vertex 13.951389857711337 12.128640657621395 5
    endloop
  endfacet
  facet normal 0 0 1
    outer loop
      vertex 13.747367864990233 8.698498123817853 5
      vertex 14.13739174972267 12.30285044036991 5
      vertex 14.079238815542512 12.240761184457488 5
    endloop
  endfacet
  facet normal 0 0 1
    outer loop
      vertex 13.747367864990233 8.698498123817853 5
      vertex 14.191359342378606 12.368610142288663 5
      vertex 14.13739174972267 12.30285044036991 5
    endloop
  endfacet
  facet normal 0 0 1
    outer loop
      vertex 13.747367864990233 8.698498123817853 5
      vertex 14.240910495993308 12.437758697074518 5
      vertex 14.191359342378606 12.368610142288663 5
    endloop
  endfacet
  facet normal 0 0 1
    outer loop
      vertex 13.747367864990233 8.698498123817853 5
      vertex 14.28583302491977 12.51 5
      vertex 14.240910495993308 12.437758697074518 5
    endloop
  endfacet
  facet normal 0 0 1
    outer loop
      vertex 13.747367864990233 8.698498123817853 5
      vertex 14.037906449072578 8.746466238185462 5
      vertex 17.195927336897096 12.30605317844237 5
    endloop
  endfacet
  facet normal 0 0 1
    outer loop
      vertex 14.037906449072578 8.746466238185462 5
      vertex 14.324685702961343 8.813333781699193 5
      vertex 17.195927336897096 12.30605317844237 5
    endloop
  endfacet
  facet normal 0 0 1
    outer loop
      vertex 14.324685702961343 8.813333781699193 5
      vertex 14.606477593864227 8.898814417272025 5
      vertex 17.195927336897096 12.30605317844237 5
    endloop
  endfacet
  facet normal 0 0 1
    outer loop
      vertex 13.747367864990233 8.698498123817853 5
      vertex 17.195927336897096 12.30605317844237 5
      vertex 14.28583302491977 12.51 5
    endloop
  endfacet
  facet normal 0 0 1
    outer loop
      vertex 14.606477593864227 8.898814417272025 5
      vertex 14.882075445642904 9.00254210369921 5
      vertex 17.195927336897096 12.30605317844237 5
    endloop
  endfacet
  facet normal 0 0 1
    outer loop
      vertex 14.882075445642904 9.00254210369921 5
      vertex 15.150299105985507 9.124072663102904 5
      vertex 17.195927336897096 12.30605317844237 5
    endloop
  endfacet
  facet normal 0 0 1
    outer loop
      vertex 15.150299105985507 9.124072663102904 5
      vertex 15.41 9.262885682970026 5
      vertex 17.195927336897096 12.30605317844237 5
    endloop
  endfacet
  facet normal 0 0 1
    outer loop
      vertex 15.41 9.262885682970026 5
      vertex 15.66006604858821 9.418386744638546 5
      vertex 17.195927336897096 12.30605317844237 5
    endloop
  endfacet
  facet normal 0 0 1
    outer loop
      vertex 15.66006604858821 9.418386744638546 5
      vertex 15.899426430539243 9.589909968689442 5
      vertex 17.195927336897096 12.30605317844237 5
    endloop
  endfacet
  facet normal 0 0 1
    outer loop
      vertex 17.195927336897096 12.30605317844237 5
      vertex 14.325934563992494 12.585024702715298 5
      vertex 14.28583302491977 12.51 5
    endloop
  endfacet
  facet normal 0 0 1
    outer loop
      vertex 17.195927336897096 12.30605317844237 5
      vertex 14.361043392264673 12.662511537925383 5
      vertex 14.325934563992494 12.585024702715298 5
    endloop
  endfacet
  facet normal 0 0 1
    outer loop
      vertex 17.195927336897096 12.30605317844237 5
      vertex 14.391009168343638 12.74212869510589 5
      vertex 14.361043392264673 12.662511537925383 5
    endloop
  endfacet
  facet normal 0 0 1
    outer loop
      vertex 17.195927336897096 12.30605317844237 5
      vertex 14.415703574175788 12.823535241366724 5
      vertex 14.391009168343638 12.74212869510589 5
    endloop
  endfacet
  facet normal 0 0 1
    outer loop
      vertex 17.195927336897096 12.30605317844237 5
      vertex 14.4350208645242 12.906382581379033 5
      vertex 14.415703574175788 12.823535241366724 5
    endloop
  endfacet
  facet normal 0 0 1
    outer loop
      vertex 17.195927336897096 12.30605317844237 5
      vertex 14.448878319785953 12.990315950113933 5
      vertex 14.4350208645242 12.906382581379033 5
    endloop
  endfacet
  facet normal 0 0 1
    outer loop
      vertex 17.195927336897096 12.30605317844237 5
      vertex 14.457216600210185 13.074975932000815 5
      vertex 14.448878319785953 12.990315950113933 5
    endloop
  endfacet
  facet normal 0 0 1
    outer loop
      vertex 17.195927336897096 12.30605317844237 5
      vertex 14.46 13.16 5
      vertex 14.457216600210185 13.074975932000815 5
    endloop
  endfacet
  facet normal 0 0 1
    outer loop
      vertex 17.195927336897096 12.30605317844237 5
      vertex 14.457216600210185 13.245024067999186 5
      vertex 14.46 13.16 5
    endloop
  endfacet
  facet normal 0 0 1
    outer loop
      vertex 17.195927336897096 12.30605317844237 5
      vertex 14.448878319785953 13.329684049886067 5
      vertex 14.457216600210185 13.245024067999186 5
    endloop
  endfacet
  facet normal 0 0 1
    outer loop
      vertex 17.195927336897096 12.30605317844237 5
      vertex 14.4350208645242 13.413617418620968 5
      vertex 14.448878319785953 13.329684049886067 5
    endloop
  endfacet
  facet normal 0 0 1
    outer loop
      vertex 15.899426430539243 9.589909968689442 5
      vertex 16.12705616795031 9.7767208663446 5
      vertex 17.195927336897096 12.30605317844237 5
    endloop
  endfacet
  facet normal 0 0 1
    outer loop
      vertex 16.12705616795031 9.7767208663446 5
      vertex 16.341980515339465 9.978019484660535 5
      vertex 17.195927336897096 12.30605317844237 5
    endloop
  endfacet
  facet normal 0 0 1
    outer loop
      vertex 16.341980515339465 9.978019484660535 5
      vertex 16.5432791336554 10.19294383204969 5
      vertex 17.195927336897096 12.30605317844237 5
    endloop
  endfacet
  facet normal 0 0 1
    outer loop
      vertex 16.5432791336554 10.19294383204969 5
      vertex 16.73009003131056 10.420573569460757 5
      vertex 17.195927336897096 12.30605317844237 5
    endloop
  endfacet
  facet normal 0 0 1
    outer loop
      vertex 16.73009003131056 10.420573569460757 5
      vertex 16.901613255361454 10.65993395141179 5
      vertex 17.195927336897096 12.30605317844237 5
    endloop
  endfacet
  facet normal 0 0 1
    outer loop
      vertex 16.901613255361454 10.65993395141179 5
      vertex 17.057114317029974 10.91 5
      vertex 17.195927336897096 12.30605317844237 5
    endloop
  endfacet
  facet normal 0 0 1
    outer loop
      vertex 17.057114317029974 10.91 5
      vertex 17.195927336897096 11.169700894014493 5
      vertex 17.195927336897096 12.30605317844237 5
    endloop
  endfacet
  facet normal 0 0 1
    outer loop
      vertex 17.195927336897096 11.169700894014493 5
      vertex 17.31745789630079 11.437924554357096 5
      vertex 17.195927336897096 12.30605317844237 5
    endloop
  endfacet
  facet normal 0 0 1
    outer loop
      vertex 17.31745789630079 11.437924554357096 5
      vertex 17.287984710586386 12.338237242280552 5
      vertex 17.195927336897096 12.30605317844237 5
    endloop
  endfacet
  facet normal 0 0 1
    outer loop
      vertex 17.31745789630079 11.437924554357096 5
      vertex 17.421185582727976 11.713522406135773 5
      vertex 17.621501876182148 12.671754407876316 5
    endloop
  endfacet
  facet normal 0 0 1
    outer loop
      vertex 17.31745789630079 11.437924554357096 5
      vertex 17.621501876182148 12.671754407876316 5
      vertex 17.287984710586386 12.338237242280552 5
    endloop
  endfacet
  facet normal 0 0 1
    outer loop
      vertex 17.421185582727976 11.713522406135773 5
      vertex 17.506666218300808 11.995314297038657 5
      vertex 17.621501876182148 12.671754407876316 5
    endloop
  endfacet
  facet normal 0 0 1
    outer loop
      vertex 17.506666218300808 11.995314297038657 5
      vertex 17.573533761814538 12.282093550927422 5
      vertex 17.621501876182148 12.671754407876316 5
    endloop
  endfacet
  facet normal 0 0 1
    outer loop
      vertex 17.573533761814538 12.282093550927422 5
      vertex 17.621501876182148 12.572632135009767 5
      vertex 17.621501876182148 12.671754407876316 5
    endloop
  endfacet
  facet normal 0 0 1
    outer loop
      vertex 17.621501876182148 12.572632135009767 5
      vertex 17.632331159224965 12.682583690919133 5
      vertex 17.621501876182148 12.671754407876316 5
    endloop
  endfacet
  facet normal 0 0 1
    outer loop
      vertex 12.399343475715892 17.102637039623577 5
      vertex 13.81 14.28583302491977 5
      vertex 17.195927336897096 12.30605317844237 5
    endloop
  endfacet
  facet normal 0 0 1
    outer loop
      vertex 12.399343475715892 17.102637039623577 5
      vertex 13.329684049886067 14.448878319785953 5
      vertex 13.413617418620968 14.4350208645242 5
    endloop
  endfacet
  facet normal 0 0 1
    outer loop
      vertex 12.399343475715892 17.102637039623577 5
      vertex 13.413617418620968 14.4350208645242 5
      vertex 13.496464758633277 14.415703574175788 5
    endloop
  endfacet
  facet normal 0 0 1
    outer loop
      vertex 12.399343475715892 17.102637039623577 5
      vertex 13.496464758633277 14.415703574175788 5
      vertex 13.57787130489411 14.391009168343638 5
    endloop
  endfacet
  facet normal 0 0 1
    outer loop
      vertex 12.399343475715892 17.102637039623577 5
      vertex 13.57787130489411 14.391009168343638 5
      vertex 13.657488462074618 14.361043392264673 5
    endloop
  endfacet
  facet normal 0 0 1
    outer loop
      vertex 12.399343475715892 17.102637039623577 5
      vertex 13.657488462074618 14.361043392264673 5
      vertex 13.734975297284702 14.325934563992494 5
    endloop
  endfacet
  facet normal 0 0 1
    outer loop
      vertex 12.399343475715892 17.102637039623577 5
      vertex 13.734975297284702 14.325934563992494 5
      vertex 13.81 14.28583302491977 5
    endloop
  endfacet
  facet normal 0 0 1
    outer loop
      vertex 17.195927336897096 12.30605317844237 5
      vertex 13.81 14.28583302491977 5
      vertex 13.882241302925483 14.240910495993308 5
    endloop
  endfacet
  facet normal 0 0 1
    outer loop
      vertex 17.195927336897096 12.30605317844237 5
      vertex 13.882241302925483 14.240910495993308 5
      vertex 13.951389857711337 14.191359342378606 5
    endloop
  endfacet
  facet normal 0 0 1
    outer loop
      vertex 17.195927336897096 12.30605317844237 5
      vertex 13.951389857711337 14.191359342378606 5
      vertex 14.01714955963009 14.13739174972267 5
    endloop
  endfacet
  facet normal 0 0 1
    outer loop
      vertex 17.195927336897096 12.30605317844237 5
      vertex 14.28583302491977 13.81 5
      vertex 14.325934563992494 13.734975297284702 5
    endloop
  endfacet
  facet normal 0 0 1
    outer loop
      vertex 17.195927336897096 12.30605317844237 5
      vertex 14.240910495993308 13.882241302925483 5
      vertex 14.28583302491977 13.81 5
    endloop
  endfacet
  facet normal 0 0 1
    outer loop
      vertex 17.195927336897096 12.30605317844237 5
      vertex 14.191359342378606 13.951389857711337 5
      vertex 14.240910495993308 13.882241302925483 5
    endloop
  endfacet
  facet normal 0 0 1
    outer loop
      vertex 17.195927336897096 12.30605317844237 5
      vertex 14.13739174972267 14.01714955963009 5
      vertex 14.191359342378606 13.951389857711337 5
    endloop
  endfacet
  facet normal 0 0 1
    outer loop
      vertex 17.195927336897096 12.30605317844237 5
      vertex 14.415703574175788 13.496464758633277 5
      vertex 14.4350208645242 13.413617418620968 5
    endloop
  endfacet
  facet normal 0 0 1
    outer loop
      vertex 17.195927336897096 12.30605317844237 5
      vertex 14.391009168343638 13.57787130489411 5
      vertex 14.415703574175788 13.496464758633277 5
    endloop
  endfacet
  facet normal 0 0 1
    outer loop
      vertex 17.195927336897096 12.30605317844237 5
      vertex 14.361043392264673 13.657488462074618 5
      vertex 14.391009168343638 13.57787130489411 5
    endloop
  endfacet
  facet normal 0 0 1
    outer loop
      vertex 17.195927336897096 12.30605317844237 5
      vertex 14.325934563992494 13.734975297284702 5
      vertex 14.361043392264673 13.657488462074618 5
    endloop
  endfacet
  facet normal 0 0 1
    outer loop
      vertex 17.195927336897096 12.30605317844237 5
      vertex 14.01714955963009 14.13739174972267 5
      vertex 14.079238815542512 14.079238815542512 5
    endloop
  endfacet
  facet normal 0 0 1
    outer loop
      vertex 17.195927336897096 12.30605317844237 5
      vertex 14.079238815542512 14.079238815542512 5
      vertex 14.13739174972267 14.01714955963009 5
    endloop
  endfacet
  facet normal 0 0 -1
    outer loop
      vertex 3.826834323650898 -0.5072105279810017 0
      vertex 4.708598228779973 -0.2411492395258594 0
      vertex 4.101512840339794 -0.848234627966039 0
    endloop
  endfacet
  facet normal 0 0 -1
    outer loop
      vertex 3.826834323650898 -0.5072105279810017 0
      vertex 4.7164926374857155 0 0
      vertex 4.708598228779973 -0.2411492395258594 0
    endloop
  endfacet
  facet normal 0 0 -1
    outer loop
      vertex 0.32736610412972583 0 0
      vertex 0.3451001444493152 0.5417188919645104 0
      vertex 3.826834323650898 6.007150338484985 0
    endloop
  endfacet
  facet normal 0 0 -1
    outer loop
      vertex 3.826834323650898 -0.5072105279810017 0
      vertex 9.094670986228255 4.144923517922422 0
      vertex 4.7164926374857155 0 0
    endloop
  endfacet
  facet normal 0 0 -1
    outer loop
      vertex 4.7164926374857155 0 0
      vertex 9.094670986228255 4.144923517922422 0
      vertex 5 0.050252531694167324 0
    endloop
  endfacet
  facet normal 0 0 -1
    outer loop
      vertex 0.32736610412972583 0 0
      vertex 10.65993395141179 15.609681419717624 0
      vertex 3.5243874804074857 0 0
    endloop
  endfacet
  facet normal 0 0 -1
    outer loop
      vertex 3.826834323650898 -0.5072105279810017 0
      vertex 3.826834323650898 0.5081994561486864 0
      vertex 10.65993395141179 15.579305838914111 0
    endloop
  endfacet
  facet normal 0 0 -1
    outer loop
      vertex 3.5243874804074857 0 0
      vertex 10.65993395141179 15.609681419717624 0
      vertex 3.826834323650898 0.5081994561486864 0
    endloop
  endfacet
  facet normal 0 0 -1
    outer loop
      vertex 0.32736610412972583 0 0
      vertex 3.826834323650898 6.007150338484985 0
      vertex 8.687668840775036 13.63741630908087 0
    endloop
  endfacet
  facet normal 0 0 -1
    outer loop
      vertex 3.826834323650898 6.007150338484985 0
      vertex 4.144923517922423 9.094670986228254 0
      vertex 8.687668840775036 13.63741630908087 0
    endloop
  endfacet
  facet normal 0 0 -1
    outer loop
      vertex 0.32736610412972583 0 0
      vertex 8.687668840775036 13.63741630908087 0
      vertex 8.695143373431335 13.644890841737169 0
    endloop
  endfacet
  facet normal 0 0 -1
    outer loop
      vertex 3.826834323650898 -0.5072105279810017 0
      vertex 13.63741630908087 8.687668840775036 0
      vertex 9.094670986228255 4.144923517922422 0
    endloop
  endfacet
  facet normal 0 0 -1
    outer loop
      vertex 0.32736610412972583 0 0
      vertex 8.695143373431335 13.644890841737169 0
      vertex 10.65993395141179 15.609681419717624 0
    endloop
  endfacet
  facet normal 0 0 -1
    outer loop
      vertex 3.826834323650898 -0.5072105279810017 0
      vertex 12.079089504006692 12.437758697074518 0
      vertex 12.128640657621395 12.368610142288663 0
    endloop
  endfacet
  facet normal 0 0 -1
    outer loop
      vertex 3.826834323650898 -0.5072105279810017 0
      vertex 10.857788294557817 15.462211705442186 0
      vertex 11.871121680214047 12.990315950113933 0
    endloop
  endfacet
  facet normal 0 0 -1
    outer loop
      vertex 3.826834323650898 -0.5072105279810017 0
      vertex 11.958956607735328 12.662511537925383 0
      vertex 11.994065436007507 12.585024702715298 0
    endloop
  endfacet
  facet normal 0 0 -1
    outer loop
      vertex 3.826834323650898 -0.5072105279810017 0
      vertex 11.928990831656362 12.74212869510589 0
      vertex 11.958956607735328 12.662511537925383 0
    endloop
  endfacet
  facet normal 0 0 -1
    outer loop
      vertex 3.826834323650898 -0.5072105279810017 0
      vertex 11.994065436007507 12.585024702715298 0
      vertex 12.03416697508023 12.51 0
    endloop
  endfacet
  facet normal 0 0 -1
    outer loop
      vertex 3.826834323650898 -0.5072105279810017 0
      vertex 12.03416697508023 12.51 0
      vertex 12.079089504006692 12.437758697074518 0
    endloop
  endfacet
  facet normal 0 0 -1
    outer loop
      vertex 3.826834323650898 -0.5072105279810017 0
      vertex 11.8849791354758 12.906382581379033 0
      vertex 11.904296425824212 12.823535241366724 0
    endloop
  endfacet
  facet normal 0 0 -1
    outer loop
      vertex 3.826834323650898 -0.5072105279810017 0
      vertex 11.904296425824212 12.823535241366724 0
      vertex 11.928990831656362 12.74212869510589 0
    endloop
  endfacet
  facet normal 0 0 -1
    outer loop
      vertex 3.826834323650898 -0.5072105279810017 0
      vertex 11.871121680214047 12.990315950113933 0
      vertex 11.8849791354758 12.906382581379033 0
    endloop
  endfacet
  facet normal 0 0 -1
    outer loop
      vertex 3.826834323650898 -0.5072105279810017 0
      vertex 10.65993395141179 15.579305838914111 0
      vertex 10.857788294557817 15.462211705442186 0
    endloop
  endfacet
  facet normal 0 0 -1
    outer loop
      vertex 3.826834323650898 0.5081994561486864 0
      vertex 10.65993395141179 15.609681419717624 0
      vertex 10.65993395141179 15.579305838914111 0
    endloop
  endfacet
  facet normal 0 0 -1
    outer loop
      vertex 3.826834323650898 -0.5072105279810017 0
      vertex 12.128640657621395 12.368610142288663 0
      vertex 13.63741630908087 8.687668840775036 0
    endloop
  endfacet
  facet normal 0 0 -1
    outer loop
      vertex 13.63741630908087 8.687668840775036 0
      vertex 12.368610142288663 12.128640657621395 0
      vertex 12.437758697074518 12.079089504006692 0
    endloop
  endfacet
  facet normal 0 0 -1
    outer loop
      vertex 13.63741630908087 8.687668840775036 0
      vertex 12.437758697074518 12.079089504006692 0
      vertex 12.51 12.03416697508023 0
    endloop
  endfacet
  facet normal 0 0 -1
    outer loop
      vertex 13.63741630908087 8.687668840775036 0
      vertex 12.51 12.03416697508023 0
      vertex 12.585024702715298 11.994065436007507 0
    endloop
  endfacet
  facet normal 0 0 -1
    outer loop
      vertex 13.63741630908087 8.687668840775036 0
      vertex 12.585024702715298 11.994065436007507 0
      vertex 12.662511537925383 11.958956607735328 0
    endloop
  endfacet
  facet normal 0 0 -1
    outer loop
      vertex 13.63741630908087 8.687668840775036 0
      vertex 12.662511537925383 11.958956607735328 0
      vertex 12.74212869510589 11.928990831656362 0
    endloop
  endfacet
  facet normal 0 0 -1
    outer loop
      vertex 13.63741630908087 8.687668840775036 0
      vertex 12.18260825027733 12.30285044036991 0
      vertex 12.240761184457488 12.240761184457488 0
    endloop
  endfacet
  facet normal 0 0 -1
    outer loop
      vertex 13.63741630908087 8.687668840775036 0
      vertex 12.128640657621395 12.368610142288663 0
      vertex 12.18260825027733 12.30285044036991 0
    endloop
  endfacet
  facet normal 0 0 -1
    outer loop
      vertex 13.63741630908087 8.687668840775036 0
      vertex 12.240761184457488 12.240761184457488 0
      vertex 12.30285044036991 12.18260825027733 0
    endloop
  endfacet
  facet normal 0 0 -1
    outer loop
      vertex 13.63741630908087 8.687668840775036 0
      vertex 12.30285044036991 12.18260825027733 0
      vertex 12.368610142288663 12.128640657621395 0
    endloop
  endfacet
  facet normal 0.7071067811865476 -0.7071067811865476 0
    outer loop
      vertex 9.094670986228255 4.144923517922422 0
      vertex 13.63741630908087 8.687668840775036 0
      vertex 9.094670986228255 4.144923517922422 5
    endloop
  endfacet
  facet normal -0.7071067811865478 0.7071067811865474 -5.405735917313015e-17
    outer loop
      vertex 4.144923517922423 9.094670986228254 0
      vertex 8.687668840775036 13.63741630908087 5
      vertex 8.687668840775036 13.63741630908087 0
    endloop
  endfacet
  facet normal 0 0 -1
    outer loop
      vertex 10.857788294557817 15.462211705442186 0
      vertex 11.862783399789816 13.074975932000815 0
      vertex 11.871121680214047 12.990315950113933 0
    endloop
  endfacet
  facet normal 0 0 -1
    outer loop
      vertex 10.857788294557817 15.462211705442186 0
      vertex 11.86 13.16 0
      vertex 11.862783399789816 13.074975932000815 0
    endloop
  endfacet
  facet normal 0 0 -1
    outer loop
      vertex 10.857788294557817 15.462211705442186 0
      vertex 11.862783399789816 13.245024067999186 0
      vertex 11.86 13.16 0
    endloop
  endfacet
  facet normal 0 0 -1
    outer loop
      vertex 10.857788294557817 15.462211705442186 0
      vertex 11.871121680214047 13.329684049886067 0
      vertex 11.862783399789816 13.245024067999186 0
    endloop
  endfacet
  facet normal 0 0 -1
    outer loop
      vertex 10.857788294557817 15.462211705442186 0
      vertex 11.8849791354758 13.413617418620968 0
      vertex 11.871121680214047 13.329684049886067 0
    endloop
  endfacet
  facet normal 0 0 -1
    outer loop
      vertex 10.857788294557817 15.462211705442186 0
      vertex 11.904296425824212 13.496464758633277 0
      vertex 11.8849791354758 13.413617418620968 0
    endloop
  endfacet
  facet normal 0 0 -1
    outer loop
      vertex 10.857788294557817 15.462211705442186 0
      vertex 11.928990831656362 13.57787130489411 0
      vertex 11.904296425824212 13.496464758633277 0
    endloop
  endfacet
  facet normal 0 0 -1
    outer loop
      vertex 10.857788294557817 15.462211705442186 0
      vertex 11.958956607735328 13.657488462074618 0
      vertex 11.928990831656362 13.57787130489411 0
    endloop
  endfacet
  facet normal 0 0 -1
    outer loop
      vertex 10.857788294557817 15.462211705442186 0
      vertex 11.994065436007507 13.734975297284702 0
      vertex 11.958956607735328 13.657488462074618 0
    endloop
  endfacet
  facet normal 0 0 -1
    outer loop
      vertex 10.857788294557817 15.462211705442186 0
      vertex 12.03416697508023 13.81 0
      vertex 11.994065436007507 13.734975297284702 0
    endloop
  endfacet
  facet normal 0 0 -1
    outer loop
      vertex 10.857788294557817 15.462211705442186 0
      vertex 12.079089504006692 13.882241302925483 0
      vertex 12.03416697508023 13.81 0
    endloop
  endfacet
  facet normal 0 0 -1
    outer loop
      vertex 10.857788294557817 15.462211705442186 0
      vertex 12.128640657621395 13.951389857711337 0
      vertex 12.079089504006692 13.882241302925483 0
    endloop
  endfacet
  facet normal 0 0 -1
    outer loop
      vertex 10.857788294557817 15.462211705442186 0
      vertex 12.18260825027733 14.01714955963009 0
      vertex 12.128640657621395 13.951389857711337 0
    endloop
  endfacet
  facet normal 0 0 -1
    outer loop
      vertex 10.857788294557817 15.462211705442186 0
      vertex 12.240761184457488 14.079238815542512 0
      vertex 12.18260825027733 14.01714955963009 0
    endloop
  endfacet
  facet normal 0 0 -1
    outer loop
      vertex 13.63741630908087 8.687668840775036 0
      vertex 12.74212869510589 11.928990831656362 0
      vertex 12.823535241366724 11.904296425824212 0
    endloop
  endfacet
  facet normal 0 0 -1
    outer loop
      vertex 13.63741630908087 8.687668840775036 0
      vertex 12.823535241366724 11.904296425824212 0
      vertex 12.906382581379033 11.8849791354758 0
    endloop
  endfacet
  facet normal 0 0 -1
    outer loop
      vertex 13.63741630908087 8.687668840775036 0
      vertex 12.906382581379033 11.8849791354758 0
      vertex 12.990315950113933 11.871121680214047 0
    endloop
  endfacet
  facet normal 0 0 -1
    outer loop
      vertex 13.63741630908087 8.687668840775036 0
      vertex 12.990315950113933 11.871121680214047 0
      vertex 13.074975932000815 11.862783399789816 0
    endloop
  endfacet
  facet normal 0 0 -1
    outer loop
      vertex 13.63741630908087 8.687668840775036 0
      vertex 13.074975932000815 11.862783399789816 0
      vertex 13.16 11.86 0
    endloop
  endfacet
  facet normal 0 0 -1
    outer loop
      vertex 13.63741630908087 8.687668840775036 0
      vertex 13.16 11.86 0
      vertex 13.245024067999186 11.862783399789816 0
    endloop
  endfacet
  facet normal 0 0 -1
    outer loop
      vertex 13.63741630908087 8.687668840775036 0
      vertex 13.245024067999186 11.862783399789816 0
      vertex 13.329684049886067 11.871121680214047 0
    endloop
  endfacet
  facet normal 0 0 -1
    outer loop
      vertex 13.63741630908087 8.687668840775036 0
      vertex 13.329684049886067 11.871121680214047 0
      vertex 13.413617418620968 11.8849791354758 0
    endloop
  endfacet
  facet normal 0 0 -1
    outer loop
      vertex 13.63741630908087 8.687668840775036 0
      vertex 13.413617418620968 11.8849791354758 0
      vertex 13.496464758633277 11.904296425824212 0
    endloop
  endfacet
  facet normal 0 0 -1
    outer loop
      vertex 13.63741630908087 8.687668840775036 0
      vertex 13.496464758633277 11.904296425824212 0
      vertex 13.57787130489411 11.928990831656362 0
    endloop
  endfacet
  facet normal 0 0 -1
    outer loop
      vertex 13.63741630908087 8.687668840775036 0
      vertex 13.57787130489411 11.928990831656362 0
      vertex 13.597186811453318 11.936260673546004 0
    endloop
  endfacet
  facet normal -0.7071067811865478 0.7071067811865474 0
    outer loop
      vertex 4.144923517922423 9.094670986228254 0
      vertex 4.144923517922423 9.094670986228254 5
      vertex 8.687668840775036 13.63741630908087 5
    endloop
  endfacet
  facet normal 0.7071067811865476 -0.7071067811865476 0
    outer loop
      vertex 13.63741630908087 8.687668840775036 0
      vertex 13.63741630908087 8.687668840775036 5
      vertex 9.094670986228255 4.144923517922422 5
    endloop
  endfacet
  facet normal 0 0 1
    outer loop
      vertex 4.4228869021900135 8.304913514064152 5
      vertex 4.936236494780794 8.694336341451308 5
      vertex 4.144923517922423 9.094670986228254 5
    endloop
  endfacet
  facet normal 0 0 1
    outer loop
      vertex 5 6.374687246531159 5
      vertex 6.121402322564537 7.905804281274376 5
      vertex 4.936236494780794 8.694336341451308 5
    endloop
  endfacet
  facet normal 0 0 1
    outer loop
      vertex 4.144923517922423 9.094670986228254 5
      vertex 4.936236494780794 8.694336341451308 5
      vertex 8.902681072170733 11.703248950510195 5
    endloop
  endfacet
  facet normal 0 0 1
    outer loop
      vertex 7.0710678118654755 3.3922627639592386 5
      vertex 8.782071708545994 4.772095167886599 5
      vertex 6.882640689012327 7.247549071175326 5
    endloop
  endfacet
  facet normal 0 0 1
    outer loop
      vertex 8.782071708545994 4.772095167886599 5
      vertex 8.968727415326882 4.018979947021049 5
      vertex 9.094670986228255 4.144923517922422 5
    endloop
  endfacet
  facet normal 0 0 1
    outer loop
      vertex 8.782071708545994 4.772095167886599 5
      vertex 9.094670986228255 4.144923517922422 5
      vertex 13.63741630908087 8.687668840775036 5
    endloop
  endfacet
  facet normal 0 0 1
    outer loop
      vertex 6.121402322564537 7.905804281274376 5
      vertex 6.593458151000688 6.609685288615904 5
      vertex 6.882640689012327 7.247549071175326 5
    endloop
  endfacet
  facet normal 0 0 1
    outer loop
      vertex 6.121402322564537 7.905804281274376 5
      vertex 6.882640689012327 7.247549071175326 5
      vertex 8.902681072170733 11.703248950510195 5
    endloop
  endfacet
  facet normal 0 0 1
    outer loop
      vertex 6.121402322564537 7.905804281274376 5
      vertex 8.902681072170733 11.703248950510195 5
      vertex 4.936236494780794 8.694336341451308 5
    endloop
  endfacet
  facet normal 0 0 1
    outer loop
      vertex 8.782071708545994 4.772095167886599 5
      vertex 13.63741630908087 8.687668840775036 5
      vertex 6.882640689012327 7.247549071175326 5
    endloop
  endfacet
  facet normal 0 0 1
    outer loop
      vertex 4.144923517922423 9.094670986228254 5
      vertex 8.902681072170733 11.703248950510195 5
      vertex 8.687668840775036 13.63741630908087 5
    endloop
  endfacet
  facet normal 0 0 1
    outer loop
      vertex 6.882640689012327 7.247549071175326 5
      vertex 13.63741630908087 8.687668840775036 5
      vertex 8.902681072170733 11.703248950510195 5
    endloop
  endfacet
  facet normal 0 0 1
    outer loop
      vertex 8.902681072170733 11.703248950510195 5
      vertex 13.63741630908087 8.687668840775036 5
      vertex 10.65993395141179 15.579305838914111 5
    endloop
  endfacet
  facet normal 0 0 1
    outer loop
      vertex 13.63741630908087 8.687668840775036 5
      vertex 12.128640657621395 12.368610142288663 5
      vertex 12.079089504006692 12.437758697074518 5
    endloop
  endfacet
  facet normal 0 0 1
    outer loop
      vertex 13.63741630908087 8.687668840775036 5
      vertex 12.03416697508023 12.51 5
      vertex 11.994065436007507 12.585024702715298 5
    endloop
  endfacet
  facet normal 0 0 1
    outer loop
      vertex 13.63741630908087 8.687668840775036 5
      vertex 12.079089504006692 12.437758697074518 5
      vertex 12.03416697508023 12.51 5
    endloop
  endfacet
  facet normal 0 0 1
    outer loop
      vertex 13.63741630908087 8.687668840775036 5
      vertex 11.994065436007507 12.585024702715298 5
      vertex 11.958956607735328 12.662511537925383 5
    endloop
  endfacet
  facet normal 0 0 1
    outer loop
      vertex 13.63741630908087 8.687668840775036 5
      vertex 12.437758697074518 12.079089504006692 5
      vertex 12.368610142288663 12.128640657621395 5
    endloop
  endfacet
  facet normal 0 0 1
    outer loop
      vertex 13.63741630908087 8.687668840775036 5
      vertex 12.51 12.03416697508023 5
      vertex 12.437758697074518 12.079089504006692 5
    endloop
  endfacet
  facet normal 0 0 1
    outer loop
      vertex 13.63741630908087 8.687668840775036 5
      vertex 12.585024702715298 11.994065436007507 5
      vertex 12.51 12.03416697508023 5
    endloop
  endfacet
  facet normal 0 0 1
    outer loop
      vertex 13.63741630908087 8.687668840775036 5
      vertex 12.662511537925383 11.958956607735328 5
      vertex 12.585024702715298 11.994065436007507 5
    endloop
  endfacet
  facet normal 0 0 1
    outer loop
      vertex 13.63741630908087 8.687668840775036 5
      vertex 12.74212869510589 11.928990831656362 5
      vertex 12.662511537925383 11.958956607735328 5
    endloop
  endfacet
  facet normal 0 0 1
    outer loop
      vertex 13.63741630908087 8.687668840775036 5
      vertex 12.240761184457488 12.240761184457488 5
      vertex 12.18260825027733 12.30285044036991 5
    endloop
  endfacet
  facet normal 0 0 1
    outer loop
      vertex 13.63741630908087 8.687668840775036 5
      vertex 12.18260825027733 12.30285044036991 5
      vertex 12.128640657621395 12.368610142288663 5
    endloop
  endfacet
  facet normal 0 0 1
    outer loop
      vertex 13.63741630908087 8.687668840775036 5
      vertex 12.368610142288663 12.128640657621395 5
      vertex 12.30285044036991 12.18260825027733 5
    endloop
  endfacet
  facet normal 0 0 1
    outer loop
      vertex 13.63741630908087 8.687668840775036 5
      vertex 12.30285044036991 12.18260825027733 5
      vertex 12.240761184457488 12.240761184457488 5
    endloop
  endfacet
  facet normal 0 0 1
    outer loop
      vertex 10.65993395141179 15.579305838914111 5
      vertex 13.63741630908087 8.687668840775036 5
      vertex 11.958956607735328 12.662511537925383 5
    endloop
  endfacet
  facet normal 0 0 1
    outer loop
      vertex 8.902681072170733 11.703248950510195 5
      vertex 8.898814417272025 13.848561885577858 5
      vertex 8.687668840775036 13.63741630908087 5
    endloop
  endfacet
  facet normal 0 0 1
    outer loop
      vertex 10.65993395141179 15.579305838914111 5
      vertex 12.24076118445749 14.079238815542514 5
      vertex 10.701953578800772 15.618046421199232 5
    endloop
  endfacet
  facet normal 0 0 1
    outer loop
      vertex 10.65993395141179 15.579305838914111 5
      vertex 11.928990831656362 12.74212869510589 5
      vertex 11.904296425824212 12.823535241366724 5
    endloop
  endfacet
  facet normal 0 0 1
    outer loop
      vertex 10.65993395141179 15.579305838914111 5
      vertex 11.904296425824212 12.823535241366724 5
      vertex 11.8849791354758 12.906382581379033 5
    endloop
  endfacet
  facet normal 0 0 1
    outer loop
      vertex 10.65993395141179 15.579305838914111 5
      vertex 11.8849791354758 12.906382581379033 5
      vertex 11.871121680214047 12.990315950113933 5
    endloop
  endfacet
  facet normal 0 0 1
    outer loop
      vertex 10.65993395141179 15.579305838914111 5
      vertex 11.958956607735328 12.662511537925383 5
      vertex 11.928990831656362 12.74212869510589 5
    endloop
  endfacet
  facet normal 0 0 1
    outer loop
      vertex 10.65993395141179 15.579305838914111 5
      vertex 11.871121680214047 12.990315950113933 5
      vertex 11.862783399789816 13.074975932000815 5
    endloop
  endfacet
  facet normal 0 0 1
    outer loop
      vertex 10.65993395141179 15.579305838914111 5
      vertex 11.862783399789816 13.074975932000815 5
      vertex 11.86 13.16 5
    endloop
  endfacet
  facet normal 0 0 1
    outer loop
      vertex 10.65993395141179 15.579305838914111 5
      vertex 11.86 13.16 5
      vertex 11.862783399789816 13.245024067999186 5
    endloop
  endfacet
  facet normal 0 0 1
    outer loop
      vertex 10.65993395141179 15.579305838914111 5
      vertex 11.862783399789816 13.245024067999186 5
      vertex 11.871121680214047 13.329684049886067 5
    endloop
  endfacet
  facet normal 0 0 1
    outer loop
      vertex 10.65993395141179 15.579305838914111 5
      vertex 11.871121680214047 13.329684049886067 5
      vertex 11.8849791354758 13.413617418620968 5
    endloop
  endfacet
  facet normal 0 0 1
    outer loop
      vertex 10.65993395141179 15.579305838914111 5
      vertex 11.8849791354758 13.413617418620968 5
      vertex 11.904296425824212 13.496464758633277 5
    endloop
  endfacet
  facet normal 0 0 1
    outer loop
      vertex 10.65993395141179 15.579305838914111 5
      vertex 11.904296425824212 13.496464758633277 5
      vertex 11.928990831656362 13.57787130489411 5
    endloop
  endfacet
  facet normal 0 0 1
    outer loop
      vertex 10.65993395141179 15.579305838914111 5
      vertex 11.928990831656362 13.57787130489411 5
      vertex 11.958956607735328 13.657488462074618 5
    endloop
  endfacet
  facet normal 0 0 1
    outer loop
      vertex 10.65993395141179 15.579305838914111 5
      vertex 11.958956607735328 13.657488462074618 5
      vertex 11.994065436007507 13.734975297284702 5
    endloop
  endfacet
  facet normal 0 0 1
    outer loop
      vertex 10.65993395141179 15.579305838914111 5
      vertex 11.994065436007507 13.734975297284702 5
      vertex 12.03416697508023 13.81 5
    endloop
  endfacet
  facet normal 0 0 1
    outer loop
      vertex 10.65993395141179 15.579305838914111 5
      vertex 12.03416697508023 13.81 5
      vertex 12.079089504006692 13.882241302925483 5
    endloop
  endfacet
  facet normal 0 0 1
    outer loop
      vertex 10.65993395141179 15.579305838914111 5
      vertex 12.079089504006692 13.882241302925483 5
      vertex 12.128640657621395 13.951389857711337 5
    endloop
  endfacet
  facet normal 0 0 1
    outer loop
      vertex 10.65993395141179 15.579305838914111 5
      vertex 12.128640657621395 13.951389857711337 5
      vertex 12.18260825027733 14.01714955963009 5
    endloop
  endfacet
  facet normal 0 0 1
    outer loop
      vertex 10.65993395141179 15.579305838914111 5
      vertex 12.18260825027733 14.01714955963009 5
      vertex 12.24076118445749 14.079238815542514 5
    endloop
  endfacet
  facet normal 0 0 1
    outer loop
      vertex 13.63741630908087 8.687668840775036 5
      vertex 12.823535241366724 11.904296425824212 5
      vertex 12.74212869510589 11.928990831656362 5
    endloop
  endfacet
  facet normal 0 0 1
    outer loop
      vertex 13.63741630908087 8.687668840775036 5
      vertex 12.906382581379033 11.8849791354758 5
      vertex 12.823535241366724 11.904296425824212 5
    endloop
  endfacet
  facet normal 0 0 1
    outer loop
      vertex 13.63741630908087 8.687668840775036 5
      vertex 12.990315950113933 11.871121680214047 5
      vertex 12.906382581379033 11.8849791354758 5
    endloop
  endfacet
  facet normal 0 0 1
    outer loop
      vertex 13.63741630908087 8.687668840775036 5
      vertex 13.074975932000815 11.862783399789816 5
      vertex 12.990315950113933 11.871121680214047 5
    endloop
  endfacet
  facet normal 0 0 1
    outer loop
      vertex 13.63741630908087 8.687668840775036 5
      vertex 13.16 11.86 5
      vertex 13.074975932000815 11.862783399789816 5
    endloop
  endfacet
  facet normal 0 0 1
    outer loop
      vertex 13.63741630908087 8.687668840775036 5
      vertex 13.245024067999186 11.862783399789816 5
      vertex 13.16 11.86 5
    endloop
  endfacet
  facet normal 0 0 1
    outer loop
      vertex 13.63741630908087 8.687668840775036 5
      vertex 13.329684049886067 11.871121680214047 5
      vertex 13.245024067999186 11.862783399789816 5
    endloop
  endfacet
  facet normal 0 0 1
    outer loop
      vertex 13.63741630908087 8.687668840775036 5
      vertex 13.413617418620968 11.8849791354758 5
      vertex 13.329684049886067 11.871121680214047 5
    endloop
  endfacet
  facet normal 0 0 1
    outer loop
      vertex 13.63741630908087 8.687668840775036 5
      vertex 13.496447299224823 11.904292354861132 5
      vertex 13.413617418620968 11.8849791354758 5
    endloop
  endfacet
  facet normal 0 0 -1
    outer loop
      vertex -17.506666218300808 11.995314297038657 0
      vertex -17.573533761814538 12.282093550927422 0
      vertex -17.506666218300808 14.324685702961343 0
    endloop
  endfacet
  facet normal 0 0 -1
    outer loop
      vertex -17.573533761814538 12.282093550927422 0
      vertex -17.621501876182148 12.572632135009767 0
      vertex -17.573533761814538 14.037906449072578 0
    endloop
  endfacet
  facet normal 0 0 -1
    outer loop
      vertex -17.195927336897096 11.169700894014493 0
      vertex -17.31745789630079 11.437924554357096 0
      vertex -17.195927336897096 15.150299105985507 0
    endloop
  endfacet
  facet normal 0 0 -1
    outer loop
      vertex -17.421185582727976 11.713522406135773 0
      vertex -17.506666218300808 11.995314297038657 0
      vertex -17.421185582727976 14.606477593864227 0
    endloop
  endfacet
  facet normal 0 0 -1
    outer loop
      vertex -17.31745789630079 11.437924554357096 0
      vertex -17.421185582727976 11.713522406135773 0
      vertex -17.31745789630079 14.882075445642904 0
    endloop
  endfacet
  facet normal 0 0 -1
    outer loop
      vertex -16.341980515339465 9.978019484660535 0
      vertex -16.5432791336554 10.19294383204969 0
      vertex -16.341980515339465 16.341980515339465 0
    endloop
  endfacet
  facet normal 0 0 -1
    outer loop
      vertex -16.901613255361454 10.65993395141179 0
      vertex -17.057114317029974 10.91 0
      vertex -16.901613255361454 15.66006604858821 0
    endloop
  endfacet
  facet normal 0 0 -1
    outer loop
      vertex -17.195927336897096 11.169700894014493 0
      vertex -17.057114317029974 15.41 0
      vertex -17.057114317029974 10.91 0
    endloop
  endfacet
  facet normal 0 0 -1
    outer loop
      vertex -16.73009003131056 10.420573569460757 0
      vertex -16.901613255361454 10.65993395141179 0
      vertex -16.73009003131056 15.899426430539243 0
    endloop
  endfacet
  facet normal 0 0 -1
    outer loop
      vertex -16.73009003131056 10.420573569460757 0
      vertex -16.5432791336554 16.12705616795031 0
      vertex -16.5432791336554 10.19294383204969 0
    endloop
  endfacet
  facet normal 0 0 -1
    outer loop
      vertex -13.747367864990233 8.698498123817853 0
      vertex -13.496447299224823 11.904292354861132 0
      vertex -13.63741630908087 8.687668840775036 0
    endloop
  endfacet
  facet normal 0 0 -1
    outer loop
      vertex -16.341980515339465 9.978019484660535 0
      vertex -16.12705616795031 16.5432791336554 0
      vertex -16.12705616795031 9.7767208663446 0
    endloop
  endfacet
  facet normal 0 0 -1
    outer loop
      vertex -15.899426430539243 9.589909968689442 0
      vertex -16.12705616795031 9.7767208663446 0
      vertex -15.899426430539243 16.73009003131056 0
    endloop
  endfacet
  facet normal 0 0 -1
    outer loop
      vertex -15.899426430539243 9.589909968689442 0
      vertex -15.66006604858821 16.901613255361454 0
      vertex -15.66006604858821 9.418386744638546 0
    endloop
  endfacet
  facet normal 0 0 -1
    outer loop
      vertex -15.66006604858821 9.418386744638546 0
      vertex -15.41 17.057114317029974 0
      vertex -15.41 9.262885682970026 0
    endloop
  endfacet
  facet normal 0 0 -1
    outer loop
      vertex -15.41 9.262885682970026 0
      vertex -15.150299105985507 17.195927336897096 0
      vertex -15.150299105985507 9.124072663102904 0
    endloop
  endfacet
  facet normal 0 0 -1
    outer loop
      vertex -14.882075445642904 9.00254210369921 0
      vertex -14.606477593864227 17.421185582727976 0
      vertex -14.606477593864227 8.898814417272025 0
    endloop
  endfacet
  facet normal 0 0 -1
    outer loop
      vertex -15.150299105985507 9.124072663102904 0
      vertex -14.882075445642904 17.31745789630079 0
      vertex -14.882075445642904 9.00254210369921 0
    endloop
  endfacet
  facet normal 0 0 -1
    outer loop
      vertex -14.606477593864227 8.898814417272025 0
      vertex -14.28583302491977 12.51 0
      vertex -14.324685702961343 8.813333781699193 0
    endloop
  endfacet
  facet normal 0 0 -1
    outer loop
      vertex -14.324685702961343 8.813333781699193 0
      vertex -14.01714955963009 12.18260825027733 0
      vertex -14.037906449072578 8.746466238185462 0
    endloop
  endfacet
  facet normal 0 0 -1
    outer loop
      vertex -14.606477593864227 8.898814417272025 0
      vertex -14.361043392264673 12.662511537925383 0
      vertex -14.325934563992494 12.585024702715298 0
    endloop
  endfacet
  facet normal 0 0 -1
    outer loop
      vertex -14.606477593864227 8.898814417272025 0
      vertex -14.325934563992494 12.585024702715298 0
      vertex -14.28583302491977 12.51 0
    endloop
  endfacet
  facet normal 0 0 -1
    outer loop
      vertex -14.324685702961343 8.813333781699193 0
      vertex -14.28583302491977 12.51 0
      vertex -14.240910495993308 12.437758697074518 0
    endloop
  endfacet
  facet normal 0 0 -1
    outer loop
      vertex -14.037906449072578 8.746466238185462 0
      vertex -13.951389857711337 12.128640657621395 0
      vertex -13.882241302925483 12.079089504006692 0
    endloop
  endfacet
  facet normal 0 0 -1
    outer loop
      vertex -14.037906449072578 8.746466238185462 0
      vertex -13.882241302925483 12.079089504006692 0
      vertex -13.81 12.03416697508023 0
    endloop
  endfacet
  facet normal 0 0 -1
    outer loop
      vertex -14.037906449072578 8.746466238185462 0
      vertex -13.81 12.03416697508023 0
      vertex -13.734975297284702 11.994065436007507 0
    endloop
  endfacet
  facet normal 0 0 -1
    outer loop
      vertex -14.324685702961343 8.813333781699193 0
      vertex -14.191359342378606 12.368610142288663 0
      vertex -14.13739174972267 12.30285044036991 0
    endloop
  endfacet
  facet normal 0 0 -1
    outer loop
      vertex -14.324685702961343 8.813333781699193 0
      vertex -14.13739174972267 12.30285044036991 0
      vertex -14.079238815542512 12.240761184457488 0
    endloop
  endfacet
  facet normal 0 0 -1
    outer loop
      vertex -14.324685702961343 8.813333781699193 0
      vertex -14.079238815542512 12.240761184457488 0
      vertex -14.01714955963009 12.18260825027733 0
    endloop
  endfacet
  facet normal 0 0 -1
    outer loop
      vertex -14.324685702961343 8.813333781699193 0
      vertex -14.240910495993308 12.437758697074518 0
      vertex -14.191359342378606 12.368610142288663 0
    endloop
  endfacet
  facet normal 0 0 -1
    outer loop
      vertex -14.037906449072578 8.746466238185462 0
      vertex -14.01714955963009 12.18260825027733 0
      vertex -13.951389857711337 12.128640657621395 0
    endloop
  endfacet
  facet normal 0 0 -1
    outer loop
      vertex -14.037906449072578 8.746466238185462 0
      vertex -13.734975297284702 11.994065436007507 0
      vertex -13.747367864990233 8.698498123817853 0
    endloop
  endfacet
  facet normal 0 0 -1
    outer loop
      vertex -13.747367864990233 8.698498123817853 0
      vertex -13.734975297284702 11.994065436007507 0
      vertex -13.657488462074618 11.958956607735328 0
    endloop
  endfacet
  facet normal 0 0 -1
    outer loop
      vertex -13.747367864990233 8.698498123817853 0
      vertex -13.657488462074618 11.958956607735328 0
      vertex -13.57787130489411 11.928990831656362 0
    endloop
  endfacet
  facet normal 0 0 -1
    outer loop
      vertex -13.747367864990233 8.698498123817853 0
      vertex -13.57787130489411 11.928990831656362 0
      vertex -13.496464758633277 11.904296425824212 0
    endloop
  endfacet
  facet normal 0 0 -1
    outer loop
      vertex -13.747367864990233 8.698498123817853 0
      vertex -13.496464758633277 11.904296425824212 0
      vertex -13.496447299224823 11.904292354861132 0
    endloop
  endfacet
  facet normal 0 0 -1
    outer loop
      vertex -14.606477593864227 8.898814417272025 0
      vertex -14.415703574175788 12.823535241366724 0
      vertex -14.391009168343638 12.74212869510589 0
    endloop
  endfacet
  facet normal 0 0 -1
    outer loop
      vertex -14.606477593864227 8.898814417272025 0
      vertex -14.4350208645242 12.906382581379033 0
      vertex -14.415703574175788 12.823535241366724 0
    endloop
  endfacet
  facet normal 0 0 -1
    outer loop
      vertex -14.606477593864227 8.898814417272025 0
      vertex -14.448878319785953 12.990315950113933 0
      vertex -14.4350208645242 12.906382581379033 0
    endloop
  endfacet
  facet normal 0 0 -1
    outer loop
      vertex -14.606477593864227 8.898814417272025 0
      vertex -14.457216600210185 13.074975932000815 0
      vertex -14.448878319785953 12.990315950113933 0
    endloop
  endfacet
  facet normal 0 0 -1
    outer loop
      vertex -14.606477593864227 8.898814417272025 0
      vertex -14.46 13.16 0
      vertex -14.457216600210185 13.074975932000815 0
    endloop
  endfacet
  facet normal 0 0 -1
    outer loop
      vertex -14.606477593864227 8.898814417272025 0
      vertex -14.391009168343638 12.74212869510589 0
      vertex -14.361043392264673 12.662511537925383 0
    endloop
  endfacet
  facet normal -0.8819212643483562 -0.47139673682599537 0
    outer loop
      vertex -17.195927336897096 11.169700894014493 0
      vertex -17.057114317029974 10.91 0
      vertex -17.195927336897096 11.169700894014493 5
    endloop
  endfacet
  facet normal -0.910863824921174 -0.41270702980439866 8.263883046604628e-19
    outer loop
      vertex -17.195927336897096 11.169700894014493 0
      vertex -17.31745789630079 11.437924554357096 5
      vertex -17.31745789630079 11.437924554357096 0
    endloop
  endfacet
  facet normal -0.8128466845916186 -0.5824776968677973 -1.2586196142809076e-18
    outer loop
      vertex -16.73009003131056 10.420573569460757 0
      vertex -16.901613255361454 10.65993395141179 5
      vertex -16.901613255361454 10.65993395141179 0
    endloop
  endfacet
  facet normal -0.7298640726978347 -0.6835923020228725 -1.8102872445028143e-18
    outer loop
      vertex -16.341980515339465 9.978019484660535 0
      vertex -16.5432791336554 10.19294383204969 5
      vertex -16.5432791336554 10.19294383204969 0
    endloop
  endfacet
  facet normal -0.773010453362737 -0.6343932841636453 0
    outer loop
      vertex -16.73009003131056 10.420573569460757 0
      vertex -16.5432791336554 10.19294383204969 0
      vertex -16.73009003131056 10.420573569460757 5
    endloop
  endfacet
  facet normal -0.8492021815265784 -0.5280678506503685 -1.2581228468303434e-19
    outer loop
      vertex -16.901613255361454 10.65993395141179 0
      vertex -17.057114317029974 10.91 5
      vertex -17.057114317029974 10.91 0
    endloop
  endfacet
  facet normal -0.9738769792773332 -0.22707626303437564 -4.470544738215552e-19
    outer loop
      vertex -17.506666218300808 11.995314297038657 0
      vertex -17.573533761814538 12.282093550927422 5
      vertex -17.573533761814538 12.282093550927422 0
    endloop
  endfacet
  facet normal -0.9359059267573264 -0.3522500479212315 -6.941396565002311e-19
    outer loop
      vertex -17.31745789630079 11.437924554357096 0
      vertex -17.421185582727976 11.713522406135773 5
      vertex -17.421185582727976 11.713522406135773 0
    endloop
  endfacet
  facet normal -0.9569403357322087 -0.2902846772544631 -7.023940757356424e-19
    outer loop
      vertex -17.421185582727976 11.713522406135773 0
      vertex -17.506666218300808 11.995314297038657 5
      vertex -17.506666218300808 11.995314297038657 0
    endloop
  endfacet
  facet normal -0.9866433320848792 -0.16289547339458813 -1.5017985121731238e-19
    outer loop
      vertex -17.573533761814538 12.282093550927422 0
      vertex -17.621501876182148 12.572632135009767 5
      vertex -17.621501876182148 12.572632135009767 0
    endloop
  endfacet
  facet normal -0.9951847266721969 -0.09801714032955992 7.783992625265318e-20
    outer loop
      vertex -17.621501876182148 12.572632135009767 0
      vertex -17.650365154573716 12.865685918464356 5
      vertex -17.650365154573716 12.865685918464356 0
    endloop
  endfacet
  facet normal -0.6343932841636417 -0.7730104533627401 0
    outer loop
      vertex -15.899426430539243 9.589909968689442 0
      vertex -15.899426430539243 9.589909968689442 5
      vertex -16.12705616795031 9.7767208663446 0
    endloop
  endfacet
  facet normal -0.5280678506503685 -0.8492021815265784 -1.2581228468303434e-19
    outer loop
      vertex -15.66006604858821 9.418386744638546 0
      vertex -15.41 9.262885682970026 0
      vertex -15.41 9.262885682970026 5
    endloop
  endfacet
  facet normal -0.5824776968678013 -0.8128466845916158 2.1522138939183667e-18
    outer loop
      vertex -15.899426430539243 9.589909968689442 0
      vertex -15.66006604858821 9.418386744638546 0
      vertex -15.66006604858821 9.418386744638546 5
    endloop
  endfacet
  facet normal -0.3522500479212315 -0.9359059267573264 -6.941396565002311e-19
    outer loop
      vertex -14.882075445642904 9.00254210369921 0
      vertex -14.606477593864227 8.898814417272025 0
      vertex -14.606477593864227 8.898814417272025 5
    endloop
  endfacet
  facet normal -0.47139673682599537 -0.8819212643483562 -9.748689707187262e-19
    outer loop
      vertex -15.41 9.262885682970026 0
      vertex -15.150299105985507 9.124072663102904 0
      vertex -15.150299105985507 9.124072663102904 5
    endloop
  endfacet
  facet normal -0.41270702980439866 -0.910863824921174 8.263883046604628e-19
    outer loop
      vertex -15.150299105985507 9.124072663102904 0
      vertex -14.882075445642904 9.00254210369921 0
      vertex -14.882075445642904 9.00254210369921 5
    endloop
  endfacet
  facet normal -0.2902846772544631 -0.9569403357322087 -7.023940757356424e-19
    outer loop
      vertex -14.606477593864227 8.898814417272025 0
      vertex -14.324685702961343 8.813333781699193 0
      vertex -14.324685702961343 8.813333781699193 5
    endloop
  endfacet
  facet normal -0.22707626303437564 -0.9738769792773332 -4.470544738215552e-19
    outer loop
      vertex -14.324685702961343 8.813333781699193 0
      vertex -14.037906449072578 8.746466238185462 0
      vertex -14.037906449072578 8.746466238185462 5
    endloop
  endfacet
  facet normal -0.16289547339458813 -0.9866433320848792 -1.5017985121731238e-19
    outer loop
      vertex -14.037906449072578 8.746466238185462 0
      vertex -13.747367864990233 8.698498123817853 0
      vertex -13.747367864990233 8.698498123817853 5
    endloop
  endfacet
  facet normal -0.09801714032956074 -0.9951847266721968 -1.1505872352531797e-19
    outer loop
      vertex -13.747367864990233 8.698498123817853 0
      vertex -13.63741630908087 8.687668840775036 0
      vertex -13.63741630908087 8.687668840775036 5
    endloop
  endfacet
  facet normal -0.6835923020228725 -0.7298640726978347 -1.8102872445028143e-18
    outer loop
      vertex -16.341980515339465 9.978019484660535 0
      vertex -16.12705616795031 9.7767208663446 0
      vertex -16.12705616795031 9.7767208663446 5
    endloop
  endfacet
  facet normal 0 0 -1
    outer loop
      vertex -17.621501876182148 12.572632135009767 0
      vertex -17.650365154573716 12.865685918464356 0
      vertex -17.621501876182148 13.747367864990233 0
    endloop
  endfacet
  facet normal 0 0 -1
    outer loop
      vertex -17.650365154573716 12.865685918464356 0
      vertex -17.66 13.16 0
      vertex -17.650365154573716 13.454314081535644 0
    endloop
  endfacet
  facet normal 0 0 -1
    outer loop
      vertex -17.650365154573716 12.865685918464356 0
      vertex -17.650365154573716 13.454314081535644 0
      vertex -17.621501876182148 13.747367864990233 0
    endloop
  endfacet
  facet normal 0 0 -1
    outer loop
      vertex -17.621501876182148 12.572632135009767 0
      vertex -17.621501876182148 13.747367864990233 0
      vertex -17.573533761814538 14.037906449072578 0
    endloop
  endfacet
  facet normal 0 0 -1
    outer loop
      vertex -17.573533761814538 12.282093550927422 0
      vertex -17.573533761814538 14.037906449072578 0
      vertex -17.506666218300808 14.324685702961343 0
    endloop
  endfacet
  facet normal 0 0 -1
    outer loop
      vertex -17.506666218300808 11.995314297038657 0
      vertex -17.506666218300808 14.324685702961343 0
      vertex -17.421185582727976 14.606477593864227 0
    endloop
  endfacet
  facet normal 0 0 -1
    outer loop
      vertex -17.421185582727976 11.713522406135773 0
      vertex -17.421185582727976 14.606477593864227 0
      vertex -17.31745789630079 14.882075445642904 0
    endloop
  endfacet
  facet normal 0 0 -1
    outer loop
      vertex -17.31745789630079 11.437924554357096 0
      vertex -17.31745789630079 14.882075445642904 0
      vertex -17.195927336897096 15.150299105985507 0
    endloop
  endfacet
  facet normal 0 0 -1
    outer loop
      vertex -17.195927336897096 11.169700894014493 0
      vertex -17.195927336897096 15.150299105985507 0
      vertex -17.057114317029974 15.41 0
    endloop
  endfacet
  facet normal 0 0 -1
    outer loop
      vertex -17.057114317029974 10.91 0
      vertex -17.057114317029974 15.41 0
      vertex -16.901613255361454 15.66006604858821 0
    endloop
  endfacet
  facet normal 0 0 -1
    outer loop
      vertex -16.901613255361454 10.65993395141179 0
      vertex -16.901613255361454 15.66006604858821 0
      vertex -16.73009003131056 15.899426430539243 0
    endloop
  endfacet
  facet normal 0 0 -1
    outer loop
      vertex -16.73009003131056 10.420573569460757 0
      vertex -16.73009003131056 15.899426430539243 0
      vertex -16.5432791336554 16.12705616795031 0
    endloop
  endfacet
  facet normal 0 0 -1
    outer loop
      vertex -16.5432791336554 10.19294383204969 0
      vertex -16.5432791336554 16.12705616795031 0
      vertex -16.341980515339465 16.341980515339465 0
    endloop
  endfacet
  facet normal 0 0 -1
    outer loop
      vertex -16.341980515339465 9.978019484660535 0
      vertex -16.341980515339465 16.341980515339465 0
      vertex -16.12705616795031 16.5432791336554 0
    endloop
  endfacet
  facet normal 0 0 -1
    outer loop
      vertex -16.12705616795031 9.7767208663446 0
      vertex -16.12705616795031 16.5432791336554 0
      vertex -15.899426430539243 16.73009003131056 0
    endloop
  endfacet
  facet normal 0 0 -1
    outer loop
      vertex -15.899426430539243 9.589909968689442 0
      vertex -15.899426430539243 16.73009003131056 0
      vertex -15.66006604858821 16.901613255361454 0
    endloop
  endfacet
  facet normal 0 0 -1
    outer loop
      vertex -15.66006604858821 9.418386744638546 0
      vertex -15.66006604858821 16.901613255361454 0
      vertex -15.41 17.057114317029974 0
    endloop
  endfacet
  facet normal 0 0 -1
    outer loop
      vertex -15.41 9.262885682970026 0
      vertex -15.41 17.057114317029974 0
      vertex -15.150299105985507 17.195927336897096 0
    endloop
  endfacet
  facet normal 0 0 -1
    outer loop
      vertex -15.150299105985507 9.124072663102904 0
      vertex -15.150299105985507 17.195927336897096 0
      vertex -14.882075445642904 17.31745789630079 0
    endloop
  endfacet
  facet normal 0 0 -1
    outer loop
      vertex -14.882075445642904 9.00254210369921 0
      vertex -14.882075445642904 17.31745789630079 0
      vertex -14.606477593864227 17.421185582727976 0
    endloop
  endfacet
  facet normal 0 0 -1
    outer loop
      vertex -14.606477593864227 8.898814417272025 0
      vertex -14.324685702961343 17.506666218300808 0
      vertex -14.46 13.16 0
    endloop
  endfacet
  facet normal 0 0 -1
    outer loop
      vertex -14.606477593864227 8.898814417272025 0
      vertex -14.606477593864227 17.421185582727976 0
      vertex -14.324685702961343 17.506666218300808 0
    endloop
  endfacet
  facet normal 0 0 -1
    outer loop
      vertex -14.324685702961343 17.506666218300808 0
      vertex -14.457216600210185 13.245024067999186 0
      vertex -14.46 13.16 0
    endloop
  endfacet
  facet normal 0 0 -1
    outer loop
      vertex -14.324685702961343 17.506666218300808 0
      vertex -14.448878319785953 13.329684049886067 0
      vertex -14.457216600210185 13.245024067999186 0
    endloop
  endfacet
  facet normal 0 0 -1
    outer loop
      vertex -14.324685702961343 17.506666218300808 0
      vertex -14.4350208645242 13.413617418620968 0
      vertex -14.448878319785953 13.329684049886067 0
    endloop
  endfacet
  facet normal 0 0 -1
    outer loop
      vertex -14.324685702961343 17.506666218300808 0
      vertex -14.415703574175788 13.496464758633277 0
      vertex -14.4350208645242 13.413617418620968 0
    endloop
  endfacet
  facet normal 0 0 -1
    outer loop
      vertex -14.324685702961343 17.506666218300808 0
      vertex -14.391009168343638 13.57787130489411 0
      vertex -14.415703574175788 13.496464758633277 0
    endloop
  endfacet
  facet normal 0 0 -1
    outer loop
      vertex -14.324685702961343 17.506666218300808 0
      vertex -14.361043392264673 13.657488462074618 0
      vertex -14.391009168343638 13.57787130489411 0
    endloop
  endfacet
  facet normal 0 0 -1
    outer loop
      vertex -14.324685702961343 17.506666218300808 0
      vertex -14.325934563992494 13.734975297284702 0
      vertex -14.361043392264673 13.657488462074618 0
    endloop
  endfacet
  facet normal 0 0 -1
    outer loop
      vertex -14.324685702961343 17.506666218300808 0
      vertex -14.28583302491977 13.81 0
      vertex -14.325934563992494 13.734975297284702 0
    endloop
  endfacet
  facet normal 0 0 -1
    outer loop
      vertex -14.324685702961343 17.506666218300808 0
      vertex -14.240910495993308 13.882241302925483 0
      vertex -14.28583302491977 13.81 0
    endloop
  endfacet
  facet normal 0 0 -1
    outer loop
      vertex -14.324685702961343 17.506666218300808 0
      vertex -14.191359342378606 13.951389857711337 0
      vertex -14.240910495993308 13.882241302925483 0
    endloop
  endfacet
  facet normal 0 0 -1
    outer loop
      vertex -14.037906449072578 17.573533761814538 0
      vertex -14.13739174972267 14.01714955963009 0
      vertex -14.191359342378606 13.951389857711337 0
    endloop
  endfacet
  facet normal 0 0 -1
    outer loop
      vertex -14.037906449072578 17.573533761814538 0
      vertex -14.079238815542512 14.079238815542512 0
      vertex -14.13739174972267 14.01714955963009 0
    endloop
  endfacet
  facet normal 0 0 -1
    outer loop
      vertex -14.037906449072578 17.573533761814538 0
      vertex -14.01714955963009 14.13739174972267 0
      vertex -14.079238815542512 14.079238815542512 0
    endloop
  endfacet
  facet normal 0 0 -1
    outer loop
      vertex -14.037906449072578 17.573533761814538 0
      vertex -13.951389857711337 14.191359342378606 0
      vertex -14.01714955963009 14.13739174972267 0
    endloop
  endfacet
  facet normal 0 0 -1
    outer loop
      vertex -14.037906449072578 17.573533761814538 0
      vertex -13.882241302925483 14.240910495993308 0
      vertex -13.951389857711337 14.191359342378606 0
    endloop
  endfacet
  facet normal 0 0 -1
    outer loop
      vertex -13.747367864990233 17.621501876182148 0
      vertex -13.81 14.28583302491977 0
      vertex -13.882241302925483 14.240910495993308 0
    endloop
  endfacet
  facet normal 0 0 -1
    outer loop
      vertex -13.747367864990233 17.621501876182148 0
      vertex -13.734975297284702 14.325934563992494 0
      vertex -13.81 14.28583302491977 0
    endloop
  endfacet
  facet normal 0 0 -1
    outer loop
      vertex -13.747367864990233 17.621501876182148 0
      vertex -13.657488462074618 14.361043392264673 0
      vertex -13.734975297284702 14.325934563992494 0
    endloop
  endfacet
  facet normal 0 0 -1
    outer loop
      vertex -13.747367864990233 17.621501876182148 0
      vertex -13.57787130489411 14.391009168343638 0
      vertex -13.657488462074618 14.361043392264673 0
    endloop
  endfacet
  facet normal 0 0 -1
    outer loop
      vertex -13.454314081535644 17.650365154573716 0
      vertex -13.496464758633277 14.415703574175788 0
      vertex -13.57787130489411 14.391009168343638 0
    endloop
  endfacet
  facet normal 0 0 -1
    outer loop
      vertex -13.454314081535644 17.650365154573716 0
      vertex -13.413617418620968 14.4350208645242 0
      vertex -13.496464758633277 14.415703574175788 0
    endloop
  endfacet
  facet normal 0 0 -1
    outer loop
      vertex -13.16 17.66 0
      vertex -13.329684049886067 14.448878319785953 0
      vertex -13.413617418620968 14.4350208645242 0
    endloop
  endfacet
  facet normal 0 0 -1
    outer loop
      vertex -12.865685918464356 17.650365154573716 0
      vertex -13.245024067999186 14.457216600210185 0
      vertex -13.329684049886067 14.448878319785953 0
    endloop
  endfacet
  facet normal 0 0 -1
    outer loop
      vertex -12.865685918464356 17.650365154573716 0
      vertex -13.16 14.46 0
      vertex -13.245024067999186 14.457216600210185 0
    endloop
  endfacet
  facet normal 0 0 -1
    outer loop
      vertex -14.324685702961343 17.506666218300808 0
      vertex -14.037906449072578 17.573533761814538 0
      vertex -14.191359342378606 13.951389857711337 0
    endloop
  endfacet
  facet normal 0 0 -1
    outer loop
      vertex -14.037906449072578 17.573533761814538 0
      vertex -13.747367864990233 17.621501876182148 0
      vertex -13.882241302925483 14.240910495993308 0
    endloop
  endfacet
  facet normal 0 0 -1
    outer loop
      vertex -13.747367864990233 17.621501876182148 0
      vertex -13.454314081535644 17.650365154573716 0
      vertex -13.57787130489411 14.391009168343638 0
    endloop
  endfacet
  facet normal 0 0 -1
    outer loop
      vertex -13.454314081535644 17.650365154573716 0
      vertex -13.16 17.66 0
      vertex -13.413617418620968 14.4350208645242 0
    endloop
  endfacet
  facet normal 0 0 -1
    outer loop
      vertex -13.16 17.66 0
      vertex -12.865685918464356 17.650365154573716 0
      vertex -13.329684049886067 14.448878319785953 0
    endloop
  endfacet
  facet normal -0.9994645874763657 -0.03271908282177466 4.130962977804342e-20
    outer loop
      vertex -17.650365154573716 12.865685918464356 0
      vertex -17.66 13.16 5
      vertex -17.66 13.16 0
    endloop
  endfacet
  facet normal -0.9994645874763657 0.03271908282177466 -4.130962977804342e-20
    outer loop
      vertex -17.66 13.16 0
      vertex -17.650365154573716 13.454314081535644 5
      vertex -17.650365154573716 13.454314081535644 0
    endloop
  endfacet
  facet normal -0.9951847266721969 0.09801714032955992 -7.783992625265318e-20
    outer loop
      vertex -17.650365154573716 13.454314081535644 0
      vertex -17.621501876182148 13.747367864990233 5
      vertex -17.621501876182148 13.747367864990233 0
    endloop
  endfacet
  facet normal -0.9866433320848792 0.16289547339458813 1.5017985121731238e-19
    outer loop
      vertex -17.621501876182148 13.747367864990233 0
      vertex -17.573533761814538 14.037906449072578 5
      vertex -17.573533761814538 14.037906449072578 0
    endloop
  endfacet
  facet normal -0.9738769792773332 0.22707626303437564 4.470544738215552e-19
    outer loop
      vertex -17.573533761814538 14.037906449072578 0
      vertex -17.506666218300808 14.324685702961343 5
      vertex -17.506666218300808 14.324685702961343 0
    endloop
  endfacet
  facet normal -0.9569403357322087 0.2902846772544631 7.023940757356424e-19
    outer loop
      vertex -17.506666218300808 14.324685702961343 0
      vertex -17.421185582727976 14.606477593864227 5
      vertex -17.421185582727976 14.606477593864227 0
    endloop
  endfacet
  facet normal -0.9359059267573264 0.3522500479212315 6.941396565002311e-19
    outer loop
      vertex -17.421185582727976 14.606477593864227 0
      vertex -17.31745789630079 14.882075445642904 5
      vertex -17.31745789630079 14.882075445642904 0
    endloop
  endfacet
  facet normal -0.910863824921174 0.41270702980439866 -8.263883046604628e-19
    outer loop
      vertex -17.31745789630079 14.882075445642904 0
      vertex -17.195927336897096 15.150299105985507 5
      vertex -17.195927336897096 15.150299105985507 0
    endloop
  endfacet
  facet normal -0.8819212643483562 0.47139673682599537 9.748689707187262e-19
    outer loop
      vertex -17.195927336897096 15.150299105985507 0
      vertex -17.057114317029974 15.41 5
      vertex -17.057114317029974 15.41 0
    endloop
  endfacet
  facet normal -0.8492021815265784 0.5280678506503685 1.2581228468303434e-19
    outer loop
      vertex -17.057114317029974 15.41 0
      vertex -16.901613255361454 15.66006604858821 5
      vertex -16.901613255361454 15.66006604858821 0
    endloop
  endfacet
  facet normal -0.8128466845916186 0.5824776968677973 1.2586196142809076e-18
    outer loop
      vertex -16.901613255361454 15.66006604858821 0
      vertex -16.73009003131056 15.899426430539243 5
      vertex -16.73009003131056 15.899426430539243 0
    endloop
  endfacet
  facet normal -0.773010453362737 0.6343932841636453 -1.3808778048524674e-18
    outer loop
      vertex -16.73009003131056 15.899426430539243 0
      vertex -16.5432791336554 16.12705616795031 5
      vertex -16.5432791336554 16.12705616795031 0
    endloop
  endfacet
  facet normal -0.7298640726978347 0.6835923020228725 1.8102872445028143e-18
    outer loop
      vertex -16.5432791336554 16.12705616795031 0
      vertex -16.341980515339465 16.341980515339465 5
      vertex -16.341980515339465 16.341980515339465 0
    endloop
  endfacet
  facet normal -0.6835923020228725 0.7298640726978347 0
    outer loop
      vertex -16.341980515339465 16.341980515339465 0
      vertex -16.341980515339465 16.341980515339465 5
      vertex -16.12705616795031 16.5432791336554 0
    endloop
  endfacet
  facet normal -0.6343932841636453 0.773010453362737 0
    outer loop
      vertex -16.12705616795031 16.5432791336554 0
      vertex -16.12705616795031 16.5432791336554 5
      vertex -15.899426430539243 16.73009003131056 0
    endloop
  endfacet
  facet normal -0.5824776968677973 0.8128466845916186 0
    outer loop
      vertex -15.899426430539243 16.73009003131056 0
      vertex -15.899426430539243 16.73009003131056 5
      vertex -15.66006604858821 16.901613255361454 0
    endloop
  endfacet
  facet normal -0.5280678506503685 0.8492021815265784 0
    outer loop
      vertex -15.66006604858821 16.901613255361454 0
      vertex -15.66006604858821 16.901613255361454 5
      vertex -15.41 17.057114317029974 0
    endloop
  endfacet
  facet normal -0.47139673682599537 0.8819212643483562 0
    outer loop
      vertex -15.41 17.057114317029974 0
      vertex -15.41 17.057114317029974 5
      vertex -15.150299105985507 17.195927336897096 0
    endloop
  endfacet
  facet normal -0.41270702980439866 0.910863824921174 0
    outer loop
      vertex -15.150299105985507 17.195927336897096 0
      vertex -15.150299105985507 17.195927336897096 5
      vertex -14.882075445642904 17.31745789630079 0
    endloop
  endfacet
  facet normal -0.3522500479212315 0.9359059267573264 0
    outer loop
      vertex -14.882075445642904 17.31745789630079 0
      vertex -14.882075445642904 17.31745789630079 5
      vertex -14.606477593864227 17.421185582727976 0
    endloop
  endfacet
  facet normal -0.2902846772544631 0.9569403357322087 0
    outer loop
      vertex -14.606477593864227 17.421185582727976 0
      vertex -14.606477593864227 17.421185582727976 5
      vertex -14.324685702961343 17.506666218300808 0
    endloop
  endfacet
  facet normal -0.22707626303437564 0.9738769792773332 0
    outer loop
      vertex -14.324685702961343 17.506666218300808 0
      vertex -14.324685702961343 17.506666218300808 5
      vertex -14.037906449072578 17.573533761814538 0
    endloop
  endfacet
  facet normal -0.16289547339458813 0.9866433320848792 0
    outer loop
      vertex -14.037906449072578 17.573533761814538 0
      vertex -14.037906449072578 17.573533761814538 5
      vertex -13.747367864990233 17.621501876182148 0
    endloop
  endfacet
  facet normal -0.09801714032955992 0.9951847266721969 0
    outer loop
      vertex -13.747367864990233 17.621501876182148 0
      vertex -13.747367864990233 17.621501876182148 5
      vertex -13.454314081535644 17.650365154573716 0
    endloop
  endfacet
  facet normal -0.03271908282177466 0.9994645874763657 0
    outer loop
      vertex -13.454314081535644 17.650365154573716 0
      vertex -13.454314081535644 17.650365154573716 5
      vertex -13.16 17.66 0
    endloop
  endfacet
  facet normal 0.03271908282177466 0.9994645874763657 0
    outer loop
      vertex -13.16 17.66 0
      vertex -13.16 17.66 5
      vertex -12.865685918464356 17.650365154573716 0
    endloop
  endfacet
  facet normal 0 0 -1
    outer loop
      vertex -10.701953578800772 15.618046421199232 0
      vertex -12.30285044036991 14.13739174972267 0
      vertex -12.368610142288663 14.191359342378606 0
    endloop
  endfacet
  facet normal 0 0 -1
    outer loop
      vertex -10.701953578800772 15.618046421199232 0
      vertex -12.24076118445749 14.079238815542514 0
      vertex -12.30285044036991 14.13739174972267 0
    endloop
  endfacet
  facet normal 0 0 -1
    outer loop
      vertex -11.995314297038657 17.506666218300808 0
      vertex -12.906382581379033 14.4350208645242 0
      vertex -12.990315950113933 14.448878319785953 0
    endloop
  endfacet
  facet normal 0 0 -1
    outer loop
      vertex -11.713522406135773 17.421185582727976 0
      vertex -12.823535241366724 14.415703574175788 0
      vertex -12.906382581379033 14.4350208645242 0
    endloop
  endfacet
  facet normal 0 0 -1
    outer loop
      vertex -11.437924554357096 17.31745789630079 0
      vertex -12.74212869510589 14.391009168343638 0
      vertex -12.823535241366724 14.415703574175788 0
    endloop
  endfacet
  facet normal 0 0 -1
    outer loop
      vertex -12.572632135009767 17.621501876182148 0
      vertex -13.074975932000815 14.457216600210185 0
      vertex -13.16 14.46 0
    endloop
  endfacet
  facet normal 0 0 -1
    outer loop
      vertex -12.282093550927422 17.573533761814538 0
      vertex -12.990315950113933 14.448878319785953 0
      vertex -13.074975932000815 14.457216600210185 0
    endloop
  endfacet
  facet normal 0 0 -1
    outer loop
      vertex -10.701953578800772 15.618046421199232 0
      vertex -12.51 14.28583302491977 0
      vertex -12.585024702715298 14.325934563992494 0
    endloop
  endfacet
  facet normal 0 0 -1
    outer loop
      vertex -10.701953578800772 15.618046421199232 0
      vertex -12.437758697074518 14.240910495993308 0
      vertex -12.51 14.28583302491977 0
    endloop
  endfacet
  facet normal 0 0 -1
    outer loop
      vertex -10.701953578800772 15.618046421199232 0
      vertex -12.368610142288663 14.191359342378606 0
      vertex -12.437758697074518 14.240910495993308 0
    endloop
  endfacet
  facet normal 0 0 -1
    outer loop
      vertex -11.169700894014493 17.195927336897096 0
      vertex -12.662511537925383 14.361043392264673 0
      vertex -12.74212869510589 14.391009168343638 0
    endloop
  endfacet
  facet normal 0 0 -1
    outer loop
      vertex -11.169700894014493 17.195927336897096 0
      vertex -12.585024702715298 14.325934563992494 0
      vertex -12.662511537925383 14.361043392264673 0
    endloop
  endfacet
  facet normal 0 0 -1
    outer loop
      vertex -10.91 17.057114317029974 0
      vertex -12.585024702715298 14.325934563992494 0
      vertex -11.169700894014493 17.195927336897096 0
    endloop
  endfacet
  facet normal 0 0 -1
    outer loop
      vertex -10.701953578800772 15.618046421199232 0
      vertex -12.585024702715298 14.325934563992494 0
      vertex -10.91 17.057114317029974 0
    endloop
  endfacet
  facet normal 0 0 -1
    outer loop
      vertex -10.701953578800772 15.618046421199232 0
      vertex -10.65993395141179 16.901613255361454 0
      vertex -10.65993395141179 15.579305838914111 0
    endloop
  endfacet
  facet normal 0 0 -1
    outer loop
      vertex -10.65993395141179 15.579305838914111 0
      vertex -10.420573569460757 16.73009003131056 0
      vertex -10.19294383204969 16.5432791336554 0
    endloop
  endfacet
  facet normal 0 0 -1
    outer loop
      vertex -10.65993395141179 15.579305838914111 0
      vertex -10.19294383204969 16.5432791336554 0
      vertex -9.978019484660535 16.341980515339465 0
    endloop
  endfacet
  facet normal 0 0 -1
    outer loop
      vertex -10.65993395141179 15.579305838914111 0
      vertex -9.7767208663446 16.12705616795031 0
      vertex -9.589909968689442 15.899426430539243 0
    endloop
  endfacet
  facet normal 0 0 -1
    outer loop
      vertex -10.65993395141179 15.579305838914111 0
      vertex -9.418386744638546 15.66006604858821 0
      vertex -9.262885682970026 15.41 0
    endloop
  endfacet
  facet normal 0 0 -1
    outer loop
      vertex -10.65993395141179 15.579305838914111 0
      vertex -9.589909968689442 15.899426430539243 0
      vertex -9.418386744638546 15.66006604858821 0
    endloop
  endfacet
  facet normal 0 0 -1
    outer loop
      vertex -10.65993395141179 15.579305838914111 0
      vertex -9.978019484660535 16.341980515339465 0
      vertex -9.7767208663446 16.12705616795031 0
    endloop
  endfacet
  facet normal 0 0 -1
    outer loop
      vertex -12.865685918464356 17.650365154573716 0
      vertex -12.572632135009767 17.621501876182148 0
      vertex -13.16 14.46 0
    endloop
  endfacet
  facet normal 0 0 -1
    outer loop
      vertex -12.572632135009767 17.621501876182148 0
      vertex -12.282093550927422 17.573533761814538 0
      vertex -13.074975932000815 14.457216600210185 0
    endloop
  endfacet
  facet normal 0 0 -1
    outer loop
      vertex -12.282093550927422 17.573533761814538 0
      vertex -11.995314297038657 17.506666218300808 0
      vertex -12.990315950113933 14.448878319785953 0
    endloop
  endfacet
  facet normal 0 0 -1
    outer loop
      vertex -11.995314297038657 17.506666218300808 0
      vertex -11.713522406135773 17.421185582727976 0
      vertex -12.906382581379033 14.4350208645242 0
    endloop
  endfacet
  facet normal 0 0 -1
    outer loop
      vertex -11.713522406135773 17.421185582727976 0
      vertex -11.437924554357096 17.31745789630079 0
      vertex -12.823535241366724 14.415703574175788 0
    endloop
  endfacet
  facet normal 0 0 -1
    outer loop
      vertex -11.437924554357096 17.31745789630079 0
      vertex -11.169700894014493 17.195927336897096 0
      vertex -12.74212869510589 14.391009168343638 0
    endloop
  endfacet
  facet normal 0 0 -1
    outer loop
      vertex -10.701953578800772 15.618046421199232 0
      vertex -10.91 17.057114317029974 0
      vertex -10.65993395141179 16.901613255361454 0
    endloop
  endfacet
  facet normal 0 0 -1
    outer loop
      vertex -10.65993395141179 15.579305838914111 0
      vertex -10.65993395141179 16.901613255361454 0
      vertex -10.420573569460757 16.73009003131056 0
    endloop
  endfacet
  facet normal 0 0 -1
    outer loop
      vertex -8.9877160184945 11.89081460673814 0
      vertex -10.65993395141179 15.579305838914111 0
      vertex -8.898814417272025 14.606477593864227 0
    endloop
  endfacet
  facet normal 0 0 -1
    outer loop
      vertex -8.9877160184945 11.89081460673814 0
      vertex -8.898814417272025 14.606477593864227 0
      vertex -8.898814417272025 13.848561885577858 0
    endloop
  endfacet
  facet normal 0 0 -1
    outer loop
      vertex -8.687668840775036 13.63741630908087 0
      vertex -8.898814417272025 13.848561885577858 0
      vertex -8.698498123817853 13.747367864990233 0
    endloop
  endfacet
  facet normal 0 0 -1
    outer loop
      vertex -8.698498123817853 13.747367864990233 0
      vertex -8.898814417272025 13.848561885577858 0
      vertex -8.746466238185462 14.037906449072578 0
    endloop
  endfacet
  facet normal 0 0 -1
    outer loop
      vertex -8.898814417272025 13.848561885577858 0
      vertex -8.813333781699193 14.324685702961343 0
      vertex -8.746466238185462 14.037906449072578 0
    endloop
  endfacet
  facet normal 0 0 -1
    outer loop
      vertex -8.898814417272025 13.848561885577858 0
      vertex -8.898814417272025 14.606477593864227 0
      vertex -8.813333781699193 14.324685702961343 0
    endloop
  endfacet
  facet normal 0 0 -1
    outer loop
      vertex -10.65993395141179 15.579305838914111 0
      vertex -9.00254210369921 14.882075445642904 0
      vertex -8.898814417272025 14.606477593864227 0
    endloop
  endfacet
  facet normal 0 0 -1
    outer loop
      vertex -10.65993395141179 15.579305838914111 0
      vertex -9.124072663102904 15.150299105985507 0
      vertex -9.00254210369921 14.882075445642904 0
    endloop
  endfacet
  facet normal 0 0 -1
    outer loop
      vertex -10.65993395141179 15.579305838914111 0
      vertex -9.262885682970026 15.41 0
      vertex -9.124072663102904 15.150299105985507 0
    endloop
  endfacet
  facet normal 0.7298640726978347 0.6835923020228725 0
    outer loop
      vertex -9.7767208663446 16.12705616795031 0
      vertex -9.978019484660535 16.341980515339465 0
      vertex -9.7767208663446 16.12705616795031 5
    endloop
  endfacet
  facet normal 0.09801714032955992 0.9951847266721969 0
    outer loop
      vertex -12.865685918464356 17.650365154573716 0
      vertex -12.865685918464356 17.650365154573716 5
      vertex -12.572632135009767 17.621501876182148 0
    endloop
  endfacet
  facet normal 0.16289547339458813 0.9866433320848792 0
    outer loop
      vertex -12.572632135009767 17.621501876182148 0
      vertex -12.572632135009767 17.621501876182148 5
      vertex -12.282093550927422 17.573533761814538 0
    endloop
  endfacet
  facet normal 0.2902846772544631 0.9569403357322087 0
    outer loop
      vertex -11.995314297038657 17.506666218300808 0
      vertex -11.995314297038657 17.506666218300808 5
      vertex -11.713522406135773 17.421185582727976 0
    endloop
  endfacet
  facet normal 0.22707626303437564 0.9738769792773332 0
    outer loop
      vertex -12.282093550927422 17.573533761814538 0
      vertex -12.282093550927422 17.573533761814538 5
      vertex -11.995314297038657 17.506666218300808 0
    endloop
  endfacet
  facet normal 0.3522500479212315 0.9359059267573264 0
    outer loop
      vertex -11.713522406135773 17.421185582727976 0
      vertex -11.713522406135773 17.421185582727976 5
      vertex -11.437924554357096 17.31745789630079 0
    endloop
  endfacet
  facet normal 0.5280678506503685 0.8492021815265784 0
    outer loop
      vertex -10.91 17.057114317029974 0
      vertex -10.91 17.057114317029974 5
      vertex -10.65993395141179 16.901613255361454 0
    endloop
  endfacet
  facet normal 0.41270702980439866 0.910863824921174 0
    outer loop
      vertex -11.437924554357096 17.31745789630079 0
      vertex -11.437924554357096 17.31745789630079 5
      vertex -11.169700894014493 17.195927336897096 0
    endloop
  endfacet
  facet normal 0.47139673682599537 0.8819212643483562 -9.748689707187262e-19
    outer loop
      vertex -10.91 17.057114317029974 0
      vertex -11.169700894014493 17.195927336897096 0
      vertex -11.169700894014493 17.195927336897096 5
    endloop
  endfacet
  facet normal 0.6343932841636453 0.773010453362737 1.3808778048524674e-18
    outer loop
      vertex -10.19294383204969 16.5432791336554 0
      vertex -10.420573569460757 16.73009003131056 0
      vertex -10.420573569460757 16.73009003131056 5
    endloop
  endfacet
  facet normal 0.5824776968677973 0.8128466845916186 0
    outer loop
      vertex -10.65993395141179 16.901613255361454 0
      vertex -10.65993395141179 16.901613255361454 5
      vertex -10.420573569460757 16.73009003131056 0
    endloop
  endfacet
  facet normal 0.6835923020228725 0.7298640726978347 0
    outer loop
      vertex -10.19294383204969 16.5432791336554 0
      vertex -10.19294383204969 16.5432791336554 5
      vertex -9.978019484660535 16.341980515339465 0
    endloop
  endfacet
  facet normal 0.9951847266721968 0.09801714032956074 -1.1505872352531797e-19
    outer loop
      vertex -8.687668840775036 13.63741630908087 0
      vertex -8.698498123817853 13.747367864990233 0
      vertex -8.698498123817853 13.747367864990233 5
    endloop
  endfacet
  facet normal 0.9866433320848792 0.16289547339458813 0
    outer loop
      vertex -8.698498123817853 13.747367864990233 0
      vertex -8.746466238185462 14.037906449072578 0
      vertex -8.698498123817853 13.747367864990233 5
    endloop
  endfacet
  facet normal 0.9738769792773332 0.22707626303437564 0
    outer loop
      vertex -8.746466238185462 14.037906449072578 0
      vertex -8.813333781699193 14.324685702961343 0
      vertex -8.746466238185462 14.037906449072578 5
    endloop
  endfacet
  facet normal 0.9569403357322087 0.2902846772544631 0
    outer loop
      vertex -8.813333781699193 14.324685702961343 0
      vertex -8.898814417272025 14.606477593864227 0
      vertex -8.813333781699193 14.324685702961343 5
    endloop
  endfacet
  facet normal 0.910863824921174 0.41270702980439866 0
    outer loop
      vertex -9.00254210369921 14.882075445642904 0
      vertex -9.124072663102904 15.150299105985507 0
      vertex -9.00254210369921 14.882075445642904 5
    endloop
  endfacet
  facet normal 0.8819212643483562 0.47139673682599537 -9.748689707187262e-19
    outer loop
      vertex -9.262885682970026 15.41 0
      vertex -9.124072663102904 15.150299105985507 5
      vertex -9.124072663102904 15.150299105985507 0
    endloop
  endfacet
  facet normal 0.8128466845916158 0.5824776968678013 0
    outer loop
      vertex -9.418386744638546 15.66006604858821 0
      vertex -9.589909968689442 15.899426430539243 0
      vertex -9.418386744638546 15.66006604858821 5
    endloop
  endfacet
  facet normal 0.7730104533627401 0.6343932841636417 -2.044306110644639e-18
    outer loop
      vertex -9.7767208663446 16.12705616795031 0
      vertex -9.589909968689442 15.899426430539243 5
      vertex -9.589909968689442 15.899426430539243 0
    endloop
  endfacet
  facet normal 0.8492021815265784 0.5280678506503685 0
    outer loop
      vertex -9.262885682970026 15.41 0
      vertex -9.418386744638546 15.66006604858821 0
      vertex -9.262885682970026 15.41 5
    endloop
  endfacet
  facet normal 0.9359059267573264 0.3522500479212315 0
    outer loop
      vertex -8.898814417272025 14.606477593864227 0
      vertex -9.00254210369921 14.882075445642904 0
      vertex -8.898814417272025 14.606477593864227 5
    endloop
  endfacet
  facet normal -0.910863824921174 -0.41270702980439866 0
    outer loop
      vertex -17.195927336897096 11.169700894014493 0
      vertex -17.195927336897096 11.169700894014493 5
      vertex -17.31745789630079 11.437924554357096 5
    endloop
  endfacet
  facet normal -0.8128466845916186 -0.5824776968677973 0
    outer loop
      vertex -16.73009003131056 10.420573569460757 0
      vertex -16.73009003131056 10.420573569460757 5
      vertex -16.901613255361454 10.65993395141179 5
    endloop
  endfacet
  facet normal -0.7298640726978347 -0.6835923020228725 0
    outer loop
      vertex -16.341980515339465 9.978019484660535 0
      vertex -16.341980515339465 9.978019484660535 5
      vertex -16.5432791336554 10.19294383204969 5
    endloop
  endfacet
  facet normal -0.773010453362737 -0.6343932841636453 0
    outer loop
      vertex -16.5432791336554 10.19294383204969 0
      vertex -16.5432791336554 10.19294383204969 5
      vertex -16.73009003131056 10.420573569460757 5
    endloop
  endfacet
  facet normal -0.8492021815265784 -0.5280678506503685 0
    outer loop
      vertex -16.901613255361454 10.65993395141179 0
      vertex -16.901613255361454 10.65993395141179 5
      vertex -17.057114317029974 10.91 5
    endloop
  endfacet
  facet normal -0.8819212643483562 -0.47139673682599537 0
    outer loop
      vertex -17.057114317029974 10.91 0
      vertex -17.057114317029974 10.91 5
      vertex -17.195927336897096 11.169700894014493 5
    endloop
  endfacet
  facet normal -0.9738769792773332 -0.22707626303437564 0
    outer loop
      vertex -17.506666218300808 11.995314297038657 0
      vertex -17.506666218300808 11.995314297038657 5
      vertex -17.573533761814538 12.282093550927422 5
    endloop
  endfacet
  facet normal -0.9359059267573264 -0.3522500479212315 0
    outer loop
      vertex -17.31745789630079 11.437924554357096 0
      vertex -17.31745789630079 11.437924554357096 5
      vertex -17.421185582727976 11.713522406135773 5
    endloop
  endfacet
  facet normal -0.9569403357322087 -0.2902846772544631 0
    outer loop
      vertex -17.421185582727976 11.713522406135773 0
      vertex -17.421185582727976 11.713522406135773 5
      vertex -17.506666218300808 11.995314297038657 5
    endloop
  endfacet
  facet normal -0.9866433320848792 -0.16289547339458813 0
    outer loop
      vertex -17.573533761814538 12.282093550927422 0
      vertex -17.573533761814538 12.282093550927422 5
      vertex -17.621501876182148 12.572632135009767 5
    endloop
  endfacet
  facet normal -0.9951847266721969 -0.09801714032955992 0
    outer loop
      vertex -17.621501876182148 12.572632135009767 0
      vertex -17.621501876182148 12.572632135009767 5
      vertex -17.650365154573716 12.865685918464356 5
    endloop
  endfacet
  facet normal -0.9994645874763657 -0.03271908282177466 0
    outer loop
      vertex -17.650365154573716 12.865685918464356 0
      vertex -17.650365154573716 12.865685918464356 5
      vertex -17.66 13.16 5
    endloop
  endfacet
  facet normal -0.6343932841636417 -0.7730104533627401 0
    outer loop
      vertex -16.12705616795031 9.7767208663446 0
      vertex -15.899426430539243 9.589909968689442 5
      vertex -16.12705616795031 9.7767208663446 5
    endloop
  endfacet
  facet normal -0.5280678506503685 -0.8492021815265784 0
    outer loop
      vertex -15.66006604858821 9.418386744638546 0
      vertex -15.41 9.262885682970026 5
      vertex -15.66006604858821 9.418386744638546 5
    endloop
  endfacet
  facet normal -0.5824776968678013 -0.8128466845916158 0
    outer loop
      vertex -15.899426430539243 9.589909968689442 0
      vertex -15.66006604858821 9.418386744638546 5
      vertex -15.899426430539243 9.589909968689442 5
    endloop
  endfacet
  facet normal -0.47139673682599537 -0.8819212643483562 0
    outer loop
      vertex -15.41 9.262885682970026 0
      vertex -15.150299105985507 9.124072663102904 5
      vertex -15.41 9.262885682970026 5
    endloop
  endfacet
  facet normal -0.41270702980439866 -0.910863824921174 0
    outer loop
      vertex -15.150299105985507 9.124072663102904 0
      vertex -14.882075445642904 9.00254210369921 5
      vertex -15.150299105985507 9.124072663102904 5
    endloop
  endfacet
  facet normal -0.3522500479212315 -0.9359059267573264 0
    outer loop
      vertex -14.882075445642904 9.00254210369921 0
      vertex -14.606477593864227 8.898814417272025 5
      vertex -14.882075445642904 9.00254210369921 5
    endloop
  endfacet
  facet normal -0.2902846772544631 -0.9569403357322087 0
    outer loop
      vertex -14.606477593864227 8.898814417272025 0
      vertex -14.324685702961343 8.813333781699193 5
      vertex -14.606477593864227 8.898814417272025 5
    endloop
  endfacet
  facet normal -0.22707626303437564 -0.9738769792773332 0
    outer loop
      vertex -14.324685702961343 8.813333781699193 0
      vertex -14.037906449072578 8.746466238185462 5
      vertex -14.324685702961343 8.813333781699193 5
    endloop
  endfacet
  facet normal -0.16289547339458813 -0.9866433320848792 0
    outer loop
      vertex -14.037906449072578 8.746466238185462 0
      vertex -13.747367864990233 8.698498123817853 5
      vertex -14.037906449072578 8.746466238185462 5
    endloop
  endfacet
  facet normal -0.09801714032956074 -0.9951847266721968 0
    outer loop
      vertex -13.747367864990233 8.698498123817853 0
      vertex -13.63741630908087 8.687668840775036 5
      vertex -13.747367864990233 8.698498123817853 5
    endloop
  endfacet
  facet normal -0.6835923020228725 -0.7298640726978347 0
    outer loop
      vertex -16.341980515339465 9.978019484660535 0
      vertex -16.12705616795031 9.7767208663446 5
      vertex -16.341980515339465 9.978019484660535 5
    endloop
  endfacet
  facet normal 0 0 1
    outer loop
      vertex -17.506666218300808 11.995314297038657 5
      vertex -17.573533761814538 14.037906449072578 5
      vertex -17.573533761814538 12.282093550927422 5
    endloop
  endfacet
  facet normal 0 0 1
    outer loop
      vertex -17.621501876182148 12.572632135009767 5
      vertex -17.650365154573716 13.454314081535644 5
      vertex -17.650365154573716 12.865685918464356 5
    endloop
  endfacet
  facet normal 0 0 1
    outer loop
      vertex -17.573533761814538 12.282093550927422 5
      vertex -17.621501876182148 13.747367864990233 5
      vertex -17.621501876182148 12.572632135009767 5
    endloop
  endfacet
  facet normal 0 0 1
    outer loop
      vertex -17.31745789630079 11.437924554357096 5
      vertex -17.421185582727976 14.606477593864227 5
      vertex -17.421185582727976 11.713522406135773 5
    endloop
  endfacet
  facet normal 0 0 1
    outer loop
      vertex -17.195927336897096 11.169700894014493 5
      vertex -17.057114317029974 10.91 5
      vertex -17.195927336897096 15.150299105985507 5
    endloop
  endfacet
  facet normal 0 0 1
    outer loop
      vertex -17.195927336897096 11.169700894014493 5
      vertex -17.31745789630079 14.882075445642904 5
      vertex -17.31745789630079 11.437924554357096 5
    endloop
  endfacet
  facet normal 0 0 1
    outer loop
      vertex -17.421185582727976 11.713522406135773 5
      vertex -17.506666218300808 14.324685702961343 5
      vertex -17.506666218300808 11.995314297038657 5
    endloop
  endfacet
  facet normal 0 0 1
    outer loop
      vertex -16.73009003131056 10.420573569460757 5
      vertex -16.5432791336554 10.19294383204969 5
      vertex -16.73009003131056 15.899426430539243 5
    endloop
  endfacet
  facet normal 0 0 1
    outer loop
      vertex -16.341980515339465 9.978019484660535 5
      vertex -16.5432791336554 16.12705616795031 5
      vertex -16.5432791336554 10.19294383204969 5
    endloop
  endfacet
  facet normal 0 0 1
    outer loop
      vertex -16.901613255361454 10.65993395141179 5
      vertex -17.057114317029974 15.41 5
      vertex -17.057114317029974 10.91 5
    endloop
  endfacet
  facet normal 0 0 1
    outer loop
      vertex -16.73009003131056 10.420573569460757 5
      vertex -16.901613255361454 15.66006604858821 5
      vertex -16.901613255361454 10.65993395141179 5
    endloop
  endfacet
  facet normal 0 0 1
    outer loop
      vertex -13.747367864990233 8.698498123817853 5
      vertex -13.63741630908087 8.687668840775036 5
      vertex -13.597186811453318 11.936260673546004 5
    endloop
  endfacet
  facet normal 0 0 1
    outer loop
      vertex -16.341980515339465 9.978019484660535 5
      vertex -16.12705616795031 9.7767208663446 5
      vertex -16.341980515339465 16.341980515339465 5
    endloop
  endfacet
  facet normal 0 0 1
    outer loop
      vertex -15.899426430539243 9.589909968689442 5
      vertex -16.12705616795031 16.5432791336554 5
      vertex -16.12705616795031 9.7767208663446 5
    endloop
  endfacet
  facet normal 0 0 1
    outer loop
      vertex -15.899426430539243 9.589909968689442 5
      vertex -15.66006604858821 9.418386744638546 5
      vertex -15.899426430539243 16.73009003131056 5
    endloop
  endfacet
  facet normal 0 0 1
    outer loop
      vertex -15.66006604858821 9.418386744638546 5
      vertex -15.41 9.262885682970026 5
      vertex -15.66006604858821 16.901613255361454 5
    endloop
  endfacet
  facet normal 0 0 1
    outer loop
      vertex -15.41 9.262885682970026 5
      vertex -15.150299105985507 9.124072663102904 5
      vertex -15.41 17.057114317029974 5
    endloop
  endfacet
  facet normal 0 0 1
    outer loop
      vertex -15.150299105985507 9.124072663102904 5
      vertex -14.882075445642904 9.00254210369921 5
      vertex -15.150299105985507 17.195927336897096 5
    endloop
  endfacet
  facet normal 0 0 1
    outer loop
      vertex -14.882075445642904 9.00254210369921 5
      vertex -14.606477593864227 8.898814417272025 5
      vertex -14.882075445642904 17.31745789630079 5
    endloop
  endfacet
  facet normal 0 0 1
    outer loop
      vertex -14.324685702961343 8.813333781699193 5
      vertex -14.037906449072578 8.746466238185462 5
      vertex -14.191359342378606 12.368610142288663 5
    endloop
  endfacet
  facet normal 0 0 1
    outer loop
      vertex -14.037906449072578 8.746466238185462 5
      vertex -13.747367864990233 8.698498123817853 5
      vertex -13.882241302925483 12.079089504006692 5
    endloop
  endfacet
  facet normal 0 0 1
    outer loop
      vertex -14.324685702961343 8.813333781699193 5
      vertex -14.240910495993308 12.437758697074518 5
      vertex -14.28583302491977 12.51 5
    endloop
  endfacet
  facet normal 0 0 1
    outer loop
      vertex -14.324685702961343 8.813333781699193 5
      vertex -14.28583302491977 12.51 5
      vertex -14.325934563992494 12.585024702715298 5
    endloop
  endfacet
  facet normal 0 0 1
    outer loop
      vertex -14.324685702961343 8.813333781699193 5
      vertex -14.325934563992494 12.585024702715298 5
      vertex -14.361043392264673 12.662511537925383 5
    endloop
  endfacet
  facet normal 0 0 1
    outer loop
      vertex -14.037906449072578 8.746466238185462 5
      vertex -13.882241302925483 12.079089504006692 5
      vertex -13.951389857711337 12.128640657621395 5
    endloop
  endfacet
  facet normal 0 0 1
    outer loop
      vertex -14.037906449072578 8.746466238185462 5
      vertex -14.079238815542512 12.240761184457488 5
      vertex -14.13739174972267 12.30285044036991 5
    endloop
  endfacet
  facet normal 0 0 1
    outer loop
      vertex -14.037906449072578 8.746466238185462 5
      vertex -14.13739174972267 12.30285044036991 5
      vertex -14.191359342378606 12.368610142288663 5
    endloop
  endfacet
  facet normal 0 0 1
    outer loop
      vertex -14.324685702961343 8.813333781699193 5
      vertex -14.191359342378606 12.368610142288663 5
      vertex -14.240910495993308 12.437758697074518 5
    endloop
  endfacet
  facet normal 0 0 1
    outer loop
      vertex -14.037906449072578 8.746466238185462 5
      vertex -13.951389857711337 12.128640657621395 5
      vertex -14.01714955963009 12.18260825027733 5
    endloop
  endfacet
  facet normal 0 0 1
    outer loop
      vertex -14.037906449072578 8.746466238185462 5
      vertex -14.01714955963009 12.18260825027733 5
      vertex -14.079238815542512 12.240761184457488 5
    endloop
  endfacet
  facet normal 0 0 1
    outer loop
      vertex -13.747367864990233 8.698498123817853 5
      vertex -13.81 12.03416697508023 5
      vertex -13.882241302925483 12.079089504006692 5
    endloop
  endfacet
  facet normal 0 0 1
    outer loop
      vertex -13.747367864990233 8.698498123817853 5
      vertex -13.734975297284702 11.994065436007507 5
      vertex -13.81 12.03416697508023 5
    endloop
  endfacet
  facet normal 0 0 1
    outer loop
      vertex -13.747367864990233 8.698498123817853 5
      vertex -13.657488462074618 11.958956607735328 5
      vertex -13.734975297284702 11.994065436007507 5
    endloop
  endfacet
  facet normal 0 0 1
    outer loop
      vertex -13.747367864990233 8.698498123817853 5
      vertex -13.597186811453318 11.936260673546004 5
      vertex -13.657488462074618 11.958956607735328 5
    endloop
  endfacet
  facet normal 0 0 1
    outer loop
      vertex -14.606477593864227 8.898814417272025 5
      vertex -14.324685702961343 8.813333781699193 5
      vertex -14.606477593864227 17.421185582727976 5
    endloop
  endfacet
  facet normal 0 0 1
    outer loop
      vertex -14.324685702961343 8.813333781699193 5
      vertex -14.361043392264673 12.662511537925383 5
      vertex -14.391009168343638 12.74212869510589 5
    endloop
  endfacet
  facet normal 0 0 1
    outer loop
      vertex -14.324685702961343 8.813333781699193 5
      vertex -14.391009168343638 12.74212869510589 5
      vertex -14.415703574175788 12.823535241366724 5
    endloop
  endfacet
  facet normal 0 0 1
    outer loop
      vertex -14.324685702961343 8.813333781699193 5
      vertex -14.415703574175788 12.823535241366724 5
      vertex -14.4350208645242 12.906382581379033 5
    endloop
  endfacet
  facet normal 0 0 1
    outer loop
      vertex -14.324685702961343 8.813333781699193 5
      vertex -14.4350208645242 12.906382581379033 5
      vertex -14.448878319785953 12.990315950113933 5
    endloop
  endfacet
  facet normal 0 0 1
    outer loop
      vertex -14.324685702961343 8.813333781699193 5
      vertex -14.448878319785953 12.990315950113933 5
      vertex -14.457216600210185 13.074975932000815 5
    endloop
  endfacet
  facet normal 0 0 1
    outer loop
      vertex -14.324685702961343 8.813333781699193 5
      vertex -14.457216600210185 13.074975932000815 5
      vertex -14.46 13.16 5
    endloop
  endfacet
  facet normal -0.9994645874763657 0.03271908282177466 0
    outer loop
      vertex -17.66 13.16 0
      vertex -17.66 13.16 5
      vertex -17.650365154573716 13.454314081535644 5
    endloop
  endfacet
  facet normal -0.9951847266721969 0.09801714032955992 0
    outer loop
      vertex -17.650365154573716 13.454314081535644 0
      vertex -17.650365154573716 13.454314081535644 5
      vertex -17.621501876182148 13.747367864990233 5
    endloop
  endfacet
  facet normal -0.9866433320848792 0.16289547339458813 0
    outer loop
      vertex -17.621501876182148 13.747367864990233 0
      vertex -17.621501876182148 13.747367864990233 5
      vertex -17.573533761814538 14.037906449072578 5
    endloop
  endfacet
  facet normal -0.9738769792773332 0.22707626303437564 0
    outer loop
      vertex -17.573533761814538 14.037906449072578 0
      vertex -17.573533761814538 14.037906449072578 5
      vertex -17.506666218300808 14.324685702961343 5
    endloop
  endfacet
  facet normal -0.9569403357322087 0.2902846772544631 0
    outer loop
      vertex -17.506666218300808 14.324685702961343 0
      vertex -17.506666218300808 14.324685702961343 5
      vertex -17.421185582727976 14.606477593864227 5
    endloop
  endfacet
  facet normal -0.9359059267573264 0.3522500479212315 0
    outer loop
      vertex -17.421185582727976 14.606477593864227 0
      vertex -17.421185582727976 14.606477593864227 5
      vertex -17.31745789630079 14.882075445642904 5
    endloop
  endfacet
  facet normal -0.910863824921174 0.41270702980439866 0
    outer loop
      vertex -17.31745789630079 14.882075445642904 0
      vertex -17.31745789630079 14.882075445642904 5
      vertex -17.195927336897096 15.150299105985507 5
    endloop
  endfacet
  facet normal -0.8819212643483562 0.47139673682599537 0
    outer loop
      vertex -17.195927336897096 15.150299105985507 0
      vertex -17.195927336897096 15.150299105985507 5
      vertex -17.057114317029974 15.41 5
    endloop
  endfacet
  facet normal -0.8492021815265784 0.5280678506503685 0
    outer loop
      vertex -17.057114317029974 15.41 0
      vertex -17.057114317029974 15.41 5
      vertex -16.901613255361454 15.66006604858821 5
    endloop
  endfacet
  facet normal -0.8128466845916186 0.5824776968677973 0
    outer loop
      vertex -16.901613255361454 15.66006604858821 0
      vertex -16.901613255361454 15.66006604858821 5
      vertex -16.73009003131056 15.899426430539243 5
    endloop
  endfacet
  facet normal -0.773010453362737 0.6343932841636453 0
    outer loop
      vertex -16.73009003131056 15.899426430539243 0
      vertex -16.73009003131056 15.899426430539243 5
      vertex -16.5432791336554 16.12705616795031 5
    endloop
  endfacet
  facet normal -0.7298640726978347 0.6835923020228725 0
    outer loop
      vertex -16.5432791336554 16.12705616795031 0
      vertex -16.5432791336554 16.12705616795031 5
      vertex -16.341980515339465 16.341980515339465 5
    endloop
  endfacet
  facet normal -0.6835923020228725 0.7298640726978347 0
    outer loop
      vertex -16.12705616795031 16.5432791336554 0
      vertex -16.341980515339465 16.341980515339465 5
      vertex -16.12705616795031 16.5432791336554 5
    endloop
  endfacet
  facet normal -0.6343932841636453 0.773010453362737 0
    outer loop
      vertex -15.899426430539243 16.73009003131056 0
      vertex -16.12705616795031 16.5432791336554 5
      vertex -15.899426430539243 16.73009003131056 5
    endloop
  endfacet
  facet normal -0.5824776968677973 0.8128466845916186 0
    outer loop
      vertex -15.66006604858821 16.901613255361454 0
      vertex -15.899426430539243 16.73009003131056 5
      vertex -15.66006604858821 16.901613255361454 5
    endloop
  endfacet
  facet normal -0.5280678506503685 0.8492021815265784 0
    outer loop
      vertex -15.41 17.057114317029974 0
      vertex -15.66006604858821 16.901613255361454 5
      vertex -15.41 17.057114317029974 5
    endloop
  endfacet
  facet normal -0.47139673682599537 0.8819212643483562 0
    outer loop
      vertex -15.150299105985507 17.195927336897096 0
      vertex -15.41 17.057114317029974 5
      vertex -15.150299105985507 17.195927336897096 5
    endloop
  endfacet
  facet normal -0.41270702980439866 0.910863824921174 0
    outer loop
      vertex -14.882075445642904 17.31745789630079 0
      vertex -15.150299105985507 17.195927336897096 5
      vertex -14.882075445642904 17.31745789630079 5
    endloop
  endfacet
  facet normal -0.3522500479212315 0.9359059267573264 0
    outer loop
      vertex -14.606477593864227 17.421185582727976 0
      vertex -14.882075445642904 17.31745789630079 5
      vertex -14.606477593864227 17.421185582727976 5
    endloop
  endfacet
  facet normal -0.2902846772544631 0.9569403357322087 0
    outer loop
      vertex -14.324685702961343 17.506666218300808 0
      vertex -14.606477593864227 17.421185582727976 5
      vertex -14.324685702961343 17.506666218300808 5
    endloop
  endfacet
  facet normal -0.22707626303437564 0.9738769792773332 0
    outer loop
      vertex -14.037906449072578 17.573533761814538 0
      vertex -14.324685702961343 17.506666218300808 5
      vertex -14.037906449072578 17.573533761814538 5
    endloop
  endfacet
  facet normal -0.16289547339458813 0.9866433320848792 0
    outer loop
      vertex -13.747367864990233 17.621501876182148 0
      vertex -14.037906449072578 17.573533761814538 5
      vertex -13.747367864990233 17.621501876182148 5
    endloop
  endfacet
  facet normal -0.09801714032955992 0.9951847266721969 0
    outer loop
      vertex -13.454314081535644 17.650365154573716 0
      vertex -13.747367864990233 17.621501876182148 5
      vertex -13.454314081535644 17.650365154573716 5
    endloop
  endfacet
  facet normal -0.03271908282177466 0.9994645874763657 0
    outer loop
      vertex -13.16 17.66 0
      vertex -13.454314081535644 17.650365154573716 5
      vertex -13.16 17.66 5
    endloop
  endfacet
  facet normal 0 0 1
    outer loop
      vertex -17.650365154573716 12.865685918464356 5
      vertex -17.650365154573716 13.454314081535644 5
      vertex -17.66 13.16 5
    endloop
  endfacet
  facet normal 0 0 1
    outer loop
      vertex -17.621501876182148 12.572632135009767 5
      vertex -17.621501876182148 13.747367864990233 5
      vertex -17.650365154573716 13.454314081535644 5
    endloop
  endfacet
  facet normal 0 0 1
    outer loop
      vertex -17.573533761814538 12.282093550927422 5
      vertex -17.573533761814538 14.037906449072578 5
      vertex -17.621501876182148 13.747367864990233 5
    endloop
  endfacet
  facet normal 0 0 1
    outer loop
      vertex -17.506666218300808 11.995314297038657 5
      vertex -17.506666218300808 14.324685702961343 5
      vertex -17.573533761814538 14.037906449072578 5
    endloop
  endfacet
  facet normal 0 0 1
    outer loop
      vertex -17.421185582727976 11.713522406135773 5
      vertex -17.421185582727976 14.606477593864227 5
      vertex -17.506666218300808 14.324685702961343 5
    endloop
  endfacet
  facet normal 0 0 1
    outer loop
      vertex -17.31745789630079 11.437924554357096 5
      vertex -17.31745789630079 14.882075445642904 5
      vertex -17.421185582727976 14.606477593864227 5
    endloop
  endfacet
  facet normal 0 0 1
    outer loop
      vertex -17.195927336897096 11.169700894014493 5
      vertex -17.195927336897096 15.150299105985507 5
      vertex -17.31745789630079 14.882075445642904 5
    endloop
  endfacet
  facet normal 0 0 1
    outer loop
      vertex -17.057114317029974 10.91 5
      vertex -17.057114317029974 15.41 5
      vertex -17.195927336897096 15.150299105985507 5
    endloop
  endfacet
  facet normal 0 0 1
    outer loop
      vertex -16.901613255361454 10.65993395141179 5
      vertex -16.901613255361454 15.66006604858821 5
      vertex -17.057114317029974 15.41 5
    endloop
  endfacet
  facet normal 0 0 1
    outer loop
      vertex -16.73009003131056 10.420573569460757 5
      vertex -16.73009003131056 15.899426430539243 5
      vertex -16.901613255361454 15.66006604858821 5
    endloop
  endfacet
  facet normal 0 0 1
    outer loop
      vertex -16.5432791336554 10.19294383204969 5
      vertex -16.5432791336554 16.12705616795031 5
      vertex -16.73009003131056 15.899426430539243 5
    endloop
  endfacet
  facet normal 0 0 1
    outer loop
      vertex -16.341980515339465 9.978019484660535 5
      vertex -16.341980515339465 16.341980515339465 5
      vertex -16.5432791336554 16.12705616795031 5
    endloop
  endfacet
  facet normal 0 0 1
    outer loop
      vertex -16.12705616795031 9.7767208663446 5
      vertex -16.12705616795031 16.5432791336554 5
      vertex -16.341980515339465 16.341980515339465 5
    endloop
  endfacet
  facet normal 0 0 1
    outer loop
      vertex -15.899426430539243 9.589909968689442 5
      vertex -15.899426430539243 16.73009003131056 5
      vertex -16.12705616795031 16.5432791336554 5
    endloop
  endfacet
  facet normal 0 0 1
    outer loop
      vertex -15.66006604858821 9.418386744638546 5
      vertex -15.66006604858821 16.901613255361454 5
      vertex -15.899426430539243 16.73009003131056 5
    endloop
  endfacet
  facet normal 0 0 1
    outer loop
      vertex -15.41 9.262885682970026 5
      vertex -15.41 17.057114317029974 5
      vertex -15.66006604858821 16.901613255361454 5
    endloop
  endfacet
  facet normal 0 0 1
    outer loop
      vertex -15.150299105985507 9.124072663102904 5
      vertex -15.150299105985507 17.195927336897096 5
      vertex -15.41 17.057114317029974 5
    endloop
  endfacet
  facet normal 0 0 1
    outer loop
      vertex -14.882075445642904 9.00254210369921 5
      vertex -14.882075445642904 17.31745789630079 5
      vertex -15.150299105985507 17.195927336897096 5
    endloop
  endfacet
  facet normal 0 0 1
    outer loop
      vertex -14.606477593864227 8.898814417272025 5
      vertex -14.606477593864227 17.421185582727976 5
      vertex -14.882075445642904 17.31745789630079 5
    endloop
  endfacet
  facet normal 0 0 1
    outer loop
      vertex -14.324685702961343 8.813333781699193 5
      vertex -14.46 13.16 5
      vertex -14.606477593864227 17.421185582727976 5
    endloop
  endfacet
  facet normal 0 0 1
    outer loop
      vertex -14.606477593864227 17.421185582727976 5
      vertex -14.46 13.16 5
      vertex -14.457216600210185 13.245024067999186 5
    endloop
  endfacet
  facet normal 0 0 1
    outer loop
      vertex -14.606477593864227 17.421185582727976 5
      vertex -14.457216600210185 13.245024067999186 5
      vertex -14.448878319785953 13.329684049886067 5
    endloop
  endfacet
  facet normal 0 0 1
    outer loop
      vertex -14.606477593864227 17.421185582727976 5
      vertex -14.448878319785953 13.329684049886067 5
      vertex -14.4350208645242 13.413617418620968 5
    endloop
  endfacet
  facet normal 0 0 1
    outer loop
      vertex -14.606477593864227 17.421185582727976 5
      vertex -14.4350208645242 13.413617418620968 5
      vertex -14.415703574175788 13.496464758633277 5
    endloop
  endfacet
  facet normal 0 0 1
    outer loop
      vertex -14.606477593864227 17.421185582727976 5
      vertex -14.415703574175788 13.496464758633277 5
      vertex -14.391009168343638 13.57787130489411 5
    endloop
  endfacet
  facet normal 0 0 1
    outer loop
      vertex -14.606477593864227 17.421185582727976 5
      vertex -14.391009168343638 13.57787130489411 5
      vertex -14.361043392264673 13.657488462074618 5
    endloop
  endfacet
  facet normal 0 0 1
    outer loop
      vertex -14.606477593864227 17.421185582727976 5
      vertex -14.361043392264673 13.657488462074618 5
      vertex -14.325934563992494 13.734975297284702 5
    endloop
  endfacet
  facet normal 0 0 1
    outer loop
      vertex -14.606477593864227 17.421185582727976 5
      vertex -14.325934563992494 13.734975297284702 5
      vertex -14.28583302491977 13.81 5
    endloop
  endfacet
  facet normal 0 0 1
    outer loop
      vertex -14.324685702961343 17.506666218300808 5
      vertex -14.28583302491977 13.81 5
      vertex -14.240910495993308 13.882241302925483 5
    endloop
  endfacet
  facet normal 0 0 1
    outer loop
      vertex -14.324685702961343 17.506666218300808 5
      vertex -14.240910495993308 13.882241302925483 5
      vertex -14.191359342378606 13.951389857711337 5
    endloop
  endfacet
  facet normal 0 0 1
    outer loop
      vertex -14.324685702961343 17.506666218300808 5
      vertex -14.191359342378606 13.951389857711337 5
      vertex -14.13739174972267 14.01714955963009 5
    endloop
  endfacet
  facet normal 0 0 1
    outer loop
      vertex -14.324685702961343 17.506666218300808 5
      vertex -14.13739174972267 14.01714955963009 5
      vertex -14.079238815542512 14.079238815542512 5
    endloop
  endfacet
  facet normal 0 0 1
    outer loop
      vertex -14.324685702961343 17.506666218300808 5
      vertex -14.079238815542512 14.079238815542512 5
      vertex -14.01714955963009 14.13739174972267 5
    endloop
  endfacet
  facet normal 0 0 1
    outer loop
      vertex -14.037906449072578 17.573533761814538 5
      vertex -14.01714955963009 14.13739174972267 5
      vertex -13.951389857711337 14.191359342378606 5
    endloop
  endfacet
  facet normal 0 0 1
    outer loop
      vertex -14.037906449072578 17.573533761814538 5
      vertex -13.951389857711337 14.191359342378606 5
      vertex -13.882241302925483 14.240910495993308 5
    endloop
  endfacet
  facet normal 0 0 1
    outer loop
      vertex -14.037906449072578 17.573533761814538 5
      vertex -13.882241302925483 14.240910495993308 5
      vertex -13.81 14.28583302491977 5
    endloop
  endfacet
  facet normal 0 0 1
    outer loop
      vertex -14.037906449072578 17.573533761814538 5
      vertex -13.81 14.28583302491977 5
      vertex -13.734975297284702 14.325934563992494 5
    endloop
  endfacet
  facet normal 0 0 1
    outer loop
      vertex -14.606477593864227 17.421185582727976 5
      vertex -14.28583302491977 13.81 5
      vertex -14.324685702961343 17.506666218300808 5
    endloop
  endfacet
  facet normal 0 0 1
    outer loop
      vertex -13.747367864990233 17.621501876182148 5
      vertex -13.734975297284702 14.325934563992494 5
      vertex -13.657488462074618 14.361043392264673 5
    endloop
  endfacet
  facet normal 0 0 1
    outer loop
      vertex -13.747367864990233 17.621501876182148 5
      vertex -13.657488462074618 14.361043392264673 5
      vertex -13.57787130489411 14.391009168343638 5
    endloop
  endfacet
  facet normal 0 0 1
    outer loop
      vertex -13.747367864990233 17.621501876182148 5
      vertex -12.74212869510589 14.391009168343638 5
      vertex -12.662511537925383 14.361043392264673 5
    endloop
  endfacet
  facet normal 0 0 1
    outer loop
      vertex -13.747367864990233 17.621501876182148 5
      vertex -13.57787130489411 14.391009168343638 5
      vertex -13.496464758633277 14.415703574175788 5
    endloop
  endfacet
  facet normal 0 0 1
    outer loop
      vertex -13.747367864990233 17.621501876182148 5
      vertex -13.496464758633277 14.415703574175788 5
      vertex -13.413617418620968 14.4350208645242 5
    endloop
  endfacet
  facet normal 0 0 1
    outer loop
      vertex -13.747367864990233 17.621501876182148 5
      vertex -13.413617418620968 14.4350208645242 5
      vertex -13.329684049886067 14.448878319785953 5
    endloop
  endfacet
  facet normal 0 0 1
    outer loop
      vertex -13.747367864990233 17.621501876182148 5
      vertex -13.329684049886067 14.448878319785953 5
      vertex -13.245024067999186 14.457216600210185 5
    endloop
  endfacet
  facet normal 0 0 1
    outer loop
      vertex -13.747367864990233 17.621501876182148 5
      vertex -13.245024067999186 14.457216600210185 5
      vertex -13.16 14.46 5
    endloop
  endfacet
  facet normal 0 0 1
    outer loop
      vertex -13.747367864990233 17.621501876182148 5
      vertex -13.16 14.46 5
      vertex -13.074975932000815 14.457216600210185 5
    endloop
  endfacet
  facet normal 0 0 1
    outer loop
      vertex -13.747367864990233 17.621501876182148 5
      vertex -13.074975932000815 14.457216600210185 5
      vertex -12.990315950113933 14.448878319785953 5
    endloop
  endfacet
  facet normal 0 0 1
    outer loop
      vertex -13.747367864990233 17.621501876182148 5
      vertex -12.990315950113933 14.448878319785953 5
      vertex -12.906382581379033 14.4350208645242 5
    endloop
  endfacet
  facet normal 0 0 1
    outer loop
      vertex -13.747367864990233 17.621501876182148 5
      vertex -12.906382581379033 14.4350208645242 5
      vertex -12.823535241366724 14.415703574175788 5
    endloop
  endfacet
  facet normal 0 0 1
    outer loop
      vertex -13.747367864990233 17.621501876182148 5
      vertex -12.823535241366724 14.415703574175788 5
      vertex -12.74212869510589 14.391009168343638 5
    endloop
  endfacet
  facet normal 0 0 1
    outer loop
      vertex -14.324685702961343 17.506666218300808 5
      vertex -14.01714955963009 14.13739174972267 5
      vertex -14.037906449072578 17.573533761814538 5
    endloop
  endfacet
  facet normal 0 0 1
    outer loop
      vertex -14.037906449072578 17.573533761814538 5
      vertex -13.734975297284702 14.325934563992494 5
      vertex -13.747367864990233 17.621501876182148 5
    endloop
  endfacet
  facet normal 0.7298640726978347 0.6835923020228725 0
    outer loop
      vertex -9.978019484660535 16.341980515339465 0
      vertex -9.978019484660535 16.341980515339465 5
      vertex -9.7767208663446 16.12705616795031 5
    endloop
  endfacet
  facet normal 0.03271908282177466 0.9994645874763657 0
    outer loop
      vertex -12.865685918464356 17.650365154573716 0
      vertex -13.16 17.66 5
      vertex -12.865685918464356 17.650365154573716 5
    endloop
  endfacet
  facet normal 0.09801714032955992 0.9951847266721969 0
    outer loop
      vertex -12.572632135009767 17.621501876182148 0
      vertex -12.865685918464356 17.650365154573716 5
      vertex -12.572632135009767 17.621501876182148 5
    endloop
  endfacet
  facet normal 0.16289547339458813 0.9866433320848792 0
    outer loop
      vertex -12.282093550927422 17.573533761814538 0
      vertex -12.572632135009767 17.621501876182148 5
      vertex -12.282093550927422 17.573533761814538 5
    endloop
  endfacet
  facet normal 0.22707626303437564 0.9738769792773332 0
    outer loop
      vertex -11.995314297038657 17.506666218300808 0
      vertex -12.282093550927422 17.573533761814538 5
      vertex -11.995314297038657 17.506666218300808 5
    endloop
  endfacet
  facet normal 0.2902846772544631 0.9569403357322087 0
    outer loop
      vertex -11.713522406135773 17.421185582727976 0
      vertex -11.995314297038657 17.506666218300808 5
      vertex -11.713522406135773 17.421185582727976 5
    endloop
  endfacet
  facet normal 0.3522500479212315 0.9359059267573264 0
    outer loop
      vertex -11.437924554357096 17.31745789630079 0
      vertex -11.713522406135773 17.421185582727976 5
      vertex -11.437924554357096 17.31745789630079 5
    endloop
  endfacet
  facet normal 0.47139673682599537 0.8819212643483562 0
    outer loop
      vertex -10.91 17.057114317029974 0
      vertex -11.169700894014493 17.195927336897096 5
      vertex -10.91 17.057114317029974 5
    endloop
  endfacet
  facet normal 0.5280678506503685 0.8492021815265784 0
    outer loop
      vertex -10.65993395141179 16.901613255361454 0
      vertex -10.91 17.057114317029974 5
      vertex -10.65993395141179 16.901613255361454 5
    endloop
  endfacet
  facet normal 0.41270702980439866 0.910863824921174 0
    outer loop
      vertex -11.169700894014493 17.195927336897096 0
      vertex -11.437924554357096 17.31745789630079 5
      vertex -11.169700894014493 17.195927336897096 5
    endloop
  endfacet
  facet normal 0.6343932841636453 0.773010453362737 0
    outer loop
      vertex -10.19294383204969 16.5432791336554 0
      vertex -10.420573569460757 16.73009003131056 5
      vertex -10.19294383204969 16.5432791336554 5
    endloop
  endfacet
  facet normal 0.5824776968677973 0.8128466845916186 0
    outer loop
      vertex -10.420573569460757 16.73009003131056 0
      vertex -10.65993395141179 16.901613255361454 5
      vertex -10.420573569460757 16.73009003131056 5
    endloop
  endfacet
  facet normal 0.6835923020228725 0.7298640726978347 0
    outer loop
      vertex -9.978019484660535 16.341980515339465 0
      vertex -10.19294383204969 16.5432791336554 5
      vertex -9.978019484660535 16.341980515339465 5
    endloop
  endfacet
  facet normal 0.9951847266721968 0.09801714032956074 0
    outer loop
      vertex -8.687668840775036 13.63741630908087 0
      vertex -8.698498123817853 13.747367864990233 5
      vertex -8.687668840775036 13.63741630908087 5
    endloop
  endfacet
  facet normal 0.9738769792773332 0.22707626303437564 0
    outer loop
      vertex -8.813333781699193 14.324685702961343 0
      vertex -8.813333781699193 14.324685702961343 5
      vertex -8.746466238185462 14.037906449072578 5
    endloop
  endfacet
  facet normal 0.9866433320848792 0.16289547339458813 0
    outer loop
      vertex -8.746466238185462 14.037906449072578 0
      vertex -8.746466238185462 14.037906449072578 5
      vertex -8.698498123817853 13.747367864990233 5
    endloop
  endfacet
  facet normal 0.9569403357322087 0.2902846772544631 0
    outer loop
      vertex -8.898814417272025 14.606477593864227 0
      vertex -8.898814417272025 14.606477593864227 5
      vertex -8.813333781699193 14.324685702961343 5
    endloop
  endfacet
  facet normal 0.9359059267573264 0.3522500479212315 0
    outer loop
      vertex -9.00254210369921 14.882075445642904 0
      vertex -9.00254210369921 14.882075445642904 5
      vertex -8.898814417272025 14.606477593864227 5
    endloop
  endfacet
  facet normal 0.910863824921174 0.41270702980439866 0
    outer loop
      vertex -9.124072663102904 15.150299105985507 0
      vertex -9.124072663102904 15.150299105985507 5
      vertex -9.00254210369921 14.882075445642904 5
    endloop
  endfacet
  facet normal 0.8819212643483562 0.47139673682599537 0
    outer loop
      vertex -9.262885682970026 15.41 0
      vertex -9.262885682970026 15.41 5
      vertex -9.124072663102904 15.150299105985507 5
    endloop
  endfacet
  facet normal 0.8128466845916158 0.5824776968678013 0
    outer loop
      vertex -9.589909968689442 15.899426430539243 0
      vertex -9.589909968689442 15.899426430539243 5
      vertex -9.418386744638546 15.66006604858821 5
    endloop
  endfacet
  facet normal 0.7730104533627401 0.6343932841636417 0
    outer loop
      vertex -9.7767208663446 16.12705616795031 0
      vertex -9.7767208663446 16.12705616795031 5
      vertex -9.589909968689442 15.899426430539243 5
    endloop
  endfacet
  facet normal 0.8492021815265784 0.5280678506503685 0
    outer loop
      vertex -9.418386744638546 15.66006604858821 0
      vertex -9.418386744638546 15.66006604858821 5
      vertex -9.262885682970026 15.41 5
    endloop
  endfacet
  facet normal 0 0 1
    outer loop
      vertex -10.857788294557817 15.462211705442186 5
      vertex -12.437758697074518 14.240910495993308 5
      vertex -12.368610142288663 14.191359342378606 5
    endloop
  endfacet
  facet normal 0 0 1
    outer loop
      vertex -10.857788294557817 15.462211705442186 5
      vertex -12.368610142288663 14.191359342378606 5
      vertex -12.30285044036991 14.13739174972267 5
    endloop
  endfacet
  facet normal 0 0 1
    outer loop
      vertex -10.857788294557817 15.462211705442186 5
      vertex -12.30285044036991 14.13739174972267 5
      vertex -12.240761184457488 14.079238815542512 5
    endloop
  endfacet
  facet normal 0 0 1
    outer loop
      vertex -13.747367864990233 17.621501876182148 5
      vertex -12.662511537925383 14.361043392264673 5
      vertex -12.585024702715298 14.325934563992494 5
    endloop
  endfacet
  facet normal 0 0 1
    outer loop
      vertex -13.747367864990233 17.621501876182148 5
      vertex -12.585024702715298 14.325934563992494 5
      vertex -12.51 14.28583302491977 5
    endloop
  endfacet
  facet normal 0 0 1
    outer loop
      vertex -13.747367864990233 17.621501876182148 5
      vertex -12.51 14.28583302491977 5
      vertex -12.437758697074518 14.240910495993308 5
    endloop
  endfacet
  facet normal 0 0 1
    outer loop
      vertex -13.747367864990233 17.621501876182148 5
      vertex -12.437758697074518 14.240910495993308 5
      vertex -10.857788294557817 15.462211705442186 5
    endloop
  endfacet
  facet normal 0 0 1
    outer loop
      vertex -10.857788294557817 15.462211705442186 5
      vertex -10.65993395141179 15.579305838914111 5
      vertex -10.65993395141179 16.901613255361454 5
    endloop
  endfacet
  facet normal 0 0 1
    outer loop
      vertex -9.00254210369921 11.923517213383231 5
      vertex -10.65993395141179 16.901613255361454 5
      vertex -10.65993395141179 15.579305838914111 5
    endloop
  endfacet
  facet normal 0 0 1
    outer loop
      vertex -9.00254210369921 11.923517213383231 5
      vertex -10.19294383204969 16.5432791336554 5
      vertex -10.420573569460757 16.73009003131056 5
    endloop
  endfacet
  facet normal 0 0 1
    outer loop
      vertex -9.00254210369921 11.923517213383231 5
      vertex -10.420573569460757 16.73009003131056 5
      vertex -10.65993395141179 16.901613255361454 5
    endloop
  endfacet
  facet normal 0 0 1
    outer loop
      vertex -13.747367864990233 17.621501876182148 5
      vertex -10.857788294557817 15.462211705442186 5
      vertex -13.454314081535644 17.650365154573716 5
    endloop
  endfacet
  facet normal 0 0 1
    outer loop
      vertex -13.454314081535644 17.650365154573716 5
      vertex -10.857788294557817 15.462211705442186 5
      vertex -13.16 17.66 5
    endloop
  endfacet
  facet normal 0 0 1
    outer loop
      vertex -13.16 17.66 5
      vertex -10.857788294557817 15.462211705442186 5
      vertex -12.865685918464356 17.650365154573716 5
    endloop
  endfacet
  facet normal 0 0 1
    outer loop
      vertex -10.857788294557817 15.462211705442186 5
      vertex -12.572632135009767 17.621501876182148 5
      vertex -12.865685918464356 17.650365154573716 5
    endloop
  endfacet
  facet normal 0 0 1
    outer loop
      vertex -10.857788294557817 15.462211705442186 5
      vertex -12.282093550927422 17.573533761814538 5
      vertex -12.572632135009767 17.621501876182148 5
    endloop
  endfacet
  facet normal 0 0 1
    outer loop
      vertex -10.857788294557817 15.462211705442186 5
      vertex -11.995314297038657 17.506666218300808 5
      vertex -12.282093550927422 17.573533761814538 5
    endloop
  endfacet
  facet normal 0 0 1
    outer loop
      vertex -10.857788294557817 15.462211705442186 5
      vertex -11.713522406135773 17.421185582727976 5
      vertex -11.995314297038657 17.506666218300808 5
    endloop
  endfacet
  facet normal 0 0 1
    outer loop
      vertex -10.857788294557817 15.462211705442186 5
      vertex -11.169700894014493 17.195927336897096 5
      vertex -11.437924554357096 17.31745789630079 5
    endloop
  endfacet
  facet normal 0 0 1
    outer loop
      vertex -10.857788294557817 15.462211705442186 5
      vertex -11.437924554357096 17.31745789630079 5
      vertex -11.713522406135773 17.421185582727976 5
    endloop
  endfacet
  facet normal 0 0 1
    outer loop
      vertex -10.857788294557817 15.462211705442186 5
      vertex -10.65993395141179 16.901613255361454 5
      vertex -10.91 17.057114317029974 5
    endloop
  endfacet
  facet normal 0 0 1
    outer loop
      vertex -10.857788294557817 15.462211705442186 5
      vertex -10.91 17.057114317029974 5
      vertex -11.169700894014493 17.195927336897096 5
    endloop
  endfacet
  facet normal 0 0 1
    outer loop
      vertex -9.00254210369921 11.923517213383231 5
      vertex -8.94377285905161 13.086860733239082 5
      vertex -9.00254210369921 14.882075445642904 5
    endloop
  endfacet
  facet normal 0 0 1
    outer loop
      vertex -9.00254210369921 11.923517213383231 5
      vertex -9.589909968689442 15.899426430539243 5
      vertex -9.7767208663446 16.12705616795031 5
    endloop
  endfacet
  facet normal 0 0 1
    outer loop
      vertex -9.00254210369921 11.923517213383231 5
      vertex -9.00254210369921 14.882075445642904 5
      vertex -9.124072663102904 15.150299105985507 5
    endloop
  endfacet
  facet normal 0 0 1
    outer loop
      vertex -9.00254210369921 11.923517213383231 5
      vertex -9.124072663102904 15.150299105985507 5
      vertex -9.262885682970026 15.41 5
    endloop
  endfacet
  facet normal 0 0 1
    outer loop
      vertex -9.00254210369921 11.923517213383231 5
      vertex -9.262885682970026 15.41 5
      vertex -9.418386744638546 15.66006604858821 5
    endloop
  endfacet
  facet normal 0 0 1
    outer loop
      vertex -9.00254210369921 11.923517213383231 5
      vertex -9.418386744638546 15.66006604858821 5
      vertex -9.589909968689442 15.899426430539243 5
    endloop
  endfacet
  facet normal 0 0 1
    outer loop
      vertex -8.698498123817853 12.727965628010903 5
      vertex -8.695143373431335 13.644890841737169 5
      vertex -8.698498123817853 13.747367864990233 5
    endloop
  endfacet
  facet normal 0 0 1
    outer loop
      vertex -8.698498123817853 12.727965628010903 5
      vertex -8.898814417272025 14.606477593864227 5
      vertex -8.94377285905161 13.086860733239082 5
    endloop
  endfacet
  facet normal 0 0 1
    outer loop
      vertex -8.698498123817853 12.727965628010903 5
      vertex -8.698498123817853 13.747367864990233 5
      vertex -8.746466238185462 14.037906449072578 5
    endloop
  endfacet
  facet normal 0 0 1
    outer loop
      vertex -8.698498123817853 12.727965628010903 5
      vertex -8.746466238185462 14.037906449072578 5
      vertex -8.813333781699193 14.324685702961343 5
    endloop
  endfacet
  facet normal 0 0 1
    outer loop
      vertex -8.687668840775036 13.63741630908087 5
      vertex -8.698498123817853 13.747367864990233 5
      vertex -8.695143373431335 13.644890841737169 5
    endloop
  endfacet
  facet normal 0 0 1
    outer loop
      vertex -8.698498123817853 12.727965628010903 5
      vertex -8.813333781699193 14.324685702961343 5
      vertex -8.898814417272025 14.606477593864227 5
    endloop
  endfacet
  facet normal 0 0 1
    outer loop
      vertex -8.94377285905161 13.086860733239082 5
      vertex -8.898814417272025 14.606477593864227 5
      vertex -9.00254210369921 14.882075445642904 5
    endloop
  endfacet
  facet normal 0 0 1
    outer loop
      vertex -9.00254210369921 11.923517213383231 5
      vertex -9.7767208663446 16.12705616795031 5
      vertex -9.978019484660535 16.341980515339465 5
    endloop
  endfacet
  facet normal 0 0 1
    outer loop
      vertex -9.00254210369921 11.923517213383231 5
      vertex -9.978019484660535 16.341980515339465 5
      vertex -10.19294383204969 16.5432791336554 5
    endloop
  endfacet
  facet normal 0 0 -1
    outer loop
      vertex -4.723886558110306 -0.22586091019552645 0
      vertex -3.533221450442936 -0.2698498691223642 0
      vertex -4.1552890428575155 -0.7944584254483168 0
    endloop
  endfacet
  facet normal 0 0 -1
    outer loop
      vertex -4.723886558110306 -0.22586091019552645 0
      vertex -4.717545375566294 -0.03215782169558198 0
      vertex -3.529269872257935 -0.1491416426092441 0
    endloop
  endfacet
  facet normal 0 0 -1
    outer loop
      vertex -4.1552890428575155 -0.7944584254483168 0
      vertex -3.533221450442936 -0.2698498691223642 0
      vertex -3.826834323650898 -1.0313067806035519 0
    endloop
  endfacet
  facet normal 0 0 -1
    outer loop
      vertex -4.723886558110306 -0.22586091019552645 0
      vertex -3.529269872257935 -0.1491416426092441 0
      vertex -3.533221450442936 -0.2698498691223642 0
    endloop
  endfacet
  facet normal 0 0 -1
    outer loop
      vertex -13.63741630908087 8.687668840775036 0
      vertex -13.496447299224823 11.904292354861132 0
      vertex -13.413617418620968 11.8849791354758 0
    endloop
  endfacet
  facet normal 0 0 -1
    outer loop
      vertex -13.63741630908087 8.687668840775036 0
      vertex -13.413617418620968 11.8849791354758 0
      vertex -13.329684049886067 11.871121680214047 0
    endloop
  endfacet
  facet normal 0 0 -1
    outer loop
      vertex -13.63741630908087 8.687668840775036 0
      vertex -13.329684049886067 11.871121680214047 0
      vertex -13.245024067999186 11.862783399789816 0
    endloop
  endfacet
  facet normal 0 0 -1
    outer loop
      vertex -13.63741630908087 8.687668840775036 0
      vertex -13.245024067999186 11.862783399789816 0
      vertex -13.16 11.86 0
    endloop
  endfacet
  facet normal 0 0 -1
    outer loop
      vertex -13.63741630908087 8.687668840775036 0
      vertex -13.16 11.86 0
      vertex -13.074975932000815 11.862783399789816 0
    endloop
  endfacet
  facet normal 0 0 -1
    outer loop
      vertex -13.63741630908087 8.687668840775036 0
      vertex -13.074975932000815 11.862783399789816 0
      vertex -12.990315950113933 11.871121680214047 0
    endloop
  endfacet
  facet normal 0 0 -1
    outer loop
      vertex -13.63741630908087 8.687668840775036 0
      vertex -12.990315950113933 11.871121680214047 0
      vertex -12.906382581379033 11.8849791354758 0
    endloop
  endfacet
  facet normal 0 0 -1
    outer loop
      vertex -13.63741630908087 8.687668840775036 0
      vertex -12.906382581379033 11.8849791354758 0
      vertex -12.823535241366724 11.904296425824212 0
    endloop
  endfacet
  facet normal 0 0 -1
    outer loop
      vertex -13.63741630908087 8.687668840775036 0
      vertex -12.823535241366724 11.904296425824212 0
      vertex -12.74212869510589 11.928990831656362 0
    endloop
  endfacet
  facet normal 0 0 -1
    outer loop
      vertex -13.63741630908087 8.687668840775036 0
      vertex -8.681847498413436 4.340388015232842 0
      vertex -9.094670986228255 4.144923517922422 0
    endloop
  endfacet
  facet normal 0 0 -1
    outer loop
      vertex -8.981530819894063 4.0317833515882295 0
      vertex -9.094670986228255 4.144923517922422 0
      vertex -8.681847498413436 4.340388015232842 0
    endloop
  endfacet
  facet normal 0 0 -1
    outer loop
      vertex -8.968727415326882 4.018979947021049 0
      vertex -8.981530819894063 4.0317833515882295 0
      vertex -8.681847498413436 4.340388015232842 0
    endloop
  endfacet
  facet normal 0 0 -1
    outer loop
      vertex -3.529269872257935 -0.1491416426092441 0
      vertex -8.681847498413436 4.340388015232842 0
      vertex -13.63741630908087 8.687668840775036 0
    endloop
  endfacet
  facet normal 0 0 -1
    outer loop
      vertex -3.529269872257935 -0.1491416426092441 0
      vertex -13.63741630908087 8.687668840775036 0
      vertex -12.662511537925383 11.958956607735328 0
    endloop
  endfacet
  facet normal 0 0 -1
    outer loop
      vertex -13.63741630908087 8.687668840775036 0
      vertex -12.74212869510589 11.928990831656362 0
      vertex -12.662511537925383 11.958956607735328 0
    endloop
  endfacet
  facet normal 0 0 -1
    outer loop
      vertex -8.9877160184945 11.89081460673814 0
      vertex -12.51 12.03416697508023 0
      vertex -12.437758697074518 12.079089504006692 0
    endloop
  endfacet
  facet normal 0 0 -1
    outer loop
      vertex -8.9877160184945 11.89081460673814 0
      vertex -12.437758697074518 12.079089504006692 0
      vertex -12.368610142288663 12.128640657621395 0
    endloop
  endfacet
  facet normal 0 0 -1
    outer loop
      vertex -8.9877160184945 11.89081460673814 0
      vertex -12.368610142288663 12.128640657621395 0
      vertex -12.30285044036991 12.18260825027733 0
    endloop
  endfacet
  facet normal 0 0 -1
    outer loop
      vertex -8.9877160184945 11.89081460673814 0
      vertex -12.30285044036991 12.18260825027733 0
      vertex -12.240761184457488 12.240761184457488 0
    endloop
  endfacet
  facet normal 0 0 -1
    outer loop
      vertex -8.9877160184945 11.89081460673814 0
      vertex -12.240761184457488 12.240761184457488 0
      vertex -12.18260825027733 12.30285044036991 0
    endloop
  endfacet
  facet normal 0 0 -1
    outer loop
      vertex -8.9877160184945 11.89081460673814 0
      vertex -12.18260825027733 12.30285044036991 0
      vertex -12.128640657621395 12.368610142288663 0
    endloop
  endfacet
  facet normal 0 0 -1
    outer loop
      vertex -8.9877160184945 11.89081460673814 0
      vertex -12.128640657621395 12.368610142288663 0
      vertex -12.079089504006692 12.437758697074518 0
    endloop
  endfacet
  facet normal 0 0 -1
    outer loop
      vertex -8.9877160184945 11.89081460673814 0
      vertex -12.079089504006692 12.437758697074518 0
      vertex -12.03416697508023 12.51 0
    endloop
  endfacet
  facet normal 0 0 -1
    outer loop
      vertex -8.9877160184945 11.89081460673814 0
      vertex -12.03416697508023 12.51 0
      vertex -11.994065436007507 12.585024702715298 0
    endloop
  endfacet
  facet normal 0 0 -1
    outer loop
      vertex -8.9877160184945 11.89081460673814 0
      vertex -11.994065436007507 12.585024702715298 0
      vertex -11.958956607735328 12.662511537925383 0
    endloop
  endfacet
  facet normal 0 0 -1
    outer loop
      vertex -8.9877160184945 11.89081460673814 0
      vertex -11.958956607735328 12.662511537925383 0
      vertex -11.928990831656362 12.74212869510589 0
    endloop
  endfacet
  facet normal 0 0 -1
    outer loop
      vertex -8.9877160184945 11.89081460673814 0
      vertex -11.928990831656362 12.74212869510589 0
      vertex -11.904296425824212 12.823535241366724 0
    endloop
  endfacet
  facet normal 0 0 -1
    outer loop
      vertex -8.9877160184945 11.89081460673814 0
      vertex -11.904296425824212 12.823535241366724 0
      vertex -11.8849791354758 12.906382581379033 0
    endloop
  endfacet
  facet normal 0 0 -1
    outer loop
      vertex -8.9877160184945 11.89081460673814 0
      vertex -11.8849791354758 12.906382581379033 0
      vertex -11.871121680214047 12.990315950113933 0
    endloop
  endfacet
  facet normal 0 0 -1
    outer loop
      vertex -8.9877160184945 11.89081460673814 0
      vertex -11.871121680214047 12.990315950113933 0
      vertex -11.862783399789816 13.074975932000815 0
    endloop
  endfacet
  facet normal 0 0 -1
    outer loop
      vertex -8.9877160184945 11.89081460673814 0
      vertex -11.862783399789816 13.074975932000815 0
      vertex -11.86 13.16 0
    endloop
  endfacet
  facet normal 0 0 -1
    outer loop
      vertex -8.9877160184945 11.89081460673814 0
      vertex -11.86 13.16 0
      vertex -11.862783399789816 13.245024067999186 0
    endloop
  endfacet
  facet normal 0 0 -1
    outer loop
      vertex -8.9877160184945 11.89081460673814 0
      vertex -11.862783399789816 13.245024067999186 0
      vertex -11.871121680214047 13.329684049886067 0
    endloop
  endfacet
  facet normal 0 0 -1
    outer loop
      vertex -8.9877160184945 11.89081460673814 0
      vertex -11.871121680214047 13.329684049886067 0
      vertex -11.8849791354758 13.413617418620968 0
    endloop
  endfacet
  facet normal 0 0 -1
    outer loop
      vertex -8.9877160184945 11.89081460673814 0
      vertex -11.8849791354758 13.413617418620968 0
      vertex -11.904296425824212 13.496464758633277 0
    endloop
  endfacet
  facet normal 0 0 -1
    outer loop
      vertex -8.9877160184945 11.89081460673814 0
      vertex -11.904296425824212 13.496464758633277 0
      vertex -11.928990831656362 13.57787130489411 0
    endloop
  endfacet
  facet normal 0 0 -1
    outer loop
      vertex -3.529269872257935 -0.1491416426092441 0
      vertex -12.662511537925383 11.958956607735328 0
      vertex -12.585024702715298 11.994065436007507 0
    endloop
  endfacet
  facet normal 0 0 -1
    outer loop
      vertex -3.529269872257935 -0.1491416426092441 0
      vertex -12.585024702715298 11.994065436007507 0
      vertex -12.51 12.03416697508023 0
    endloop
  endfacet
  facet normal 0 0 -1
    outer loop
      vertex -3.529269872257935 -0.1491416426092441 0
      vertex -12.51 12.03416697508023 0
      vertex -8.9877160184945 11.89081460673814 0
    endloop
  endfacet
  facet normal 0 0 -1
    outer loop
      vertex -8.9877160184945 11.89081460673814 0
      vertex -8.687668840775036 13.63741630908087 0
      vertex -4.144923517922423 9.094670986228254 0
    endloop
  endfacet
  facet normal 0 0 -1
    outer loop
      vertex -3.529269872257935 -0.1491416426092441 0
      vertex -5 1.1104812892948632 0
      vertex -8.681847498413436 4.340388015232842 0
    endloop
  endfacet
  facet normal 0 0 -1
    outer loop
      vertex -4.717545375566294 -0.03215782169558198 0
      vertex -5 1.1104812892948632 0
      vertex -3.529269872257935 -0.1491416426092441 0
    endloop
  endfacet
  facet normal 0 0 -1
    outer loop
      vertex -3.529269872257935 -0.1491416426092441 0
      vertex -8.9877160184945 11.89081460673814 0
      vertex -3.214394653031616 -0.015011327404566926 0
    endloop
  endfacet
  facet normal 0 0 -1
    outer loop
      vertex -3.214394653031616 -0.015011327404566926 0
      vertex -8.9877160184945 11.89081460673814 0
      vertex -1.3052619222005157 1.1944681358095637 0
    endloop
  endfacet
  facet normal 0 0 -1
    outer loop
      vertex -8.9877160184945 11.89081460673814 0
      vertex -1.3052619222005157 1.3306678228050342 0
      vertex -1.3052619222005157 1.1944681358095637 0
    endloop
  endfacet
  facet normal 0 0 -1
    outer loop
      vertex -8.9877160184945 11.89081460673814 0
      vertex -0.9078148712635867 2.2263028545150725 0
      vertex -1.3052619222005157 1.3306678228050342 0
    endloop
  endfacet
  facet normal 0 0 -1
    outer loop
      vertex -8.9877160184945 11.89081460673814 0
      vertex 0 4.949747468305832 0
      vertex -0.9078148712635867 2.2263028545150725 0
    endloop
  endfacet
  facet normal 0 0 -1
    outer loop
      vertex -0.9496094847271588 0.9496094847271588 0
      vertex -0.9078148712635867 2.2263028545150725 0
      vertex 0 0 0
    endloop
  endfacet
  facet normal 0 0 -1
    outer loop
      vertex -0.9078148712635867 2.2263028545150725 0
      vertex 0 4.949747468305832 0
      vertex 0 0 0
    endloop
  endfacet
  facet normal 0 0 -1
    outer loop
      vertex -8.9877160184945 11.89081460673814 0
      vertex -3.841485982370042 8.791233450675874 0
      vertex 0 4.949747468305832 0
    endloop
  endfacet
  facet normal 0 0 -1
    outer loop
      vertex -8.9877160184945 11.89081460673814 0
      vertex -4.144923517922423 9.094670986228254 0
      vertex -3.841485982370042 8.791233450675874 0
    endloop
  endfacet
  facet normal -0.7071067811865476 -0.7071067811865476 0
    outer loop
      vertex -13.63741630908087 8.687668840775036 0
      vertex -9.094670986228255 4.144923517922422 0
      vertex -13.63741630908087 8.687668840775036 5
    endloop
  endfacet
  facet normal 0.7071067811865478 0.7071067811865474 0
    outer loop
      vertex -4.144923517922423 9.094670986228254 0
      vertex -8.687668840775036 13.63741630908087 0
      vertex -4.144923517922423 9.094670986228254 5
    endloop
  endfacet
  facet normal 0 0 -1
    outer loop
      vertex -10.65993395141179 15.579305838914111 0
      vertex -12.18260825027733 14.01714955963009 0
      vertex -12.24076118445749 14.079238815542514 0
    endloop
  endfacet
  facet normal 0 0 -1
    outer loop
      vertex -10.65993395141179 15.579305838914111 0
      vertex -12.079089504006692 13.882241302925483 0
      vertex -12.128640657621395 13.951389857711337 0
    endloop
  endfacet
  facet normal 0 0 -1
    outer loop
      vertex -10.65993395141179 15.579305838914111 0
      vertex -12.128640657621395 13.951389857711337 0
      vertex -12.18260825027733 14.01714955963009 0
    endloop
  endfacet
  facet normal 0 0 -1
    outer loop
      vertex -10.65993395141179 15.579305838914111 0
      vertex -12.03416697508023 13.81 0
      vertex -12.079089504006692 13.882241302925483 0
    endloop
  endfacet
  facet normal 0 0 -1
    outer loop
      vertex -8.9877160184945 11.89081460673814 0
      vertex -11.994065436007507 13.734975297284702 0
      vertex -12.03416697508023 13.81 0
    endloop
  endfacet
  facet normal 0 0 -1
    outer loop
      vertex -8.9877160184945 11.89081460673814 0
      vertex -11.928990831656362 13.57787130489411 0
      vertex -11.958956607735328 13.657488462074618 0
    endloop
  endfacet
  facet normal 0 0 -1
    outer loop
      vertex -8.9877160184945 11.89081460673814 0
      vertex -11.958956607735328 13.657488462074618 0
      vertex -11.994065436007507 13.734975297284702 0
    endloop
  endfacet
  facet normal 0 0 -1
    outer loop
      vertex -8.9877160184945 11.89081460673814 0
      vertex -12.03416697508023 13.81 0
      vertex -10.65993395141179 15.579305838914111 0
    endloop
  endfacet
  facet normal 0 0 -1
    outer loop
      vertex -10.701953578800772 15.618046421199232 0
      vertex -10.65993395141179 15.579305838914111 0
      vertex -12.24076118445749 14.079238815542514 0
    endloop
  endfacet
  facet normal 0 0 -1
    outer loop
      vertex -8.9877160184945 11.89081460673814 0
      vertex -8.898814417272025 13.848561885577858 0
      vertex -8.687668840775036 13.63741630908087 0
    endloop
  endfacet
  facet normal 0 0 1
    outer loop
      vertex -13.63741630908087 8.687668840775036 5
      vertex -13.57787130489411 11.928990831656362 5
      vertex -13.597186811453318 11.936260673546004 5
    endloop
  endfacet
  facet normal 0 0 1
    outer loop
      vertex -13.63741630908087 8.687668840775036 5
      vertex -13.496464758633277 11.904296425824212 5
      vertex -13.57787130489411 11.928990831656362 5
    endloop
  endfacet
  facet normal 0 0 1
    outer loop
      vertex -13.63741630908087 8.687668840775036 5
      vertex -13.413617418620968 11.8849791354758 5
      vertex -13.496464758633277 11.904296425824212 5
    endloop
  endfacet
  facet normal 0 0 1
    outer loop
      vertex -13.63741630908087 8.687668840775036 5
      vertex -13.329684049886067 11.871121680214047 5
      vertex -13.413617418620968 11.8849791354758 5
    endloop
  endfacet
  facet normal 0 0 1
    outer loop
      vertex -13.63741630908087 8.687668840775036 5
      vertex -13.245024067999186 11.862783399789816 5
      vertex -13.329684049886067 11.871121680214047 5
    endloop
  endfacet
  facet normal 0 0 1
    outer loop
      vertex -13.63741630908087 8.687668840775036 5
      vertex -13.16 11.86 5
      vertex -13.245024067999186 11.862783399789816 5
    endloop
  endfacet
  facet normal 0 0 1
    outer loop
      vertex -13.63741630908087 8.687668840775036 5
      vertex -13.074975932000815 11.862783399789816 5
      vertex -13.16 11.86 5
    endloop
  endfacet
  facet normal 0 0 1
    outer loop
      vertex -13.63741630908087 8.687668840775036 5
      vertex -12.990315950113933 11.871121680214047 5
      vertex -13.074975932000815 11.862783399789816 5
    endloop
  endfacet
  facet normal 0 0 1
    outer loop
      vertex -13.63741630908087 8.687668840775036 5
      vertex -12.906382581379033 11.8849791354758 5
      vertex -12.990315950113933 11.871121680214047 5
    endloop
  endfacet
  facet normal 0 0 1
    outer loop
      vertex -13.63741630908087 8.687668840775036 5
      vertex -12.823535241366724 11.904296425824212 5
      vertex -12.906382581379033 11.8849791354758 5
    endloop
  endfacet
  facet normal 0 0 1
    outer loop
      vertex -13.63741630908087 8.687668840775036 5
      vertex -12.74212869510589 11.928990831656362 5
      vertex -12.823535241366724 11.904296425824212 5
    endloop
  endfacet
  facet normal -0.7071067811865476 -0.7071067811865476 0
    outer loop
      vertex -9.094670986228255 4.144923517922422 0
      vertex -9.094670986228255 4.144923517922422 5
      vertex -13.63741630908087 8.687668840775036 5
    endloop
  endfacet
  facet normal 0.7071067811865478 0.7071067811865474 0
    outer loop
      vertex -8.687668840775036 13.63741630908087 0
      vertex -8.687668840775036 13.63741630908087 5
      vertex -4.144923517922423 9.094670986228254 5
    endloop
  endfacet
  facet normal 0 0 1
    outer loop
      vertex -13.63741630908087 8.687668840775036 5
      vertex -9.094670986228255 4.144923517922422 5
      vertex -8.782071708545994 4.772095167886599 5
    endloop
  endfacet
  facet normal 0 0 1
    outer loop
      vertex -9.094670986228255 4.144923517922422 5
      vertex -8.955057359397129 4.005309891091297 5
      vertex -8.782071708545994 4.772095167886599 5
    endloop
  endfacet
  facet normal 0 0 1
    outer loop
      vertex -8.782071708545994 4.772095167886599 5
      vertex -6.947370558198944 3.2925075972895206 5
      vertex -6.882640689012327 7.247549071175326 5
    endloop
  endfacet
  facet normal 0 0 1
    outer loop
      vertex -13.63741630908087 8.687668840775036 5
      vertex -6.882640689012327 7.247549071175326 5
      vertex -9.00254210369921 11.923517213383231 5
    endloop
  endfacet
  facet normal 0 0 1
    outer loop
      vertex -13.63741630908087 8.687668840775036 5
      vertex -12.662511537925383 11.958956607735328 5
      vertex -12.74212869510589 11.928990831656362 5
    endloop
  endfacet
  facet normal 0 0 1
    outer loop
      vertex -13.63741630908087 8.687668840775036 5
      vertex -12.585024702715298 11.994065436007507 5
      vertex -12.662511537925383 11.958956607735328 5
    endloop
  endfacet
  facet normal 0 0 1
    outer loop
      vertex -13.63741630908087 8.687668840775036 5
      vertex -12.51 12.03416697508023 5
      vertex -12.585024702715298 11.994065436007507 5
    endloop
  endfacet
  facet normal 0 0 1
    outer loop
      vertex -13.63741630908087 8.687668840775036 5
      vertex -12.437758697074518 12.079089504006692 5
      vertex -12.51 12.03416697508023 5
    endloop
  endfacet
  facet normal 0 0 1
    outer loop
      vertex -13.63741630908087 8.687668840775036 5
      vertex -12.368610142288663 12.128640657621395 5
      vertex -12.437758697074518 12.079089504006692 5
    endloop
  endfacet
  facet normal 0 0 1
    outer loop
      vertex -13.63741630908087 8.687668840775036 5
      vertex -12.240761184457488 12.240761184457488 5
      vertex -12.30285044036991 12.18260825027733 5
    endloop
  endfacet
  facet normal 0 0 1
    outer loop
      vertex -13.63741630908087 8.687668840775036 5
      vertex -12.30285044036991 12.18260825027733 5
      vertex -12.368610142288663 12.128640657621395 5
    endloop
  endfacet
  facet normal 0 0 1
    outer loop
      vertex -13.63741630908087 8.687668840775036 5
      vertex -12.18260825027733 12.30285044036991 5
      vertex -12.240761184457488 12.240761184457488 5
    endloop
  endfacet
  facet normal 0 0 1
    outer loop
      vertex -13.63741630908087 8.687668840775036 5
      vertex -12.128640657621395 12.368610142288663 5
      vertex -12.18260825027733 12.30285044036991 5
    endloop
  endfacet
  facet normal 0 0 1
    outer loop
      vertex -13.63741630908087 8.687668840775036 5
      vertex -9.00254210369921 11.923517213383231 5
      vertex -12.128640657621395 12.368610142288663 5
    endloop
  endfacet
  facet normal 0 0 1
    outer loop
      vertex -9.00254210369921 11.923517213383231 5
      vertex -12.079089504006692 12.437758697074518 5
      vertex -12.128640657621395 12.368610142288663 5
    endloop
  endfacet
  facet normal 0 0 1
    outer loop
      vertex -9.00254210369921 11.923517213383231 5
      vertex -12.03416697508023 12.51 5
      vertex -12.079089504006692 12.437758697074518 5
    endloop
  endfacet
  facet normal 0 0 1
    outer loop
      vertex -9.00254210369921 11.923517213383231 5
      vertex -11.994065436007507 12.585024702715298 5
      vertex -12.03416697508023 12.51 5
    endloop
  endfacet
  facet normal 0 0 1
    outer loop
      vertex -9.00254210369921 11.923517213383231 5
      vertex -11.958956607735328 12.662511537925383 5
      vertex -11.994065436007507 12.585024702715298 5
    endloop
  endfacet
  facet normal 0 0 1
    outer loop
      vertex -9.00254210369921 11.923517213383231 5
      vertex -11.928990831656362 12.74212869510589 5
      vertex -11.958956607735328 12.662511537925383 5
    endloop
  endfacet
  facet normal 0 0 1
    outer loop
      vertex -9.00254210369921 11.923517213383231 5
      vertex -11.904296425824212 12.823535241366724 5
      vertex -11.928990831656362 12.74212869510589 5
    endloop
  endfacet
  facet normal 0 0 1
    outer loop
      vertex -9.00254210369921 11.923517213383231 5
      vertex -11.8849791354758 12.906382581379033 5
      vertex -11.904296425824212 12.823535241366724 5
    endloop
  endfacet
  facet normal 0 0 1
    outer loop
      vertex -9.00254210369921 11.923517213383231 5
      vertex -11.871121680214047 12.990315950113933 5
      vertex -11.8849791354758 12.906382581379033 5
    endloop
  endfacet
  facet normal 0 0 1
    outer loop
      vertex -13.63741630908087 8.687668840775036 5
      vertex -8.782071708545994 4.772095167886599 5
      vertex -6.882640689012327 7.247549071175326 5
    endloop
  endfacet
  facet normal 0 0 1
    outer loop
      vertex -6.882640689012327 7.247549071175326 5
      vertex -6.605778254161327 7.506859038966831 5
      vertex -8.698498123817853 12.727965628010903 5
    endloop
  endfacet
  facet normal 0 0 1
    outer loop
      vertex -6.605778254161327 7.506859038966831 5
      vertex -5.640748557344284 8.253752858501338 5
      vertex -8.698498123817853 12.727965628010903 5
    endloop
  endfacet
  facet normal 0 0 1
    outer loop
      vertex -6.882640689012327 7.247549071175326 5
      vertex -8.698498123817853 12.727965628010903 5
      vertex -9.00254210369921 11.923517213383231 5
    endloop
  endfacet
  facet normal 0 0 1
    outer loop
      vertex -9.00254210369921 11.923517213383231 5
      vertex -8.698498123817853 12.727965628010903 5
      vertex -8.94377285905161 13.086860733239082 5
    endloop
  endfacet
  facet normal 0 0 1
    outer loop
      vertex -8.698498123817853 12.727965628010903 5
      vertex -4.144923517922423 9.094670986228254 5
      vertex -8.687668840775036 13.63741630908087 5
    endloop
  endfacet
  facet normal 0 0 1
    outer loop
      vertex -6.605778254161327 7.506859038966831 5
      vertex -6.026319561748534 6.061173144307719 5
      vertex -5.640748557344284 8.253752858501338 5
    endloop
  endfacet
  facet normal 0 0 1
    outer loop
      vertex -4.953786046326799 7.248563789825086 5
      vertex -4.4676990555666825 8.944774820321117 5
      vertex -5.640748557344284 8.253752858501338 5
    endloop
  endfacet
  facet normal 0 0 1
    outer loop
      vertex -4.4676990555666825 8.944774820321117 5
      vertex -4.420727777851547 8.90277298964784 5
      vertex -4.144923517922423 9.094670986228254 5
    endloop
  endfacet
  facet normal 0 0 1
    outer loop
      vertex -8.698498123817853 12.727965628010903 5
      vertex -5.640748557344284 8.253752858501338 5
      vertex -4.4676990555666825 8.944774820321117 5
    endloop
  endfacet
  facet normal 0 0 1
    outer loop
      vertex -8.698498123817853 12.727965628010903 5
      vertex -4.4676990555666825 8.944774820321117 5
      vertex -4.144923517922423 9.094670986228254 5
    endloop
  endfacet
  facet normal 0 0 1
    outer loop
      vertex -10.857788294557817 15.462211705442186 5
      vertex -11.862783399789816 13.074975932000815 5
      vertex -11.871121680214047 12.990315950113933 5
    endloop
  endfacet
  facet normal 0 0 1
    outer loop
      vertex -10.857788294557817 15.462211705442186 5
      vertex -11.86 13.16 5
      vertex -11.862783399789816 13.074975932000815 5
    endloop
  endfacet
  facet normal 0 0 1
    outer loop
      vertex -10.857788294557817 15.462211705442186 5
      vertex -11.862783399789816 13.245024067999186 5
      vertex -11.86 13.16 5
    endloop
  endfacet
  facet normal 0 0 1
    outer loop
      vertex -10.857788294557817 15.462211705442186 5
      vertex -11.871121680214047 13.329684049886067 5
      vertex -11.862783399789816 13.245024067999186 5
    endloop
  endfacet
  facet normal 0 0 1
    outer loop
      vertex -10.857788294557817 15.462211705442186 5
      vertex -11.8849791354758 13.413617418620968 5
      vertex -11.871121680214047 13.329684049886067 5
    endloop
  endfacet
  facet normal 0 0 1
    outer loop
      vertex -10.857788294557817 15.462211705442186 5
      vertex -11.904296425824212 13.496464758633277 5
      vertex -11.8849791354758 13.413617418620968 5
    endloop
  endfacet
  facet normal 0 0 1
    outer loop
      vertex -10.857788294557817 15.462211705442186 5
      vertex -11.928990831656362 13.57787130489411 5
      vertex -11.904296425824212 13.496464758633277 5
    endloop
  endfacet
  facet normal 0 0 1
    outer loop
      vertex -10.857788294557817 15.462211705442186 5
      vertex -11.958956607735328 13.657488462074618 5
      vertex -11.928990831656362 13.57787130489411 5
    endloop
  endfacet
  facet normal 0 0 1
    outer loop
      vertex -10.857788294557817 15.462211705442186 5
      vertex -12.03416697508023 13.81 5
      vertex -11.994065436007507 13.734975297284702 5
    endloop
  endfacet
  facet normal 0 0 1
    outer loop
      vertex -10.857788294557817 15.462211705442186 5
      vertex -12.128640657621395 13.951389857711337 5
      vertex -12.079089504006692 13.882241302925483 5
    endloop
  endfacet
  facet normal 0 0 1
    outer loop
      vertex -10.857788294557817 15.462211705442186 5
      vertex -12.079089504006692 13.882241302925483 5
      vertex -12.03416697508023 13.81 5
    endloop
  endfacet
  facet normal 0 0 1
    outer loop
      vertex -10.857788294557817 15.462211705442186 5
      vertex -12.240761184457488 14.079238815542512 5
      vertex -12.18260825027733 14.01714955963009 5
    endloop
  endfacet
  facet normal 0 0 1
    outer loop
      vertex -10.857788294557817 15.462211705442186 5
      vertex -12.18260825027733 14.01714955963009 5
      vertex -12.128640657621395 13.951389857711337 5
    endloop
  endfacet
  facet normal 0 0 1
    outer loop
      vertex -10.857788294557817 15.462211705442186 5
      vertex -11.994065436007507 13.734975297284702 5
      vertex -11.958956607735328 13.657488462074618 5
    endloop
  endfacet
  facet normal 0 0 1
    outer loop
      vertex -9.00254210369921 11.923517213383231 5
      vertex -10.857788294557817 15.462211705442186 5
      vertex -11.871121680214047 12.990315950113933 5
    endloop
  endfacet
  facet normal 0 0 1
    outer loop
      vertex -9.00254210369921 11.923517213383231 5
      vertex -10.65993395141179 15.579305838914111 5
      vertex -10.857788294557817 15.462211705442186 5
    endloop
  endfacet
  facet normal 0 0 1
    outer loop
      vertex -8.698498123817853 12.727965628010903 5
      vertex -8.687668840775036 13.63741630908087 5
      vertex -8.695143373431335 13.644890841737169 5
    endloop
  endfacet
  facet normal 0 0 -1
    outer loop
      vertex -17.195927336897096 -12.30605317844237 0
      vertex -14.325934563992494 -13.734975297284702 0
      vertex -12.678905962866663 -16.823074552472804 0
    endloop
  endfacet
  facet normal 0 0 -1
    outer loop
      vertex -17.195927336897096 -12.30605317844237 0
      vertex -14.361043392264673 -13.657488462074618 0
      vertex -14.325934563992494 -13.734975297284702 0
    endloop
  endfacet
  facet normal 0 0 -1
    outer loop
      vertex -17.195927336897096 -12.30605317844237 0
      vertex -14.391009168343638 -13.57787130489411 0
      vertex -14.361043392264673 -13.657488462074618 0
    endloop
  endfacet
  facet normal 0 0 -1
    outer loop
      vertex -17.195927336897096 -12.30605317844237 0
      vertex -14.415703574175788 -13.496464758633277 0
      vertex -14.391009168343638 -13.57787130489411 0
    endloop
  endfacet
  facet normal 0 0 -1
    outer loop
      vertex -17.195927336897096 -12.30605317844237 0
      vertex -14.4350208645242 -13.413617418620968 0
      vertex -14.415703574175788 -13.496464758633277 0
    endloop
  endfacet
  facet normal 0 0 -1
    outer loop
      vertex -12.678905962866663 -16.823074552472804 0
      vertex -13.951389857711337 -14.191359342378606 0
      vertex -13.882241302925483 -14.240910495993308 0
    endloop
  endfacet
  facet normal 0 0 -1
    outer loop
      vertex -12.678905962866663 -16.823074552472804 0
      vertex -13.882241302925483 -14.240910495993308 0
      vertex -13.81 -14.28583302491977 0
    endloop
  endfacet
  facet normal 0 0 -1
    outer loop
      vertex -12.678905962866663 -16.823074552472804 0
      vertex -14.240910495993308 -13.882241302925483 0
      vertex -14.191359342378606 -13.951389857711337 0
    endloop
  endfacet
  facet normal 0 0 -1
    outer loop
      vertex -12.678905962866663 -16.823074552472804 0
      vertex -14.191359342378606 -13.951389857711337 0
      vertex -14.13739174972267 -14.01714955963009 0
    endloop
  endfacet
  facet normal 0 0 -1
    outer loop
      vertex -12.678905962866663 -16.823074552472804 0
      vertex -14.325934563992494 -13.734975297284702 0
      vertex -14.28583302491977 -13.81 0
    endloop
  endfacet
  facet normal 0 0 -1
    outer loop
      vertex -12.678905962866663 -16.823074552472804 0
      vertex -14.28583302491977 -13.81 0
      vertex -14.240910495993308 -13.882241302925483 0
    endloop
  endfacet
  facet normal 0 0 -1
    outer loop
      vertex -12.678905962866663 -16.823074552472804 0
      vertex -14.13739174972267 -14.01714955963009 0
      vertex -14.079238815542512 -14.079238815542512 0
    endloop
  endfacet
  facet normal 0 0 -1
    outer loop
      vertex -12.678905962866663 -16.823074552472804 0
      vertex -14.01714955963009 -14.13739174972267 0
      vertex -13.951389857711337 -14.191359342378606 0
    endloop
  endfacet
  facet normal 0 0 -1
    outer loop
      vertex -12.678905962866663 -16.823074552472804 0
      vertex -14.079238815542512 -14.079238815542512 0
      vertex -14.01714955963009 -14.13739174972267 0
    endloop
  endfacet
  facet normal 0 0 -1
    outer loop
      vertex -12.678905962866663 -16.823074552472804 0
      vertex -13.81 -14.28583302491977 0
      vertex -13.734975297284702 -14.325934563992494 0
    endloop
  endfacet
  facet normal 0 0 -1
    outer loop
      vertex -12.678905962866663 -16.823074552472804 0
      vertex -13.734975297284702 -14.325934563992494 0
      vertex -13.657488462074618 -14.361043392264673 0
    endloop
  endfacet
  facet normal 0 0 -1
    outer loop
      vertex -12.678905962866663 -16.823074552472804 0
      vertex -13.657488462074618 -14.361043392264673 0
      vertex -13.57787130489411 -14.391009168343638 0
    endloop
  endfacet
  facet normal 0 0 -1
    outer loop
      vertex -12.678905962866663 -16.823074552472804 0
      vertex -13.57787130489411 -14.391009168343638 0
      vertex -13.496464758633277 -14.415703574175788 0
    endloop
  endfacet
  facet normal 0 0 -1
    outer loop
      vertex -12.678905962866663 -16.823074552472804 0
      vertex -13.496464758633277 -14.415703574175788 0
      vertex -13.413617418620968 -14.4350208645242 0
    endloop
  endfacet
  facet normal 0 0 -1
    outer loop
      vertex -12.678905962866663 -16.823074552472804 0
      vertex -13.413617418620968 -14.4350208645242 0
      vertex -13.329684049886067 -14.448878319785953 0
    endloop
  endfacet
  facet normal 0 0 -1
    outer loop
      vertex -12.678905962866663 -16.823074552472804 0
      vertex -13.329684049886067 -14.448878319785953 0
      vertex -13.245024067999186 -14.457216600210185 0
    endloop
  endfacet
  facet normal 0 0 -1
    outer loop
      vertex -17.632331159224965 -12.682583690919133 0
      vertex -17.621501876182148 -12.572632135009767 0
      vertex -17.232360301473086 -12.282612833167255 0
    endloop
  endfacet
  facet normal 0 0 -1
    outer loop
      vertex -17.621501876182148 -12.572632135009767 0
      vertex -17.573533761814538 -12.282093550927422 0
      vertex -17.232360301473086 -12.282612833167255 0
    endloop
  endfacet
  facet normal 0 0 -1
    outer loop
      vertex -17.573533761814538 -12.282093550927422 0
      vertex -17.506666218300808 -11.995314297038657 0
      vertex -17.232360301473086 -12.282612833167255 0
    endloop
  endfacet
  facet normal 0 0 -1
    outer loop
      vertex -17.232360301473086 -12.282612833167255 0
      vertex -17.506666218300808 -11.995314297038657 0
      vertex -17.421185582727976 -11.713522406135773 0
    endloop
  endfacet
  facet normal 0 0 -1
    outer loop
      vertex -17.232360301473086 -12.282612833167255 0
      vertex -17.421185582727976 -11.713522406135773 0
      vertex -17.31745789630079 -11.437924554357096 0
    endloop
  endfacet
  facet normal 0 0 -1
    outer loop
      vertex -17.232360301473086 -12.282612833167255 0
      vertex -17.195927336897096 -11.169700894014493 0
      vertex -17.195927336897096 -12.30605317844237 0
    endloop
  endfacet
  facet normal 0 0 -1
    outer loop
      vertex -17.232360301473086 -12.282612833167255 0
      vertex -17.31745789630079 -11.437924554357096 0
      vertex -17.195927336897096 -11.169700894014493 0
    endloop
  endfacet
  facet normal 0 0 -1
    outer loop
      vertex -17.195927336897096 -12.30605317844237 0
      vertex -17.195927336897096 -11.169700894014493 0
      vertex -17.057114317029974 -10.91 0
    endloop
  endfacet
  facet normal 0 0 -1
    outer loop
      vertex -17.195927336897096 -12.30605317844237 0
      vertex -17.057114317029974 -10.91 0
      vertex -16.901613255361454 -10.65993395141179 0
    endloop
  endfacet
  facet normal 0 0 -1
    outer loop
      vertex -17.195927336897096 -12.30605317844237 0
      vertex -16.901613255361454 -10.65993395141179 0
      vertex -16.73009003131056 -10.420573569460757 0
    endloop
  endfacet
  facet normal 0 0 -1
    outer loop
      vertex -17.195927336897096 -12.30605317844237 0
      vertex -16.73009003131056 -10.420573569460757 0
      vertex -16.5432791336554 -10.19294383204969 0
    endloop
  endfacet
  facet normal 0 0 -1
    outer loop
      vertex -17.195927336897096 -12.30605317844237 0
      vertex -16.5432791336554 -10.19294383204969 0
      vertex -16.341980515339465 -9.978019484660535 0
    endloop
  endfacet
  facet normal 0 0 -1
    outer loop
      vertex -17.195927336897096 -12.30605317844237 0
      vertex -16.341980515339465 -9.978019484660535 0
      vertex -16.12705616795031 -9.7767208663446 0
    endloop
  endfacet
  facet normal 0 0 -1
    outer loop
      vertex -17.195927336897096 -12.30605317844237 0
      vertex -16.12705616795031 -9.7767208663446 0
      vertex -15.899426430539243 -9.589909968689442 0
    endloop
  endfacet
  facet normal 0 0 -1
    outer loop
      vertex -17.195927336897096 -12.30605317844237 0
      vertex -14.448878319785953 -13.329684049886067 0
      vertex -14.4350208645242 -13.413617418620968 0
    endloop
  endfacet
  facet normal 0 0 -1
    outer loop
      vertex -17.195927336897096 -12.30605317844237 0
      vertex -14.457216600210185 -13.245024067999186 0
      vertex -14.448878319785953 -13.329684049886067 0
    endloop
  endfacet
  facet normal 0 0 -1
    outer loop
      vertex -17.195927336897096 -12.30605317844237 0
      vertex -14.46 -13.16 0
      vertex -14.457216600210185 -13.245024067999186 0
    endloop
  endfacet
  facet normal 0 0 -1
    outer loop
      vertex -17.195927336897096 -12.30605317844237 0
      vertex -14.457216600210185 -13.074975932000815 0
      vertex -14.46 -13.16 0
    endloop
  endfacet
  facet normal 0 0 -1
    outer loop
      vertex -17.195927336897096 -12.30605317844237 0
      vertex -14.448878319785953 -12.990315950113933 0
      vertex -14.457216600210185 -13.074975932000815 0
    endloop
  endfacet
  facet normal 0 0 -1
    outer loop
      vertex -17.195927336897096 -12.30605317844237 0
      vertex -14.4350208645242 -12.906382581379033 0
      vertex -14.448878319785953 -12.990315950113933 0
    endloop
  endfacet
  facet normal 0 0 -1
    outer loop
      vertex -17.195927336897096 -12.30605317844237 0
      vertex -14.415703574175788 -12.823535241366724 0
      vertex -14.4350208645242 -12.906382581379033 0
    endloop
  endfacet
  facet normal 0 0 -1
    outer loop
      vertex -17.195927336897096 -12.30605317844237 0
      vertex -14.391009168343638 -12.74212869510589 0
      vertex -14.415703574175788 -12.823535241366724 0
    endloop
  endfacet
  facet normal 0 0 -1
    outer loop
      vertex -17.195927336897096 -12.30605317844237 0
      vertex -14.361043392264673 -12.662511537925383 0
      vertex -14.391009168343638 -12.74212869510589 0
    endloop
  endfacet
  facet normal 0 0 -1
    outer loop
      vertex -17.195927336897096 -12.30605317844237 0
      vertex -14.325934563992494 -12.585024702715298 0
      vertex -14.361043392264673 -12.662511537925383 0
    endloop
  endfacet
  facet normal 0 0 -1
    outer loop
      vertex -17.195927336897096 -12.30605317844237 0
      vertex -14.28583302491977 -12.51 0
      vertex -14.325934563992494 -12.585024702715298 0
    endloop
  endfacet
  facet normal 0 0 -1
    outer loop
      vertex -17.195927336897096 -12.30605317844237 0
      vertex -15.899426430539243 -9.589909968689442 0
      vertex -15.66006604858821 -9.418386744638546 0
    endloop
  endfacet
  facet normal 0 0 -1
    outer loop
      vertex -17.195927336897096 -12.30605317844237 0
      vertex -15.66006604858821 -9.418386744638546 0
      vertex -15.41 -9.262885682970026 0
    endloop
  endfacet
  facet normal 0 0 -1
    outer loop
      vertex -17.195927336897096 -12.30605317844237 0
      vertex -15.41 -9.262885682970026 0
      vertex -15.150299105985507 -9.124072663102904 0
    endloop
  endfacet
  facet normal 0 0 -1
    outer loop
      vertex -17.195927336897096 -12.30605317844237 0
      vertex -15.150299105985507 -9.124072663102904 0
      vertex -14.882075445642904 -9.00254210369921 0
    endloop
  endfacet
  facet normal 0 0 -1
    outer loop
      vertex -17.195927336897096 -12.30605317844237 0
      vertex -14.882075445642904 -9.00254210369921 0
      vertex -14.606477593864227 -8.898814417272025 0
    endloop
  endfacet
  facet normal 0 0 -1
    outer loop
      vertex -17.195927336897096 -12.30605317844237 0
      vertex -13.747367864990233 -8.698498123817853 0
      vertex -14.28583302491977 -12.51 0
    endloop
  endfacet
  facet normal 0 0 -1
    outer loop
      vertex -17.195927336897096 -12.30605317844237 0
      vertex -14.606477593864227 -8.898814417272025 0
      vertex -14.324685702961343 -8.813333781699193 0
    endloop
  endfacet
  facet normal 0 0 -1
    outer loop
      vertex -17.195927336897096 -12.30605317844237 0
      vertex -14.324685702961343 -8.813333781699193 0
      vertex -14.037906449072578 -8.746466238185462 0
    endloop
  endfacet
  facet normal 0 0 -1
    outer loop
      vertex -17.195927336897096 -12.30605317844237 0
      vertex -14.037906449072578 -8.746466238185462 0
      vertex -13.747367864990233 -8.698498123817853 0
    endloop
  endfacet
  facet normal 0 0 -1
    outer loop
      vertex -13.747367864990233 -8.698498123817853 0
      vertex -14.240910495993308 -12.437758697074518 0
      vertex -14.28583302491977 -12.51 0
    endloop
  endfacet
  facet normal 0 0 -1
    outer loop
      vertex -13.747367864990233 -8.698498123817853 0
      vertex -14.191359342378606 -12.368610142288663 0
      vertex -14.240910495993308 -12.437758697074518 0
    endloop
  endfacet
  facet normal 0 0 -1
    outer loop
      vertex -13.747367864990233 -8.698498123817853 0
      vertex -14.13739174972267 -12.30285044036991 0
      vertex -14.191359342378606 -12.368610142288663 0
    endloop
  endfacet
  facet normal 0 0 -1
    outer loop
      vertex -13.747367864990233 -8.698498123817853 0
      vertex -14.079238815542512 -12.240761184457488 0
      vertex -14.13739174972267 -12.30285044036991 0
    endloop
  endfacet
  facet normal 0 0 -1
    outer loop
      vertex -13.747367864990233 -8.698498123817853 0
      vertex -14.01714955963009 -12.18260825027733 0
      vertex -14.079238815542512 -12.240761184457488 0
    endloop
  endfacet
  facet normal 0 0 -1
    outer loop
      vertex -13.747367864990233 -8.698498123817853 0
      vertex -13.951389857711337 -12.128640657621395 0
      vertex -14.01714955963009 -12.18260825027733 0
    endloop
  endfacet
  facet normal 0 0 -1
    outer loop
      vertex -13.747367864990233 -8.698498123817853 0
      vertex -13.882241302925483 -12.079089504006692 0
      vertex -13.951389857711337 -12.128640657621395 0
    endloop
  endfacet
  facet normal 0 0 -1
    outer loop
      vertex -13.747367864990233 -8.698498123817853 0
      vertex -13.81 -12.03416697508023 0
      vertex -13.882241302925483 -12.079089504006692 0
    endloop
  endfacet
  facet normal 0 0 -1
    outer loop
      vertex -13.747367864990233 -8.698498123817853 0
      vertex -13.734975297284702 -11.994065436007507 0
      vertex -13.81 -12.03416697508023 0
    endloop
  endfacet
  facet normal 0 0 -1
    outer loop
      vertex -13.747367864990233 -8.698498123817853 0
      vertex -13.657488462074618 -11.958956607735328 0
      vertex -13.734975297284702 -11.994065436007507 0
    endloop
  endfacet
  facet normal 0 0 -1
    outer loop
      vertex -13.747367864990233 -8.698498123817853 0
      vertex -13.597186811453318 -11.936260673546004 0
      vertex -13.657488462074618 -11.958956607735328 0
    endloop
  endfacet
  facet normal 0 0 -1
    outer loop
      vertex -13.747367864990233 -8.698498123817853 0
      vertex -13.63741630908087 -8.687668840775036 0
      vertex -13.597186811453318 -11.936260673546004 0
    endloop
  endfacet
  facet normal -0.995184726672197 0.09801714032955919 2.5937218199632115e-21
    outer loop
      vertex -17.632331159224965 -12.682583690919133 0
      vertex -17.621501876182148 -12.572632135009767 5
      vertex -17.621501876182148 -12.572632135009767 0
    endloop
  endfacet
  facet normal -0.9866433320848792 0.16289547339458813 1.5017985121731238e-19
    outer loop
      vertex -17.621501876182148 -12.572632135009767 0
      vertex -17.573533761814538 -12.282093550927422 5
      vertex -17.573533761814538 -12.282093550927422 0
    endloop
  endfacet
  facet normal -0.9738769792773332 0.22707626303437564 4.470544738215552e-19
    outer loop
      vertex -17.573533761814538 -12.282093550927422 0
      vertex -17.506666218300808 -11.995314297038657 5
      vertex -17.506666218300808 -11.995314297038657 0
    endloop
  endfacet
  facet normal -0.9569403357322087 0.2902846772544631 7.023940757356424e-19
    outer loop
      vertex -17.506666218300808 -11.995314297038657 0
      vertex -17.421185582727976 -11.713522406135773 5
      vertex -17.421185582727976 -11.713522406135773 0
    endloop
  endfacet
  facet normal -0.9359059267573264 0.3522500479212315 6.941396565002311e-19
    outer loop
      vertex -17.421185582727976 -11.713522406135773 0
      vertex -17.31745789630079 -11.437924554357096 5
      vertex -17.31745789630079 -11.437924554357096 0
    endloop
  endfacet
  facet normal -0.910863824921174 0.41270702980439866 -8.263883046604628e-19
    outer loop
      vertex -17.31745789630079 -11.437924554357096 0
      vertex -17.195927336897096 -11.169700894014493 5
      vertex -17.195927336897096 -11.169700894014493 0
    endloop
  endfacet
  facet normal -0.8819212643483562 0.47139673682599537 9.748689707187262e-19
    outer loop
      vertex -17.195927336897096 -11.169700894014493 0
      vertex -17.057114317029974 -10.91 5
      vertex -17.057114317029974 -10.91 0
    endloop
  endfacet
  facet normal -0.8492021815265784 0.5280678506503685 1.2581228468303434e-19
    outer loop
      vertex -17.057114317029974 -10.91 0
      vertex -16.901613255361454 -10.65993395141179 5
      vertex -16.901613255361454 -10.65993395141179 0
    endloop
  endfacet
  facet normal -0.8128466845916186 0.5824776968677973 1.2586196142809076e-18
    outer loop
      vertex -16.901613255361454 -10.65993395141179 0
      vertex -16.73009003131056 -10.420573569460757 5
      vertex -16.73009003131056 -10.420573569460757 0
    endloop
  endfacet
  facet normal -0.773010453362737 0.6343932841636453 -1.3808778048524674e-18
    outer loop
      vertex -16.73009003131056 -10.420573569460757 0
      vertex -16.5432791336554 -10.19294383204969 5
      vertex -16.5432791336554 -10.19294383204969 0
    endloop
  endfacet
  facet normal -0.7298640726978347 0.6835923020228725 1.8102872445028143e-18
    outer loop
      vertex -16.5432791336554 -10.19294383204969 0
      vertex -16.341980515339465 -9.978019484660535 5
      vertex -16.341980515339465 -9.978019484660535 0
    endloop
  endfacet
  facet normal -0.6835923020228725 0.7298640726978347 0
    outer loop
      vertex -16.341980515339465 -9.978019484660535 0
      vertex -16.341980515339465 -9.978019484660535 5
      vertex -16.12705616795031 -9.7767208663446 0
    endloop
  endfacet
  facet normal -0.6343932841636417 0.7730104533627401 0
    outer loop
      vertex -16.12705616795031 -9.7767208663446 0
      vertex -16.12705616795031 -9.7767208663446 5
      vertex -15.899426430539243 -9.589909968689442 0
    endloop
  endfacet
  facet normal -0.5824776968678013 0.8128466845916158 0
    outer loop
      vertex -15.899426430539243 -9.589909968689442 0
      vertex -15.899426430539243 -9.589909968689442 5
      vertex -15.66006604858821 -9.418386744638546 0
    endloop
  endfacet
  facet normal -0.5280678506503685 0.8492021815265784 0
    outer loop
      vertex -15.66006604858821 -9.418386744638546 0
      vertex -15.66006604858821 -9.418386744638546 5
      vertex -15.41 -9.262885682970026 0
    endloop
  endfacet
  facet normal -0.47139673682599537 0.8819212643483562 0
    outer loop
      vertex -15.41 -9.262885682970026 0
      vertex -15.41 -9.262885682970026 5
      vertex -15.150299105985507 -9.124072663102904 0
    endloop
  endfacet
  facet normal -0.41270702980439866 0.910863824921174 0
    outer loop
      vertex -15.150299105985507 -9.124072663102904 0
      vertex -15.150299105985507 -9.124072663102904 5
      vertex -14.882075445642904 -9.00254210369921 0
    endloop
  endfacet
  facet normal -0.3522500479212315 0.9359059267573264 0
    outer loop
      vertex -14.882075445642904 -9.00254210369921 0
      vertex -14.882075445642904 -9.00254210369921 5
      vertex -14.606477593864227 -8.898814417272025 0
    endloop
  endfacet
  facet normal -0.2902846772544631 0.9569403357322087 0
    outer loop
      vertex -14.606477593864227 -8.898814417272025 0
      vertex -14.606477593864227 -8.898814417272025 5
      vertex -14.324685702961343 -8.813333781699193 0
    endloop
  endfacet
  facet normal -0.22707626303437564 0.9738769792773332 0
    outer loop
      vertex -14.324685702961343 -8.813333781699193 0
      vertex -14.324685702961343 -8.813333781699193 5
      vertex -14.037906449072578 -8.746466238185462 0
    endloop
  endfacet
  facet normal -0.16289547339458813 0.9866433320848792 0
    outer loop
      vertex -14.037906449072578 -8.746466238185462 0
      vertex -14.037906449072578 -8.746466238185462 5
      vertex -13.747367864990233 -8.698498123817853 0
    endloop
  endfacet
  facet normal -0.09801714032956074 0.9951847266721968 0
    outer loop
      vertex -13.747367864990233 -8.698498123817853 0
      vertex -13.747367864990233 -8.698498123817853 5
      vertex -13.63741630908087 -8.687668840775036 0
    endloop
  endfacet
  facet normal 0 0 -1
    outer loop
      vertex -13.696570823123563 -17.626504948121987 0
      vertex -12.678905962866663 -16.823074552472804 0
      vertex -12.546006230679787 -17.30198672974041 0
    endloop
  endfacet
  facet normal 0 0 -1
    outer loop
      vertex -12.682583690919133 -17.632331159224965 0
      vertex -12.546006230679787 -17.30198672974041 0
      vertex -12.572632135009767 -17.621501876182148 0
    endloop
  endfacet
  facet normal 0 0 -1
    outer loop
      vertex -12.572632135009767 -17.621501876182148 0
      vertex -12.546006230679787 -17.30198672974041 0
      vertex -10.857788294557817 -15.462211705442186 0
    endloop
  endfacet
  facet normal 0 0 -1
    outer loop
      vertex -12.572632135009767 -17.621501876182148 0
      vertex -10.857788294557817 -15.462211705442186 0
      vertex -12.282093550927422 -17.573533761814538 0
    endloop
  endfacet
  facet normal 0 0 -1
    outer loop
      vertex -12.546006230679787 -17.30198672974041 0
      vertex -12.678905962866663 -16.823074552472804 0
      vertex -10.857788294557817 -15.462211705442186 0
    endloop
  endfacet
  facet normal 0 0 -1
    outer loop
      vertex -12.282093550927422 -17.573533761814538 0
      vertex -10.857788294557817 -15.462211705442186 0
      vertex -11.995314297038657 -17.506666218300808 0
    endloop
  endfacet
  facet normal 0 0 -1
    outer loop
      vertex -11.995314297038657 -17.506666218300808 0
      vertex -10.857788294557817 -15.462211705442186 0
      vertex -11.713522406135773 -17.421185582727976 0
    endloop
  endfacet
  facet normal 0 0 -1
    outer loop
      vertex -11.713522406135773 -17.421185582727976 0
      vertex -10.857788294557817 -15.462211705442186 0
      vertex -11.437924554357096 -17.31745789630079 0
    endloop
  endfacet
  facet normal 0 0 -1
    outer loop
      vertex -11.437924554357096 -17.31745789630079 0
      vertex -10.857788294557817 -15.462211705442186 0
      vertex -11.169700894014493 -17.195927336897096 0
    endloop
  endfacet
  facet normal 0 0 -1
    outer loop
      vertex -11.169700894014493 -17.195927336897096 0
      vertex -10.857788294557817 -15.462211705442186 0
      vertex -10.91 -17.057114317029974 0
    endloop
  endfacet
  facet normal 0 0 -1
    outer loop
      vertex -10.91 -17.057114317029974 0
      vertex -10.857788294557817 -15.462211705442186 0
      vertex -10.65993395141179 -16.901613255361454 0
    endloop
  endfacet
  facet normal 0 0 -1
    outer loop
      vertex -12.678905962866663 -16.823074552472804 0
      vertex -13.245024067999186 -14.457216600210185 0
      vertex -13.16 -14.46 0
    endloop
  endfacet
  facet normal 0 0 -1
    outer loop
      vertex -12.678905962866663 -16.823074552472804 0
      vertex -13.16 -14.46 0
      vertex -13.074975932000815 -14.457216600210185 0
    endloop
  endfacet
  facet normal 0 0 -1
    outer loop
      vertex -12.678905962866663 -16.823074552472804 0
      vertex -13.074975932000815 -14.457216600210185 0
      vertex -12.990315950113933 -14.448878319785953 0
    endloop
  endfacet
  facet normal 0 0 -1
    outer loop
      vertex -12.678905962866663 -16.823074552472804 0
      vertex -12.990315950113933 -14.448878319785953 0
      vertex -12.906382581379033 -14.4350208645242 0
    endloop
  endfacet
  facet normal 0 0 -1
    outer loop
      vertex -12.678905962866663 -16.823074552472804 0
      vertex -12.906382581379033 -14.4350208645242 0
      vertex -12.823535241366724 -14.415703574175788 0
    endloop
  endfacet
  facet normal 0 0 -1
    outer loop
      vertex -12.678905962866663 -16.823074552472804 0
      vertex -12.823535241366724 -14.415703574175788 0
      vertex -12.74212869510589 -14.391009168343638 0
    endloop
  endfacet
  facet normal 0 0 -1
    outer loop
      vertex -12.678905962866663 -16.823074552472804 0
      vertex -12.74212869510589 -14.391009168343638 0
      vertex -12.662511537925383 -14.361043392264673 0
    endloop
  endfacet
  facet normal 0 0 -1
    outer loop
      vertex -12.678905962866663 -16.823074552472804 0
      vertex -12.662511537925383 -14.361043392264673 0
      vertex -12.585024702715298 -14.325934563992494 0
    endloop
  endfacet
  facet normal 0 0 -1
    outer loop
      vertex -12.678905962866663 -16.823074552472804 0
      vertex -12.585024702715298 -14.325934563992494 0
      vertex -12.51 -14.28583302491977 0
    endloop
  endfacet
  facet normal 0 0 -1
    outer loop
      vertex -12.678905962866663 -16.823074552472804 0
      vertex -12.51 -14.28583302491977 0
      vertex -12.437758697074518 -14.240910495993308 0
    endloop
  endfacet
  facet normal 0 0 -1
    outer loop
      vertex -12.678905962866663 -16.823074552472804 0
      vertex -12.437758697074518 -14.240910495993308 0
      vertex -12.368610142288663 -14.191359342378606 0
    endloop
  endfacet
  facet normal 0 0 -1
    outer loop
      vertex -12.678905962866663 -16.823074552472804 0
      vertex -12.368610142288663 -14.191359342378606 0
      vertex -10.857788294557817 -15.462211705442186 0
    endloop
  endfacet
  facet normal 0 0 -1
    outer loop
      vertex -10.857788294557817 -15.462211705442186 0
      vertex -12.368610142288663 -14.191359342378606 0
      vertex -12.30285044036991 -14.13739174972267 0
    endloop
  endfacet
  facet normal 0 0 -1
    outer loop
      vertex -10.857788294557817 -15.462211705442186 0
      vertex -12.30285044036991 -14.13739174972267 0
      vertex -12.240761184457488 -14.079238815542512 0
    endloop
  endfacet
  facet normal 0 0 -1
    outer loop
      vertex -10.65993395141179 -16.901613255361454 0
      vertex -10.857788294557817 -15.462211705442186 0
      vertex -10.65993395141179 -15.609681419717624 0
    endloop
  endfacet
  facet normal 0 0 -1
    outer loop
      vertex -10.65993395141179 -15.609681419717624 0
      vertex -10.857788294557817 -15.462211705442186 0
      vertex -10.65993395141179 -15.579305838914111 0
    endloop
  endfacet
  facet normal 0 0 -1
    outer loop
      vertex -10.65993395141179 -16.901613255361454 0
      vertex -8.687668840775036 -13.63741630908087 0
      vertex -10.420573569460757 -16.73009003131056 0
    endloop
  endfacet
  facet normal 0 0 -1
    outer loop
      vertex -10.65993395141179 -16.901613255361454 0
      vertex -10.65993395141179 -15.609681419717624 0
      vertex -8.687668840775036 -13.63741630908087 0
    endloop
  endfacet
  facet normal 0 0 -1
    outer loop
      vertex -10.420573569460757 -16.73009003131056 0
      vertex -8.687668840775036 -13.63741630908087 0
      vertex -10.19294383204969 -16.5432791336554 0
    endloop
  endfacet
  facet normal 0 0 -1
    outer loop
      vertex -10.19294383204969 -16.5432791336554 0
      vertex -8.687668840775036 -13.63741630908087 0
      vertex -9.978019484660535 -16.341980515339465 0
    endloop
  endfacet
  facet normal 0 0 -1
    outer loop
      vertex -9.978019484660535 -16.341980515339465 0
      vertex -8.687668840775036 -13.63741630908087 0
      vertex -9.7767208663446 -16.12705616795031 0
    endloop
  endfacet
  facet normal 0 0 -1
    outer loop
      vertex -9.7767208663446 -16.12705616795031 0
      vertex -8.687668840775036 -13.63741630908087 0
      vertex -9.589909968689442 -15.899426430539243 0
    endloop
  endfacet
  facet normal 0 0 -1
    outer loop
      vertex -9.589909968689442 -15.899426430539243 0
      vertex -8.687668840775036 -13.63741630908087 0
      vertex -9.418386744638546 -15.66006604858821 0
    endloop
  endfacet
  facet normal 0 0 -1
    outer loop
      vertex -9.418386744638546 -15.66006604858821 0
      vertex -8.687668840775036 -13.63741630908087 0
      vertex -9.262885682970026 -15.41 0
    endloop
  endfacet
  facet normal 0 0 -1
    outer loop
      vertex -9.262885682970026 -15.41 0
      vertex -8.687668840775036 -13.63741630908087 0
      vertex -9.124072663102904 -15.150299105985507 0
    endloop
  endfacet
  facet normal 0 0 -1
    outer loop
      vertex -9.124072663102904 -15.150299105985507 0
      vertex -8.687668840775036 -13.63741630908087 0
      vertex -9.00254210369921 -14.882075445642904 0
    endloop
  endfacet
  facet normal 0 0 -1
    outer loop
      vertex -9.00254210369921 -14.882075445642904 0
      vertex -8.687668840775036 -13.63741630908087 0
      vertex -8.898814417272025 -14.606477593864227 0
    endloop
  endfacet
  facet normal 0 0 -1
    outer loop
      vertex -8.898814417272025 -14.606477593864227 0
      vertex -8.687668840775036 -13.63741630908087 0
      vertex -8.813333781699193 -14.324685702961343 0
    endloop
  endfacet
  facet normal 0 0 -1
    outer loop
      vertex -8.813333781699193 -14.324685702961343 0
      vertex -8.687668840775036 -13.63741630908087 0
      vertex -8.746466238185462 -14.037906449072578 0
    endloop
  endfacet
  facet normal 0 0 -1
    outer loop
      vertex -8.746466238185462 -14.037906449072578 0
      vertex -8.687668840775036 -13.63741630908087 0
      vertex -8.698498123817853 -13.747367864990233 0
    endloop
  endfacet
  facet normal 0.09801714032955919 -0.995184726672197 0
    outer loop
      vertex -12.682583690919133 -17.632331159224965 0
      vertex -12.572632135009767 -17.621501876182148 0
      vertex -12.682583690919133 -17.632331159224965 5
    endloop
  endfacet
  facet normal 0.16289547339458813 -0.9866433320848792 1.5017985121731238e-19
    outer loop
      vertex -12.572632135009767 -17.621501876182148 0
      vertex -12.282093550927422 -17.573533761814538 0
      vertex -12.282093550927422 -17.573533761814538 5
    endloop
  endfacet
  facet normal 0.22707626303437564 -0.9738769792773332 4.470544738215552e-19
    outer loop
      vertex -12.282093550927422 -17.573533761814538 0
      vertex -11.995314297038657 -17.506666218300808 0
      vertex -11.995314297038657 -17.506666218300808 5
    endloop
  endfacet
  facet normal 0.2902846772544631 -0.9569403357322087 7.023940757356424e-19
    outer loop
      vertex -11.995314297038657 -17.506666218300808 0
      vertex -11.713522406135773 -17.421185582727976 0
      vertex -11.713522406135773 -17.421185582727976 5
    endloop
  endfacet
  facet normal 0.3522500479212315 -0.9359059267573264 6.941396565002311e-19
    outer loop
      vertex -11.713522406135773 -17.421185582727976 0
      vertex -11.437924554357096 -17.31745789630079 0
      vertex -11.437924554357096 -17.31745789630079 5
    endloop
  endfacet
  facet normal 0.41270702980439866 -0.910863824921174 -8.263883046604628e-19
    outer loop
      vertex -11.437924554357096 -17.31745789630079 0
      vertex -11.169700894014493 -17.195927336897096 0
      vertex -11.169700894014493 -17.195927336897096 5
    endloop
  endfacet
  facet normal 0.47139673682599537 -0.8819212643483562 9.748689707187262e-19
    outer loop
      vertex -11.169700894014493 -17.195927336897096 0
      vertex -10.91 -17.057114317029974 0
      vertex -10.91 -17.057114317029974 5
    endloop
  endfacet
  facet normal 0.5280678506503685 -0.8492021815265784 1.2581228468303434e-19
    outer loop
      vertex -10.91 -17.057114317029974 0
      vertex -10.65993395141179 -16.901613255361454 0
      vertex -10.65993395141179 -16.901613255361454 5
    endloop
  endfacet
  facet normal 0.5824776968677973 -0.8128466845916186 1.2586196142809076e-18
    outer loop
      vertex -10.65993395141179 -16.901613255361454 0
      vertex -10.420573569460757 -16.73009003131056 0
      vertex -10.420573569460757 -16.73009003131056 5
    endloop
  endfacet
  facet normal 0.6343932841636453 -0.773010453362737 -1.3808778048524674e-18
    outer loop
      vertex -10.420573569460757 -16.73009003131056 0
      vertex -10.19294383204969 -16.5432791336554 0
      vertex -10.19294383204969 -16.5432791336554 5
    endloop
  endfacet
  facet normal 0.6835923020228725 -0.7298640726978347 1.8102872445028143e-18
    outer loop
      vertex -10.19294383204969 -16.5432791336554 0
      vertex -9.978019484660535 -16.341980515339465 0
      vertex -9.978019484660535 -16.341980515339465 5
    endloop
  endfacet
  facet normal 0.7298640726978347 -0.6835923020228725 0
    outer loop
      vertex -9.978019484660535 -16.341980515339465 0
      vertex -9.7767208663446 -16.12705616795031 0
      vertex -9.978019484660535 -16.341980515339465 5
    endloop
  endfacet
  facet normal 0.7730104533627401 -0.6343932841636417 0
    outer loop
      vertex -9.7767208663446 -16.12705616795031 0
      vertex -9.589909968689442 -15.899426430539243 0
      vertex -9.7767208663446 -16.12705616795031 5
    endloop
  endfacet
  facet normal 0.8128466845916158 -0.5824776968678013 0
    outer loop
      vertex -9.589909968689442 -15.899426430539243 0
      vertex -9.418386744638546 -15.66006604858821 0
      vertex -9.589909968689442 -15.899426430539243 5
    endloop
  endfacet
  facet normal 0.8492021815265784 -0.5280678506503685 0
    outer loop
      vertex -9.418386744638546 -15.66006604858821 0
      vertex -9.262885682970026 -15.41 0
      vertex -9.418386744638546 -15.66006604858821 5
    endloop
  endfacet
  facet normal 0.8819212643483562 -0.47139673682599537 0
    outer loop
      vertex -9.262885682970026 -15.41 0
      vertex -9.124072663102904 -15.150299105985507 0
      vertex -9.262885682970026 -15.41 5
    endloop
  endfacet
  facet normal 0.910863824921174 -0.41270702980439866 0
    outer loop
      vertex -9.124072663102904 -15.150299105985507 0
      vertex -9.00254210369921 -14.882075445642904 0
      vertex -9.124072663102904 -15.150299105985507 5
    endloop
  endfacet
  facet normal 0.9359059267573264 -0.3522500479212315 0
    outer loop
      vertex -9.00254210369921 -14.882075445642904 0
      vertex -8.898814417272025 -14.606477593864227 0
      vertex -9.00254210369921 -14.882075445642904 5
    endloop
  endfacet
  facet normal 0.9569403357322087 -0.2902846772544631 0
    outer loop
      vertex -8.898814417272025 -14.606477593864227 0
      vertex -8.813333781699193 -14.324685702961343 0
      vertex -8.898814417272025 -14.606477593864227 5
    endloop
  endfacet
  facet normal 0.9738769792773332 -0.22707626303437564 0
    outer loop
      vertex -8.813333781699193 -14.324685702961343 0
      vertex -8.746466238185462 -14.037906449072578 0
      vertex -8.813333781699193 -14.324685702961343 5
    endloop
  endfacet
  facet normal 0.9866433320848792 -0.16289547339458813 0
    outer loop
      vertex -8.746466238185462 -14.037906449072578 0
      vertex -8.698498123817853 -13.747367864990233 0
      vertex -8.746466238185462 -14.037906449072578 5
    endloop
  endfacet
  facet normal 0.9951847266721968 -0.09801714032956074 1.1505872352531797e-19
    outer loop
      vertex -8.698498123817853 -13.747367864990233 0
      vertex -8.687668840775036 -13.63741630908087 0
      vertex -8.687668840775036 -13.63741630908087 5
    endloop
  endfacet
  facet normal 0 0 1
    outer loop
      vertex -17.195927336897096 -12.30605317844237 5
      vertex -14.079238815542512 -14.079238815542512 5
      vertex -14.13739174972267 -14.01714955963009 5
    endloop
  endfacet
  facet normal 0 0 1
    outer loop
      vertex -17.195927336897096 -12.30605317844237 5
      vertex -14.01714955963009 -14.13739174972267 5
      vertex -14.079238815542512 -14.079238815542512 5
    endloop
  endfacet
  facet normal 0 0 1
    outer loop
      vertex -17.195927336897096 -12.30605317844237 5
      vertex -14.325934563992494 -13.734975297284702 5
      vertex -14.361043392264673 -13.657488462074618 5
    endloop
  endfacet
  facet normal 0 0 1
    outer loop
      vertex -17.195927336897096 -12.30605317844237 5
      vertex -14.361043392264673 -13.657488462074618 5
      vertex -14.391009168343638 -13.57787130489411 5
    endloop
  endfacet
  facet normal 0 0 1
    outer loop
      vertex -17.195927336897096 -12.30605317844237 5
      vertex -14.391009168343638 -13.57787130489411 5
      vertex -14.415703574175788 -13.496464758633277 5
    endloop
  endfacet
  facet normal 0 0 1
    outer loop
      vertex -17.195927336897096 -12.30605317844237 5
      vertex -14.415703574175788 -13.496464758633277 5
      vertex -14.4350208645242 -13.413617418620968 5
    endloop
  endfacet
  facet normal 0 0 1
    outer loop
      vertex -17.195927336897096 -12.30605317844237 5
      vertex -14.13739174972267 -14.01714955963009 5
      vertex -14.191359342378606 -13.951389857711337 5
    endloop
  endfacet
  facet normal 0 0 1
    outer loop
      vertex -17.195927336897096 -12.30605317844237 5
      vertex -14.191359342378606 -13.951389857711337 5
      vertex -14.240910495993308 -13.882241302925483 5
    endloop
  endfacet
  facet normal 0 0 1
    outer loop
      vertex -17.195927336897096 -12.30605317844237 5
      vertex -14.240910495993308 -13.882241302925483 5
      vertex -14.28583302491977 -13.81 5
    endloop
  endfacet
  facet normal 0 0 1
    outer loop
      vertex -17.195927336897096 -12.30605317844237 5
      vertex -14.28583302491977 -13.81 5
      vertex -14.325934563992494 -13.734975297284702 5
    endloop
  endfacet
  facet normal 0 0 1
    outer loop
      vertex -17.195927336897096 -12.30605317844237 5
      vertex -13.951389857711337 -14.191359342378606 5
      vertex -14.01714955963009 -14.13739174972267 5
    endloop
  endfacet
  facet normal 0 0 1
    outer loop
      vertex -17.195927336897096 -12.30605317844237 5
      vertex -13.882241302925483 -14.240910495993308 5
      vertex -13.951389857711337 -14.191359342378606 5
    endloop
  endfacet
  facet normal 0 0 1
    outer loop
      vertex -17.195927336897096 -12.30605317844237 5
      vertex -13.81 -14.28583302491977 5
      vertex -13.882241302925483 -14.240910495993308 5
    endloop
  endfacet
  facet normal 0 0 1
    outer loop
      vertex -12.399343475715892 -17.102637039623577 5
      vertex -13.734975297284702 -14.325934563992494 5
      vertex -13.81 -14.28583302491977 5
    endloop
  endfacet
  facet normal 0 0 1
    outer loop
      vertex -12.399343475715892 -17.102637039623577 5
      vertex -13.657488462074618 -14.361043392264673 5
      vertex -13.734975297284702 -14.325934563992494 5
    endloop
  endfacet
  facet normal 0 0 1
    outer loop
      vertex -12.399343475715892 -17.102637039623577 5
      vertex -13.57787130489411 -14.391009168343638 5
      vertex -13.657488462074618 -14.361043392264673 5
    endloop
  endfacet
  facet normal 0 0 1
    outer loop
      vertex -12.399343475715892 -17.102637039623577 5
      vertex -13.496464758633277 -14.415703574175788 5
      vertex -13.57787130489411 -14.391009168343638 5
    endloop
  endfacet
  facet normal 0 0 1
    outer loop
      vertex -12.399343475715892 -17.102637039623577 5
      vertex -13.413617418620968 -14.4350208645242 5
      vertex -13.496464758633277 -14.415703574175788 5
    endloop
  endfacet
  facet normal 0 0 1
    outer loop
      vertex -12.399343475715892 -17.102637039623577 5
      vertex -13.329684049886067 -14.448878319785953 5
      vertex -13.413617418620968 -14.4350208645242 5
    endloop
  endfacet
  facet normal 0 0 1
    outer loop
      vertex -17.195927336897096 -12.30605317844237 5
      vertex -12.399343475715892 -17.102637039623577 5
      vertex -13.81 -14.28583302491977 5
    endloop
  endfacet
  facet normal -0.995184726672197 0.09801714032955919 0
    outer loop
      vertex -17.632331159224965 -12.682583690919133 0
      vertex -17.632331159224965 -12.682583690919133 5
      vertex -17.621501876182148 -12.572632135009767 5
    endloop
  endfacet
  facet normal -0.9866433320848792 0.16289547339458813 0
    outer loop
      vertex -17.621501876182148 -12.572632135009767 0
      vertex -17.621501876182148 -12.572632135009767 5
      vertex -17.573533761814538 -12.282093550927422 5
    endloop
  endfacet
  facet normal -0.9738769792773332 0.22707626303437564 0
    outer loop
      vertex -17.573533761814538 -12.282093550927422 0
      vertex -17.573533761814538 -12.282093550927422 5
      vertex -17.506666218300808 -11.995314297038657 5
    endloop
  endfacet
  facet normal -0.9569403357322087 0.2902846772544631 0
    outer loop
      vertex -17.506666218300808 -11.995314297038657 0
      vertex -17.506666218300808 -11.995314297038657 5
      vertex -17.421185582727976 -11.713522406135773 5
    endloop
  endfacet
  facet normal -0.9359059267573264 0.3522500479212315 0
    outer loop
      vertex -17.421185582727976 -11.713522406135773 0
      vertex -17.421185582727976 -11.713522406135773 5
      vertex -17.31745789630079 -11.437924554357096 5
    endloop
  endfacet
  facet normal -0.910863824921174 0.41270702980439866 0
    outer loop
      vertex -17.31745789630079 -11.437924554357096 0
      vertex -17.31745789630079 -11.437924554357096 5
      vertex -17.195927336897096 -11.169700894014493 5
    endloop
  endfacet
  facet normal -0.8819212643483562 0.47139673682599537 0
    outer loop
      vertex -17.195927336897096 -11.169700894014493 0
      vertex -17.195927336897096 -11.169700894014493 5
      vertex -17.057114317029974 -10.91 5
    endloop
  endfacet
  facet normal -0.8492021815265784 0.5280678506503685 0
    outer loop
      vertex -17.057114317029974 -10.91 0
      vertex -17.057114317029974 -10.91 5
      vertex -16.901613255361454 -10.65993395141179 5
    endloop
  endfacet
  facet normal -0.8128466845916186 0.5824776968677973 0
    outer loop
      vertex -16.901613255361454 -10.65993395141179 0
      vertex -16.901613255361454 -10.65993395141179 5
      vertex -16.73009003131056 -10.420573569460757 5
    endloop
  endfacet
  facet normal -0.773010453362737 0.6343932841636453 0
    outer loop
      vertex -16.73009003131056 -10.420573569460757 0
      vertex -16.73009003131056 -10.420573569460757 5
      vertex -16.5432791336554 -10.19294383204969 5
    endloop
  endfacet
  facet normal -0.7298640726978347 0.6835923020228725 0
    outer loop
      vertex -16.5432791336554 -10.19294383204969 0
      vertex -16.5432791336554 -10.19294383204969 5
      vertex -16.341980515339465 -9.978019484660535 5
    endloop
  endfacet
  facet normal -0.6835923020228725 0.7298640726978347 0
    outer loop
      vertex -16.12705616795031 -9.7767208663446 0
      vertex -16.341980515339465 -9.978019484660535 5
      vertex -16.12705616795031 -9.7767208663446 5
    endloop
  endfacet
  facet normal -0.6343932841636417 0.7730104533627401 0
    outer loop
      vertex -15.899426430539243 -9.589909968689442 0
      vertex -16.12705616795031 -9.7767208663446 5
      vertex -15.899426430539243 -9.589909968689442 5
    endloop
  endfacet
  facet normal -0.5824776968678013 0.8128466845916158 0
    outer loop
      vertex -15.66006604858821 -9.418386744638546 0
      vertex -15.899426430539243 -9.589909968689442 5
      vertex -15.66006604858821 -9.418386744638546 5
    endloop
  endfacet
  facet normal -0.5280678506503685 0.8492021815265784 0
    outer loop
      vertex -15.41 -9.262885682970026 0
      vertex -15.66006604858821 -9.418386744638546 5
      vertex -15.41 -9.262885682970026 5
    endloop
  endfacet
  facet normal -0.47139673682599537 0.8819212643483562 0
    outer loop
      vertex -15.150299105985507 -9.124072663102904 0
      vertex -15.41 -9.262885682970026 5
      vertex -15.150299105985507 -9.124072663102904 5
    endloop
  endfacet
  facet normal -0.41270702980439866 0.910863824921174 0
    outer loop
      vertex -14.882075445642904 -9.00254210369921 0
      vertex -15.150299105985507 -9.124072663102904 5
      vertex -14.882075445642904 -9.00254210369921 5
    endloop
  endfacet
  facet normal -0.3522500479212315 0.9359059267573264 0
    outer loop
      vertex -14.606477593864227 -8.898814417272025 0
      vertex -14.882075445642904 -9.00254210369921 5
      vertex -14.606477593864227 -8.898814417272025 5
    endloop
  endfacet
  facet normal -0.2902846772544631 0.9569403357322087 0
    outer loop
      vertex -14.324685702961343 -8.813333781699193 0
      vertex -14.606477593864227 -8.898814417272025 5
      vertex -14.324685702961343 -8.813333781699193 5
    endloop
  endfacet
  facet normal -0.22707626303437564 0.9738769792773332 0
    outer loop
      vertex -14.037906449072578 -8.746466238185462 0
      vertex -14.324685702961343 -8.813333781699193 5
      vertex -14.037906449072578 -8.746466238185462 5
    endloop
  endfacet
  facet normal -0.16289547339458813 0.9866433320848792 0
    outer loop
      vertex -13.747367864990233 -8.698498123817853 0
      vertex -14.037906449072578 -8.746466238185462 5
      vertex -13.747367864990233 -8.698498123817853 5
    endloop
  endfacet
  facet normal -0.09801714032956074 0.9951847266721968 0
    outer loop
      vertex -13.63741630908087 -8.687668840775036 0
      vertex -13.747367864990233 -8.698498123817853 5
      vertex -13.63741630908087 -8.687668840775036 5
    endloop
  endfacet
  facet normal 0 0 1
    outer loop
      vertex -17.632331159224965 -12.682583690919133 5
      vertex -17.573533761814538 -12.282093550927422 5
      vertex -17.621501876182148 -12.572632135009767 5
    endloop
  endfacet
  facet normal 0 0 1
    outer loop
      vertex -17.632331159224965 -12.682583690919133 5
      vertex -17.506666218300808 -11.995314297038657 5
      vertex -17.573533761814538 -12.282093550927422 5
    endloop
  endfacet
  facet normal 0 0 1
    outer loop
      vertex -17.632331159224965 -12.682583690919133 5
      vertex -17.421185582727976 -11.713522406135773 5
      vertex -17.506666218300808 -11.995314297038657 5
    endloop
  endfacet
  facet normal 0 0 1
    outer loop
      vertex -17.632331159224965 -12.682583690919133 5
      vertex -17.287984710586386 -12.338237242280552 5
      vertex -17.31745789630079 -11.437924554357096 5
    endloop
  endfacet
  facet normal 0 0 1
    outer loop
      vertex -17.632331159224965 -12.682583690919133 5
      vertex -17.31745789630079 -11.437924554357096 5
      vertex -17.421185582727976 -11.713522406135773 5
    endloop
  endfacet
  facet normal 0 0 1
    outer loop
      vertex -17.287984710586386 -12.338237242280552 5
      vertex -17.195927336897096 -12.30605317844237 5
      vertex -17.31745789630079 -11.437924554357096 5
    endloop
  endfacet
  facet normal 0 0 1
    outer loop
      vertex -17.195927336897096 -12.30605317844237 5
      vertex -17.195927336897096 -11.169700894014493 5
      vertex -17.31745789630079 -11.437924554357096 5
    endloop
  endfacet
  facet normal 0 0 1
    outer loop
      vertex -17.195927336897096 -12.30605317844237 5
      vertex -17.057114317029974 -10.91 5
      vertex -17.195927336897096 -11.169700894014493 5
    endloop
  endfacet
  facet normal 0 0 1
    outer loop
      vertex -17.195927336897096 -12.30605317844237 5
      vertex -16.901613255361454 -10.65993395141179 5
      vertex -17.057114317029974 -10.91 5
    endloop
  endfacet
  facet normal 0 0 1
    outer loop
      vertex -17.195927336897096 -12.30605317844237 5
      vertex -16.73009003131056 -10.420573569460757 5
      vertex -16.901613255361454 -10.65993395141179 5
    endloop
  endfacet
  facet normal 0 0 1
    outer loop
      vertex -17.195927336897096 -12.30605317844237 5
      vertex -16.5432791336554 -10.19294383204969 5
      vertex -16.73009003131056 -10.420573569460757 5
    endloop
  endfacet
  facet normal 0 0 1
    outer loop
      vertex -17.195927336897096 -12.30605317844237 5
      vertex -16.341980515339465 -9.978019484660535 5
      vertex -16.5432791336554 -10.19294383204969 5
    endloop
  endfacet
  facet normal 0 0 1
    outer loop
      vertex -17.195927336897096 -12.30605317844237 5
      vertex -16.12705616795031 -9.7767208663446 5
      vertex -16.341980515339465 -9.978019484660535 5
    endloop
  endfacet
  facet normal 0 0 1
    outer loop
      vertex -17.195927336897096 -12.30605317844237 5
      vertex -15.899426430539243 -9.589909968689442 5
      vertex -16.12705616795031 -9.7767208663446 5
    endloop
  endfacet
  facet normal 0 0 1
    outer loop
      vertex -17.195927336897096 -12.30605317844237 5
      vertex -14.4350208645242 -13.413617418620968 5
      vertex -14.448878319785953 -13.329684049886067 5
    endloop
  endfacet
  facet normal 0 0 1
    outer loop
      vertex -17.195927336897096 -12.30605317844237 5
      vertex -14.448878319785953 -13.329684049886067 5
      vertex -14.457216600210185 -13.245024067999186 5
    endloop
  endfacet
  facet normal 0 0 1
    outer loop
      vertex -17.195927336897096 -12.30605317844237 5
      vertex -14.457216600210185 -13.245024067999186 5
      vertex -14.46 -13.16 5
    endloop
  endfacet
  facet normal 0 0 1
    outer loop
      vertex -17.195927336897096 -12.30605317844237 5
      vertex -14.46 -13.16 5
      vertex -14.457216600210185 -13.074975932000815 5
    endloop
  endfacet
  facet normal 0 0 1
    outer loop
      vertex -17.195927336897096 -12.30605317844237 5
      vertex -14.457216600210185 -13.074975932000815 5
      vertex -14.448878319785953 -12.990315950113933 5
    endloop
  endfacet
  facet normal 0 0 1
    outer loop
      vertex -17.195927336897096 -12.30605317844237 5
      vertex -14.448878319785953 -12.990315950113933 5
      vertex -14.4350208645242 -12.906382581379033 5
    endloop
  endfacet
  facet normal 0 0 1
    outer loop
      vertex -17.195927336897096 -12.30605317844237 5
      vertex -14.4350208645242 -12.906382581379033 5
      vertex -14.415703574175788 -12.823535241366724 5
    endloop
  endfacet
  facet normal 0 0 1
    outer loop
      vertex -17.195927336897096 -12.30605317844237 5
      vertex -14.415703574175788 -12.823535241366724 5
      vertex -14.391009168343638 -12.74212869510589 5
    endloop
  endfacet
  facet normal 0 0 1
    outer loop
      vertex -17.195927336897096 -12.30605317844237 5
      vertex -14.391009168343638 -12.74212869510589 5
      vertex -14.361043392264673 -12.662511537925383 5
    endloop
  endfacet
  facet normal 0 0 1
    outer loop
      vertex -17.195927336897096 -12.30605317844237 5
      vertex -14.361043392264673 -12.662511537925383 5
      vertex -14.325934563992494 -12.585024702715298 5
    endloop
  endfacet
  facet normal 0 0 1
    outer loop
      vertex -17.195927336897096 -12.30605317844237 5
      vertex -14.325934563992494 -12.585024702715298 5
      vertex -14.28583302491977 -12.51 5
    endloop
  endfacet
  facet normal 0 0 1
    outer loop
      vertex -17.195927336897096 -12.30605317844237 5
      vertex -15.66006604858821 -9.418386744638546 5
      vertex -15.899426430539243 -9.589909968689442 5
    endloop
  endfacet
  facet normal 0 0 1
    outer loop
      vertex -17.195927336897096 -12.30605317844237 5
      vertex -15.41 -9.262885682970026 5
      vertex -15.66006604858821 -9.418386744638546 5
    endloop
  endfacet
  facet normal 0 0 1
    outer loop
      vertex -17.195927336897096 -12.30605317844237 5
      vertex -15.150299105985507 -9.124072663102904 5
      vertex -15.41 -9.262885682970026 5
    endloop
  endfacet
  facet normal 0 0 1
    outer loop
      vertex -17.195927336897096 -12.30605317844237 5
      vertex -14.882075445642904 -9.00254210369921 5
      vertex -15.150299105985507 -9.124072663102904 5
    endloop
  endfacet
  facet normal 0 0 1
    outer loop
      vertex -17.195927336897096 -12.30605317844237 5
      vertex -14.606477593864227 -8.898814417272025 5
      vertex -14.882075445642904 -9.00254210369921 5
    endloop
  endfacet
  facet normal 0 0 1
    outer loop
      vertex -17.195927336897096 -12.30605317844237 5
      vertex -14.28583302491977 -12.51 5
      vertex -13.747367864990233 -8.698498123817853 5
    endloop
  endfacet
  facet normal 0 0 1
    outer loop
      vertex -17.195927336897096 -12.30605317844237 5
      vertex -14.324685702961343 -8.813333781699193 5
      vertex -14.606477593864227 -8.898814417272025 5
    endloop
  endfacet
  facet normal 0 0 1
    outer loop
      vertex -17.195927336897096 -12.30605317844237 5
      vertex -14.037906449072578 -8.746466238185462 5
      vertex -14.324685702961343 -8.813333781699193 5
    endloop
  endfacet
  facet normal 0 0 1
    outer loop
      vertex -17.195927336897096 -12.30605317844237 5
      vertex -13.747367864990233 -8.698498123817853 5
      vertex -14.037906449072578 -8.746466238185462 5
    endloop
  endfacet
  facet normal 0 0 1
    outer loop
      vertex -13.747367864990233 -8.698498123817853 5
      vertex -14.28583302491977 -12.51 5
      vertex -14.240910495993308 -12.437758697074518 5
    endloop
  endfacet
  facet normal 0 0 1
    outer loop
      vertex -13.747367864990233 -8.698498123817853 5
      vertex -14.240910495993308 -12.437758697074518 5
      vertex -14.191359342378606 -12.368610142288663 5
    endloop
  endfacet
  facet normal 0 0 1
    outer loop
      vertex -13.747367864990233 -8.698498123817853 5
      vertex -14.191359342378606 -12.368610142288663 5
      vertex -14.13739174972267 -12.30285044036991 5
    endloop
  endfacet
  facet normal 0 0 1
    outer loop
      vertex -13.747367864990233 -8.698498123817853 5
      vertex -14.13739174972267 -12.30285044036991 5
      vertex -14.079238815542512 -12.240761184457488 5
    endloop
  endfacet
  facet normal 0 0 1
    outer loop
      vertex -13.747367864990233 -8.698498123817853 5
      vertex -14.079238815542512 -12.240761184457488 5
      vertex -14.01714955963009 -12.18260825027733 5
    endloop
  endfacet
  facet normal 0 0 1
    outer loop
      vertex -13.747367864990233 -8.698498123817853 5
      vertex -14.01714955963009 -12.18260825027733 5
      vertex -13.951389857711337 -12.128640657621395 5
    endloop
  endfacet
  facet normal 0 0 1
    outer loop
      vertex -13.747367864990233 -8.698498123817853 5
      vertex -13.951389857711337 -12.128640657621395 5
      vertex -13.882241302925483 -12.079089504006692 5
    endloop
  endfacet
  facet normal 0 0 1
    outer loop
      vertex -13.747367864990233 -8.698498123817853 5
      vertex -13.882241302925483 -12.079089504006692 5
      vertex -13.81 -12.03416697508023 5
    endloop
  endfacet
  facet normal 0 0 1
    outer loop
      vertex -13.747367864990233 -8.698498123817853 5
      vertex -13.81 -12.03416697508023 5
      vertex -13.734975297284702 -11.994065436007507 5
    endloop
  endfacet
  facet normal 0 0 1
    outer loop
      vertex -13.747367864990233 -8.698498123817853 5
      vertex -13.734975297284702 -11.994065436007507 5
      vertex -13.657488462074618 -11.958956607735328 5
    endloop
  endfacet
  facet normal 0 0 1
    outer loop
      vertex -13.747367864990233 -8.698498123817853 5
      vertex -13.657488462074618 -11.958956607735328 5
      vertex -13.57787130489411 -11.928990831656362 5
    endloop
  endfacet
  facet normal 0 0 1
    outer loop
      vertex -13.747367864990233 -8.698498123817853 5
      vertex -13.57787130489411 -11.928990831656362 5
      vertex -13.496464758633277 -11.904296425824212 5
    endloop
  endfacet
  facet normal 0 0 1
    outer loop
      vertex -13.747367864990233 -8.698498123817853 5
      vertex -13.496464758633277 -11.904296425824212 5
      vertex -13.496447299224823 -11.904292354861132 5
    endloop
  endfacet
  facet normal 0 0 1
    outer loop
      vertex -13.747367864990233 -8.698498123817853 5
      vertex -13.496447299224823 -11.904292354861132 5
      vertex -13.63741630908087 -8.687668840775036 5
    endloop
  endfacet
  facet normal 0.09801714032955919 -0.995184726672197 0
    outer loop
      vertex -12.572632135009767 -17.621501876182148 0
      vertex -12.572632135009767 -17.621501876182148 5
      vertex -12.682583690919133 -17.632331159224965 5
    endloop
  endfacet
  facet normal 0.16289547339458813 -0.9866433320848792 0
    outer loop
      vertex -12.572632135009767 -17.621501876182148 0
      vertex -12.282093550927422 -17.573533761814538 5
      vertex -12.572632135009767 -17.621501876182148 5
    endloop
  endfacet
  facet normal 0.22707626303437564 -0.9738769792773332 0
    outer loop
      vertex -12.282093550927422 -17.573533761814538 0
      vertex -11.995314297038657 -17.506666218300808 5
      vertex -12.282093550927422 -17.573533761814538 5
    endloop
  endfacet
  facet normal 0.2902846772544631 -0.9569403357322087 0
    outer loop
      vertex -11.995314297038657 -17.506666218300808 0
      vertex -11.713522406135773 -17.421185582727976 5
      vertex -11.995314297038657 -17.506666218300808 5
    endloop
  endfacet
  facet normal 0.3522500479212315 -0.9359059267573264 0
    outer loop
      vertex -11.713522406135773 -17.421185582727976 0
      vertex -11.437924554357096 -17.31745789630079 5
      vertex -11.713522406135773 -17.421185582727976 5
    endloop
  endfacet
  facet normal 0.41270702980439866 -0.910863824921174 0
    outer loop
      vertex -11.437924554357096 -17.31745789630079 0
      vertex -11.169700894014493 -17.195927336897096 5
      vertex -11.437924554357096 -17.31745789630079 5
    endloop
  endfacet
  facet normal 0.47139673682599537 -0.8819212643483562 0
    outer loop
      vertex -11.169700894014493 -17.195927336897096 0
      vertex -10.91 -17.057114317029974 5
      vertex -11.169700894014493 -17.195927336897096 5
    endloop
  endfacet
  facet normal 0.5280678506503685 -0.8492021815265784 0
    outer loop
      vertex -10.91 -17.057114317029974 0
      vertex -10.65993395141179 -16.901613255361454 5
      vertex -10.91 -17.057114317029974 5
    endloop
  endfacet
  facet normal 0.5824776968677973 -0.8128466845916186 0
    outer loop
      vertex -10.65993395141179 -16.901613255361454 0
      vertex -10.420573569460757 -16.73009003131056 5
      vertex -10.65993395141179 -16.901613255361454 5
    endloop
  endfacet
  facet normal 0.6343932841636453 -0.773010453362737 0
    outer loop
      vertex -10.420573569460757 -16.73009003131056 0
      vertex -10.19294383204969 -16.5432791336554 5
      vertex -10.420573569460757 -16.73009003131056 5
    endloop
  endfacet
  facet normal 0.6835923020228725 -0.7298640726978347 0
    outer loop
      vertex -10.19294383204969 -16.5432791336554 0
      vertex -9.978019484660535 -16.341980515339465 5
      vertex -10.19294383204969 -16.5432791336554 5
    endloop
  endfacet
  facet normal 0.7298640726978347 -0.6835923020228725 0
    outer loop
      vertex -9.7767208663446 -16.12705616795031 0
      vertex -9.7767208663446 -16.12705616795031 5
      vertex -9.978019484660535 -16.341980515339465 5
    endloop
  endfacet
  facet normal 0.7730104533627401 -0.6343932841636417 0
    outer loop
      vertex -9.589909968689442 -15.899426430539243 0
      vertex -9.589909968689442 -15.899426430539243 5
      vertex -9.7767208663446 -16.12705616795031 5
    endloop
  endfacet
  facet normal 0.8128466845916158 -0.5824776968678013 0
    outer loop
      vertex -9.418386744638546 -15.66006604858821 0
      vertex -9.418386744638546 -15.66006604858821 5
      vertex -9.589909968689442 -15.899426430539243 5
    endloop
  endfacet
  facet normal 0.8492021815265784 -0.5280678506503685 0
    outer loop
      vertex -9.262885682970026 -15.41 0
      vertex -9.262885682970026 -15.41 5
      vertex -9.418386744638546 -15.66006604858821 5
    endloop
  endfacet
  facet normal 0.8819212643483562 -0.47139673682599537 0
    outer loop
      vertex -9.124072663102904 -15.150299105985507 0
      vertex -9.124072663102904 -15.150299105985507 5
      vertex -9.262885682970026 -15.41 5
    endloop
  endfacet
  facet normal 0.910863824921174 -0.41270702980439866 0
    outer loop
      vertex -9.00254210369921 -14.882075445642904 0
      vertex -9.00254210369921 -14.882075445642904 5
      vertex -9.124072663102904 -15.150299105985507 5
    endloop
  endfacet
  facet normal 0.9359059267573264 -0.3522500479212315 0
    outer loop
      vertex -8.898814417272025 -14.606477593864227 0
      vertex -8.898814417272025 -14.606477593864227 5
      vertex -9.00254210369921 -14.882075445642904 5
    endloop
  endfacet
  facet normal 0.9569403357322087 -0.2902846772544631 0
    outer loop
      vertex -8.813333781699193 -14.324685702961343 0
      vertex -8.813333781699193 -14.324685702961343 5
      vertex -8.898814417272025 -14.606477593864227 5
    endloop
  endfacet
  facet normal 0.9738769792773332 -0.22707626303437564 0
    outer loop
      vertex -8.746466238185462 -14.037906449072578 0
      vertex -8.746466238185462 -14.037906449072578 5
      vertex -8.813333781699193 -14.324685702961343 5
    endloop
  endfacet
  facet normal 0.9866433320848792 -0.16289547339458813 0
    outer loop
      vertex -8.698498123817853 -13.747367864990233 0
      vertex -8.698498123817853 -13.747367864990233 5
      vertex -8.746466238185462 -14.037906449072578 5
    endloop
  endfacet
  facet normal 0.9951847266721968 -0.09801714032956074 0
    outer loop
      vertex -8.698498123817853 -13.747367864990233 0
      vertex -8.687668840775036 -13.63741630908087 5
      vertex -8.698498123817853 -13.747367864990233 5
    endloop
  endfacet
  facet normal 0 0 1
    outer loop
      vertex -12.682583690919133 -17.632331159224965 5
      vertex -12.572632135009767 -17.621501876182148 5
      vertex -12.58813445890762 -17.53788192721345 5
    endloop
  endfacet
  facet normal 0 0 1
    outer loop
      vertex -12.572632135009767 -17.621501876182148 5
      vertex -12.282093550927422 -17.573533761814538 5
      vertex -12.58813445890762 -17.53788192721345 5
    endloop
  endfacet
  facet normal 0 0 1
    outer loop
      vertex -12.627600596885697 -17.32500052533695 5
      vertex -12.58813445890762 -17.53788192721345 5
      vertex -12.282093550927422 -17.573533761814538 5
    endloop
  endfacet
  facet normal 0 0 1
    outer loop
      vertex -12.627600596885697 -17.32500052533695 5
      vertex -12.282093550927422 -17.573533761814538 5
      vertex -12.36258805540568 -17.25025339825284 5
    endloop
  endfacet
  facet normal 0 0 1
    outer loop
      vertex -12.36258805540568 -17.25025339825284 5
      vertex -11.995314297038657 -17.506666218300808 5
      vertex -12.399343475715892 -17.102637039623577 5
    endloop
  endfacet
  facet normal 0 0 1
    outer loop
      vertex -12.399343475715892 -17.102637039623577 5
      vertex -11.995314297038657 -17.506666218300808 5
      vertex -12.990315950113933 -14.448878319785953 5
    endloop
  endfacet
  facet normal 0 0 1
    outer loop
      vertex -12.282093550927422 -17.573533761814538 5
      vertex -11.995314297038657 -17.506666218300808 5
      vertex -12.36258805540568 -17.25025339825284 5
    endloop
  endfacet
  facet normal 0 0 1
    outer loop
      vertex -11.995314297038657 -17.506666218300808 5
      vertex -11.713522406135773 -17.421185582727976 5
      vertex -12.906382581379033 -14.4350208645242 5
    endloop
  endfacet
  facet normal 0 0 1
    outer loop
      vertex -11.713522406135773 -17.421185582727976 5
      vertex -11.437924554357096 -17.31745789630079 5
      vertex -12.823535241366724 -14.415703574175788 5
    endloop
  endfacet
  facet normal 0 0 1
    outer loop
      vertex -11.437924554357096 -17.31745789630079 5
      vertex -11.169700894014493 -17.195927336897096 5
      vertex -12.74212869510589 -14.391009168343638 5
    endloop
  endfacet
  facet normal 0 0 1
    outer loop
      vertex -10.91 -17.057114317029974 5
      vertex -10.65993395141179 -16.901613255361454 5
      vertex -10.701953578800772 -15.618046421199232 5
    endloop
  endfacet
  facet normal 0 0 1
    outer loop
      vertex -10.65993395141179 -16.901613255361454 5
      vertex -10.420573569460757 -16.73009003131056 5
      vertex -10.65993395141179 -15.579305838914111 5
    endloop
  endfacet
  facet normal 0 0 1
    outer loop
      vertex -12.399343475715892 -17.102637039623577 5
      vertex -13.245024067999186 -14.457216600210185 5
      vertex -13.329684049886067 -14.448878319785953 5
    endloop
  endfacet
  facet normal 0 0 1
    outer loop
      vertex -12.399343475715892 -17.102637039623577 5
      vertex -13.16 -14.46 5
      vertex -13.245024067999186 -14.457216600210185 5
    endloop
  endfacet
  facet normal 0 0 1
    outer loop
      vertex -12.399343475715892 -17.102637039623577 5
      vertex -13.074975932000815 -14.457216600210185 5
      vertex -13.16 -14.46 5
    endloop
  endfacet
  facet normal 0 0 1
    outer loop
      vertex -12.399343475715892 -17.102637039623577 5
      vertex -12.990315950113933 -14.448878319785953 5
      vertex -13.074975932000815 -14.457216600210185 5
    endloop
  endfacet
  facet normal 0 0 1
    outer loop
      vertex -11.995314297038657 -17.506666218300808 5
      vertex -12.906382581379033 -14.4350208645242 5
      vertex -12.990315950113933 -14.448878319785953 5
    endloop
  endfacet
  facet normal 0 0 1
    outer loop
      vertex -11.713522406135773 -17.421185582727976 5
      vertex -12.823535241366724 -14.415703574175788 5
      vertex -12.906382581379033 -14.4350208645242 5
    endloop
  endfacet
  facet normal 0 0 1
    outer loop
      vertex -11.437924554357096 -17.31745789630079 5
      vertex -12.74212869510589 -14.391009168343638 5
      vertex -12.823535241366724 -14.415703574175788 5
    endloop
  endfacet
  facet normal 0 0 1
    outer loop
      vertex -11.169700894014493 -17.195927336897096 5
      vertex -10.91 -17.057114317029974 5
      vertex -12.585024702715298 -14.325934563992494 5
    endloop
  endfacet
  facet normal 0 0 1
    outer loop
      vertex -11.169700894014493 -17.195927336897096 5
      vertex -12.662511537925383 -14.361043392264673 5
      vertex -12.74212869510589 -14.391009168343638 5
    endloop
  endfacet
  facet normal 0 0 1
    outer loop
      vertex -11.169700894014493 -17.195927336897096 5
      vertex -12.585024702715298 -14.325934563992494 5
      vertex -12.662511537925383 -14.361043392264673 5
    endloop
  endfacet
  facet normal 0 0 1
    outer loop
      vertex -10.701953578800772 -15.618046421199232 5
      vertex -12.51 -14.28583302491977 5
      vertex -12.585024702715298 -14.325934563992494 5
    endloop
  endfacet
  facet normal 0 0 1
    outer loop
      vertex -10.701953578800772 -15.618046421199232 5
      vertex -12.437758697074518 -14.240910495993308 5
      vertex -12.51 -14.28583302491977 5
    endloop
  endfacet
  facet normal 0 0 1
    outer loop
      vertex -10.701953578800772 -15.618046421199232 5
      vertex -12.368610142288663 -14.191359342378606 5
      vertex -12.437758697074518 -14.240910495993308 5
    endloop
  endfacet
  facet normal 0 0 1
    outer loop
      vertex -10.701953578800772 -15.618046421199232 5
      vertex -12.30285044036991 -14.13739174972267 5
      vertex -12.368610142288663 -14.191359342378606 5
    endloop
  endfacet
  facet normal 0 0 1
    outer loop
      vertex -10.701953578800772 -15.618046421199232 5
      vertex -12.24076118445749 -14.079238815542514 5
      vertex -12.30285044036991 -14.13739174972267 5
    endloop
  endfacet
  facet normal 0 0 1
    outer loop
      vertex -10.91 -17.057114317029974 5
      vertex -10.701953578800772 -15.618046421199232 5
      vertex -12.585024702715298 -14.325934563992494 5
    endloop
  endfacet
  facet normal 0 0 1
    outer loop
      vertex -10.65993395141179 -16.901613255361454 5
      vertex -10.65993395141179 -15.579305838914111 5
      vertex -10.701953578800772 -15.618046421199232 5
    endloop
  endfacet
  facet normal 0 0 1
    outer loop
      vertex -10.420573569460757 -16.73009003131056 5
      vertex -10.19294383204969 -16.5432791336554 5
      vertex -10.65993395141179 -15.579305838914111 5
    endloop
  endfacet
  facet normal 0 0 1
    outer loop
      vertex -10.19294383204969 -16.5432791336554 5
      vertex -9.978019484660535 -16.341980515339465 5
      vertex -10.65993395141179 -15.579305838914111 5
    endloop
  endfacet
  facet normal 0 0 1
    outer loop
      vertex -9.978019484660535 -16.341980515339465 5
      vertex -9.7767208663446 -16.12705616795031 5
      vertex -10.65993395141179 -15.579305838914111 5
    endloop
  endfacet
  facet normal 0 0 1
    outer loop
      vertex -10.65993395141179 -15.579305838914111 5
      vertex -9.7767208663446 -16.12705616795031 5
      vertex -9.589909968689442 -15.899426430539243 5
    endloop
  endfacet
  facet normal 0 0 1
    outer loop
      vertex -10.65993395141179 -15.579305838914111 5
      vertex -9.589909968689442 -15.899426430539243 5
      vertex -9.418386744638546 -15.66006604858821 5
    endloop
  endfacet
  facet normal 0 0 1
    outer loop
      vertex -10.65993395141179 -15.579305838914111 5
      vertex -9.418386744638546 -15.66006604858821 5
      vertex -9.262885682970026 -15.41 5
    endloop
  endfacet
  facet normal 0 0 1
    outer loop
      vertex -10.65993395141179 -15.579305838914111 5
      vertex -9.262885682970026 -15.41 5
      vertex -9.124072663102904 -15.150299105985507 5
    endloop
  endfacet
  facet normal 0 0 1
    outer loop
      vertex -10.65993395141179 -15.579305838914111 5
      vertex -9.124072663102904 -15.150299105985507 5
      vertex -9.00254210369921 -14.882075445642904 5
    endloop
  endfacet
  facet normal 0 0 1
    outer loop
      vertex -10.65993395141179 -15.579305838914111 5
      vertex -9.00254210369921 -14.882075445642904 5
      vertex -8.898814417272025 -14.606477593864227 5
    endloop
  endfacet
  facet normal 0 0 1
    outer loop
      vertex -10.65993395141179 -15.579305838914111 5
      vertex -8.898814417272025 -14.606477593864227 5
      vertex -8.898814417272025 -13.848561885577858 5
    endloop
  endfacet
  facet normal 0 0 1
    outer loop
      vertex -10.65993395141179 -15.579305838914111 5
      vertex -8.898814417272025 -13.848561885577858 5
      vertex -8.902681072170733 -11.703248950510195 5
    endloop
  endfacet
  facet normal 0 0 1
    outer loop
      vertex -8.898814417272025 -14.606477593864227 5
      vertex -8.813333781699193 -14.324685702961343 5
      vertex -8.898814417272025 -13.848561885577858 5
    endloop
  endfacet
  facet normal 0 0 1
    outer loop
      vertex -8.813333781699193 -14.324685702961343 5
      vertex -8.746466238185462 -14.037906449072578 5
      vertex -8.898814417272025 -13.848561885577858 5
    endloop
  endfacet
  facet normal 0 0 1
    outer loop
      vertex -8.898814417272025 -13.848561885577858 5
      vertex -8.746466238185462 -14.037906449072578 5
      vertex -8.698498123817853 -13.747367864990233 5
    endloop
  endfacet
  facet normal 0 0 1
    outer loop
      vertex -8.898814417272025 -13.848561885577858 5
      vertex -8.698498123817853 -13.747367864990233 5
      vertex -8.687668840775036 -13.63741630908087 5
    endloop
  endfacet
  facet normal 0 0 -1
    outer loop
      vertex -13.63741630908087 -8.687668840775036 0
      vertex -13.57787130489411 -11.928990831656362 0
      vertex -13.597186811453318 -11.936260673546004 0
    endloop
  endfacet
  facet normal 0 0 -1
    outer loop
      vertex -13.63741630908087 -8.687668840775036 0
      vertex -13.496464758633277 -11.904296425824212 0
      vertex -13.57787130489411 -11.928990831656362 0
    endloop
  endfacet
  facet normal 0 0 -1
    outer loop
      vertex -13.63741630908087 -8.687668840775036 0
      vertex -13.413617418620968 -11.8849791354758 0
      vertex -13.496464758633277 -11.904296425824212 0
    endloop
  endfacet
  facet normal 0 0 -1
    outer loop
      vertex -13.63741630908087 -8.687668840775036 0
      vertex -13.329684049886067 -11.871121680214047 0
      vertex -13.413617418620968 -11.8849791354758 0
    endloop
  endfacet
  facet normal 0 0 -1
    outer loop
      vertex -13.63741630908087 -8.687668840775036 0
      vertex -13.245024067999186 -11.862783399789816 0
      vertex -13.329684049886067 -11.871121680214047 0
    endloop
  endfacet
  facet normal 0 0 -1
    outer loop
      vertex -13.63741630908087 -8.687668840775036 0
      vertex -13.16 -11.86 0
      vertex -13.245024067999186 -11.862783399789816 0
    endloop
  endfacet
  facet normal 0 0 -1
    outer loop
      vertex -13.63741630908087 -8.687668840775036 0
      vertex -13.074975932000815 -11.862783399789816 0
      vertex -13.16 -11.86 0
    endloop
  endfacet
  facet normal 0 0 -1
    outer loop
      vertex -13.63741630908087 -8.687668840775036 0
      vertex -12.990315950113933 -11.871121680214047 0
      vertex -13.074975932000815 -11.862783399789816 0
    endloop
  endfacet
  facet normal 0 0 -1
    outer loop
      vertex -13.63741630908087 -8.687668840775036 0
      vertex -12.906382581379033 -11.8849791354758 0
      vertex -12.990315950113933 -11.871121680214047 0
    endloop
  endfacet
  facet normal 0 0 -1
    outer loop
      vertex -13.63741630908087 -8.687668840775036 0
      vertex -12.823535241366724 -11.904296425824212 0
      vertex -12.906382581379033 -11.8849791354758 0
    endloop
  endfacet
  facet normal 0 0 -1
    outer loop
      vertex -13.63741630908087 -8.687668840775036 0
      vertex -12.74212869510589 -11.928990831656362 0
      vertex -12.823535241366724 -11.904296425824212 0
    endloop
  endfacet
  facet normal 0 0 -1
    outer loop
      vertex -10.857788294557817 -15.462211705442186 0
      vertex -12.240761184457488 -14.079238815542512 0
      vertex -12.18260825027733 -14.01714955963009 0
    endloop
  endfacet
  facet normal 0 0 -1
    outer loop
      vertex -10.857788294557817 -15.462211705442186 0
      vertex -12.18260825027733 -14.01714955963009 0
      vertex -12.128640657621395 -13.951389857711337 0
    endloop
  endfacet
  facet normal 0 0 -1
    outer loop
      vertex -10.857788294557817 -15.462211705442186 0
      vertex -12.128640657621395 -13.951389857711337 0
      vertex -12.079089504006692 -13.882241302925483 0
    endloop
  endfacet
  facet normal 0 0 -1
    outer loop
      vertex -10.857788294557817 -15.462211705442186 0
      vertex -12.079089504006692 -13.882241302925483 0
      vertex -12.03416697508023 -13.81 0
    endloop
  endfacet
  facet normal 0 0 -1
    outer loop
      vertex -10.857788294557817 -15.462211705442186 0
      vertex -12.03416697508023 -13.81 0
      vertex -11.994065436007507 -13.734975297284702 0
    endloop
  endfacet
  facet normal 0 0 -1
    outer loop
      vertex -10.857788294557817 -15.462211705442186 0
      vertex -11.994065436007507 -13.734975297284702 0
      vertex -11.958956607735328 -13.657488462074618 0
    endloop
  endfacet
  facet normal 0 0 -1
    outer loop
      vertex -10.857788294557817 -15.462211705442186 0
      vertex -11.958956607735328 -13.657488462074618 0
      vertex -11.928990831656362 -13.57787130489411 0
    endloop
  endfacet
  facet normal 0 0 -1
    outer loop
      vertex -10.857788294557817 -15.462211705442186 0
      vertex -11.928990831656362 -13.57787130489411 0
      vertex -11.904296425824212 -13.496464758633277 0
    endloop
  endfacet
  facet normal 0 0 -1
    outer loop
      vertex -10.857788294557817 -15.462211705442186 0
      vertex -11.904296425824212 -13.496464758633277 0
      vertex -11.8849791354758 -13.413617418620968 0
    endloop
  endfacet
  facet normal 0 0 -1
    outer loop
      vertex -10.857788294557817 -15.462211705442186 0
      vertex -11.8849791354758 -13.413617418620968 0
      vertex -11.871121680214047 -13.329684049886067 0
    endloop
  endfacet
  facet normal 0 0 -1
    outer loop
      vertex -10.857788294557817 -15.462211705442186 0
      vertex -11.871121680214047 -13.329684049886067 0
      vertex -11.862783399789816 -13.245024067999186 0
    endloop
  endfacet
  facet normal 0 0 -1
    outer loop
      vertex -10.857788294557817 -15.462211705442186 0
      vertex -11.862783399789816 -13.245024067999186 0
      vertex -11.86 -13.16 0
    endloop
  endfacet
  facet normal 0 0 -1
    outer loop
      vertex -10.857788294557817 -15.462211705442186 0
      vertex -11.86 -13.16 0
      vertex -11.862783399789816 -13.074975932000815 0
    endloop
  endfacet
  facet normal 0 0 -1
    outer loop
      vertex -10.857788294557817 -15.462211705442186 0
      vertex -11.862783399789816 -13.074975932000815 0
      vertex -11.871121680214047 -12.990315950113933 0
    endloop
  endfacet
  facet normal 0 0 -1
    outer loop
      vertex -10.65993395141179 -15.609681419717624 0
      vertex -10.65993395141179 -15.579305838914111 0
      vertex -8.687668840775036 -13.63741630908087 0
    endloop
  endfacet
  facet normal 0 0 -1
    outer loop
      vertex -13.63741630908087 -8.687668840775036 0
      vertex -12.240761184457488 -12.240761184457488 0
      vertex -12.30285044036991 -12.18260825027733 0
    endloop
  endfacet
  facet normal 0 0 -1
    outer loop
      vertex -13.63741630908087 -8.687668840775036 0
      vertex -12.30285044036991 -12.18260825027733 0
      vertex -12.368610142288663 -12.128640657621395 0
    endloop
  endfacet
  facet normal 0 0 -1
    outer loop
      vertex -13.63741630908087 -8.687668840775036 0
      vertex -12.128640657621395 -12.368610142288663 0
      vertex -12.18260825027733 -12.30285044036991 0
    endloop
  endfacet
  facet normal 0 0 -1
    outer loop
      vertex -13.63741630908087 -8.687668840775036 0
      vertex -12.18260825027733 -12.30285044036991 0
      vertex -12.240761184457488 -12.240761184457488 0
    endloop
  endfacet
  facet normal 0 0 -1
    outer loop
      vertex -13.63741630908087 -8.687668840775036 0
      vertex -12.662511537925383 -11.958956607735328 0
      vertex -12.74212869510589 -11.928990831656362 0
    endloop
  endfacet
  facet normal 0 0 -1
    outer loop
      vertex -13.63741630908087 -8.687668840775036 0
      vertex -12.585024702715298 -11.994065436007507 0
      vertex -12.662511537925383 -11.958956607735328 0
    endloop
  endfacet
  facet normal 0 0 -1
    outer loop
      vertex -13.63741630908087 -8.687668840775036 0
      vertex -12.51 -12.03416697508023 0
      vertex -12.585024702715298 -11.994065436007507 0
    endloop
  endfacet
  facet normal 0 0 -1
    outer loop
      vertex -13.63741630908087 -8.687668840775036 0
      vertex -12.437758697074518 -12.079089504006692 0
      vertex -12.51 -12.03416697508023 0
    endloop
  endfacet
  facet normal 0 0 -1
    outer loop
      vertex -13.63741630908087 -8.687668840775036 0
      vertex -12.368610142288663 -12.128640657621395 0
      vertex -12.437758697074518 -12.079089504006692 0
    endloop
  endfacet
  facet normal 0 0 -1
    outer loop
      vertex -13.63741630908087 -8.687668840775036 0
      vertex -4.194234676517161 -1.9841244650396614 0
      vertex -12.128640657621395 -12.368610142288663 0
    endloop
  endfacet
  facet normal 0 0 -1
    outer loop
      vertex -10.857788294557817 -15.462211705442186 0
      vertex -11.871121680214047 -12.990315950113933 0
      vertex -4.194234676517161 -1.9841244650396614 0
    endloop
  endfacet
  facet normal 0 0 -1
    outer loop
      vertex -10.65993395141179 -15.579305838914111 0
      vertex -10.857788294557817 -15.462211705442186 0
      vertex -4.194234676517161 -1.9841244650396614 0
    endloop
  endfacet
  facet normal 0 0 -1
    outer loop
      vertex -10.65993395141179 -15.579305838914111 0
      vertex -4.194234676517161 -1.9841244650396614 0
      vertex -8.687668840775036 -13.63741630908087 0
    endloop
  endfacet
  facet normal 0 0 -1
    outer loop
      vertex -4.194234676517161 -1.9841244650396614 0
      vertex -11.958956607735328 -12.662511537925383 0
      vertex -11.994065436007507 -12.585024702715298 0
    endloop
  endfacet
  facet normal 0 0 -1
    outer loop
      vertex -4.194234676517161 -1.9841244650396614 0
      vertex -12.03416697508023 -12.51 0
      vertex -12.079089504006692 -12.437758697074518 0
    endloop
  endfacet
  facet normal 0 0 -1
    outer loop
      vertex -4.194234676517161 -1.9841244650396614 0
      vertex -11.994065436007507 -12.585024702715298 0
      vertex -12.03416697508023 -12.51 0
    endloop
  endfacet
  facet normal 0 0 -1
    outer loop
      vertex -4.194234676517161 -1.9841244650396614 0
      vertex -11.871121680214047 -12.990315950113933 0
      vertex -11.8849791354758 -12.906382581379033 0
    endloop
  endfacet
  facet normal 0 0 -1
    outer loop
      vertex -4.194234676517161 -1.9841244650396614 0
      vertex -11.8849791354758 -12.906382581379033 0
      vertex -11.904296425824212 -12.823535241366724 0
    endloop
  endfacet
  facet normal 0 0 -1
    outer loop
      vertex -4.194234676517161 -1.9841244650396614 0
      vertex -11.904296425824212 -12.823535241366724 0
      vertex -11.928990831656362 -12.74212869510589 0
    endloop
  endfacet
  facet normal 0 0 -1
    outer loop
      vertex -4.194234676517161 -1.9841244650396614 0
      vertex -11.928990831656362 -12.74212869510589 0
      vertex -11.958956607735328 -12.662511537925383 0
    endloop
  endfacet
  facet normal 0 0 -1
    outer loop
      vertex -4.194234676517161 -1.9841244650396614 0
      vertex -12.079089504006692 -12.437758697074518 0
      vertex -12.128640657621395 -12.368610142288663 0
    endloop
  endfacet
  facet normal 0 0 -1
    outer loop
      vertex -13.63741630908087 -8.687668840775036 0
      vertex -9.094670986228255 -4.144923517922422 0
      vertex -8.660254037844386 -4.826906943438272 0
    endloop
  endfacet
  facet normal 0 0 -1
    outer loop
      vertex -13.63741630908087 -8.687668840775036 0
      vertex -8.660254037844386 -4.826906943438272 0
      vertex -4.194234676517161 -1.9841244650396614 0
    endloop
  endfacet
  facet normal 0 0 -1
    outer loop
      vertex -9.094670986228255 -4.144923517922422 0
      vertex -8.955057359397129 -4.005309891091297 0
      vertex -8.660254037844386 -4.826906943438272 0
    endloop
  endfacet
  facet normal 0 0 -1
    outer loop
      vertex -8.687668840775036 -13.63741630908087 0
      vertex 0 0 0
      vertex -4.144923517922423 -9.094670986228254 0
    endloop
  endfacet
  facet normal 0 0 -1
    outer loop
      vertex -8.687668840775036 -13.63741630908087 0
      vertex -4.194234676517161 -1.9841244650396614 0
      vertex -3.826834323650898 -1.0901580074170434 0
    endloop
  endfacet
  facet normal 0 0 -1
    outer loop
      vertex -8.687668840775036 -13.63741630908087 0
      vertex -3.826834323650898 -1.0901580074170434 0
      vertex 0 0 0
    endloop
  endfacet
  facet normal 0 0 -1
    outer loop
      vertex -8.660254037844386 -4.826906943438272 0
      vertex -5 -1.9876647098568525 0
      vertex -4.194234676517161 -1.9841244650396614 0
    endloop
  endfacet
  facet normal 0 0 -1
    outer loop
      vertex -5 -1.9876647098568525 0
      vertex -4.723886558110306 -0.22586091019552645 0
      vertex -4.1552890428575155 -0.7944584254483168 0
    endloop
  endfacet
  facet normal 0 0 -1
    outer loop
      vertex -5 -1.9876647098568525 0
      vertex -4.1552890428575155 -0.7944584254483168 0
      vertex -4.194234676517161 -1.9841244650396614 0
    endloop
  endfacet
  facet normal 0 0 -1
    outer loop
      vertex -4.144923517922423 -9.094670986228254 0
      vertex 0 0 0
      vertex 0 -4.949747468305832 0
    endloop
  endfacet
  facet normal 0 0 -1
    outer loop
      vertex -3.826834323650898 -1.0901580074170434 0
      vertex -3.826834323650898 -1.0313067806035519 0
      vertex 0 0 0
    endloop
  endfacet
  facet normal 0 0 -1
    outer loop
      vertex -3.826834323650898 -1.0313067806035519 0
      vertex -3.533221450442936 -0.2698498691223642 0
      vertex 0 0 0
    endloop
  endfacet
  facet normal 0 0 -1
    outer loop
      vertex -3.533221450442936 -0.2698498691223642 0
      vertex -3.214394653031616 -0.18327002958692754 0
      vertex 0 0 0
    endloop
  endfacet
  facet normal 0.7071067811865478 -0.7071067811865474 0
    outer loop
      vertex -8.687668840775036 -13.63741630908087 0
      vertex -4.144923517922423 -9.094670986228254 0
      vertex -8.687668840775036 -13.63741630908087 5
    endloop
  endfacet
  facet normal -0.7071067811865476 0.7071067811865476 4.153610443631001e-17
    outer loop
      vertex -13.63741630908087 -8.687668840775036 0
      vertex -9.094670986228255 -4.144923517922422 5
      vertex -9.094670986228255 -4.144923517922422 0
    endloop
  endfacet
  facet normal 0 0 1
    outer loop
      vertex -13.63741630908087 -8.687668840775036 5
      vertex -13.496447299224823 -11.904292354861132 5
      vertex -13.413617418620968 -11.8849791354758 5
    endloop
  endfacet
  facet normal 0 0 1
    outer loop
      vertex -13.63741630908087 -8.687668840775036 5
      vertex -13.413617418620968 -11.8849791354758 5
      vertex -13.329684049886067 -11.871121680214047 5
    endloop
  endfacet
  facet normal 0 0 1
    outer loop
      vertex -13.63741630908087 -8.687668840775036 5
      vertex -13.329684049886067 -11.871121680214047 5
      vertex -13.245024067999186 -11.862783399789816 5
    endloop
  endfacet
  facet normal 0 0 1
    outer loop
      vertex -13.63741630908087 -8.687668840775036 5
      vertex -13.245024067999186 -11.862783399789816 5
      vertex -13.16 -11.86 5
    endloop
  endfacet
  facet normal 0 0 1
    outer loop
      vertex -13.63741630908087 -8.687668840775036 5
      vertex -13.16 -11.86 5
      vertex -13.074975932000815 -11.862783399789816 5
    endloop
  endfacet
  facet normal 0 0 1
    outer loop
      vertex -13.63741630908087 -8.687668840775036 5
      vertex -13.074975932000815 -11.862783399789816 5
      vertex -12.990315950113933 -11.871121680214047 5
    endloop
  endfacet
  facet normal 0 0 1
    outer loop
      vertex -13.63741630908087 -8.687668840775036 5
      vertex -12.990315950113933 -11.871121680214047 5
      vertex -12.906382581379033 -11.8849791354758 5
    endloop
  endfacet
  facet normal 0 0 1
    outer loop
      vertex -13.63741630908087 -8.687668840775036 5
      vertex -12.906382581379033 -11.8849791354758 5
      vertex -12.823535241366724 -11.904296425824212 5
    endloop
  endfacet
  facet normal 0 0 1
    outer loop
      vertex -13.63741630908087 -8.687668840775036 5
      vertex -12.823535241366724 -11.904296425824212 5
      vertex -12.74212869510589 -11.928990831656362 5
    endloop
  endfacet
  facet normal 0 0 1
    outer loop
      vertex -10.65993395141179 -15.579305838914111 5
      vertex -12.18260825027733 -14.01714955963009 5
      vertex -12.24076118445749 -14.079238815542514 5
    endloop
  endfacet
  facet normal 0 0 1
    outer loop
      vertex -10.65993395141179 -15.579305838914111 5
      vertex -12.128640657621395 -13.951389857711337 5
      vertex -12.18260825027733 -14.01714955963009 5
    endloop
  endfacet
  facet normal 0 0 1
    outer loop
      vertex -10.65993395141179 -15.579305838914111 5
      vertex -12.079089504006692 -13.882241302925483 5
      vertex -12.128640657621395 -13.951389857711337 5
    endloop
  endfacet
  facet normal 0 0 1
    outer loop
      vertex -10.65993395141179 -15.579305838914111 5
      vertex -12.03416697508023 -13.81 5
      vertex -12.079089504006692 -13.882241302925483 5
    endloop
  endfacet
  facet normal 0 0 1
    outer loop
      vertex -10.65993395141179 -15.579305838914111 5
      vertex -11.994065436007507 -13.734975297284702 5
      vertex -12.03416697508023 -13.81 5
    endloop
  endfacet
  facet normal 0 0 1
    outer loop
      vertex -10.65993395141179 -15.579305838914111 5
      vertex -11.958956607735328 -13.657488462074618 5
      vertex -11.994065436007507 -13.734975297284702 5
    endloop
  endfacet
  facet normal 0 0 1
    outer loop
      vertex -10.65993395141179 -15.579305838914111 5
      vertex -11.928990831656362 -13.57787130489411 5
      vertex -11.958956607735328 -13.657488462074618 5
    endloop
  endfacet
  facet normal 0 0 1
    outer loop
      vertex -10.65993395141179 -15.579305838914111 5
      vertex -11.904296425824212 -13.496464758633277 5
      vertex -11.928990831656362 -13.57787130489411 5
    endloop
  endfacet
  facet normal 0 0 1
    outer loop
      vertex -10.65993395141179 -15.579305838914111 5
      vertex -11.8849791354758 -13.413617418620968 5
      vertex -11.904296425824212 -13.496464758633277 5
    endloop
  endfacet
  facet normal 0 0 1
    outer loop
      vertex -10.65993395141179 -15.579305838914111 5
      vertex -11.871121680214047 -13.329684049886067 5
      vertex -11.8849791354758 -13.413617418620968 5
    endloop
  endfacet
  facet normal 0 0 1
    outer loop
      vertex -10.65993395141179 -15.579305838914111 5
      vertex -11.862783399789816 -13.245024067999186 5
      vertex -11.871121680214047 -13.329684049886067 5
    endloop
  endfacet
  facet normal 0 0 1
    outer loop
      vertex -10.65993395141179 -15.579305838914111 5
      vertex -11.86 -13.16 5
      vertex -11.862783399789816 -13.245024067999186 5
    endloop
  endfacet
  facet normal 0 0 1
    outer loop
      vertex -10.65993395141179 -15.579305838914111 5
      vertex -11.862783399789816 -13.074975932000815 5
      vertex -11.86 -13.16 5
    endloop
  endfacet
  facet normal 0 0 1
    outer loop
      vertex -10.65993395141179 -15.579305838914111 5
      vertex -11.871121680214047 -12.990315950113933 5
      vertex -11.862783399789816 -13.074975932000815 5
    endloop
  endfacet
  facet normal 0 0 1
    outer loop
      vertex -10.65993395141179 -15.579305838914111 5
      vertex -11.958956607735328 -12.662511537925383 5
      vertex -11.928990831656362 -12.74212869510589 5
    endloop
  endfacet
  facet normal 0 0 1
    outer loop
      vertex -10.65993395141179 -15.579305838914111 5
      vertex -11.8849791354758 -12.906382581379033 5
      vertex -11.871121680214047 -12.990315950113933 5
    endloop
  endfacet
  facet normal 0 0 1
    outer loop
      vertex -10.65993395141179 -15.579305838914111 5
      vertex -11.904296425824212 -12.823535241366724 5
      vertex -11.8849791354758 -12.906382581379033 5
    endloop
  endfacet
  facet normal 0 0 1
    outer loop
      vertex -10.65993395141179 -15.579305838914111 5
      vertex -11.928990831656362 -12.74212869510589 5
      vertex -11.904296425824212 -12.823535241366724 5
    endloop
  endfacet
  facet normal 0 0 1
    outer loop
      vertex -10.701953578800772 -15.618046421199232 5
      vertex -10.65993395141179 -15.579305838914111 5
      vertex -12.24076118445749 -14.079238815542514 5
    endloop
  endfacet
  facet normal 0 0 1
    outer loop
      vertex -8.898814417272025 -13.848561885577858 5
      vertex -8.687668840775036 -13.63741630908087 5
      vertex -8.902681072170733 -11.703248950510195 5
    endloop
  endfacet
  facet normal -0.7071067811865476 0.7071067811865476 0
    outer loop
      vertex -13.63741630908087 -8.687668840775036 0
      vertex -13.63741630908087 -8.687668840775036 5
      vertex -9.094670986228255 -4.144923517922422 5
    endloop
  endfacet
  facet normal 0.7071067811865478 -0.7071067811865474 0
    outer loop
      vertex -4.144923517922423 -9.094670986228254 0
      vertex -4.144923517922423 -9.094670986228254 5
      vertex -8.687668840775036 -13.63741630908087 5
    endloop
  endfacet
  facet normal 0 0 1
    outer loop
      vertex -13.63741630908087 -8.687668840775036 5
      vertex -11.958956607735328 -12.662511537925383 5
      vertex -10.65993395141179 -15.579305838914111 5
    endloop
  endfacet
  facet normal 0 0 1
    outer loop
      vertex -13.63741630908087 -8.687668840775036 5
      vertex -12.368610142288663 -12.128640657621395 5
      vertex -12.30285044036991 -12.18260825027733 5
    endloop
  endfacet
  facet normal 0 0 1
    outer loop
      vertex -13.63741630908087 -8.687668840775036 5
      vertex -12.30285044036991 -12.18260825027733 5
      vertex -12.240761184457488 -12.240761184457488 5
    endloop
  endfacet
  facet normal 0 0 1
    outer loop
      vertex -13.63741630908087 -8.687668840775036 5
      vertex -12.18260825027733 -12.30285044036991 5
      vertex -12.128640657621395 -12.368610142288663 5
    endloop
  endfacet
  facet normal 0 0 1
    outer loop
      vertex -13.63741630908087 -8.687668840775036 5
      vertex -12.240761184457488 -12.240761184457488 5
      vertex -12.18260825027733 -12.30285044036991 5
    endloop
  endfacet
  facet normal 0 0 1
    outer loop
      vertex -13.63741630908087 -8.687668840775036 5
      vertex -12.74212869510589 -11.928990831656362 5
      vertex -12.662511537925383 -11.958956607735328 5
    endloop
  endfacet
  facet normal 0 0 1
    outer loop
      vertex -13.63741630908087 -8.687668840775036 5
      vertex -12.662511537925383 -11.958956607735328 5
      vertex -12.585024702715298 -11.994065436007507 5
    endloop
  endfacet
  facet normal 0 0 1
    outer loop
      vertex -13.63741630908087 -8.687668840775036 5
      vertex -12.585024702715298 -11.994065436007507 5
      vertex -12.51 -12.03416697508023 5
    endloop
  endfacet
  facet normal 0 0 1
    outer loop
      vertex -13.63741630908087 -8.687668840775036 5
      vertex -12.51 -12.03416697508023 5
      vertex -12.437758697074518 -12.079089504006692 5
    endloop
  endfacet
  facet normal 0 0 1
    outer loop
      vertex -13.63741630908087 -8.687668840775036 5
      vertex -12.437758697074518 -12.079089504006692 5
      vertex -12.368610142288663 -12.128640657621395 5
    endloop
  endfacet
  facet normal 0 0 1
    outer loop
      vertex -13.63741630908087 -8.687668840775036 5
      vertex -11.994065436007507 -12.585024702715298 5
      vertex -11.958956607735328 -12.662511537925383 5
    endloop
  endfacet
  facet normal 0 0 1
    outer loop
      vertex -13.63741630908087 -8.687668840775036 5
      vertex -12.079089504006692 -12.437758697074518 5
      vertex -12.03416697508023 -12.51 5
    endloop
  endfacet
  facet normal 0 0 1
    outer loop
      vertex -13.63741630908087 -8.687668840775036 5
      vertex -12.03416697508023 -12.51 5
      vertex -11.994065436007507 -12.585024702715298 5
    endloop
  endfacet
  facet normal 0 0 1
    outer loop
      vertex -13.63741630908087 -8.687668840775036 5
      vertex -12.128640657621395 -12.368610142288663 5
      vertex -12.079089504006692 -12.437758697074518 5
    endloop
  endfacet
  facet normal 0 0 1
    outer loop
      vertex -13.63741630908087 -8.687668840775036 5
      vertex -10.65993395141179 -15.579305838914111 5
      vertex -8.902681072170733 -11.703248950510195 5
    endloop
  endfacet
  facet normal 0 0 1
    outer loop
      vertex -8.687668840775036 -13.63741630908087 5
      vertex -4.144923517922423 -9.094670986228254 5
      vertex -8.902681072170733 -11.703248950510195 5
    endloop
  endfacet
  facet normal 0 0 1
    outer loop
      vertex -13.63741630908087 -8.687668840775036 5
      vertex -8.902681072170733 -11.703248950510195 5
      vertex -6.6212029139084345 -6.670883241771144 5
    endloop
  endfacet
  facet normal 0 0 1
    outer loop
      vertex -13.63741630908087 -8.687668840775036 5
      vertex -6.6212029139084345 -6.670883241771144 5
      vertex -8.67995567827097 -4.398177142408808 5
    endloop
  endfacet
  facet normal 0 0 1
    outer loop
      vertex -8.902681072170733 -11.703248950510195 5
      vertex -5.587443053322772 -7.345117332602698 5
      vertex -6.6212029139084345 -6.670883241771144 5
    endloop
  endfacet
  facet normal 0 0 1
    outer loop
      vertex -13.63741630908087 -8.687668840775036 5
      vertex -8.67995567827097 -4.398177142408808 5
      vertex -9.094670986228255 -4.144923517922422 5
    endloop
  endfacet
  facet normal 0 0 1
    outer loop
      vertex -9.094670986228255 -4.144923517922422 5
      vertex -8.67995567827097 -4.398177142408808 5
      vertex -8.968727415326882 -4.018979947021049 5
    endloop
  endfacet
  facet normal 0 0 1
    outer loop
      vertex -6.6212029139084345 -6.670883241771144 5
      vertex -7.0710678118654755 -3.0060710500965713 5
      vertex -8.67995567827097 -4.398177142408808 5
    endloop
  endfacet
  facet normal 0 0 1
    outer loop
      vertex -8.902681072170733 -11.703248950510195 5
      vertex -4.444091334197116 -8.320999023791881 5
      vertex -5.587443053322772 -7.345117332602698 5
    endloop
  endfacet
  facet normal 0 0 1
    outer loop
      vertex -8.902681072170733 -11.703248950510195 5
      vertex -4.144923517922423 -9.094670986228254 5
      vertex -4.444091334197116 -8.320999023791881 5
    endloop
  endfacet
  facet normal 0 0 1
    outer loop
      vertex -5.587443053322772 -7.345117332602698 5
      vertex -4.444091334197116 -8.320999023791881 5
      vertex -5 -6.572878920201846 5
    endloop
  endfacet
  facet normal 0 0 1
    outer loop
      vertex -4.144923517922423 -9.094670986228254 5
      vertex -4.4228869021900135 -8.304913514064152 5
      vertex -4.444091334197116 -8.320999023791881 5
    endloop
  endfacet
  facet normal 0 0 1
    outer loop
      vertex -6.6212029139084345 -6.670883241771144 5
      vertex -5.587443053322772 -7.345117332602698 5
      vertex -6.087614290087206 -5.4939212430919975 5
    endloop
  endfacet
  facet normal 0 0 -1
    outer loop
      vertex -3.214394653031616 -0.18327002958692754 0
      vertex -3.214394653031616 -0.015011327404566926 0
      vertex -1.3052619222005157 1.1944681358095637 0
    endloop
  endfacet
  facet normal 0 0 -1
    outer loop
      vertex -3.214394653031616 -0.18327002958692754 0
      vertex -1.3052619222005157 1.1944681358095637 0
      vertex -0.9496094847271588 0.9496094847271588 0
    endloop
  endfacet
  facet normal 0 0 -1
    outer loop
      vertex -3.214394653031616 -0.18327002958692754 0
      vertex -0.9496094847271588 0.9496094847271588 0
      vertex 0 0 0
    endloop
  endfacet
  facet normal 0 0 -1
    outer loop
      vertex 9.978019484660535 -16.341980515339465 0
      vertex 8.9877160184945 -11.89081460673814 0
      vertex 10.19294383204969 -16.5432791336554 0
    endloop
  endfacet
  facet normal 0 0 -1
    outer loop
      vertex 9.978019484660535 -16.341980515339465 0
      vertex 9.7767208663446 -16.12705616795031 0
      vertex 8.9877160184945 -11.89081460673814 0
    endloop
  endfacet
  facet normal 0 0 -1
    outer loop
      vertex 8.898814417272025 -14.606477593864227 0
      vertex 8.813333781699193 -14.324685702961343 0
      vertex 8.898814417272025 -13.848561885577858 0
    endloop
  endfacet
  facet normal 0 0 -1
    outer loop
      vertex 8.813333781699193 -14.324685702961343 0
      vertex 8.746466238185462 -14.037906449072578 0
      vertex 8.687668840775036 -13.63741630908087 0
    endloop
  endfacet
  facet normal 0 0 -1
    outer loop
      vertex 8.813333781699193 -14.324685702961343 0
      vertex 8.687668840775036 -13.63741630908087 0
      vertex 8.898814417272025 -13.848561885577858 0
    endloop
  endfacet
  facet normal 0 0 -1
    outer loop
      vertex 8.746466238185462 -14.037906449072578 0
      vertex 8.698498123817853 -13.747367864990233 0
      vertex 8.687668840775036 -13.63741630908087 0
    endloop
  endfacet
  facet normal 0 0 -1
    outer loop
      vertex 8.898814417272025 -14.606477593864227 0
      vertex 8.898814417272025 -13.848561885577858 0
      vertex 8.9877160184945 -11.89081460673814 0
    endloop
  endfacet
  facet normal 0 0 -1
    outer loop
      vertex 9.589909968689442 -15.899426430539243 0
      vertex 9.418386744638546 -15.66006604858821 0
      vertex 8.9877160184945 -11.89081460673814 0
    endloop
  endfacet
  facet normal 0 0 -1
    outer loop
      vertex 9.418386744638546 -15.66006604858821 0
      vertex 9.262885682970026 -15.41 0
      vertex 8.9877160184945 -11.89081460673814 0
    endloop
  endfacet
  facet normal 0 0 -1
    outer loop
      vertex 9.124072663102904 -15.150299105985507 0
      vertex 8.9877160184945 -11.89081460673814 0
      vertex 9.262885682970026 -15.41 0
    endloop
  endfacet
  facet normal 0 0 -1
    outer loop
      vertex 9.124072663102904 -15.150299105985507 0
      vertex 9.00254210369921 -14.882075445642904 0
      vertex 8.9877160184945 -11.89081460673814 0
    endloop
  endfacet
  facet normal 0 0 -1
    outer loop
      vertex 9.589909968689442 -15.899426430539243 0
      vertex 8.9877160184945 -11.89081460673814 0
      vertex 9.7767208663446 -16.12705616795031 0
    endloop
  endfacet
  facet normal 0 0 -1
    outer loop
      vertex 9.00254210369921 -14.882075445642904 0
      vertex 8.898814417272025 -14.606477593864227 0
      vertex 8.9877160184945 -11.89081460673814 0
    endloop
  endfacet
  facet normal 0 0 -1
    outer loop
      vertex 10.420573569460757 -16.73009003131056 0
      vertex 10.65993395141179 -15.579305838914111 0
      vertex 10.65993395141179 -16.901613255361454 0
    endloop
  endfacet
  facet normal 0 0 -1
    outer loop
      vertex 10.65993395141179 -16.901613255361454 0
      vertex 10.701953578800772 -15.618046421199232 0
      vertex 10.91 -17.057114317029974 0
    endloop
  endfacet
  facet normal 0 0 -1
    outer loop
      vertex 11.169700894014493 -17.195927336897096 0
      vertex 10.91 -17.057114317029974 0
      vertex 10.701953578800772 -15.618046421199232 0
    endloop
  endfacet
  facet normal 0 0 -1
    outer loop
      vertex 11.169700894014493 -17.195927336897096 0
      vertex 10.701953578800772 -15.618046421199232 0
      vertex 11.437924554357096 -17.31745789630079 0
    endloop
  endfacet
  facet normal 0 0 -1
    outer loop
      vertex 11.437924554357096 -17.31745789630079 0
      vertex 10.701953578800772 -15.618046421199232 0
      vertex 11.713522406135773 -17.421185582727976 0
    endloop
  endfacet
  facet normal 0 0 -1
    outer loop
      vertex 11.713522406135773 -17.421185582727976 0
      vertex 10.701953578800772 -15.618046421199232 0
      vertex 11.995314297038657 -17.506666218300808 0
    endloop
  endfacet
  facet normal 0 0 -1
    outer loop
      vertex 11.995314297038657 -17.506666218300808 0
      vertex 10.701953578800772 -15.618046421199232 0
      vertex 12.282093550927422 -17.573533761814538 0
    endloop
  endfacet
  facet normal 0 0 -1
    outer loop
      vertex 12.282093550927422 -17.573533761814538 0
      vertex 10.701953578800772 -15.618046421199232 0
      vertex 12.572632135009767 -17.621501876182148 0
    endloop
  endfacet
  facet normal 0 0 -1
    outer loop
      vertex 12.572632135009767 -17.621501876182148 0
      vertex 10.701953578800772 -15.618046421199232 0
      vertex 12.865685918464356 -17.650365154573716 0
    endloop
  endfacet
  facet normal 0 0 -1
    outer loop
      vertex 12.865685918464356 -17.650365154573716 0
      vertex 10.701953578800772 -15.618046421199232 0
      vertex 13.16 -17.66 0
    endloop
  endfacet
  facet normal 0 0 -1
    outer loop
      vertex 10.701953578800772 -15.618046421199232 0
      vertex 13.454314081535644 -17.650365154573716 0
      vertex 13.16 -17.66 0
    endloop
  endfacet
  facet normal 0 0 -1
    outer loop
      vertex 10.420573569460757 -16.73009003131056 0
      vertex 10.19294383204969 -16.5432791336554 0
      vertex 8.9877160184945 -11.89081460673814 0
    endloop
  endfacet
  facet normal 0 0 -1
    outer loop
      vertex 10.420573569460757 -16.73009003131056 0
      vertex 8.9877160184945 -11.89081460673814 0
      vertex 10.65993395141179 -15.579305838914111 0
    endloop
  endfacet
  facet normal 0 0 -1
    outer loop
      vertex 10.65993395141179 -16.901613255361454 0
      vertex 10.65993395141179 -15.579305838914111 0
      vertex 10.701953578800772 -15.618046421199232 0
    endloop
  endfacet
  facet normal 0 0 -1
    outer loop
      vertex 10.701953578800772 -15.618046421199232 0
      vertex 12.437758697074518 -14.240910495993308 0
      vertex 13.454314081535644 -17.650365154573716 0
    endloop
  endfacet
  facet normal 0 0 -1
    outer loop
      vertex 10.701953578800772 -15.618046421199232 0
      vertex 12.368610142288663 -14.191359342378606 0
      vertex 12.437758697074518 -14.240910495993308 0
    endloop
  endfacet
  facet normal 0 0 -1
    outer loop
      vertex 13.454314081535644 -17.650365154573716 0
      vertex 12.74212869510589 -14.391009168343638 0
      vertex 12.823535241366724 -14.415703574175788 0
    endloop
  endfacet
  facet normal 0 0 -1
    outer loop
      vertex 13.454314081535644 -17.650365154573716 0
      vertex 12.437758697074518 -14.240910495993308 0
      vertex 12.51 -14.28583302491977 0
    endloop
  endfacet
  facet normal 0 0 -1
    outer loop
      vertex 13.454314081535644 -17.650365154573716 0
      vertex 12.51 -14.28583302491977 0
      vertex 12.585024702715298 -14.325934563992494 0
    endloop
  endfacet
  facet normal 0 0 -1
    outer loop
      vertex 13.454314081535644 -17.650365154573716 0
      vertex 12.585024702715298 -14.325934563992494 0
      vertex 12.662511537925383 -14.361043392264673 0
    endloop
  endfacet
  facet normal 0 0 -1
    outer loop
      vertex 13.454314081535644 -17.650365154573716 0
      vertex 12.662511537925383 -14.361043392264673 0
      vertex 12.74212869510589 -14.391009168343638 0
    endloop
  endfacet
  facet normal 0 0 -1
    outer loop
      vertex 10.701953578800772 -15.618046421199232 0
      vertex 12.24076118445749 -14.079238815542514 0
      vertex 12.30285044036991 -14.13739174972267 0
    endloop
  endfacet
  facet normal 0 0 -1
    outer loop
      vertex 10.701953578800772 -15.618046421199232 0
      vertex 12.30285044036991 -14.13739174972267 0
      vertex 12.368610142288663 -14.191359342378606 0
    endloop
  endfacet
  facet normal -0.9359059267573264 -0.3522500479212315 -6.941396565002311e-19
    outer loop
      vertex 9.00254210369921 -14.882075445642904 0
      vertex 8.898814417272025 -14.606477593864227 5
      vertex 8.898814417272025 -14.606477593864227 0
    endloop
  endfacet
  facet normal -0.8492021815265784 -0.5280678506503685 -1.2581228468303434e-19
    outer loop
      vertex 9.418386744638546 -15.66006604858821 0
      vertex 9.262885682970026 -15.41 5
      vertex 9.262885682970026 -15.41 0
    endloop
  endfacet
  facet normal -0.7730104533627401 -0.6343932841636417 0
    outer loop
      vertex 9.589909968689442 -15.899426430539243 0
      vertex 9.7767208663446 -16.12705616795031 0
      vertex 9.589909968689442 -15.899426430539243 5
    endloop
  endfacet
  facet normal -0.8128466845916158 -0.5824776968678013 2.1522138939183667e-18
    outer loop
      vertex 9.589909968689442 -15.899426430539243 0
      vertex 9.418386744638546 -15.66006604858821 5
      vertex 9.418386744638546 -15.66006604858821 0
    endloop
  endfacet
  facet normal -0.8819212643483562 -0.47139673682599537 0
    outer loop
      vertex 9.124072663102904 -15.150299105985507 0
      vertex 9.262885682970026 -15.41 0
      vertex 9.124072663102904 -15.150299105985507 5
    endloop
  endfacet
  facet normal -0.910863824921174 -0.41270702980439866 8.263883046604628e-19
    outer loop
      vertex 9.124072663102904 -15.150299105985507 0
      vertex 9.00254210369921 -14.882075445642904 5
      vertex 9.00254210369921 -14.882075445642904 0
    endloop
  endfacet
  facet normal -0.9569403357322087 -0.2902846772544631 -7.023940757356424e-19
    outer loop
      vertex 8.898814417272025 -14.606477593864227 0
      vertex 8.813333781699193 -14.324685702961343 5
      vertex 8.813333781699193 -14.324685702961343 0
    endloop
  endfacet
  facet normal -0.9738769792773332 -0.22707626303437564 -4.470544738215552e-19
    outer loop
      vertex 8.813333781699193 -14.324685702961343 0
      vertex 8.746466238185462 -14.037906449072578 5
      vertex 8.746466238185462 -14.037906449072578 0
    endloop
  endfacet
  facet normal -0.9866433320848792 -0.16289547339458813 -1.5017985121731238e-19
    outer loop
      vertex 8.746466238185462 -14.037906449072578 0
      vertex 8.698498123817853 -13.747367864990233 5
      vertex 8.698498123817853 -13.747367864990233 0
    endloop
  endfacet
  facet normal -0.9951847266721968 -0.09801714032956074 -1.1505872352531797e-19
    outer loop
      vertex 8.698498123817853 -13.747367864990233 0
      vertex 8.687668840775036 -13.63741630908087 5
      vertex 8.687668840775036 -13.63741630908087 0
    endloop
  endfacet
  facet normal -0.6835923020228725 -0.7298640726978347 -1.8102872445028143e-18
    outer loop
      vertex 9.978019484660535 -16.341980515339465 0
      vertex 10.19294383204969 -16.5432791336554 0
      vertex 10.19294383204969 -16.5432791336554 5
    endloop
  endfacet
  facet normal -0.5824776968677973 -0.8128466845916186 -1.2586196142809076e-18
    outer loop
      vertex 10.420573569460757 -16.73009003131056 0
      vertex 10.65993395141179 -16.901613255361454 0
      vertex 10.65993395141179 -16.901613255361454 5
    endloop
  endfacet
  facet normal -0.6343932841636453 -0.773010453362737 0
    outer loop
      vertex 10.420573569460757 -16.73009003131056 0
      vertex 10.420573569460757 -16.73009003131056 5
      vertex 10.19294383204969 -16.5432791336554 0
    endloop
  endfacet
  facet normal -0.47139673682599537 -0.8819212643483562 0
    outer loop
      vertex 11.169700894014493 -17.195927336897096 0
      vertex 11.169700894014493 -17.195927336897096 5
      vertex 10.91 -17.057114317029974 0
    endloop
  endfacet
  facet normal -0.41270702980439866 -0.910863824921174 8.263883046604628e-19
    outer loop
      vertex 11.169700894014493 -17.195927336897096 0
      vertex 11.437924554357096 -17.31745789630079 0
      vertex 11.437924554357096 -17.31745789630079 5
    endloop
  endfacet
  facet normal -0.5280678506503685 -0.8492021815265784 -1.2581228468303434e-19
    outer loop
      vertex 10.65993395141179 -16.901613255361454 0
      vertex 10.91 -17.057114317029974 0
      vertex 10.91 -17.057114317029974 5
    endloop
  endfacet
  facet normal -0.3522500479212315 -0.9359059267573264 -6.941396565002311e-19
    outer loop
      vertex 11.437924554357096 -17.31745789630079 0
      vertex 11.713522406135773 -17.421185582727976 0
      vertex 11.713522406135773 -17.421185582727976 5
    endloop
  endfacet
  facet normal -0.22707626303437564 -0.9738769792773332 -4.470544738215552e-19
    outer loop
      vertex 11.995314297038657 -17.506666218300808 0
      vertex 12.282093550927422 -17.573533761814538 0
      vertex 12.282093550927422 -17.573533761814538 5
    endloop
  endfacet
  facet normal -0.2902846772544631 -0.9569403357322087 -7.023940757356424e-19
    outer loop
      vertex 11.713522406135773 -17.421185582727976 0
      vertex 11.995314297038657 -17.506666218300808 0
      vertex 11.995314297038657 -17.506666218300808 5
    endloop
  endfacet
  facet normal -0.16289547339458813 -0.9866433320848792 -1.5017985121731238e-19
    outer loop
      vertex 12.282093550927422 -17.573533761814538 0
      vertex 12.572632135009767 -17.621501876182148 0
      vertex 12.572632135009767 -17.621501876182148 5
    endloop
  endfacet
  facet normal -0.09801714032955992 -0.9951847266721969 7.783992625265318e-20
    outer loop
      vertex 12.572632135009767 -17.621501876182148 0
      vertex 12.865685918464356 -17.650365154573716 0
      vertex 12.865685918464356 -17.650365154573716 5
    endloop
  endfacet
  facet normal -0.7298640726978347 -0.6835923020228725 -1.8102872445028143e-18
    outer loop
      vertex 9.978019484660535 -16.341980515339465 0
      vertex 9.7767208663446 -16.12705616795031 5
      vertex 9.7767208663446 -16.12705616795031 0
    endloop
  endfacet
  facet normal 0 0 -1
    outer loop
      vertex 13.454314081535644 -17.650365154573716 0
      vertex 13.57787130489411 -14.391009168343638 0
      vertex 13.747367864990233 -17.621501876182148 0
    endloop
  endfacet
  facet normal 0 0 -1
    outer loop
      vertex 13.747367864990233 -17.621501876182148 0
      vertex 13.882241302925483 -14.240910495993308 0
      vertex 14.037906449072578 -17.573533761814538 0
    endloop
  endfacet
  facet normal 0 0 -1
    outer loop
      vertex 14.037906449072578 -17.573533761814538 0
      vertex 14.191359342378606 -13.951389857711337 0
      vertex 14.324685702961343 -17.506666218300808 0
    endloop
  endfacet
  facet normal 0 0 -1
    outer loop
      vertex 13.454314081535644 -17.650365154573716 0
      vertex 12.823535241366724 -14.415703574175788 0
      vertex 12.906382581379033 -14.4350208645242 0
    endloop
  endfacet
  facet normal 0 0 -1
    outer loop
      vertex 13.454314081535644 -17.650365154573716 0
      vertex 12.906382581379033 -14.4350208645242 0
      vertex 12.990315950113933 -14.448878319785953 0
    endloop
  endfacet
  facet normal 0 0 -1
    outer loop
      vertex 13.454314081535644 -17.650365154573716 0
      vertex 12.990315950113933 -14.448878319785953 0
      vertex 13.074975932000815 -14.457216600210185 0
    endloop
  endfacet
  facet normal 0 0 -1
    outer loop
      vertex 13.454314081535644 -17.650365154573716 0
      vertex 13.074975932000815 -14.457216600210185 0
      vertex 13.16 -14.46 0
    endloop
  endfacet
  facet normal 0 0 -1
    outer loop
      vertex 13.454314081535644 -17.650365154573716 0
      vertex 13.16 -14.46 0
      vertex 13.245024067999186 -14.457216600210185 0
    endloop
  endfacet
  facet normal 0 0 -1
    outer loop
      vertex 13.454314081535644 -17.650365154573716 0
      vertex 13.245024067999186 -14.457216600210185 0
      vertex 13.329684049886067 -14.448878319785953 0
    endloop
  endfacet
  facet normal 0 0 -1
    outer loop
      vertex 13.454314081535644 -17.650365154573716 0
      vertex 13.329684049886067 -14.448878319785953 0
      vertex 13.413617418620968 -14.4350208645242 0
    endloop
  endfacet
  facet normal 0 0 -1
    outer loop
      vertex 13.454314081535644 -17.650365154573716 0
      vertex 13.413617418620968 -14.4350208645242 0
      vertex 13.496464758633277 -14.415703574175788 0
    endloop
  endfacet
  facet normal 0 0 -1
    outer loop
      vertex 13.454314081535644 -17.650365154573716 0
      vertex 13.496464758633277 -14.415703574175788 0
      vertex 13.57787130489411 -14.391009168343638 0
    endloop
  endfacet
  facet normal 0 0 -1
    outer loop
      vertex 13.747367864990233 -17.621501876182148 0
      vertex 13.57787130489411 -14.391009168343638 0
      vertex 13.657488462074618 -14.361043392264673 0
    endloop
  endfacet
  facet normal 0 0 -1
    outer loop
      vertex 13.747367864990233 -17.621501876182148 0
      vertex 13.657488462074618 -14.361043392264673 0
      vertex 13.734975297284702 -14.325934563992494 0
    endloop
  endfacet
  facet normal 0 0 -1
    outer loop
      vertex 13.747367864990233 -17.621501876182148 0
      vertex 13.734975297284702 -14.325934563992494 0
      vertex 13.81 -14.28583302491977 0
    endloop
  endfacet
  facet normal 0 0 -1
    outer loop
      vertex 13.747367864990233 -17.621501876182148 0
      vertex 13.81 -14.28583302491977 0
      vertex 13.882241302925483 -14.240910495993308 0
    endloop
  endfacet
  facet normal 0 0 -1
    outer loop
      vertex 14.037906449072578 -17.573533761814538 0
      vertex 13.882241302925483 -14.240910495993308 0
      vertex 13.951389857711337 -14.191359342378606 0
    endloop
  endfacet
  facet normal 0 0 -1
    outer loop
      vertex 14.037906449072578 -17.573533761814538 0
      vertex 13.951389857711337 -14.191359342378606 0
      vertex 14.01714955963009 -14.13739174972267 0
    endloop
  endfacet
  facet normal 0 0 -1
    outer loop
      vertex 14.037906449072578 -17.573533761814538 0
      vertex 14.01714955963009 -14.13739174972267 0
      vertex 14.079238815542512 -14.079238815542512 0
    endloop
  endfacet
  facet normal 0 0 -1
    outer loop
      vertex 14.037906449072578 -17.573533761814538 0
      vertex 14.079238815542512 -14.079238815542512 0
      vertex 14.13739174972267 -14.01714955963009 0
    endloop
  endfacet
  facet normal 0 0 -1
    outer loop
      vertex 14.037906449072578 -17.573533761814538 0
      vertex 14.13739174972267 -14.01714955963009 0
      vertex 14.191359342378606 -13.951389857711337 0
    endloop
  endfacet
  facet normal 0 0 -1
    outer loop
      vertex 14.324685702961343 -17.506666218300808 0
      vertex 14.191359342378606 -13.951389857711337 0
      vertex 14.240910495993308 -13.882241302925483 0
    endloop
  endfacet
  facet normal 0 0 -1
    outer loop
      vertex 14.324685702961343 -17.506666218300808 0
      vertex 14.240910495993308 -13.882241302925483 0
      vertex 14.28583302491977 -13.81 0
    endloop
  endfacet
  facet normal 0 0 -1
    outer loop
      vertex 14.324685702961343 -17.506666218300808 0
      vertex 14.28583302491977 -13.81 0
      vertex 14.325934563992494 -13.734975297284702 0
    endloop
  endfacet
  facet normal 0 0 -1
    outer loop
      vertex 14.324685702961343 -17.506666218300808 0
      vertex 14.325934563992494 -13.734975297284702 0
      vertex 14.361043392264673 -13.657488462074618 0
    endloop
  endfacet
  facet normal 0 0 -1
    outer loop
      vertex 14.324685702961343 -17.506666218300808 0
      vertex 14.361043392264673 -13.657488462074618 0
      vertex 14.391009168343638 -13.57787130489411 0
    endloop
  endfacet
  facet normal 0 0 -1
    outer loop
      vertex 14.324685702961343 -17.506666218300808 0
      vertex 14.391009168343638 -13.57787130489411 0
      vertex 14.415703574175788 -13.496464758633277 0
    endloop
  endfacet
  facet normal 0 0 -1
    outer loop
      vertex 14.324685702961343 -17.506666218300808 0
      vertex 14.415703574175788 -13.496464758633277 0
      vertex 14.4350208645242 -13.413617418620968 0
    endloop
  endfacet
  facet normal 0 0 -1
    outer loop
      vertex 14.324685702961343 -17.506666218300808 0
      vertex 14.4350208645242 -13.413617418620968 0
      vertex 14.448878319785953 -13.329684049886067 0
    endloop
  endfacet
  facet normal 0 0 -1
    outer loop
      vertex 14.324685702961343 -17.506666218300808 0
      vertex 14.448878319785953 -13.329684049886067 0
      vertex 14.457216600210185 -13.245024067999186 0
    endloop
  endfacet
  facet normal 0 0 -1
    outer loop
      vertex 14.324685702961343 -17.506666218300808 0
      vertex 14.457216600210185 -13.245024067999186 0
      vertex 14.46 -13.16 0
    endloop
  endfacet
  facet normal 0 0 -1
    outer loop
      vertex 14.324685702961343 -17.506666218300808 0
      vertex 14.606477593864227 -8.898814417272025 0
      vertex 14.606477593864227 -17.421185582727976 0
    endloop
  endfacet
  facet normal 0 0 -1
    outer loop
      vertex 14.324685702961343 -17.506666218300808 0
      vertex 14.46 -13.16 0
      vertex 14.606477593864227 -8.898814417272025 0
    endloop
  endfacet
  facet normal 0 0 -1
    outer loop
      vertex 14.606477593864227 -17.421185582727976 0
      vertex 14.882075445642904 -9.00254210369921 0
      vertex 14.882075445642904 -17.31745789630079 0
    endloop
  endfacet
  facet normal 0 0 -1
    outer loop
      vertex 14.882075445642904 -17.31745789630079 0
      vertex 15.150299105985507 -9.124072663102904 0
      vertex 15.150299105985507 -17.195927336897096 0
    endloop
  endfacet
  facet normal 0 0 -1
    outer loop
      vertex 15.150299105985507 -17.195927336897096 0
      vertex 15.41 -9.262885682970026 0
      vertex 15.41 -17.057114317029974 0
    endloop
  endfacet
  facet normal 0 0 -1
    outer loop
      vertex 15.41 -17.057114317029974 0
      vertex 15.66006604858821 -9.418386744638546 0
      vertex 15.66006604858821 -16.901613255361454 0
    endloop
  endfacet
  facet normal 0 0 -1
    outer loop
      vertex 15.66006604858821 -16.901613255361454 0
      vertex 15.899426430539243 -9.589909968689442 0
      vertex 15.899426430539243 -16.73009003131056 0
    endloop
  endfacet
  facet normal 0 0 -1
    outer loop
      vertex 15.899426430539243 -16.73009003131056 0
      vertex 16.12705616795031 -9.7767208663446 0
      vertex 16.12705616795031 -16.5432791336554 0
    endloop
  endfacet
  facet normal 0 0 -1
    outer loop
      vertex 16.12705616795031 -16.5432791336554 0
      vertex 16.341980515339465 -9.978019484660535 0
      vertex 16.341980515339465 -16.341980515339465 0
    endloop
  endfacet
  facet normal 0 0 -1
    outer loop
      vertex 16.341980515339465 -16.341980515339465 0
      vertex 16.5432791336554 -10.19294383204969 0
      vertex 16.5432791336554 -16.12705616795031 0
    endloop
  endfacet
  facet normal 0 0 -1
    outer loop
      vertex 16.5432791336554 -16.12705616795031 0
      vertex 16.73009003131056 -10.420573569460757 0
      vertex 16.73009003131056 -15.899426430539243 0
    endloop
  endfacet
  facet normal 0 0 -1
    outer loop
      vertex 16.73009003131056 -15.899426430539243 0
      vertex 16.901613255361454 -10.65993395141179 0
      vertex 16.901613255361454 -15.66006604858821 0
    endloop
  endfacet
  facet normal 0 0 -1
    outer loop
      vertex 16.901613255361454 -15.66006604858821 0
      vertex 17.057114317029974 -10.91 0
      vertex 17.057114317029974 -15.41 0
    endloop
  endfacet
  facet normal 0 0 -1
    outer loop
      vertex 17.057114317029974 -15.41 0
      vertex 17.195927336897096 -11.169700894014493 0
      vertex 17.195927336897096 -15.150299105985507 0
    endloop
  endfacet
  facet normal 0 0 -1
    outer loop
      vertex 17.195927336897096 -15.150299105985507 0
      vertex 17.31745789630079 -11.437924554357096 0
      vertex 17.31745789630079 -14.882075445642904 0
    endloop
  endfacet
  facet normal 0 0 -1
    outer loop
      vertex 17.31745789630079 -14.882075445642904 0
      vertex 17.421185582727976 -11.713522406135773 0
      vertex 17.421185582727976 -14.606477593864227 0
    endloop
  endfacet
  facet normal 0 0 -1
    outer loop
      vertex 17.421185582727976 -14.606477593864227 0
      vertex 17.506666218300808 -11.995314297038657 0
      vertex 17.506666218300808 -14.324685702961343 0
    endloop
  endfacet
  facet normal 0 0 -1
    outer loop
      vertex 17.506666218300808 -14.324685702961343 0
      vertex 17.573533761814538 -12.282093550927422 0
      vertex 17.573533761814538 -14.037906449072578 0
    endloop
  endfacet
  facet normal 0 0 -1
    outer loop
      vertex 17.573533761814538 -14.037906449072578 0
      vertex 17.621501876182148 -12.572632135009767 0
      vertex 17.621501876182148 -13.747367864990233 0
    endloop
  endfacet
  facet normal 0 0 -1
    outer loop
      vertex 17.621501876182148 -13.747367864990233 0
      vertex 17.650365154573716 -12.865685918464356 0
      vertex 17.650365154573716 -13.454314081535644 0
    endloop
  endfacet
  facet normal 0 0 -1
    outer loop
      vertex 17.650365154573716 -13.454314081535644 0
      vertex 17.650365154573716 -12.865685918464356 0
      vertex 17.66 -13.16 0
    endloop
  endfacet
  facet normal 0 0 -1
    outer loop
      vertex 17.621501876182148 -13.747367864990233 0
      vertex 17.621501876182148 -12.572632135009767 0
      vertex 17.650365154573716 -12.865685918464356 0
    endloop
  endfacet
  facet normal -0.03271908282177466 -0.9994645874763657 4.130962977804342e-20
    outer loop
      vertex 12.865685918464356 -17.650365154573716 0
      vertex 13.16 -17.66 0
      vertex 13.16 -17.66 5
    endloop
  endfacet
  facet normal 0.03271908282177466 -0.9994645874763657 -4.130962977804342e-20
    outer loop
      vertex 13.16 -17.66 0
      vertex 13.454314081535644 -17.650365154573716 0
      vertex 13.454314081535644 -17.650365154573716 5
    endloop
  endfacet
  facet normal 0.09801714032955992 -0.9951847266721969 -7.783992625265318e-20
    outer loop
      vertex 13.454314081535644 -17.650365154573716 0
      vertex 13.747367864990233 -17.621501876182148 0
      vertex 13.747367864990233 -17.621501876182148 5
    endloop
  endfacet
  facet normal 0.16289547339458813 -0.9866433320848792 1.5017985121731238e-19
    outer loop
      vertex 13.747367864990233 -17.621501876182148 0
      vertex 14.037906449072578 -17.573533761814538 0
      vertex 14.037906449072578 -17.573533761814538 5
    endloop
  endfacet
  facet normal 0.22707626303437564 -0.9738769792773332 4.470544738215552e-19
    outer loop
      vertex 14.037906449072578 -17.573533761814538 0
      vertex 14.324685702961343 -17.506666218300808 0
      vertex 14.324685702961343 -17.506666218300808 5
    endloop
  endfacet
  facet normal 0.2902846772544631 -0.9569403357322087 7.023940757356424e-19
    outer loop
      vertex 14.324685702961343 -17.506666218300808 0
      vertex 14.606477593864227 -17.421185582727976 0
      vertex 14.606477593864227 -17.421185582727976 5
    endloop
  endfacet
  facet normal 0.3522500479212315 -0.9359059267573264 6.941396565002311e-19
    outer loop
      vertex 14.606477593864227 -17.421185582727976 0
      vertex 14.882075445642904 -17.31745789630079 0
      vertex 14.882075445642904 -17.31745789630079 5
    endloop
  endfacet
  facet normal 0.41270702980439866 -0.910863824921174 -8.263883046604628e-19
    outer loop
      vertex 14.882075445642904 -17.31745789630079 0
      vertex 15.150299105985507 -17.195927336897096 0
      vertex 15.150299105985507 -17.195927336897096 5
    endloop
  endfacet
  facet normal 0.47139673682599537 -0.8819212643483562 9.748689707187262e-19
    outer loop
      vertex 15.150299105985507 -17.195927336897096 0
      vertex 15.41 -17.057114317029974 0
      vertex 15.41 -17.057114317029974 5
    endloop
  endfacet
  facet normal 0.5280678506503685 -0.8492021815265784 1.2581228468303434e-19
    outer loop
      vertex 15.41 -17.057114317029974 0
      vertex 15.66006604858821 -16.901613255361454 0
      vertex 15.66006604858821 -16.901613255361454 5
    endloop
  endfacet
  facet normal 0.5824776968677973 -0.8128466845916186 1.2586196142809076e-18
    outer loop
      vertex 15.66006604858821 -16.901613255361454 0
      vertex 15.899426430539243 -16.73009003131056 0
      vertex 15.899426430539243 -16.73009003131056 5
    endloop
  endfacet
  facet normal 0.6343932841636453 -0.773010453362737 -1.3808778048524674e-18
    outer loop
      vertex 15.899426430539243 -16.73009003131056 0
      vertex 16.12705616795031 -16.5432791336554 0
      vertex 16.12705616795031 -16.5432791336554 5
    endloop
  endfacet
  facet normal 0.6835923020228725 -0.7298640726978347 1.8102872445028143e-18
    outer loop
      vertex 16.12705616795031 -16.5432791336554 0
      vertex 16.341980515339465 -16.341980515339465 0
      vertex 16.341980515339465 -16.341980515339465 5
    endloop
  endfacet
  facet normal 0.7298640726978347 -0.6835923020228725 0
    outer loop
      vertex 16.341980515339465 -16.341980515339465 0
      vertex 16.5432791336554 -16.12705616795031 0
      vertex 16.341980515339465 -16.341980515339465 5
    endloop
  endfacet
  facet normal 0.773010453362737 -0.6343932841636453 0
    outer loop
      vertex 16.5432791336554 -16.12705616795031 0
      vertex 16.73009003131056 -15.899426430539243 0
      vertex 16.5432791336554 -16.12705616795031 5
    endloop
  endfacet
  facet normal 0.8128466845916186 -0.5824776968677973 0
    outer loop
      vertex 16.73009003131056 -15.899426430539243 0
      vertex 16.901613255361454 -15.66006604858821 0
      vertex 16.73009003131056 -15.899426430539243 5
    endloop
  endfacet
  facet normal 0.8492021815265784 -0.5280678506503685 0
    outer loop
      vertex 16.901613255361454 -15.66006604858821 0
      vertex 17.057114317029974 -15.41 0
      vertex 16.901613255361454 -15.66006604858821 5
    endloop
  endfacet
  facet normal 0.8819212643483562 -0.47139673682599537 0
    outer loop
      vertex 17.057114317029974 -15.41 0
      vertex 17.195927336897096 -15.150299105985507 0
      vertex 17.057114317029974 -15.41 5
    endloop
  endfacet
  facet normal 0.910863824921174 -0.41270702980439866 0
    outer loop
      vertex 17.195927336897096 -15.150299105985507 0
      vertex 17.31745789630079 -14.882075445642904 0
      vertex 17.195927336897096 -15.150299105985507 5
    endloop
  endfacet
  facet normal 0.9359059267573264 -0.3522500479212315 0
    outer loop
      vertex 17.31745789630079 -14.882075445642904 0
      vertex 17.421185582727976 -14.606477593864227 0
      vertex 17.31745789630079 -14.882075445642904 5
    endloop
  endfacet
  facet normal 0.9569403357322087 -0.2902846772544631 0
    outer loop
      vertex 17.421185582727976 -14.606477593864227 0
      vertex 17.506666218300808 -14.324685702961343 0
      vertex 17.421185582727976 -14.606477593864227 5
    endloop
  endfacet
  facet normal 0.9738769792773332 -0.22707626303437564 0
    outer loop
      vertex 17.506666218300808 -14.324685702961343 0
      vertex 17.573533761814538 -14.037906449072578 0
      vertex 17.506666218300808 -14.324685702961343 5
    endloop
  endfacet
  facet normal 0.9866433320848792 -0.16289547339458813 0
    outer loop
      vertex 17.573533761814538 -14.037906449072578 0
      vertex 17.621501876182148 -13.747367864990233 0
      vertex 17.573533761814538 -14.037906449072578 5
    endloop
  endfacet
  facet normal 0.9951847266721969 -0.09801714032955992 0
    outer loop
      vertex 17.621501876182148 -13.747367864990233 0
      vertex 17.650365154573716 -13.454314081535644 0
      vertex 17.621501876182148 -13.747367864990233 5
    endloop
  endfacet
  facet normal 0.9994645874763657 -0.03271908282177466 0
    outer loop
      vertex 17.650365154573716 -13.454314081535644 0
      vertex 17.66 -13.16 0
      vertex 17.650365154573716 -13.454314081535644 5
    endloop
  endfacet
  facet normal 0.9994645874763657 0.03271908282177466 0
    outer loop
      vertex 17.66 -13.16 0
      vertex 17.650365154573716 -12.865685918464356 0
      vertex 17.66 -13.16 5
    endloop
  endfacet
  facet normal 0 0 -1
    outer loop
      vertex 14.606477593864227 -8.898814417272025 0
      vertex 14.391009168343638 -12.74212869510589 0
      vertex 14.361043392264673 -12.662511537925383 0
    endloop
  endfacet
  facet normal 0 0 -1
    outer loop
      vertex 14.606477593864227 -8.898814417272025 0
      vertex 14.46 -13.16 0
      vertex 14.457216600210185 -13.074975932000815 0
    endloop
  endfacet
  facet normal 0 0 -1
    outer loop
      vertex 14.606477593864227 -8.898814417272025 0
      vertex 14.457216600210185 -13.074975932000815 0
      vertex 14.448878319785953 -12.990315950113933 0
    endloop
  endfacet
  facet normal 0 0 -1
    outer loop
      vertex 14.606477593864227 -8.898814417272025 0
      vertex 14.448878319785953 -12.990315950113933 0
      vertex 14.4350208645242 -12.906382581379033 0
    endloop
  endfacet
  facet normal 0 0 -1
    outer loop
      vertex 14.606477593864227 -8.898814417272025 0
      vertex 14.4350208645242 -12.906382581379033 0
      vertex 14.415703574175788 -12.823535241366724 0
    endloop
  endfacet
  facet normal 0 0 -1
    outer loop
      vertex 14.606477593864227 -8.898814417272025 0
      vertex 14.415703574175788 -12.823535241366724 0
      vertex 14.391009168343638 -12.74212869510589 0
    endloop
  endfacet
  facet normal 0 0 -1
    outer loop
      vertex 13.747367864990233 -8.698498123817853 0
      vertex 13.496464758633277 -11.904296425824212 0
      vertex 13.496447299224823 -11.904292354861132 0
    endloop
  endfacet
  facet normal 0 0 -1
    outer loop
      vertex 13.747367864990233 -8.698498123817853 0
      vertex 13.57787130489411 -11.928990831656362 0
      vertex 13.496464758633277 -11.904296425824212 0
    endloop
  endfacet
  facet normal 0 0 -1
    outer loop
      vertex 13.747367864990233 -8.698498123817853 0
      vertex 13.657488462074618 -11.958956607735328 0
      vertex 13.57787130489411 -11.928990831656362 0
    endloop
  endfacet
  facet normal 0 0 -1
    outer loop
      vertex 13.747367864990233 -8.698498123817853 0
      vertex 13.734975297284702 -11.994065436007507 0
      vertex 13.657488462074618 -11.958956607735328 0
    endloop
  endfacet
  facet normal 0 0 -1
    outer loop
      vertex 13.747367864990233 -8.698498123817853 0
      vertex 14.037906449072578 -8.746466238185462 0
      vertex 13.734975297284702 -11.994065436007507 0
    endloop
  endfacet
  facet normal 0 0 -1
    outer loop
      vertex 14.037906449072578 -8.746466238185462 0
      vertex 14.01714955963009 -12.18260825027733 0
      vertex 13.951389857711337 -12.128640657621395 0
    endloop
  endfacet
  facet normal 0 0 -1
    outer loop
      vertex 14.324685702961343 -8.813333781699193 0
      vertex 14.240910495993308 -12.437758697074518 0
      vertex 14.191359342378606 -12.368610142288663 0
    endloop
  endfacet
  facet normal 0 0 -1
    outer loop
      vertex 14.324685702961343 -8.813333781699193 0
      vertex 14.079238815542512 -12.240761184457488 0
      vertex 14.01714955963009 -12.18260825027733 0
    endloop
  endfacet
  facet normal 0 0 -1
    outer loop
      vertex 14.324685702961343 -8.813333781699193 0
      vertex 14.13739174972267 -12.30285044036991 0
      vertex 14.079238815542512 -12.240761184457488 0
    endloop
  endfacet
  facet normal 0 0 -1
    outer loop
      vertex 14.324685702961343 -8.813333781699193 0
      vertex 14.191359342378606 -12.368610142288663 0
      vertex 14.13739174972267 -12.30285044036991 0
    endloop
  endfacet
  facet normal 0 0 -1
    outer loop
      vertex 14.037906449072578 -8.746466238185462 0
      vertex 13.81 -12.03416697508023 0
      vertex 13.734975297284702 -11.994065436007507 0
    endloop
  endfacet
  facet normal 0 0 -1
    outer loop
      vertex 14.037906449072578 -8.746466238185462 0
      vertex 13.882241302925483 -12.079089504006692 0
      vertex 13.81 -12.03416697508023 0
    endloop
  endfacet
  facet normal 0 0 -1
    outer loop
      vertex 14.037906449072578 -8.746466238185462 0
      vertex 13.951389857711337 -12.128640657621395 0
      vertex 13.882241302925483 -12.079089504006692 0
    endloop
  endfacet
  facet normal 0 0 -1
    outer loop
      vertex 14.324685702961343 -8.813333781699193 0
      vertex 14.28583302491977 -12.51 0
      vertex 14.240910495993308 -12.437758697074518 0
    endloop
  endfacet
  facet normal 0 0 -1
    outer loop
      vertex 14.606477593864227 -8.898814417272025 0
      vertex 14.325934563992494 -12.585024702715298 0
      vertex 14.28583302491977 -12.51 0
    endloop
  endfacet
  facet normal 0 0 -1
    outer loop
      vertex 14.606477593864227 -8.898814417272025 0
      vertex 14.361043392264673 -12.662511537925383 0
      vertex 14.325934563992494 -12.585024702715298 0
    endloop
  endfacet
  facet normal 0 0 -1
    outer loop
      vertex 14.037906449072578 -8.746466238185462 0
      vertex 14.324685702961343 -8.813333781699193 0
      vertex 14.01714955963009 -12.18260825027733 0
    endloop
  endfacet
  facet normal 0 0 -1
    outer loop
      vertex 14.324685702961343 -8.813333781699193 0
      vertex 14.606477593864227 -8.898814417272025 0
      vertex 14.28583302491977 -12.51 0
    endloop
  endfacet
  facet normal 0 0 -1
    outer loop
      vertex 14.882075445642904 -17.31745789630079 0
      vertex 14.882075445642904 -9.00254210369921 0
      vertex 15.150299105985507 -9.124072663102904 0
    endloop
  endfacet
  facet normal 0 0 -1
    outer loop
      vertex 14.606477593864227 -17.421185582727976 0
      vertex 14.606477593864227 -8.898814417272025 0
      vertex 14.882075445642904 -9.00254210369921 0
    endloop
  endfacet
  facet normal 0 0 -1
    outer loop
      vertex 15.150299105985507 -17.195927336897096 0
      vertex 15.150299105985507 -9.124072663102904 0
      vertex 15.41 -9.262885682970026 0
    endloop
  endfacet
  facet normal 0 0 -1
    outer loop
      vertex 15.41 -17.057114317029974 0
      vertex 15.41 -9.262885682970026 0
      vertex 15.66006604858821 -9.418386744638546 0
    endloop
  endfacet
  facet normal 0 0 -1
    outer loop
      vertex 15.66006604858821 -16.901613255361454 0
      vertex 15.66006604858821 -9.418386744638546 0
      vertex 15.899426430539243 -9.589909968689442 0
    endloop
  endfacet
  facet normal 0 0 -1
    outer loop
      vertex 15.899426430539243 -16.73009003131056 0
      vertex 15.899426430539243 -9.589909968689442 0
      vertex 16.12705616795031 -9.7767208663446 0
    endloop
  endfacet
  facet normal 0 0 -1
    outer loop
      vertex 16.12705616795031 -16.5432791336554 0
      vertex 16.12705616795031 -9.7767208663446 0
      vertex 16.341980515339465 -9.978019484660535 0
    endloop
  endfacet
  facet normal 0 0 -1
    outer loop
      vertex 13.63741630908087 -8.687668840775036 0
      vertex 13.747367864990233 -8.698498123817853 0
      vertex 13.496447299224823 -11.904292354861132 0
    endloop
  endfacet
  facet normal 0 0 -1
    outer loop
      vertex 16.5432791336554 -16.12705616795031 0
      vertex 16.5432791336554 -10.19294383204969 0
      vertex 16.73009003131056 -10.420573569460757 0
    endloop
  endfacet
  facet normal 0 0 -1
    outer loop
      vertex 16.73009003131056 -15.899426430539243 0
      vertex 16.73009003131056 -10.420573569460757 0
      vertex 16.901613255361454 -10.65993395141179 0
    endloop
  endfacet
  facet normal 0 0 -1
    outer loop
      vertex 17.057114317029974 -15.41 0
      vertex 17.057114317029974 -10.91 0
      vertex 17.195927336897096 -11.169700894014493 0
    endloop
  endfacet
  facet normal 0 0 -1
    outer loop
      vertex 16.901613255361454 -15.66006604858821 0
      vertex 16.901613255361454 -10.65993395141179 0
      vertex 17.057114317029974 -10.91 0
    endloop
  endfacet
  facet normal 0 0 -1
    outer loop
      vertex 16.341980515339465 -16.341980515339465 0
      vertex 16.341980515339465 -9.978019484660535 0
      vertex 16.5432791336554 -10.19294383204969 0
    endloop
  endfacet
  facet normal 0 0 -1
    outer loop
      vertex 17.31745789630079 -14.882075445642904 0
      vertex 17.31745789630079 -11.437924554357096 0
      vertex 17.421185582727976 -11.713522406135773 0
    endloop
  endfacet
  facet normal 0 0 -1
    outer loop
      vertex 17.421185582727976 -14.606477593864227 0
      vertex 17.421185582727976 -11.713522406135773 0
      vertex 17.506666218300808 -11.995314297038657 0
    endloop
  endfacet
  facet normal 0 0 -1
    outer loop
      vertex 17.195927336897096 -15.150299105985507 0
      vertex 17.195927336897096 -11.169700894014493 0
      vertex 17.31745789630079 -11.437924554357096 0
    endloop
  endfacet
  facet normal 0 0 -1
    outer loop
      vertex 17.573533761814538 -14.037906449072578 0
      vertex 17.573533761814538 -12.282093550927422 0
      vertex 17.621501876182148 -12.572632135009767 0
    endloop
  endfacet
  facet normal 0 0 -1
    outer loop
      vertex 17.506666218300808 -14.324685702961343 0
      vertex 17.506666218300808 -11.995314297038657 0
      vertex 17.573533761814538 -12.282093550927422 0
    endloop
  endfacet
  facet normal 0.6835923020228725 0.7298640726978347 0
    outer loop
      vertex 16.12705616795031 -9.7767208663446 0
      vertex 16.12705616795031 -9.7767208663446 5
      vertex 16.341980515339465 -9.978019484660535 0
    endloop
  endfacet
  facet normal 0.09801714032956074 0.9951847266721968 -1.1505872352531797e-19
    outer loop
      vertex 13.63741630908087 -8.687668840775036 0
      vertex 13.747367864990233 -8.698498123817853 5
      vertex 13.747367864990233 -8.698498123817853 0
    endloop
  endfacet
  facet normal 0.16289547339458813 0.9866433320848792 0
    outer loop
      vertex 13.747367864990233 -8.698498123817853 0
      vertex 13.747367864990233 -8.698498123817853 5
      vertex 14.037906449072578 -8.746466238185462 0
    endloop
  endfacet
  facet normal 0.22707626303437564 0.9738769792773332 0
    outer loop
      vertex 14.037906449072578 -8.746466238185462 0
      vertex 14.037906449072578 -8.746466238185462 5
      vertex 14.324685702961343 -8.813333781699193 0
    endloop
  endfacet
  facet normal 0.2902846772544631 0.9569403357322087 0
    outer loop
      vertex 14.324685702961343 -8.813333781699193 0
      vertex 14.324685702961343 -8.813333781699193 5
      vertex 14.606477593864227 -8.898814417272025 0
    endloop
  endfacet
  facet normal 0.41270702980439866 0.910863824921174 0
    outer loop
      vertex 14.882075445642904 -9.00254210369921 0
      vertex 14.882075445642904 -9.00254210369921 5
      vertex 15.150299105985507 -9.124072663102904 0
    endloop
  endfacet
  facet normal 0.47139673682599537 0.8819212643483562 0
    outer loop
      vertex 15.150299105985507 -9.124072663102904 0
      vertex 15.150299105985507 -9.124072663102904 5
      vertex 15.41 -9.262885682970026 0
    endloop
  endfacet
  facet normal 0.3522500479212315 0.9359059267573264 0
    outer loop
      vertex 14.606477593864227 -8.898814417272025 0
      vertex 14.606477593864227 -8.898814417272025 5
      vertex 14.882075445642904 -9.00254210369921 0
    endloop
  endfacet
  facet normal 0.5824776968678013 0.8128466845916158 0
    outer loop
      vertex 15.66006604858821 -9.418386744638546 0
      vertex 15.66006604858821 -9.418386744638546 5
      vertex 15.899426430539243 -9.589909968689442 0
    endloop
  endfacet
  facet normal 0.5280678506503685 0.8492021815265784 0
    outer loop
      vertex 15.41 -9.262885682970026 0
      vertex 15.41 -9.262885682970026 5
      vertex 15.66006604858821 -9.418386744638546 0
    endloop
  endfacet
  facet normal 0.6343932841636417 0.7730104533627401 -2.044306110644639e-18
    outer loop
      vertex 16.12705616795031 -9.7767208663446 0
      vertex 15.899426430539243 -9.589909968689442 0
      vertex 15.899426430539243 -9.589909968689442 5
    endloop
  endfacet
  facet normal 0.9951847266721969 0.09801714032955992 0
    outer loop
      vertex 17.650365154573716 -12.865685918464356 0
      vertex 17.621501876182148 -12.572632135009767 0
      vertex 17.650365154573716 -12.865685918464356 5
    endloop
  endfacet
  facet normal 0.9866433320848792 0.16289547339458813 0
    outer loop
      vertex 17.621501876182148 -12.572632135009767 0
      vertex 17.573533761814538 -12.282093550927422 0
      vertex 17.621501876182148 -12.572632135009767 5
    endloop
  endfacet
  facet normal 0.9569403357322087 0.2902846772544631 0
    outer loop
      vertex 17.506666218300808 -11.995314297038657 0
      vertex 17.421185582727976 -11.713522406135773 0
      vertex 17.506666218300808 -11.995314297038657 5
    endloop
  endfacet
  facet normal 0.9359059267573264 0.3522500479212315 0
    outer loop
      vertex 17.421185582727976 -11.713522406135773 0
      vertex 17.31745789630079 -11.437924554357096 0
      vertex 17.421185582727976 -11.713522406135773 5
    endloop
  endfacet
  facet normal 0.9738769792773332 0.22707626303437564 0
    outer loop
      vertex 17.573533761814538 -12.282093550927422 0
      vertex 17.506666218300808 -11.995314297038657 0
      vertex 17.573533761814538 -12.282093550927422 5
    endloop
  endfacet
  facet normal 0.8492021815265784 0.5280678506503685 0
    outer loop
      vertex 17.057114317029974 -10.91 0
      vertex 16.901613255361454 -10.65993395141179 0
      vertex 17.057114317029974 -10.91 5
    endloop
  endfacet
  facet normal 0.773010453362737 0.6343932841636453 1.3808778048524674e-18
    outer loop
      vertex 16.5432791336554 -10.19294383204969 0
      vertex 16.73009003131056 -10.420573569460757 5
      vertex 16.73009003131056 -10.420573569460757 0
    endloop
  endfacet
  facet normal 0.7298640726978347 0.6835923020228725 0
    outer loop
      vertex 16.5432791336554 -10.19294383204969 0
      vertex 16.341980515339465 -9.978019484660535 0
      vertex 16.5432791336554 -10.19294383204969 5
    endloop
  endfacet
  facet normal 0.8128466845916186 0.5824776968677973 0
    outer loop
      vertex 16.901613255361454 -10.65993395141179 0
      vertex 16.73009003131056 -10.420573569460757 0
      vertex 16.901613255361454 -10.65993395141179 5
    endloop
  endfacet
  facet normal 0.910863824921174 0.41270702980439866 0
    outer loop
      vertex 17.31745789630079 -11.437924554357096 0
      vertex 17.195927336897096 -11.169700894014493 0
      vertex 17.31745789630079 -11.437924554357096 5
    endloop
  endfacet
  facet normal 0.8819212643483562 0.47139673682599537 -9.748689707187262e-19
    outer loop
      vertex 17.057114317029974 -10.91 0
      vertex 17.195927336897096 -11.169700894014493 5
      vertex 17.195927336897096 -11.169700894014493 0
    endloop
  endfacet
  facet normal -0.8492021815265784 -0.5280678506503685 0
    outer loop
      vertex 9.418386744638546 -15.66006604858821 0
      vertex 9.418386744638546 -15.66006604858821 5
      vertex 9.262885682970026 -15.41 5
    endloop
  endfacet
  facet normal -0.7730104533627401 -0.6343932841636417 0
    outer loop
      vertex 9.7767208663446 -16.12705616795031 0
      vertex 9.7767208663446 -16.12705616795031 5
      vertex 9.589909968689442 -15.899426430539243 5
    endloop
  endfacet
  facet normal -0.8128466845916158 -0.5824776968678013 0
    outer loop
      vertex 9.589909968689442 -15.899426430539243 0
      vertex 9.589909968689442 -15.899426430539243 5
      vertex 9.418386744638546 -15.66006604858821 5
    endloop
  endfacet
  facet normal -0.8819212643483562 -0.47139673682599537 0
    outer loop
      vertex 9.262885682970026 -15.41 0
      vertex 9.262885682970026 -15.41 5
      vertex 9.124072663102904 -15.150299105985507 5
    endloop
  endfacet
  facet normal -0.910863824921174 -0.41270702980439866 0
    outer loop
      vertex 9.124072663102904 -15.150299105985507 0
      vertex 9.124072663102904 -15.150299105985507 5
      vertex 9.00254210369921 -14.882075445642904 5
    endloop
  endfacet
  facet normal -0.9359059267573264 -0.3522500479212315 0
    outer loop
      vertex 9.00254210369921 -14.882075445642904 0
      vertex 9.00254210369921 -14.882075445642904 5
      vertex 8.898814417272025 -14.606477593864227 5
    endloop
  endfacet
  facet normal -0.9569403357322087 -0.2902846772544631 0
    outer loop
      vertex 8.898814417272025 -14.606477593864227 0
      vertex 8.898814417272025 -14.606477593864227 5
      vertex 8.813333781699193 -14.324685702961343 5
    endloop
  endfacet
  facet normal -0.9866433320848792 -0.16289547339458813 0
    outer loop
      vertex 8.746466238185462 -14.037906449072578 0
      vertex 8.746466238185462 -14.037906449072578 5
      vertex 8.698498123817853 -13.747367864990233 5
    endloop
  endfacet
  facet normal -0.9738769792773332 -0.22707626303437564 0
    outer loop
      vertex 8.813333781699193 -14.324685702961343 0
      vertex 8.813333781699193 -14.324685702961343 5
      vertex 8.746466238185462 -14.037906449072578 5
    endloop
  endfacet
  facet normal -0.9951847266721968 -0.09801714032956074 0
    outer loop
      vertex 8.698498123817853 -13.747367864990233 0
      vertex 8.698498123817853 -13.747367864990233 5
      vertex 8.687668840775036 -13.63741630908087 5
    endloop
  endfacet
  facet normal -0.6835923020228725 -0.7298640726978347 0
    outer loop
      vertex 9.978019484660535 -16.341980515339465 0
      vertex 10.19294383204969 -16.5432791336554 5
      vertex 9.978019484660535 -16.341980515339465 5
    endloop
  endfacet
  facet normal -0.5824776968677973 -0.8128466845916186 0
    outer loop
      vertex 10.420573569460757 -16.73009003131056 0
      vertex 10.65993395141179 -16.901613255361454 5
      vertex 10.420573569460757 -16.73009003131056 5
    endloop
  endfacet
  facet normal -0.6343932841636453 -0.773010453362737 0
    outer loop
      vertex 10.19294383204969 -16.5432791336554 0
      vertex 10.420573569460757 -16.73009003131056 5
      vertex 10.19294383204969 -16.5432791336554 5
    endloop
  endfacet
  facet normal -0.41270702980439866 -0.910863824921174 0
    outer loop
      vertex 11.169700894014493 -17.195927336897096 0
      vertex 11.437924554357096 -17.31745789630079 5
      vertex 11.169700894014493 -17.195927336897096 5
    endloop
  endfacet
  facet normal -0.5280678506503685 -0.8492021815265784 0
    outer loop
      vertex 10.65993395141179 -16.901613255361454 0
      vertex 10.91 -17.057114317029974 5
      vertex 10.65993395141179 -16.901613255361454 5
    endloop
  endfacet
  facet normal -0.47139673682599537 -0.8819212643483562 0
    outer loop
      vertex 10.91 -17.057114317029974 0
      vertex 11.169700894014493 -17.195927336897096 5
      vertex 10.91 -17.057114317029974 5
    endloop
  endfacet
  facet normal -0.3522500479212315 -0.9359059267573264 0
    outer loop
      vertex 11.437924554357096 -17.31745789630079 0
      vertex 11.713522406135773 -17.421185582727976 5
      vertex 11.437924554357096 -17.31745789630079 5
    endloop
  endfacet
  facet normal -0.2902846772544631 -0.9569403357322087 0
    outer loop
      vertex 11.713522406135773 -17.421185582727976 0
      vertex 11.995314297038657 -17.506666218300808 5
      vertex 11.713522406135773 -17.421185582727976 5
    endloop
  endfacet
  facet normal -0.22707626303437564 -0.9738769792773332 0
    outer loop
      vertex 11.995314297038657 -17.506666218300808 0
      vertex 12.282093550927422 -17.573533761814538 5
      vertex 11.995314297038657 -17.506666218300808 5
    endloop
  endfacet
  facet normal -0.16289547339458813 -0.9866433320848792 0
    outer loop
      vertex 12.282093550927422 -17.573533761814538 0
      vertex 12.572632135009767 -17.621501876182148 5
      vertex 12.282093550927422 -17.573533761814538 5
    endloop
  endfacet
  facet normal -0.09801714032955992 -0.9951847266721969 0
    outer loop
      vertex 12.572632135009767 -17.621501876182148 0
      vertex 12.865685918464356 -17.650365154573716 5
      vertex 12.572632135009767 -17.621501876182148 5
    endloop
  endfacet
  facet normal -0.03271908282177466 -0.9994645874763657 0
    outer loop
      vertex 12.865685918464356 -17.650365154573716 0
      vertex 13.16 -17.66 5
      vertex 12.865685918464356 -17.650365154573716 5
    endloop
  endfacet
  facet normal -0.7298640726978347 -0.6835923020228725 0
    outer loop
      vertex 9.978019484660535 -16.341980515339465 0
      vertex 9.978019484660535 -16.341980515339465 5
      vertex 9.7767208663446 -16.12705616795031 5
    endloop
  endfacet
  facet normal 0 0 1
    outer loop
      vertex 9.124072663102904 -15.150299105985507 5
      vertex 9.262885682970026 -15.41 5
      vertex 10.65993395141179 -15.609681419717624 5
    endloop
  endfacet
  facet normal 0 0 1
    outer loop
      vertex 9.124072663102904 -15.150299105985507 5
      vertex 10.65993395141179 -15.609681419717624 5
      vertex 9.00254210369921 -14.882075445642904 5
    endloop
  endfacet
  facet normal 0 0 1
    outer loop
      vertex 9.00254210369921 -14.882075445642904 5
      vertex 10.65993395141179 -15.609681419717624 5
      vertex 8.898814417272025 -14.606477593864227 5
    endloop
  endfacet
  facet normal 0 0 1
    outer loop
      vertex 8.898814417272025 -14.606477593864227 5
      vertex 10.65993395141179 -15.609681419717624 5
      vertex 8.813333781699193 -14.324685702961343 5
    endloop
  endfacet
  facet normal 0 0 1
    outer loop
      vertex 8.698498123817853 -13.747367864990233 5
      vertex 8.695143373431335 -13.644890841737169 5
      vertex 8.687668840775036 -13.63741630908087 5
    endloop
  endfacet
  facet normal 0 0 1
    outer loop
      vertex 8.698498123817853 -13.747367864990233 5
      vertex 10.65993395141179 -15.609681419717624 5
      vertex 8.695143373431335 -13.644890841737169 5
    endloop
  endfacet
  facet normal 0 0 1
    outer loop
      vertex 8.813333781699193 -14.324685702961343 5
      vertex 10.65993395141179 -15.609681419717624 5
      vertex 8.746466238185462 -14.037906449072578 5
    endloop
  endfacet
  facet normal 0 0 1
    outer loop
      vertex 8.746466238185462 -14.037906449072578 5
      vertex 10.65993395141179 -15.609681419717624 5
      vertex 8.698498123817853 -13.747367864990233 5
    endloop
  endfacet
  facet normal 0 0 1
    outer loop
      vertex 10.420573569460757 -16.73009003131056 5
      vertex 10.65993395141179 -15.609681419717624 5
      vertex 10.19294383204969 -16.5432791336554 5
    endloop
  endfacet
  facet normal 0 0 1
    outer loop
      vertex 10.420573569460757 -16.73009003131056 5
      vertex 10.65993395141179 -16.901613255361454 5
      vertex 10.65993395141179 -15.609681419717624 5
    endloop
  endfacet
  facet normal 0 0 1
    outer loop
      vertex 10.65993395141179 -16.901613255361454 5
      vertex 10.91 -17.057114317029974 5
      vertex 10.857788294557817 -15.462211705442186 5
    endloop
  endfacet
  facet normal 0 0 1
    outer loop
      vertex 11.169700894014493 -17.195927336897096 5
      vertex 11.437924554357096 -17.31745789630079 5
      vertex 12.662511537925383 -14.361043392264673 5
    endloop
  endfacet
  facet normal 0 0 1
    outer loop
      vertex 11.437924554357096 -17.31745789630079 5
      vertex 11.713522406135773 -17.421185582727976 5
      vertex 12.74212869510589 -14.391009168343638 5
    endloop
  endfacet
  facet normal 0 0 1
    outer loop
      vertex 11.713522406135773 -17.421185582727976 5
      vertex 11.995314297038657 -17.506666218300808 5
      vertex 12.906382581379033 -14.4350208645242 5
    endloop
  endfacet
  facet normal 0 0 1
    outer loop
      vertex 11.995314297038657 -17.506666218300808 5
      vertex 12.282093550927422 -17.573533761814538 5
      vertex 12.990315950113933 -14.448878319785953 5
    endloop
  endfacet
  facet normal 0 0 1
    outer loop
      vertex 12.282093550927422 -17.573533761814538 5
      vertex 12.572632135009767 -17.621501876182148 5
      vertex 13.074975932000815 -14.457216600210185 5
    endloop
  endfacet
  facet normal 0 0 1
    outer loop
      vertex 12.572632135009767 -17.621501876182148 5
      vertex 12.865685918464356 -17.650365154573716 5
      vertex 13.16 -14.46 5
    endloop
  endfacet
  facet normal 0 0 1
    outer loop
      vertex 9.978019484660535 -16.341980515339465 5
      vertex 10.65993395141179 -15.609681419717624 5
      vertex 9.7767208663446 -16.12705616795031 5
    endloop
  endfacet
  facet normal 0 0 1
    outer loop
      vertex 9.589909968689442 -15.899426430539243 5
      vertex 10.65993395141179 -15.609681419717624 5
      vertex 9.418386744638546 -15.66006604858821 5
    endloop
  endfacet
  facet normal 0 0 1
    outer loop
      vertex 9.418386744638546 -15.66006604858821 5
      vertex 10.65993395141179 -15.609681419717624 5
      vertex 9.262885682970026 -15.41 5
    endloop
  endfacet
  facet normal 0 0 1
    outer loop
      vertex 9.589909968689442 -15.899426430539243 5
      vertex 9.7767208663446 -16.12705616795031 5
      vertex 10.65993395141179 -15.609681419717624 5
    endloop
  endfacet
  facet normal 0 0 1
    outer loop
      vertex 9.978019484660535 -16.341980515339465 5
      vertex 10.19294383204969 -16.5432791336554 5
      vertex 10.65993395141179 -15.609681419717624 5
    endloop
  endfacet
  facet normal 0 0 1
    outer loop
      vertex 10.65993395141179 -16.901613255361454 5
      vertex 10.857788294557817 -15.462211705442186 5
      vertex 10.65993395141179 -15.609681419717624 5
    endloop
  endfacet
  facet normal 0 0 1
    outer loop
      vertex 10.65993395141179 -15.609681419717624 5
      vertex 10.857788294557817 -15.462211705442186 5
      vertex 10.65993395141179 -15.579305838914111 5
    endloop
  endfacet
  facet normal 0 0 1
    outer loop
      vertex 11.169700894014493 -17.195927336897096 5
      vertex 12.585024702715298 -14.325934563992494 5
      vertex 10.91 -17.057114317029974 5
    endloop
  endfacet
  facet normal 0 0 1
    outer loop
      vertex 10.91 -17.057114317029974 5
      vertex 12.585024702715298 -14.325934563992494 5
      vertex 10.857788294557817 -15.462211705442186 5
    endloop
  endfacet
  facet normal 0 0 1
    outer loop
      vertex 11.169700894014493 -17.195927336897096 5
      vertex 12.662511537925383 -14.361043392264673 5
      vertex 12.585024702715298 -14.325934563992494 5
    endloop
  endfacet
  facet normal 0 0 1
    outer loop
      vertex 10.857788294557817 -15.462211705442186 5
      vertex 12.51 -14.28583302491977 5
      vertex 12.437758697074518 -14.240910495993308 5
    endloop
  endfacet
  facet normal 0 0 1
    outer loop
      vertex 10.857788294557817 -15.462211705442186 5
      vertex 12.585024702715298 -14.325934563992494 5
      vertex 12.51 -14.28583302491977 5
    endloop
  endfacet
  facet normal 0 0 1
    outer loop
      vertex 12.282093550927422 -17.573533761814538 5
      vertex 13.074975932000815 -14.457216600210185 5
      vertex 12.990315950113933 -14.448878319785953 5
    endloop
  endfacet
  facet normal 0 0 1
    outer loop
      vertex 12.572632135009767 -17.621501876182148 5
      vertex 13.16 -14.46 5
      vertex 13.074975932000815 -14.457216600210185 5
    endloop
  endfacet
  facet normal 0 0 1
    outer loop
      vertex 11.437924554357096 -17.31745789630079 5
      vertex 12.74212869510589 -14.391009168343638 5
      vertex 12.662511537925383 -14.361043392264673 5
    endloop
  endfacet
  facet normal 0 0 1
    outer loop
      vertex 11.713522406135773 -17.421185582727976 5
      vertex 12.823535241366724 -14.415703574175788 5
      vertex 12.74212869510589 -14.391009168343638 5
    endloop
  endfacet
  facet normal 0 0 1
    outer loop
      vertex 11.713522406135773 -17.421185582727976 5
      vertex 12.906382581379033 -14.4350208645242 5
      vertex 12.823535241366724 -14.415703574175788 5
    endloop
  endfacet
  facet normal 0 0 1
    outer loop
      vertex 11.995314297038657 -17.506666218300808 5
      vertex 12.990315950113933 -14.448878319785953 5
      vertex 12.906382581379033 -14.4350208645242 5
    endloop
  endfacet
  facet normal 0 0 1
    outer loop
      vertex 10.857788294557817 -15.462211705442186 5
      vertex 12.30285044036991 -14.13739174972267 5
      vertex 12.240761184457488 -14.079238815542512 5
    endloop
  endfacet
  facet normal 0 0 1
    outer loop
      vertex 10.857788294557817 -15.462211705442186 5
      vertex 12.368610142288663 -14.191359342378606 5
      vertex 12.30285044036991 -14.13739174972267 5
    endloop
  endfacet
  facet normal 0 0 1
    outer loop
      vertex 10.857788294557817 -15.462211705442186 5
      vertex 12.437758697074518 -14.240910495993308 5
      vertex 12.368610142288663 -14.191359342378606 5
    endloop
  endfacet
  facet normal 0.03271908282177466 -0.9994645874763657 0
    outer loop
      vertex 13.16 -17.66 0
      vertex 13.454314081535644 -17.650365154573716 5
      vertex 13.16 -17.66 5
    endloop
  endfacet
  facet normal 0.09801714032955992 -0.9951847266721969 0
    outer loop
      vertex 13.454314081535644 -17.650365154573716 0
      vertex 13.747367864990233 -17.621501876182148 5
      vertex 13.454314081535644 -17.650365154573716 5
    endloop
  endfacet
  facet normal 0.16289547339458813 -0.9866433320848792 0
    outer loop
      vertex 13.747367864990233 -17.621501876182148 0
      vertex 14.037906449072578 -17.573533761814538 5
      vertex 13.747367864990233 -17.621501876182148 5
    endloop
  endfacet
  facet normal 0.22707626303437564 -0.9738769792773332 0
    outer loop
      vertex 14.037906449072578 -17.573533761814538 0
      vertex 14.324685702961343 -17.506666218300808 5
      vertex 14.037906449072578 -17.573533761814538 5
    endloop
  endfacet
  facet normal 0.2902846772544631 -0.9569403357322087 0
    outer loop
      vertex 14.324685702961343 -17.506666218300808 0
      vertex 14.606477593864227 -17.421185582727976 5
      vertex 14.324685702961343 -17.506666218300808 5
    endloop
  endfacet
  facet normal 0.3522500479212315 -0.9359059267573264 0
    outer loop
      vertex 14.606477593864227 -17.421185582727976 0
      vertex 14.882075445642904 -17.31745789630079 5
      vertex 14.606477593864227 -17.421185582727976 5
    endloop
  endfacet
  facet normal 0.41270702980439866 -0.910863824921174 0
    outer loop
      vertex 14.882075445642904 -17.31745789630079 0
      vertex 15.150299105985507 -17.195927336897096 5
      vertex 14.882075445642904 -17.31745789630079 5
    endloop
  endfacet
  facet normal 0.47139673682599537 -0.8819212643483562 0
    outer loop
      vertex 15.150299105985507 -17.195927336897096 0
      vertex 15.41 -17.057114317029974 5
      vertex 15.150299105985507 -17.195927336897096 5
    endloop
  endfacet
  facet normal 0.5280678506503685 -0.8492021815265784 0
    outer loop
      vertex 15.41 -17.057114317029974 0
      vertex 15.66006604858821 -16.901613255361454 5
      vertex 15.41 -17.057114317029974 5
    endloop
  endfacet
  facet normal 0.5824776968677973 -0.8128466845916186 0
    outer loop
      vertex 15.66006604858821 -16.901613255361454 0
      vertex 15.899426430539243 -16.73009003131056 5
      vertex 15.66006604858821 -16.901613255361454 5
    endloop
  endfacet
  facet normal 0.6343932841636453 -0.773010453362737 0
    outer loop
      vertex 15.899426430539243 -16.73009003131056 0
      vertex 16.12705616795031 -16.5432791336554 5
      vertex 15.899426430539243 -16.73009003131056 5
    endloop
  endfacet
  facet normal 0.6835923020228725 -0.7298640726978347 0
    outer loop
      vertex 16.12705616795031 -16.5432791336554 0
      vertex 16.341980515339465 -16.341980515339465 5
      vertex 16.12705616795031 -16.5432791336554 5
    endloop
  endfacet
  facet normal 0.7298640726978347 -0.6835923020228725 0
    outer loop
      vertex 16.5432791336554 -16.12705616795031 0
      vertex 16.5432791336554 -16.12705616795031 5
      vertex 16.341980515339465 -16.341980515339465 5
    endloop
  endfacet
  facet normal 0.773010453362737 -0.6343932841636453 0
    outer loop
      vertex 16.73009003131056 -15.899426430539243 0
      vertex 16.73009003131056 -15.899426430539243 5
      vertex 16.5432791336554 -16.12705616795031 5
    endloop
  endfacet
  facet normal 0.8128466845916186 -0.5824776968677973 0
    outer loop
      vertex 16.901613255361454 -15.66006604858821 0
      vertex 16.901613255361454 -15.66006604858821 5
      vertex 16.73009003131056 -15.899426430539243 5
    endloop
  endfacet
  facet normal 0.8492021815265784 -0.5280678506503685 0
    outer loop
      vertex 17.057114317029974 -15.41 0
      vertex 17.057114317029974 -15.41 5
      vertex 16.901613255361454 -15.66006604858821 5
    endloop
  endfacet
  facet normal 0.8819212643483562 -0.47139673682599537 0
    outer loop
      vertex 17.195927336897096 -15.150299105985507 0
      vertex 17.195927336897096 -15.150299105985507 5
      vertex 17.057114317029974 -15.41 5
    endloop
  endfacet
  facet normal 0.910863824921174 -0.41270702980439866 0
    outer loop
      vertex 17.31745789630079 -14.882075445642904 0
      vertex 17.31745789630079 -14.882075445642904 5
      vertex 17.195927336897096 -15.150299105985507 5
    endloop
  endfacet
  facet normal 0.9359059267573264 -0.3522500479212315 0
    outer loop
      vertex 17.421185582727976 -14.606477593864227 0
      vertex 17.421185582727976 -14.606477593864227 5
      vertex 17.31745789630079 -14.882075445642904 5
    endloop
  endfacet
  facet normal 0.9569403357322087 -0.2902846772544631 0
    outer loop
      vertex 17.506666218300808 -14.324685702961343 0
      vertex 17.506666218300808 -14.324685702961343 5
      vertex 17.421185582727976 -14.606477593864227 5
    endloop
  endfacet
  facet normal 0.9738769792773332 -0.22707626303437564 0
    outer loop
      vertex 17.573533761814538 -14.037906449072578 0
      vertex 17.573533761814538 -14.037906449072578 5
      vertex 17.506666218300808 -14.324685702961343 5
    endloop
  endfacet
  facet normal 0.9866433320848792 -0.16289547339458813 0
    outer loop
      vertex 17.621501876182148 -13.747367864990233 0
      vertex 17.621501876182148 -13.747367864990233 5
      vertex 17.573533761814538 -14.037906449072578 5
    endloop
  endfacet
  facet normal 0.9951847266721969 -0.09801714032955992 0
    outer loop
      vertex 17.650365154573716 -13.454314081535644 0
      vertex 17.650365154573716 -13.454314081535644 5
      vertex 17.621501876182148 -13.747367864990233 5
    endloop
  endfacet
  facet normal 0.9994645874763657 -0.03271908282177466 0
    outer loop
      vertex 17.66 -13.16 0
      vertex 17.66 -13.16 5
      vertex 17.650365154573716 -13.454314081535644 5
    endloop
  endfacet
  facet normal 0 0 1
    outer loop
      vertex 12.865685918464356 -17.650365154573716 5
      vertex 13.16 -17.66 5
      vertex 13.329684049886067 -14.448878319785953 5
    endloop
  endfacet
  facet normal 0 0 1
    outer loop
      vertex 13.16 -17.66 5
      vertex 13.454314081535644 -17.650365154573716 5
      vertex 13.413617418620968 -14.4350208645242 5
    endloop
  endfacet
  facet normal 0 0 1
    outer loop
      vertex 13.454314081535644 -17.650365154573716 5
      vertex 13.747367864990233 -17.621501876182148 5
      vertex 13.496464758633277 -14.415703574175788 5
    endloop
  endfacet
  facet normal 0 0 1
    outer loop
      vertex 13.747367864990233 -17.621501876182148 5
      vertex 14.037906449072578 -17.573533761814538 5
      vertex 13.734975297284702 -14.325934563992494 5
    endloop
  endfacet
  facet normal 0 0 1
    outer loop
      vertex 14.037906449072578 -17.573533761814538 5
      vertex 14.324685702961343 -17.506666218300808 5
      vertex 14.01714955963009 -14.13739174972267 5
    endloop
  endfacet
  facet normal 0 0 1
    outer loop
      vertex 12.865685918464356 -17.650365154573716 5
      vertex 13.245024067999186 -14.457216600210185 5
      vertex 13.16 -14.46 5
    endloop
  endfacet
  facet normal 0 0 1
    outer loop
      vertex 12.865685918464356 -17.650365154573716 5
      vertex 13.329684049886067 -14.448878319785953 5
      vertex 13.245024067999186 -14.457216600210185 5
    endloop
  endfacet
  facet normal 0 0 1
    outer loop
      vertex 13.16 -17.66 5
      vertex 13.413617418620968 -14.4350208645242 5
      vertex 13.329684049886067 -14.448878319785953 5
    endloop
  endfacet
  facet normal 0 0 1
    outer loop
      vertex 13.454314081535644 -17.650365154573716 5
      vertex 13.496464758633277 -14.415703574175788 5
      vertex 13.413617418620968 -14.4350208645242 5
    endloop
  endfacet
  facet normal 0 0 1
    outer loop
      vertex 13.747367864990233 -17.621501876182148 5
      vertex 13.57787130489411 -14.391009168343638 5
      vertex 13.496464758633277 -14.415703574175788 5
    endloop
  endfacet
  facet normal 0 0 1
    outer loop
      vertex 13.747367864990233 -17.621501876182148 5
      vertex 13.657488462074618 -14.361043392264673 5
      vertex 13.57787130489411 -14.391009168343638 5
    endloop
  endfacet
  facet normal 0 0 1
    outer loop
      vertex 13.747367864990233 -17.621501876182148 5
      vertex 13.734975297284702 -14.325934563992494 5
      vertex 13.657488462074618 -14.361043392264673 5
    endloop
  endfacet
  facet normal 0 0 1
    outer loop
      vertex 14.324685702961343 -17.506666218300808 5
      vertex 14.606477593864227 -17.421185582727976 5
      vertex 14.28583302491977 -13.81 5
    endloop
  endfacet
  facet normal 0 0 1
    outer loop
      vertex 14.037906449072578 -17.573533761814538 5
      vertex 13.81 -14.28583302491977 5
      vertex 13.734975297284702 -14.325934563992494 5
    endloop
  endfacet
  facet normal 0 0 1
    outer loop
      vertex 14.037906449072578 -17.573533761814538 5
      vertex 13.882241302925483 -14.240910495993308 5
      vertex 13.81 -14.28583302491977 5
    endloop
  endfacet
  facet normal 0 0 1
    outer loop
      vertex 14.037906449072578 -17.573533761814538 5
      vertex 13.951389857711337 -14.191359342378606 5
      vertex 13.882241302925483 -14.240910495993308 5
    endloop
  endfacet
  facet normal 0 0 1
    outer loop
      vertex 14.037906449072578 -17.573533761814538 5
      vertex 14.01714955963009 -14.13739174972267 5
      vertex 13.951389857711337 -14.191359342378606 5
    endloop
  endfacet
  facet normal 0 0 1
    outer loop
      vertex 14.324685702961343 -17.506666218300808 5
      vertex 14.079238815542512 -14.079238815542512 5
      vertex 14.01714955963009 -14.13739174972267 5
    endloop
  endfacet
  facet normal 0 0 1
    outer loop
      vertex 14.324685702961343 -17.506666218300808 5
      vertex 14.13739174972267 -14.01714955963009 5
      vertex 14.079238815542512 -14.079238815542512 5
    endloop
  endfacet
  facet normal 0 0 1
    outer loop
      vertex 14.324685702961343 -17.506666218300808 5
      vertex 14.191359342378606 -13.951389857711337 5
      vertex 14.13739174972267 -14.01714955963009 5
    endloop
  endfacet
  facet normal 0 0 1
    outer loop
      vertex 14.324685702961343 -17.506666218300808 5
      vertex 14.240910495993308 -13.882241302925483 5
      vertex 14.191359342378606 -13.951389857711337 5
    endloop
  endfacet
  facet normal 0 0 1
    outer loop
      vertex 14.324685702961343 -17.506666218300808 5
      vertex 14.28583302491977 -13.81 5
      vertex 14.240910495993308 -13.882241302925483 5
    endloop
  endfacet
  facet normal 0 0 1
    outer loop
      vertex 14.606477593864227 -17.421185582727976 5
      vertex 14.325934563992494 -13.734975297284702 5
      vertex 14.28583302491977 -13.81 5
    endloop
  endfacet
  facet normal 0 0 1
    outer loop
      vertex 14.606477593864227 -17.421185582727976 5
      vertex 14.361043392264673 -13.657488462074618 5
      vertex 14.325934563992494 -13.734975297284702 5
    endloop
  endfacet
  facet normal 0 0 1
    outer loop
      vertex 14.606477593864227 -17.421185582727976 5
      vertex 14.391009168343638 -13.57787130489411 5
      vertex 14.361043392264673 -13.657488462074618 5
    endloop
  endfacet
  facet normal 0 0 1
    outer loop
      vertex 14.606477593864227 -17.421185582727976 5
      vertex 14.415703574175788 -13.496464758633277 5
      vertex 14.391009168343638 -13.57787130489411 5
    endloop
  endfacet
  facet normal 0 0 1
    outer loop
      vertex 14.606477593864227 -17.421185582727976 5
      vertex 14.4350208645242 -13.413617418620968 5
      vertex 14.415703574175788 -13.496464758633277 5
    endloop
  endfacet
  facet normal 0 0 1
    outer loop
      vertex 14.606477593864227 -17.421185582727976 5
      vertex 14.448878319785953 -13.329684049886067 5
      vertex 14.4350208645242 -13.413617418620968 5
    endloop
  endfacet
  facet normal 0 0 1
    outer loop
      vertex 14.606477593864227 -17.421185582727976 5
      vertex 14.457216600210185 -13.245024067999186 5
      vertex 14.448878319785953 -13.329684049886067 5
    endloop
  endfacet
  facet normal 0 0 1
    outer loop
      vertex 14.606477593864227 -17.421185582727976 5
      vertex 14.46 -13.16 5
      vertex 14.457216600210185 -13.245024067999186 5
    endloop
  endfacet
  facet normal 0 0 1
    outer loop
      vertex 14.606477593864227 -17.421185582727976 5
      vertex 14.324685702961343 -8.813333781699193 5
      vertex 14.46 -13.16 5
    endloop
  endfacet
  facet normal 0 0 1
    outer loop
      vertex 14.606477593864227 -17.421185582727976 5
      vertex 14.882075445642904 -17.31745789630079 5
      vertex 14.606477593864227 -8.898814417272025 5
    endloop
  endfacet
  facet normal 0 0 1
    outer loop
      vertex 14.882075445642904 -17.31745789630079 5
      vertex 15.150299105985507 -17.195927336897096 5
      vertex 14.882075445642904 -9.00254210369921 5
    endloop
  endfacet
  facet normal 0 0 1
    outer loop
      vertex 15.150299105985507 -17.195927336897096 5
      vertex 15.41 -17.057114317029974 5
      vertex 15.150299105985507 -9.124072663102904 5
    endloop
  endfacet
  facet normal 0 0 1
    outer loop
      vertex 15.41 -17.057114317029974 5
      vertex 15.66006604858821 -16.901613255361454 5
      vertex 15.41 -9.262885682970026 5
    endloop
  endfacet
  facet normal 0 0 1
    outer loop
      vertex 15.66006604858821 -16.901613255361454 5
      vertex 15.899426430539243 -16.73009003131056 5
      vertex 15.66006604858821 -9.418386744638546 5
    endloop
  endfacet
  facet normal 0 0 1
    outer loop
      vertex 15.899426430539243 -16.73009003131056 5
      vertex 16.12705616795031 -16.5432791336554 5
      vertex 15.899426430539243 -9.589909968689442 5
    endloop
  endfacet
  facet normal 0 0 1
    outer loop
      vertex 16.12705616795031 -16.5432791336554 5
      vertex 16.341980515339465 -16.341980515339465 5
      vertex 16.12705616795031 -9.7767208663446 5
    endloop
  endfacet
  facet normal 0 0 1
    outer loop
      vertex 16.341980515339465 -16.341980515339465 5
      vertex 16.5432791336554 -16.12705616795031 5
      vertex 16.341980515339465 -9.978019484660535 5
    endloop
  endfacet
  facet normal 0 0 1
    outer loop
      vertex 16.5432791336554 -16.12705616795031 5
      vertex 16.73009003131056 -15.899426430539243 5
      vertex 16.5432791336554 -10.19294383204969 5
    endloop
  endfacet
  facet normal 0 0 1
    outer loop
      vertex 16.73009003131056 -15.899426430539243 5
      vertex 16.901613255361454 -15.66006604858821 5
      vertex 16.73009003131056 -10.420573569460757 5
    endloop
  endfacet
  facet normal 0 0 1
    outer loop
      vertex 16.901613255361454 -15.66006604858821 5
      vertex 17.057114317029974 -15.41 5
      vertex 16.901613255361454 -10.65993395141179 5
    endloop
  endfacet
  facet normal 0 0 1
    outer loop
      vertex 17.057114317029974 -15.41 5
      vertex 17.195927336897096 -15.150299105985507 5
      vertex 17.057114317029974 -10.91 5
    endloop
  endfacet
  facet normal 0 0 1
    outer loop
      vertex 17.195927336897096 -15.150299105985507 5
      vertex 17.31745789630079 -14.882075445642904 5
      vertex 17.195927336897096 -11.169700894014493 5
    endloop
  endfacet
  facet normal 0 0 1
    outer loop
      vertex 17.31745789630079 -14.882075445642904 5
      vertex 17.421185582727976 -14.606477593864227 5
      vertex 17.31745789630079 -11.437924554357096 5
    endloop
  endfacet
  facet normal 0 0 1
    outer loop
      vertex 17.421185582727976 -14.606477593864227 5
      vertex 17.506666218300808 -14.324685702961343 5
      vertex 17.421185582727976 -11.713522406135773 5
    endloop
  endfacet
  facet normal 0 0 1
    outer loop
      vertex 17.506666218300808 -14.324685702961343 5
      vertex 17.573533761814538 -14.037906449072578 5
      vertex 17.506666218300808 -11.995314297038657 5
    endloop
  endfacet
  facet normal 0 0 1
    outer loop
      vertex 17.573533761814538 -14.037906449072578 5
      vertex 17.621501876182148 -13.747367864990233 5
      vertex 17.573533761814538 -12.282093550927422 5
    endloop
  endfacet
  facet normal 0 0 1
    outer loop
      vertex 17.621501876182148 -13.747367864990233 5
      vertex 17.650365154573716 -13.454314081535644 5
      vertex 17.621501876182148 -12.572632135009767 5
    endloop
  endfacet
  facet normal 0 0 1
    outer loop
      vertex 17.650365154573716 -13.454314081535644 5
      vertex 17.66 -13.16 5
      vertex 17.650365154573716 -12.865685918464356 5
    endloop
  endfacet
  facet normal 0.6835923020228725 0.7298640726978347 0
    outer loop
      vertex 16.341980515339465 -9.978019484660535 0
      vertex 16.12705616795031 -9.7767208663446 5
      vertex 16.341980515339465 -9.978019484660535 5
    endloop
  endfacet
  facet normal 0.09801714032956074 0.9951847266721968 0
    outer loop
      vertex 13.63741630908087 -8.687668840775036 0
      vertex 13.63741630908087 -8.687668840775036 5
      vertex 13.747367864990233 -8.698498123817853 5
    endloop
  endfacet
  facet normal 0.16289547339458813 0.9866433320848792 0
    outer loop
      vertex 14.037906449072578 -8.746466238185462 0
      vertex 13.747367864990233 -8.698498123817853 5
      vertex 14.037906449072578 -8.746466238185462 5
    endloop
  endfacet
  facet normal 0.22707626303437564 0.9738769792773332 0
    outer loop
      vertex 14.324685702961343 -8.813333781699193 0
      vertex 14.037906449072578 -8.746466238185462 5
      vertex 14.324685702961343 -8.813333781699193 5
    endloop
  endfacet
  facet normal 0.2902846772544631 0.9569403357322087 0
    outer loop
      vertex 14.606477593864227 -8.898814417272025 0
      vertex 14.324685702961343 -8.813333781699193 5
      vertex 14.606477593864227 -8.898814417272025 5
    endloop
  endfacet
  facet normal 0.3522500479212315 0.9359059267573264 0
    outer loop
      vertex 14.882075445642904 -9.00254210369921 0
      vertex 14.606477593864227 -8.898814417272025 5
      vertex 14.882075445642904 -9.00254210369921 5
    endloop
  endfacet
  facet normal 0.41270702980439866 0.910863824921174 0
    outer loop
      vertex 15.150299105985507 -9.124072663102904 0
      vertex 14.882075445642904 -9.00254210369921 5
      vertex 15.150299105985507 -9.124072663102904 5
    endloop
  endfacet
  facet normal 0.47139673682599537 0.8819212643483562 0
    outer loop
      vertex 15.41 -9.262885682970026 0
      vertex 15.150299105985507 -9.124072663102904 5
      vertex 15.41 -9.262885682970026 5
    endloop
  endfacet
  facet normal 0.5824776968678013 0.8128466845916158 0
    outer loop
      vertex 15.899426430539243 -9.589909968689442 0
      vertex 15.66006604858821 -9.418386744638546 5
      vertex 15.899426430539243 -9.589909968689442 5
    endloop
  endfacet
  facet normal 0.5280678506503685 0.8492021815265784 0
    outer loop
      vertex 15.66006604858821 -9.418386744638546 0
      vertex 15.41 -9.262885682970026 5
      vertex 15.66006604858821 -9.418386744638546 5
    endloop
  endfacet
  facet normal 0.6343932841636417 0.7730104533627401 0
    outer loop
      vertex 16.12705616795031 -9.7767208663446 0
      vertex 15.899426430539243 -9.589909968689442 5
      vertex 16.12705616795031 -9.7767208663446 5
    endloop
  endfacet
  facet normal 0.9994645874763657 0.03271908282177466 0
    outer loop
      vertex 17.650365154573716 -12.865685918464356 0
      vertex 17.650365154573716 -12.865685918464356 5
      vertex 17.66 -13.16 5
    endloop
  endfacet
  facet normal 0.9951847266721969 0.09801714032955992 0
    outer loop
      vertex 17.621501876182148 -12.572632135009767 0
      vertex 17.621501876182148 -12.572632135009767 5
      vertex 17.650365154573716 -12.865685918464356 5
    endloop
  endfacet
  facet normal 0.9866433320848792 0.16289547339458813 0
    outer loop
      vertex 17.573533761814538 -12.282093550927422 0
      vertex 17.573533761814538 -12.282093550927422 5
      vertex 17.621501876182148 -12.572632135009767 5
    endloop
  endfacet
  facet normal 0.9569403357322087 0.2902846772544631 0
    outer loop
      vertex 17.421185582727976 -11.713522406135773 0
      vertex 17.421185582727976 -11.713522406135773 5
      vertex 17.506666218300808 -11.995314297038657 5
    endloop
  endfacet
  facet normal 0.9359059267573264 0.3522500479212315 0
    outer loop
      vertex 17.31745789630079 -11.437924554357096 0
      vertex 17.31745789630079 -11.437924554357096 5
      vertex 17.421185582727976 -11.713522406135773 5
    endloop
  endfacet
  facet normal 0.9738769792773332 0.22707626303437564 0
    outer loop
      vertex 17.506666218300808 -11.995314297038657 0
      vertex 17.506666218300808 -11.995314297038657 5
      vertex 17.573533761814538 -12.282093550927422 5
    endloop
  endfacet
  facet normal 0.8819212643483562 0.47139673682599537 0
    outer loop
      vertex 17.057114317029974 -10.91 0
      vertex 17.057114317029974 -10.91 5
      vertex 17.195927336897096 -11.169700894014493 5
    endloop
  endfacet
  facet normal 0.8492021815265784 0.5280678506503685 0
    outer loop
      vertex 16.901613255361454 -10.65993395141179 0
      vertex 16.901613255361454 -10.65993395141179 5
      vertex 17.057114317029974 -10.91 5
    endloop
  endfacet
  facet normal 0.773010453362737 0.6343932841636453 0
    outer loop
      vertex 16.5432791336554 -10.19294383204969 0
      vertex 16.5432791336554 -10.19294383204969 5
      vertex 16.73009003131056 -10.420573569460757 5
    endloop
  endfacet
  facet normal 0.7298640726978347 0.6835923020228725 0
    outer loop
      vertex 16.341980515339465 -9.978019484660535 0
      vertex 16.341980515339465 -9.978019484660535 5
      vertex 16.5432791336554 -10.19294383204969 5
    endloop
  endfacet
  facet normal 0.8128466845916186 0.5824776968677973 0
    outer loop
      vertex 16.73009003131056 -10.420573569460757 0
      vertex 16.73009003131056 -10.420573569460757 5
      vertex 16.901613255361454 -10.65993395141179 5
    endloop
  endfacet
  facet normal 0.910863824921174 0.41270702980439866 0
    outer loop
      vertex 17.195927336897096 -11.169700894014493 0
      vertex 17.195927336897096 -11.169700894014493 5
      vertex 17.31745789630079 -11.437924554357096 5
    endloop
  endfacet
  facet normal 0 0 1
    outer loop
      vertex 14.324685702961343 -8.813333781699193 5
      vertex 14.457216600210185 -13.074975932000815 5
      vertex 14.46 -13.16 5
    endloop
  endfacet
  facet normal 0 0 1
    outer loop
      vertex 14.324685702961343 -8.813333781699193 5
      vertex 14.448878319785953 -12.990315950113933 5
      vertex 14.457216600210185 -13.074975932000815 5
    endloop
  endfacet
  facet normal 0 0 1
    outer loop
      vertex 14.324685702961343 -8.813333781699193 5
      vertex 14.4350208645242 -12.906382581379033 5
      vertex 14.448878319785953 -12.990315950113933 5
    endloop
  endfacet
  facet normal 0 0 1
    outer loop
      vertex 14.324685702961343 -8.813333781699193 5
      vertex 14.415703574175788 -12.823535241366724 5
      vertex 14.4350208645242 -12.906382581379033 5
    endloop
  endfacet
  facet normal 0 0 1
    outer loop
      vertex 14.324685702961343 -8.813333781699193 5
      vertex 14.391009168343638 -12.74212869510589 5
      vertex 14.415703574175788 -12.823535241366724 5
    endloop
  endfacet
  facet normal 0 0 1
    outer loop
      vertex 14.324685702961343 -8.813333781699193 5
      vertex 14.361043392264673 -12.662511537925383 5
      vertex 14.391009168343638 -12.74212869510589 5
    endloop
  endfacet
  facet normal 0 0 1
    outer loop
      vertex 14.606477593864227 -17.421185582727976 5
      vertex 14.606477593864227 -8.898814417272025 5
      vertex 14.324685702961343 -8.813333781699193 5
    endloop
  endfacet
  facet normal 0 0 1
    outer loop
      vertex 13.747367864990233 -8.698498123817853 5
      vertex 13.597186811453318 -11.936260673546004 5
      vertex 13.657488462074618 -11.958956607735328 5
    endloop
  endfacet
  facet normal 0 0 1
    outer loop
      vertex 13.747367864990233 -8.698498123817853 5
      vertex 13.657488462074618 -11.958956607735328 5
      vertex 13.734975297284702 -11.994065436007507 5
    endloop
  endfacet
  facet normal 0 0 1
    outer loop
      vertex 13.747367864990233 -8.698498123817853 5
      vertex 13.734975297284702 -11.994065436007507 5
      vertex 13.81 -12.03416697508023 5
    endloop
  endfacet
  facet normal 0 0 1
    outer loop
      vertex 13.747367864990233 -8.698498123817853 5
      vertex 13.81 -12.03416697508023 5
      vertex 13.882241302925483 -12.079089504006692 5
    endloop
  endfacet
  facet normal 0 0 1
    outer loop
      vertex 14.037906449072578 -8.746466238185462 5
      vertex 14.01714955963009 -12.18260825027733 5
      vertex 14.079238815542512 -12.240761184457488 5
    endloop
  endfacet
  facet normal 0 0 1
    outer loop
      vertex 14.037906449072578 -8.746466238185462 5
      vertex 13.951389857711337 -12.128640657621395 5
      vertex 14.01714955963009 -12.18260825027733 5
    endloop
  endfacet
  facet normal 0 0 1
    outer loop
      vertex 14.324685702961343 -8.813333781699193 5
      vertex 14.191359342378606 -12.368610142288663 5
      vertex 14.240910495993308 -12.437758697074518 5
    endloop
  endfacet
  facet normal 0 0 1
    outer loop
      vertex 14.037906449072578 -8.746466238185462 5
      vertex 14.13739174972267 -12.30285044036991 5
      vertex 14.191359342378606 -12.368610142288663 5
    endloop
  endfacet
  facet normal 0 0 1
    outer loop
      vertex 14.037906449072578 -8.746466238185462 5
      vertex 14.079238815542512 -12.240761184457488 5
      vertex 14.13739174972267 -12.30285044036991 5
    endloop
  endfacet
  facet normal 0 0 1
    outer loop
      vertex 14.037906449072578 -8.746466238185462 5
      vertex 13.882241302925483 -12.079089504006692 5
      vertex 13.951389857711337 -12.128640657621395 5
    endloop
  endfacet
  facet normal 0 0 1
    outer loop
      vertex 14.324685702961343 -8.813333781699193 5
      vertex 14.325934563992494 -12.585024702715298 5
      vertex 14.361043392264673 -12.662511537925383 5
    endloop
  endfacet
  facet normal 0 0 1
    outer loop
      vertex 14.324685702961343 -8.813333781699193 5
      vertex 14.28583302491977 -12.51 5
      vertex 14.325934563992494 -12.585024702715298 5
    endloop
  endfacet
  facet normal 0 0 1
    outer loop
      vertex 14.324685702961343 -8.813333781699193 5
      vertex 14.240910495993308 -12.437758697074518 5
      vertex 14.28583302491977 -12.51 5
    endloop
  endfacet
  facet normal 0 0 1
    outer loop
      vertex 13.747367864990233 -8.698498123817853 5
      vertex 13.882241302925483 -12.079089504006692 5
      vertex 14.037906449072578 -8.746466238185462 5
    endloop
  endfacet
  facet normal 0 0 1
    outer loop
      vertex 14.037906449072578 -8.746466238185462 5
      vertex 14.191359342378606 -12.368610142288663 5
      vertex 14.324685702961343 -8.813333781699193 5
    endloop
  endfacet
  facet normal 0 0 1
    outer loop
      vertex 14.882075445642904 -17.31745789630079 5
      vertex 14.882075445642904 -9.00254210369921 5
      vertex 14.606477593864227 -8.898814417272025 5
    endloop
  endfacet
  facet normal 0 0 1
    outer loop
      vertex 15.150299105985507 -17.195927336897096 5
      vertex 15.150299105985507 -9.124072663102904 5
      vertex 14.882075445642904 -9.00254210369921 5
    endloop
  endfacet
  facet normal 0 0 1
    outer loop
      vertex 15.41 -17.057114317029974 5
      vertex 15.41 -9.262885682970026 5
      vertex 15.150299105985507 -9.124072663102904 5
    endloop
  endfacet
  facet normal 0 0 1
    outer loop
      vertex 15.66006604858821 -16.901613255361454 5
      vertex 15.66006604858821 -9.418386744638546 5
      vertex 15.41 -9.262885682970026 5
    endloop
  endfacet
  facet normal 0 0 1
    outer loop
      vertex 15.899426430539243 -16.73009003131056 5
      vertex 15.899426430539243 -9.589909968689442 5
      vertex 15.66006604858821 -9.418386744638546 5
    endloop
  endfacet
  facet normal 0 0 1
    outer loop
      vertex 16.12705616795031 -16.5432791336554 5
      vertex 16.12705616795031 -9.7767208663446 5
      vertex 15.899426430539243 -9.589909968689442 5
    endloop
  endfacet
  facet normal 0 0 1
    outer loop
      vertex 16.341980515339465 -16.341980515339465 5
      vertex 16.341980515339465 -9.978019484660535 5
      vertex 16.12705616795031 -9.7767208663446 5
    endloop
  endfacet
  facet normal 0 0 1
    outer loop
      vertex 13.63741630908087 -8.687668840775036 5
      vertex 13.597186811453318 -11.936260673546004 5
      vertex 13.747367864990233 -8.698498123817853 5
    endloop
  endfacet
  facet normal 0 0 1
    outer loop
      vertex 16.901613255361454 -15.66006604858821 5
      vertex 16.901613255361454 -10.65993395141179 5
      vertex 16.73009003131056 -10.420573569460757 5
    endloop
  endfacet
  facet normal 0 0 1
    outer loop
      vertex 17.057114317029974 -15.41 5
      vertex 17.057114317029974 -10.91 5
      vertex 16.901613255361454 -10.65993395141179 5
    endloop
  endfacet
  facet normal 0 0 1
    outer loop
      vertex 16.5432791336554 -16.12705616795031 5
      vertex 16.5432791336554 -10.19294383204969 5
      vertex 16.341980515339465 -9.978019484660535 5
    endloop
  endfacet
  facet normal 0 0 1
    outer loop
      vertex 16.73009003131056 -15.899426430539243 5
      vertex 16.73009003131056 -10.420573569460757 5
      vertex 16.5432791336554 -10.19294383204969 5
    endloop
  endfacet
  facet normal 0 0 1
    outer loop
      vertex 17.506666218300808 -14.324685702961343 5
      vertex 17.506666218300808 -11.995314297038657 5
      vertex 17.421185582727976 -11.713522406135773 5
    endloop
  endfacet
  facet normal 0 0 1
    outer loop
      vertex 17.31745789630079 -14.882075445642904 5
      vertex 17.31745789630079 -11.437924554357096 5
      vertex 17.195927336897096 -11.169700894014493 5
    endloop
  endfacet
  facet normal 0 0 1
    outer loop
      vertex 17.195927336897096 -15.150299105985507 5
      vertex 17.195927336897096 -11.169700894014493 5
      vertex 17.057114317029974 -10.91 5
    endloop
  endfacet
  facet normal 0 0 1
    outer loop
      vertex 17.421185582727976 -14.606477593864227 5
      vertex 17.421185582727976 -11.713522406135773 5
      vertex 17.31745789630079 -11.437924554357096 5
    endloop
  endfacet
  facet normal 0 0 1
    outer loop
      vertex 17.621501876182148 -13.747367864990233 5
      vertex 17.621501876182148 -12.572632135009767 5
      vertex 17.573533761814538 -12.282093550927422 5
    endloop
  endfacet
  facet normal 0 0 1
    outer loop
      vertex 17.650365154573716 -13.454314081535644 5
      vertex 17.650365154573716 -12.865685918464356 5
      vertex 17.621501876182148 -12.572632135009767 5
    endloop
  endfacet
  facet normal 0 0 1
    outer loop
      vertex 17.573533761814538 -14.037906449072578 5
      vertex 17.573533761814538 -12.282093550927422 5
      vertex 17.506666218300808 -11.995314297038657 5
    endloop
  endfacet
  facet normal 0 0 -1
    outer loop
      vertex 8.898814417272025 -13.848561885577858 0
      vertex 8.687668840775036 -13.63741630908087 0
      vertex 8.9877160184945 -11.89081460673814 0
    endloop
  endfacet
  facet normal 0 0 -1
    outer loop
      vertex 10.65993395141179 -15.579305838914111 0
      vertex 8.9877160184945 -11.89081460673814 0
      vertex 10.701953578800772 -15.618046421199232 0
    endloop
  endfacet
  facet normal 0 0 -1
    outer loop
      vertex 10.701953578800772 -15.618046421199232 0
      vertex 12.03416697508023 -13.81 0
      vertex 12.079089504006692 -13.882241302925483 0
    endloop
  endfacet
  facet normal 0 0 -1
    outer loop
      vertex 10.701953578800772 -15.618046421199232 0
      vertex 11.994065436007507 -13.734975297284702 0
      vertex 12.03416697508023 -13.81 0
    endloop
  endfacet
  facet normal 0 0 -1
    outer loop
      vertex 10.701953578800772 -15.618046421199232 0
      vertex 11.958956607735328 -13.657488462074618 0
      vertex 11.994065436007507 -13.734975297284702 0
    endloop
  endfacet
  facet normal 0 0 -1
    outer loop
      vertex 10.701953578800772 -15.618046421199232 0
      vertex 11.928990831656362 -13.57787130489411 0
      vertex 11.958956607735328 -13.657488462074618 0
    endloop
  endfacet
  facet normal 0 0 -1
    outer loop
      vertex 10.701953578800772 -15.618046421199232 0
      vertex 12.18260825027733 -14.01714955963009 0
      vertex 12.24076118445749 -14.079238815542514 0
    endloop
  endfacet
  facet normal 0 0 -1
    outer loop
      vertex 10.701953578800772 -15.618046421199232 0
      vertex 12.079089504006692 -13.882241302925483 0
      vertex 12.128640657621395 -13.951389857711337 0
    endloop
  endfacet
  facet normal 0 0 -1
    outer loop
      vertex 10.701953578800772 -15.618046421199232 0
      vertex 12.128640657621395 -13.951389857711337 0
      vertex 12.18260825027733 -14.01714955963009 0
    endloop
  endfacet
  facet normal 0 0 -1
    outer loop
      vertex 10.701953578800772 -15.618046421199232 0
      vertex 11.8849791354758 -13.413617418620968 0
      vertex 11.904296425824212 -13.496464758633277 0
    endloop
  endfacet
  facet normal 0 0 -1
    outer loop
      vertex 10.701953578800772 -15.618046421199232 0
      vertex 11.871121680214047 -13.329684049886067 0
      vertex 11.8849791354758 -13.413617418620968 0
    endloop
  endfacet
  facet normal 0 0 -1
    outer loop
      vertex 10.701953578800772 -15.618046421199232 0
      vertex 11.862783399789816 -13.245024067999186 0
      vertex 11.871121680214047 -13.329684049886067 0
    endloop
  endfacet
  facet normal 0 0 -1
    outer loop
      vertex 10.701953578800772 -15.618046421199232 0
      vertex 11.904296425824212 -13.496464758633277 0
      vertex 11.928990831656362 -13.57787130489411 0
    endloop
  endfacet
  facet normal 0 0 -1
    outer loop
      vertex 10.701953578800772 -15.618046421199232 0
      vertex 11.86 -13.16 0
      vertex 11.862783399789816 -13.245024067999186 0
    endloop
  endfacet
  facet normal 0 0 -1
    outer loop
      vertex 10.701953578800772 -15.618046421199232 0
      vertex 11.862783399789816 -13.074975932000815 0
      vertex 11.86 -13.16 0
    endloop
  endfacet
  facet normal 0 0 -1
    outer loop
      vertex 10.701953578800772 -15.618046421199232 0
      vertex 11.871121680214047 -12.990315950113933 0
      vertex 11.862783399789816 -13.074975932000815 0
    endloop
  endfacet
  facet normal 0 0 -1
    outer loop
      vertex 10.701953578800772 -15.618046421199232 0
      vertex 11.8849791354758 -12.906382581379033 0
      vertex 11.871121680214047 -12.990315950113933 0
    endloop
  endfacet
  facet normal 0 0 -1
    outer loop
      vertex 10.701953578800772 -15.618046421199232 0
      vertex 11.904296425824212 -12.823535241366724 0
      vertex 11.8849791354758 -12.906382581379033 0
    endloop
  endfacet
  facet normal 0 0 -1
    outer loop
      vertex 10.701953578800772 -15.618046421199232 0
      vertex 11.928990831656362 -12.74212869510589 0
      vertex 11.904296425824212 -12.823535241366724 0
    endloop
  endfacet
  facet normal 0 0 -1
    outer loop
      vertex 10.701953578800772 -15.618046421199232 0
      vertex 11.958956607735328 -12.662511537925383 0
      vertex 11.928990831656362 -12.74212869510589 0
    endloop
  endfacet
  facet normal 0 0 -1
    outer loop
      vertex 4.144923517922423 -9.094670986228254 0
      vertex 3.869416800080593 -7.93803523136715 0
      vertex 8.9877160184945 -11.89081460673814 0
    endloop
  endfacet
  facet normal 0 0 -1
    outer loop
      vertex 3.869416800080593 -7.93803523136715 0
      vertex 3.826834323650898 -0.8863659180921828 0
      vertex 8.9877160184945 -11.89081460673814 0
    endloop
  endfacet
  facet normal 0 0 -1
    outer loop
      vertex 3.869416800080593 -7.93803523136715 0
      vertex 0.1612513993743699 -5.074279305640313 0
      vertex 3.826834323650898 -0.8863659180921828 0
    endloop
  endfacet
  facet normal 0 0 -1
    outer loop
      vertex 0.1612513993743699 -5.074279305640313 0
      vertex 0.32736610412972583 0 0
      vertex 3.5243874804074857 0 0
    endloop
  endfacet
  facet normal 0 0 -1
    outer loop
      vertex 0.1612513993743699 -5.074279305640313 0
      vertex 3.826834323650898 -0.5072105279810017 0
      vertex 3.826834323650898 -0.8863659180921828 0
    endloop
  endfacet
  facet normal 0 0 -1
    outer loop
      vertex 0.1612513993743699 -5.074279305640313 0
      vertex 3.5243874804074857 0 0
      vertex 3.826834323650898 -0.5072105279810017 0
    endloop
  endfacet
  facet normal 0 0 -1
    outer loop
      vertex 3.826834323650898 -0.8863659180921828 0
      vertex 4.09342653374329 -1.0952457416548151 0
      vertex 8.9877160184945 -11.89081460673814 0
    endloop
  endfacet
  facet normal 0 0 -1
    outer loop
      vertex 4.09342653374329 -1.0952457416548151 0
      vertex 4.101512840339794 -0.848234627966039 0
      vertex 5 -0.050252531694167324 0
    endloop
  endfacet
  facet normal 0 0 -1
    outer loop
      vertex 4.101512840339794 -0.848234627966039 0
      vertex 4.708598228779973 -0.2411492395258594 0
      vertex 5 -0.050252531694167324 0
    endloop
  endfacet
  facet normal 0 0 -1
    outer loop
      vertex 4.09342653374329 -1.0952457416548151 0
      vertex 5 -0.050252531694167324 0
      vertex 9.094670986228255 -4.144923517922422 0
    endloop
  endfacet
  facet normal 0 0 -1
    outer loop
      vertex 8.687668840775036 -13.63741630908087 0
      vertex 4.144923517922423 -9.094670986228254 0
      vertex 8.9877160184945 -11.89081460673814 0
    endloop
  endfacet
  facet normal 0 0 -1
    outer loop
      vertex 4.09342653374329 -1.0952457416548151 0
      vertex 13.63741630908087 -8.687668840775036 0
      vertex 8.9877160184945 -11.89081460673814 0
    endloop
  endfacet
  facet normal 0 0 -1
    outer loop
      vertex 10.701953578800772 -15.618046421199232 0
      vertex 8.9877160184945 -11.89081460673814 0
      vertex 13.63741630908087 -8.687668840775036 0
    endloop
  endfacet
  facet normal 0 0 -1
    outer loop
      vertex 10.701953578800772 -15.618046421199232 0
      vertex 13.63741630908087 -8.687668840775036 0
      vertex 11.958956607735328 -12.662511537925383 0
    endloop
  endfacet
  facet normal 0 0 -1
    outer loop
      vertex 13.63741630908087 -8.687668840775036 0
      vertex 11.994065436007507 -12.585024702715298 0
      vertex 11.958956607735328 -12.662511537925383 0
    endloop
  endfacet
  facet normal 0 0 -1
    outer loop
      vertex 13.63741630908087 -8.687668840775036 0
      vertex 12.03416697508023 -12.51 0
      vertex 11.994065436007507 -12.585024702715298 0
    endloop
  endfacet
  facet normal 0 0 -1
    outer loop
      vertex 13.63741630908087 -8.687668840775036 0
      vertex 12.079089504006692 -12.437758697074518 0
      vertex 12.03416697508023 -12.51 0
    endloop
  endfacet
  facet normal 0 0 -1
    outer loop
      vertex 13.63741630908087 -8.687668840775036 0
      vertex 12.128640657621395 -12.368610142288663 0
      vertex 12.079089504006692 -12.437758697074518 0
    endloop
  endfacet
  facet normal 0 0 -1
    outer loop
      vertex 13.63741630908087 -8.687668840775036 0
      vertex 12.18260825027733 -12.30285044036991 0
      vertex 12.128640657621395 -12.368610142288663 0
    endloop
  endfacet
  facet normal 0 0 -1
    outer loop
      vertex 13.63741630908087 -8.687668840775036 0
      vertex 12.240761184457488 -12.240761184457488 0
      vertex 12.18260825027733 -12.30285044036991 0
    endloop
  endfacet
  facet normal 0 0 -1
    outer loop
      vertex 13.63741630908087 -8.687668840775036 0
      vertex 12.368610142288663 -12.128640657621395 0
      vertex 12.30285044036991 -12.18260825027733 0
    endloop
  endfacet
  facet normal 0 0 -1
    outer loop
      vertex 13.63741630908087 -8.687668840775036 0
      vertex 12.30285044036991 -12.18260825027733 0
      vertex 12.240761184457488 -12.240761184457488 0
    endloop
  endfacet
  facet normal 0 0 -1
    outer loop
      vertex 13.63741630908087 -8.687668840775036 0
      vertex 12.437758697074518 -12.079089504006692 0
      vertex 12.368610142288663 -12.128640657621395 0
    endloop
  endfacet
  facet normal 0 0 -1
    outer loop
      vertex 13.63741630908087 -8.687668840775036 0
      vertex 12.51 -12.03416697508023 0
      vertex 12.437758697074518 -12.079089504006692 0
    endloop
  endfacet
  facet normal 0 0 -1
    outer loop
      vertex 13.63741630908087 -8.687668840775036 0
      vertex 12.585024702715298 -11.994065436007507 0
      vertex 12.51 -12.03416697508023 0
    endloop
  endfacet
  facet normal 0 0 -1
    outer loop
      vertex 13.63741630908087 -8.687668840775036 0
      vertex 12.662511537925383 -11.958956607735328 0
      vertex 12.585024702715298 -11.994065436007507 0
    endloop
  endfacet
  facet normal 0 0 -1
    outer loop
      vertex 13.63741630908087 -8.687668840775036 0
      vertex 12.74212869510589 -11.928990831656362 0
      vertex 12.662511537925383 -11.958956607735328 0
    endloop
  endfacet
  facet normal 0 0 -1
    outer loop
      vertex 4.09342653374329 -1.0952457416548151 0
      vertex 9.094670986228255 -4.144923517922422 0
      vertex 13.63741630908087 -8.687668840775036 0
    endloop
  endfacet
  facet normal -0.7071067811865478 -0.7071067811865474 5.405735917313015e-17
    outer loop
      vertex 8.687668840775036 -13.63741630908087 0
      vertex 4.144923517922423 -9.094670986228254 5
      vertex 4.144923517922423 -9.094670986228254 0
    endloop
  endfacet
  facet normal 0.7071067811865476 0.7071067811865476 -4.153610443631001e-17
    outer loop
      vertex 9.094670986228255 -4.144923517922422 0
      vertex 13.63741630908087 -8.687668840775036 5
      vertex 13.63741630908087 -8.687668840775036 0
    endloop
  endfacet
  facet normal 0 0 -1
    outer loop
      vertex 13.63741630908087 -8.687668840775036 0
      vertex 12.823535241366724 -11.904296425824212 0
      vertex 12.74212869510589 -11.928990831656362 0
    endloop
  endfacet
  facet normal 0 0 -1
    outer loop
      vertex 13.63741630908087 -8.687668840775036 0
      vertex 12.906382581379033 -11.8849791354758 0
      vertex 12.823535241366724 -11.904296425824212 0
    endloop
  endfacet
  facet normal 0 0 -1
    outer loop
      vertex 13.63741630908087 -8.687668840775036 0
      vertex 12.990315950113933 -11.871121680214047 0
      vertex 12.906382581379033 -11.8849791354758 0
    endloop
  endfacet
  facet normal 0 0 -1
    outer loop
      vertex 13.63741630908087 -8.687668840775036 0
      vertex 13.074975932000815 -11.862783399789816 0
      vertex 12.990315950113933 -11.871121680214047 0
    endloop
  endfacet
  facet normal 0 0 -1
    outer loop
      vertex 13.63741630908087 -8.687668840775036 0
      vertex 13.16 -11.86 0
      vertex 13.074975932000815 -11.862783399789816 0
    endloop
  endfacet
  facet normal 0 0 -1
    outer loop
      vertex 13.63741630908087 -8.687668840775036 0
      vertex 13.245024067999186 -11.862783399789816 0
      vertex 13.16 -11.86 0
    endloop
  endfacet
  facet normal 0 0 -1
    outer loop
      vertex 13.63741630908087 -8.687668840775036 0
      vertex 13.329684049886067 -11.871121680214047 0
      vertex 13.245024067999186 -11.862783399789816 0
    endloop
  endfacet
  facet normal 0 0 -1
    outer loop
      vertex 13.63741630908087 -8.687668840775036 0
      vertex 13.413617418620968 -11.8849791354758 0
      vertex 13.329684049886067 -11.871121680214047 0
    endloop
  endfacet
  facet normal 0 0 -1
    outer loop
      vertex 13.63741630908087 -8.687668840775036 0
      vertex 13.496447299224823 -11.904292354861132 0
      vertex 13.413617418620968 -11.8849791354758 0
    endloop
  endfacet
  facet normal 0 0 1
    outer loop
      vertex 10.857788294557817 -15.462211705442186 5
      vertex 12.18260825027733 -14.01714955963009 5
      vertex 12.128640657621395 -13.951389857711337 5
    endloop
  endfacet
  facet normal 0 0 1
    outer loop
      vertex 10.857788294557817 -15.462211705442186 5
      vertex 12.240761184457488 -14.079238815542512 5
      vertex 12.18260825027733 -14.01714955963009 5
    endloop
  endfacet
  facet normal 0 0 1
    outer loop
      vertex 10.857788294557817 -15.462211705442186 5
      vertex 12.079089504006692 -13.882241302925483 5
      vertex 12.03416697508023 -13.81 5
    endloop
  endfacet
  facet normal 0 0 1
    outer loop
      vertex 10.857788294557817 -15.462211705442186 5
      vertex 12.128640657621395 -13.951389857711337 5
      vertex 12.079089504006692 -13.882241302925483 5
    endloop
  endfacet
  facet normal -0.7071067811865478 -0.7071067811865474 0
    outer loop
      vertex 8.687668840775036 -13.63741630908087 0
      vertex 8.687668840775036 -13.63741630908087 5
      vertex 4.144923517922423 -9.094670986228254 5
    endloop
  endfacet
  facet normal 0.7071067811865476 0.7071067811865476 0
    outer loop
      vertex 9.094670986228255 -4.144923517922422 0
      vertex 9.094670986228255 -4.144923517922422 5
      vertex 13.63741630908087 -8.687668840775036 5
    endloop
  endfacet
  facet normal 0 0 1
    outer loop
      vertex 8.687668840775036 -13.63741630908087 5
      vertex 5.3702955872629685 -8.429989444647328 5
      vertex 4.144923517922423 -9.094670986228254 5
    endloop
  endfacet
  facet normal 0 0 1
    outer loop
      vertex 8.687668840775036 -13.63741630908087 5
      vertex 5.371495982369178 -8.429242991002416 5
      vertex 5.3702955872629685 -8.429989444647328 5
    endloop
  endfacet
  facet normal 0 0 1
    outer loop
      vertex 4.144923517922423 -9.094670986228254 5
      vertex 5.3702955872629685 -8.429989444647328 5
      vertex 4.352972128728301 -6.833052017668522 5
    endloop
  endfacet
  facet normal 0 0 1
    outer loop
      vertex 5.371495982369178 -8.429242991002416 5
      vertex 6.394172210509591 -7.68194781946116 5
      vertex 5.452321629789114 -5.363504552301329 5
    endloop
  endfacet
  facet normal 0 0 1
    outer loop
      vertex 6.394172210509591 -7.68194781946116 5
      vertex 5.485758856814102 -5.327803988348278 5
      vertex 5.452321629789114 -5.363504552301329 5
    endloop
  endfacet
  facet normal 0 0 1
    outer loop
      vertex 8.695143373431335 -13.644890841737169 5
      vertex 5.371495982369178 -8.429242991002416 5
      vertex 8.687668840775036 -13.63741630908087 5
    endloop
  endfacet
  facet normal 0 0 1
    outer loop
      vertex 8.695143373431335 -13.644890841737169 5
      vertex 6.394172210509591 -7.68194781946116 5
      vertex 5.371495982369178 -8.429242991002416 5
    endloop
  endfacet
  facet normal 0 0 1
    outer loop
      vertex 10.65993395141179 -15.579305838914111 5
      vertex 6.89557672837993 -7.235433148140957 5
      vertex 6.810008568359352 -7.315576475750047 5
    endloop
  endfacet
  facet normal 0 0 1
    outer loop
      vertex 8.695143373431335 -13.644890841737169 5
      vertex 10.65993395141179 -15.609681419717624 5
      vertex 6.810008568359352 -7.315576475750047 5
    endloop
  endfacet
  facet normal 0 0 1
    outer loop
      vertex 10.65993395141179 -15.609681419717624 5
      vertex 10.65993395141179 -15.579305838914111 5
      vertex 6.810008568359352 -7.315576475750047 5
    endloop
  endfacet
  facet normal 0 0 1
    outer loop
      vertex 10.65993395141179 -15.579305838914111 5
      vertex 10.857788294557817 -15.462211705442186 5
      vertex 6.89557672837993 -7.235433148140957 5
    endloop
  endfacet
  facet normal 0 0 1
    outer loop
      vertex 8.695143373431335 -13.644890841737169 5
      vertex 6.810008568359352 -7.315576475750047 5
      vertex 6.394172210509591 -7.68194781946116 5
    endloop
  endfacet
  facet normal 0 0 1
    outer loop
      vertex 6.394172210509591 -7.68194781946116 5
      vertex 6.810008568359352 -7.315576475750047 5
      vertex 6.569883320972356 -6.798261514194909 5
    endloop
  endfacet
  facet normal 0 0 1
    outer loop
      vertex 6.89557672837993 -7.235433148140957 5
      vertex 12.662511537925383 -11.958956607735328 5
      vertex 8.079247285824193 -5.884270801983243 5
    endloop
  endfacet
  facet normal 0 0 1
    outer loop
      vertex 10.857788294557817 -15.462211705442186 5
      vertex 12.03416697508023 -13.81 5
      vertex 6.89557672837993 -7.235433148140957 5
    endloop
  endfacet
  facet normal 0 0 1
    outer loop
      vertex 6.89557672837993 -7.235433148140957 5
      vertex 11.994065436007507 -13.734975297284702 5
      vertex 11.958956607735328 -13.657488462074618 5
    endloop
  endfacet
  facet normal 0 0 1
    outer loop
      vertex 6.89557672837993 -7.235433148140957 5
      vertex 11.958956607735328 -13.657488462074618 5
      vertex 11.928990831656362 -13.57787130489411 5
    endloop
  endfacet
  facet normal 0 0 1
    outer loop
      vertex 6.89557672837993 -7.235433148140957 5
      vertex 11.928990831656362 -13.57787130489411 5
      vertex 11.904296425824212 -13.496464758633277 5
    endloop
  endfacet
  facet normal 0 0 1
    outer loop
      vertex 6.89557672837993 -7.235433148140957 5
      vertex 12.03416697508023 -13.81 5
      vertex 11.994065436007507 -13.734975297284702 5
    endloop
  endfacet
  facet normal 0 0 1
    outer loop
      vertex 6.89557672837993 -7.235433148140957 5
      vertex 11.904296425824212 -13.496464758633277 5
      vertex 11.8849791354758 -13.413617418620968 5
    endloop
  endfacet
  facet normal 0 0 1
    outer loop
      vertex 6.89557672837993 -7.235433148140957 5
      vertex 11.8849791354758 -13.413617418620968 5
      vertex 11.871121680214047 -13.329684049886067 5
    endloop
  endfacet
  facet normal 0 0 1
    outer loop
      vertex 6.89557672837993 -7.235433148140957 5
      vertex 11.871121680214047 -13.329684049886067 5
      vertex 11.862783399789816 -13.245024067999186 5
    endloop
  endfacet
  facet normal 0 0 1
    outer loop
      vertex 6.89557672837993 -7.235433148140957 5
      vertex 11.862783399789816 -13.245024067999186 5
      vertex 11.86 -13.16 5
    endloop
  endfacet
  facet normal 0 0 1
    outer loop
      vertex 6.89557672837993 -7.235433148140957 5
      vertex 11.86 -13.16 5
      vertex 11.862783399789816 -13.074975932000815 5
    endloop
  endfacet
  facet normal 0 0 1
    outer loop
      vertex 6.89557672837993 -7.235433148140957 5
      vertex 11.862783399789816 -13.074975932000815 5
      vertex 11.871121680214047 -12.990315950113933 5
    endloop
  endfacet
  facet normal 0 0 1
    outer loop
      vertex 6.89557672837993 -7.235433148140957 5
      vertex 11.871121680214047 -12.990315950113933 5
      vertex 11.8849791354758 -12.906382581379033 5
    endloop
  endfacet
  facet normal 0 0 1
    outer loop
      vertex 6.89557672837993 -7.235433148140957 5
      vertex 11.8849791354758 -12.906382581379033 5
      vertex 11.904296425824212 -12.823535241366724 5
    endloop
  endfacet
  facet normal 0 0 1
    outer loop
      vertex 6.89557672837993 -7.235433148140957 5
      vertex 11.904296425824212 -12.823535241366724 5
      vertex 11.928990831656362 -12.74212869510589 5
    endloop
  endfacet
  facet normal 0 0 1
    outer loop
      vertex 6.89557672837993 -7.235433148140957 5
      vertex 11.928990831656362 -12.74212869510589 5
      vertex 11.958956607735328 -12.662511537925383 5
    endloop
  endfacet
  facet normal 0 0 1
    outer loop
      vertex 6.89557672837993 -7.235433148140957 5
      vertex 11.958956607735328 -12.662511537925383 5
      vertex 11.994065436007507 -12.585024702715298 5
    endloop
  endfacet
  facet normal 0 0 1
    outer loop
      vertex 6.89557672837993 -7.235433148140957 5
      vertex 11.994065436007507 -12.585024702715298 5
      vertex 12.03416697508023 -12.51 5
    endloop
  endfacet
  facet normal 0 0 1
    outer loop
      vertex 6.89557672837993 -7.235433148140957 5
      vertex 12.03416697508023 -12.51 5
      vertex 12.079089504006692 -12.437758697074518 5
    endloop
  endfacet
  facet normal 0 0 1
    outer loop
      vertex 6.89557672837993 -7.235433148140957 5
      vertex 12.079089504006692 -12.437758697074518 5
      vertex 12.128640657621395 -12.368610142288663 5
    endloop
  endfacet
  facet normal 0 0 1
    outer loop
      vertex 6.89557672837993 -7.235433148140957 5
      vertex 12.128640657621395 -12.368610142288663 5
      vertex 12.18260825027733 -12.30285044036991 5
    endloop
  endfacet
  facet normal 0 0 1
    outer loop
      vertex 6.89557672837993 -7.235433148140957 5
      vertex 12.18260825027733 -12.30285044036991 5
      vertex 12.240761184457488 -12.240761184457488 5
    endloop
  endfacet
  facet normal 0 0 1
    outer loop
      vertex 6.89557672837993 -7.235433148140957 5
      vertex 12.240761184457488 -12.240761184457488 5
      vertex 12.30285044036991 -12.18260825027733 5
    endloop
  endfacet
  facet normal 0 0 1
    outer loop
      vertex 6.89557672837993 -7.235433148140957 5
      vertex 12.30285044036991 -12.18260825027733 5
      vertex 12.368610142288663 -12.128640657621395 5
    endloop
  endfacet
  facet normal 0 0 1
    outer loop
      vertex 6.89557672837993 -7.235433148140957 5
      vertex 12.368610142288663 -12.128640657621395 5
      vertex 12.437758697074518 -12.079089504006692 5
    endloop
  endfacet
  facet normal 0 0 1
    outer loop
      vertex 6.89557672837993 -7.235433148140957 5
      vertex 12.437758697074518 -12.079089504006692 5
      vertex 12.51 -12.03416697508023 5
    endloop
  endfacet
  facet normal 0 0 1
    outer loop
      vertex 6.89557672837993 -7.235433148140957 5
      vertex 12.51 -12.03416697508023 5
      vertex 12.585024702715298 -11.994065436007507 5
    endloop
  endfacet
  facet normal 0 0 1
    outer loop
      vertex 6.89557672837993 -7.235433148140957 5
      vertex 12.585024702715298 -11.994065436007507 5
      vertex 12.662511537925383 -11.958956607735328 5
    endloop
  endfacet
  facet normal 0 0 1
    outer loop
      vertex 8.079247285824193 -5.884270801983243 5
      vertex 12.662511537925383 -11.958956607735328 5
      vertex 12.74212869510589 -11.928990831656362 5
    endloop
  endfacet
  facet normal 0 0 1
    outer loop
      vertex 8.079247285824193 -5.884270801983243 5
      vertex 12.74212869510589 -11.928990831656362 5
      vertex 12.823535241366724 -11.904296425824212 5
    endloop
  endfacet
  facet normal 0 0 1
    outer loop
      vertex 8.079247285824193 -5.884270801983243 5
      vertex 12.823535241366724 -11.904296425824212 5
      vertex 12.906382581379033 -11.8849791354758 5
    endloop
  endfacet
  facet normal 0 0 1
    outer loop
      vertex 8.079247285824193 -5.884270801983243 5
      vertex 12.906382581379033 -11.8849791354758 5
      vertex 13.63741630908087 -8.687668840775036 5
    endloop
  endfacet
  facet normal 0 0 1
    outer loop
      vertex 6.89557672837993 -7.235433148140957 5
      vertex 8.079247285824193 -5.884270801983243 5
      vertex 6.987790886211321 -4.527220889303381 5
    endloop
  endfacet
  facet normal 0 0 1
    outer loop
      vertex 8.079247285824193 -5.884270801983243 5
      vertex 8.838470612727628 -4.666580239593644 5
      vertex 8.26999581072219 -4.1902490429018435 5
    endloop
  endfacet
  facet normal 0 0 1
    outer loop
      vertex 8.838470612727628 -4.666580239593644 5
      vertex 9.094670986228255 -4.144923517922422 5
      vertex 8.955057359397129 -4.005309891091297 5
    endloop
  endfacet
  facet normal 0 0 1
    outer loop
      vertex 8.079247285824193 -5.884270801983243 5
      vertex 13.63741630908087 -8.687668840775036 5
      vertex 8.838470612727628 -4.666580239593644 5
    endloop
  endfacet
  facet normal 0 0 1
    outer loop
      vertex 8.838470612727628 -4.666580239593644 5
      vertex 13.63741630908087 -8.687668840775036 5
      vertex 9.094670986228255 -4.144923517922422 5
    endloop
  endfacet
  facet normal 0 0 1
    outer loop
      vertex 13.63741630908087 -8.687668840775036 5
      vertex 12.906382581379033 -11.8849791354758 5
      vertex 12.990315950113933 -11.871121680214047 5
    endloop
  endfacet
  facet normal 0 0 1
    outer loop
      vertex 13.63741630908087 -8.687668840775036 5
      vertex 12.990315950113933 -11.871121680214047 5
      vertex 13.074975932000815 -11.862783399789816 5
    endloop
  endfacet
  facet normal 0 0 1
    outer loop
      vertex 13.63741630908087 -8.687668840775036 5
      vertex 13.074975932000815 -11.862783399789816 5
      vertex 13.16 -11.86 5
    endloop
  endfacet
  facet normal 0 0 1
    outer loop
      vertex 13.63741630908087 -8.687668840775036 5
      vertex 13.16 -11.86 5
      vertex 13.245024067999186 -11.862783399789816 5
    endloop
  endfacet
  facet normal 0 0 1
    outer loop
      vertex 13.63741630908087 -8.687668840775036 5
      vertex 13.245024067999186 -11.862783399789816 5
      vertex 13.329684049886067 -11.871121680214047 5
    endloop
  endfacet
  facet normal 0 0 1
    outer loop
      vertex 13.63741630908087 -8.687668840775036 5
      vertex 13.329684049886067 -11.871121680214047 5
      vertex 13.413617418620968 -11.8849791354758 5
    endloop
  endfacet
  facet normal 0 0 1
    outer loop
      vertex 13.63741630908087 -8.687668840775036 5
      vertex 13.413617418620968 -11.8849791354758 5
      vertex 13.496464758633277 -11.904296425824212 5
    endloop
  endfacet
  facet normal 0 0 1
    outer loop
      vertex 13.63741630908087 -8.687668840775036 5
      vertex 13.496464758633277 -11.904296425824212 5
      vertex 13.57787130489411 -11.928990831656362 5
    endloop
  endfacet
  facet normal 0 0 1
    outer loop
      vertex 13.63741630908087 -8.687668840775036 5
      vertex 13.57787130489411 -11.928990831656362 5
      vertex 13.597186811453318 -11.936260673546004 5
    endloop
  endfacet
  facet normal 0 0 -1
    outer loop
      vertex -9.807852804032304 -1.9509032201612824 0
      vertex -9.914448613738104 -1.3052619222005157 0
      vertex -9.807852804032304 1.9509032201612824 0
    endloop
  endfacet
  facet normal 0 0 -1
    outer loop
      vertex -9.914448613738104 -1.3052619222005157 0
      vertex -9.978589232386035 -0.6540312923014306 0
      vertex -9.914448613738104 1.3052619222005157 0
    endloop
  endfacet
  facet normal 0 0 -1
    outer loop
      vertex -9.469301294951057 -3.214394653031616 0
      vertex -9.659258262890683 -2.5881904510252074 0
      vertex -9.469301294951057 3.214394653031616 0
    endloop
  endfacet
  facet normal 0 0 -1
    outer loop
      vertex -9.094670986228255 -4.144923517922422 0
      vertex -9.238795325112868 -3.826834323650898 0
      vertex -8.968727415326882 4.018979947021049 0
    endloop
  endfacet
  facet normal 0 0 -1
    outer loop
      vertex -9.094670986228255 -4.144923517922422 0
      vertex -8.968727415326882 4.018979947021049 0
      vertex -8.955057359397129 -4.005309891091297 0
    endloop
  endfacet
  facet normal 0 0 -1
    outer loop
      vertex -9.238795325112868 -3.826834323650898 0
      vertex -9.469301294951057 -3.214394653031616 0
      vertex -9.238795325112868 3.826834323650898 0
    endloop
  endfacet
  facet normal 0 0 -1
    outer loop
      vertex -9.807852804032304 -1.9509032201612824 0
      vertex -9.659258262890683 2.5881904510252074 0
      vertex -9.659258262890683 -2.5881904510252074 0
    endloop
  endfacet
  facet normal 0 0 -1
    outer loop
      vertex -8.660254037844386 -4.826906943438272 0
      vertex -8.955057359397129 -4.005309891091297 0
      vertex -5 1.1104812892948632 0
    endloop
  endfacet
  facet normal 0 0 -1
    outer loop
      vertex -4.144923517922423 -9.094670986228254 0
      vertex 0 -4.949747468305832 0
      vertex -3.826834323650898 -9.238795325112868 0
    endloop
  endfacet
  facet normal 0 0 -1
    outer loop
      vertex -3.826834323650898 -9.238795325112868 0
      vertex 0 -4.949747468305832 0
      vertex -3.214394653031616 -9.469301294951057 0
    endloop
  endfacet
  facet normal 0 0 -1
    outer loop
      vertex -3.214394653031616 -9.469301294951057 0
      vertex 0 -4.949747468305832 0
      vertex -2.5881904510252074 -9.659258262890683 0
    endloop
  endfacet
  facet normal 0 0 -1
    outer loop
      vertex -1.9509032201612824 -9.807852804032304 0
      vertex 0 -4.949747468305832 0
      vertex -1.3052619222005157 -9.914448613738104 0
    endloop
  endfacet
  facet normal 0 0 -1
    outer loop
      vertex -1.3052619222005157 -9.914448613738104 0
      vertex 0 -4.949747468305832 0
      vertex -0.6540312923014306 -9.978589232386035 0
    endloop
  endfacet
  facet normal 0 0 -1
    outer loop
      vertex -0.6540312923014306 -9.978589232386035 0
      vertex 0 -4.949747468305832 0
      vertex 0 -10 0
    endloop
  endfacet
  facet normal 0 0 -1
    outer loop
      vertex -1.9509032201612824 -9.807852804032304 0
      vertex -2.5881904510252074 -9.659258262890683 0
      vertex 0 -4.949747468305832 0
    endloop
  endfacet
  facet normal 0 0 -1
    outer loop
      vertex -8.660254037844386 -4.826906943438272 0
      vertex -5 1.1104812892948632 0
      vertex -5 -1.9876647098568525 0
    endloop
  endfacet
  facet normal 0 0 -1
    outer loop
      vertex -5 -1.9876647098568525 0
      vertex -5 1.1104812892948632 0
      vertex -4.723886558110306 -0.22586091019552645 0
    endloop
  endfacet
  facet normal 0 0 -1
    outer loop
      vertex -4.194234676517161 -1.9841244650396614 0
      vertex -4.1552890428575155 -0.7944584254483168 0
      vertex -3.826834323650898 -1.0313067806035519 0
    endloop
  endfacet
  facet normal 0 0 -1
    outer loop
      vertex -4.194234676517161 -1.9841244650396614 0
      vertex -3.826834323650898 -1.0313067806035519 0
      vertex -3.826834323650898 -1.0901580074170434 0
    endloop
  endfacet
  facet normal 0 0 -1
    outer loop
      vertex -3.533221450442936 -0.2698498691223642 0
      vertex -3.529269872257935 -0.1491416426092441 0
      vertex -3.214394653031616 -0.18327002958692754 0
    endloop
  endfacet
  facet normal 0 0 -1
    outer loop
      vertex -3.529269872257935 -0.1491416426092441 0
      vertex -3.214394653031616 -0.015011327404566926 0
      vertex -3.214394653031616 -0.18327002958692754 0
    endloop
  endfacet
  facet normal -0.986643332084879 -0.16289547339458896 2.3521933153661237e-19
    outer loop
      vertex -9.807852804032304 -1.9509032201612824 0
      vertex -9.914448613738104 -1.3052619222005157 5
      vertex -9.914448613738104 -1.3052619222005157 0
    endloop
  endfacet
  facet normal -0.9951847266721969 -0.09801714032956099 2.51819900114191e-19
    outer loop
      vertex -9.914448613738104 -1.3052619222005157 0
      vertex -9.978589232386035 -0.6540312923014306 5
      vertex -9.978589232386035 -0.6540312923014306 0
    endloop
  endfacet
  facet normal -0.9994645874763656 -0.03271908282177589 2.1681148688711022e-19
    outer loop
      vertex -9.978589232386035 -0.6540312923014306 0
      vertex -10 0 5
      vertex -10 0 0
    endloop
  endfacet
  facet normal -0.9359059267573256 -0.35225004792123366 2.2636380929532284e-18
    outer loop
      vertex -9.238795325112868 -3.826834323650898 0
      vertex -9.469301294951057 -3.214394653031616 5
      vertex -9.469301294951057 -3.214394653031616 0
    endloop
  endfacet
  facet normal -0.9108638249211755 -0.4127070298043953 0
    outer loop
      vertex -9.094670986228255 -4.144923517922422 0
      vertex -9.094670986228255 -4.144923517922422 5
      vertex -9.238795325112868 -3.826834323650898 0
    endloop
  endfacet
  facet normal -0.9569403357322092 -0.29028467725446166 -1.6446839296066316e-18
    outer loop
      vertex -9.469301294951057 -3.214394653031616 0
      vertex -9.659258262890683 -2.5881904510252074 5
      vertex -9.659258262890683 -2.5881904510252074 0
    endloop
  endfacet
  facet normal -0.9738769792773337 -0.22707626303437287 0
    outer loop
      vertex -9.807852804032304 -1.9509032201612824 0
      vertex -9.659258262890683 -2.5881904510252074 0
      vertex -9.807852804032304 -1.9509032201612824 5
    endloop
  endfacet
  facet normal -0.4127070298043985 -0.910863824921174 1.120828867222478e-18
    outer loop
      vertex -4.144923517922423 -9.094670986228254 0
      vertex -3.826834323650898 -9.238795325112868 0
      vertex -3.826834323650898 -9.238795325112868 5
    endloop
  endfacet
  facet normal -0.35225004792123366 -0.9359059267573256 2.2636380929532284e-18
    outer loop
      vertex -3.826834323650898 -9.238795325112868 0
      vertex -3.214394653031616 -9.469301294951057 0
      vertex -3.214394653031616 -9.469301294951057 5
    endloop
  endfacet
  facet normal -0.16289547339458896 -0.986643332084879 2.3521933153661237e-19
    outer loop
      vertex -1.9509032201612824 -9.807852804032304 0
      vertex -1.3052619222005157 -9.914448613738104 0
      vertex -1.3052619222005157 -9.914448613738104 5
    endloop
  endfacet
  facet normal -0.09801714032956099 -0.9951847266721969 2.51819900114191e-19
    outer loop
      vertex -1.3052619222005157 -9.914448613738104 0
      vertex -0.6540312923014306 -9.978589232386035 0
      vertex -0.6540312923014306 -9.978589232386035 5
    endloop
  endfacet
  facet normal -0.03271908282177589 -0.9994645874763656 2.1681148688711022e-19
    outer loop
      vertex -0.6540312923014306 -9.978589232386035 0
      vertex 0 -10 0
      vertex 0 -10 5
    endloop
  endfacet
  facet normal -0.29028467725446166 -0.9569403357322092 -1.6446839296066316e-18
    outer loop
      vertex -3.214394653031616 -9.469301294951057 0
      vertex -2.5881904510252074 -9.659258262890683 0
      vertex -2.5881904510252074 -9.659258262890683 5
    endloop
  endfacet
  facet normal -0.22707626303437287 -0.9738769792773337 0
    outer loop
      vertex -1.9509032201612824 -9.807852804032304 0
      vertex -1.9509032201612824 -9.807852804032304 5
      vertex -2.5881904510252074 -9.659258262890683 0
    endloop
  endfacet
  facet normal -0.986643332084879 -0.16289547339458896 0
    outer loop
      vertex -9.807852804032304 -1.9509032201612824 0
      vertex -9.807852804032304 -1.9509032201612824 5
      vertex -9.914448613738104 -1.3052619222005157 5
    endloop
  endfacet
  facet normal -0.9951847266721969 -0.09801714032956099 0
    outer loop
      vertex -9.914448613738104 -1.3052619222005157 0
      vertex -9.914448613738104 -1.3052619222005157 5
      vertex -9.978589232386035 -0.6540312923014306 5
    endloop
  endfacet
  facet normal -0.9994645874763656 -0.03271908282177589 0
    outer loop
      vertex -9.978589232386035 -0.6540312923014306 0
      vertex -9.978589232386035 -0.6540312923014306 5
      vertex -10 0 5
    endloop
  endfacet
  facet normal -0.9108638249211755 -0.4127070298043953 0
    outer loop
      vertex -9.238795325112868 -3.826834323650898 0
      vertex -9.094670986228255 -4.144923517922422 5
      vertex -9.238795325112868 -3.826834323650898 5
    endloop
  endfacet
  facet normal -0.9359059267573256 -0.35225004792123366 0
    outer loop
      vertex -9.238795325112868 -3.826834323650898 0
      vertex -9.238795325112868 -3.826834323650898 5
      vertex -9.469301294951057 -3.214394653031616 5
    endloop
  endfacet
  facet normal -0.9569403357322092 -0.29028467725446166 0
    outer loop
      vertex -9.469301294951057 -3.214394653031616 0
      vertex -9.469301294951057 -3.214394653031616 5
      vertex -9.659258262890683 -2.5881904510252074 5
    endloop
  endfacet
  facet normal -0.9738769792773337 -0.22707626303437287 0
    outer loop
      vertex -9.659258262890683 -2.5881904510252074 0
      vertex -9.659258262890683 -2.5881904510252074 5
      vertex -9.807852804032304 -1.9509032201612824 5
    endloop
  endfacet
  facet normal -0.4127070298043985 -0.910863824921174 0
    outer loop
      vertex -4.144923517922423 -9.094670986228254 0
      vertex -3.826834323650898 -9.238795325112868 5
      vertex -4.144923517922423 -9.094670986228254 5
    endloop
  endfacet
  facet normal -0.35225004792123366 -0.9359059267573256 0
    outer loop
      vertex -3.826834323650898 -9.238795325112868 0
      vertex -3.214394653031616 -9.469301294951057 5
      vertex -3.826834323650898 -9.238795325112868 5
    endloop
  endfacet
  facet normal -0.16289547339458896 -0.986643332084879 0
    outer loop
      vertex -1.9509032201612824 -9.807852804032304 0
      vertex -1.3052619222005157 -9.914448613738104 5
      vertex -1.9509032201612824 -9.807852804032304 5
    endloop
  endfacet
  facet normal -0.09801714032956099 -0.9951847266721969 0
    outer loop
      vertex -1.3052619222005157 -9.914448613738104 0
      vertex -0.6540312923014306 -9.978589232386035 5
      vertex -1.3052619222005157 -9.914448613738104 5
    endloop
  endfacet
  facet normal -0.03271908282177589 -0.9994645874763656 0
    outer loop
      vertex -0.6540312923014306 -9.978589232386035 0
      vertex 0 -10 5
      vertex -0.6540312923014306 -9.978589232386035 5
    endloop
  endfacet
  facet normal -0.29028467725446166 -0.9569403357322092 0
    outer loop
      vertex -3.214394653031616 -9.469301294951057 0
      vertex -2.5881904510252074 -9.659258262890683 5
      vertex -3.214394653031616 -9.469301294951057 5
    endloop
  endfacet
  facet normal -0.22707626303437287 -0.9738769792773337 0
    outer loop
      vertex -2.5881904510252074 -9.659258262890683 0
      vertex -1.9509032201612824 -9.807852804032304 5
      vertex -2.5881904510252074 -9.659258262890683 5
    endloop
  endfacet
  facet normal 0 0 1
    outer loop
      vertex -9.807852804032304 -1.9509032201612824 5
      vertex -9.914448613738104 1.3052619222005157 5
      vertex -9.914448613738104 -1.3052619222005157 5
    endloop
  endfacet
  facet normal 0 0 1
    outer loop
      vertex -9.914448613738104 -1.3052619222005157 5
      vertex -9.978589232386035 0.6540312923014306 5
      vertex -9.978589232386035 -0.6540312923014306 5
    endloop
  endfacet
  facet normal 0 0 1
    outer loop
      vertex -9.094670986228255 -4.144923517922422 5
      vertex -8.968727415326882 -4.018979947021049 5
      vertex -9.238795325112868 -3.826834323650898 5
    endloop
  endfacet
  facet normal 0 0 1
    outer loop
      vertex -6.6212029139084345 -6.670883241771144 5
      vertex -6.360742534114471 -4.250112282599956 5
      vertex -6.625094338950956 -3.825 5
    endloop
  endfacet
  facet normal 0 0 1
    outer loop
      vertex -8.67995567827097 -4.398177142408808 5
      vertex -7.0710678118654755 -3.0060710500965713 5
      vertex -7.244015490637559 -2.4590119095691865 5
    endloop
  endfacet
  facet normal 0 0 1
    outer loop
      vertex -6.6212029139084345 -6.670883241771144 5
      vertex -6.625094338950956 -3.825 5
      vertex -6.861076472725065 -3.3835084801753603 5
    endloop
  endfacet
  facet normal 0 0 1
    outer loop
      vertex -6.6212029139084345 -6.670883241771144 5
      vertex -6.861076472725065 -3.3835084801753603 5
      vertex -7.067678423711344 -2.927528257592937 5
    endloop
  endfacet
  facet normal 0 0 1
    outer loop
      vertex -6.6212029139084345 -6.670883241771144 5
      vertex -7.067678423711344 -2.927528257592937 5
      vertex -7.0710678118654755 -3.0060710500965713 5
    endloop
  endfacet
  facet normal 0 0 1
    outer loop
      vertex -9.238795325112868 -3.826834323650898 5
      vertex -9.469301294951057 3.214394653031616 5
      vertex -9.469301294951057 -3.214394653031616 5
    endloop
  endfacet
  facet normal 0 0 1
    outer loop
      vertex -9.469301294951057 -3.214394653031616 5
      vertex -9.659258262890683 2.5881904510252074 5
      vertex -9.659258262890683 -2.5881904510252074 5
    endloop
  endfacet
  facet normal 0 0 1
    outer loop
      vertex -9.807852804032304 -1.9509032201612824 5
      vertex -9.659258262890683 -2.5881904510252074 5
      vertex -9.807852804032304 1.9509032201612824 5
    endloop
  endfacet
  facet normal 0 0 1
    outer loop
      vertex -9.238795325112868 -3.826834323650898 5
      vertex -8.968727415326882 -4.018979947021049 5
      vertex -9.238795325112868 3.826834323650898 5
    endloop
  endfacet
  facet normal 0 0 1
    outer loop
      vertex -8.968727415326882 -4.018979947021049 5
      vertex -8.67995567827097 -4.398177142408808 5
      vertex -8.955057359397129 4.005309891091297 5
    endloop
  endfacet
  facet normal 0 0 1
    outer loop
      vertex -8.67995567827097 -4.398177142408808 5
      vertex -7.389332571111373 -1.9799656950342837 5
      vertex -8.955057359397129 4.005309891091297 5
    endloop
  endfacet
  facet normal 0 0 1
    outer loop
      vertex -8.67995567827097 -4.398177142408808 5
      vertex -7.244015490637559 -2.4590119095691865 5
      vertex -7.389332571111373 -1.9799656950342837 5
    endloop
  endfacet
  facet normal 0 0 1
    outer loop
      vertex -7.0710678118654755 -3.0060710500965713 5
      vertex -7.067678423711344 -2.927528257592937 5
      vertex -7.244015490637559 -2.4590119095691865 5
    endloop
  endfacet
  facet normal 0 0 1
    outer loop
      vertex -4.144923517922423 -9.094670986228254 5
      vertex -3.826834323650898 -9.238795325112868 5
      vertex -4.250112282599956 -6.360742534114471 5
    endloop
  endfacet
  facet normal 0 0 1
    outer loop
      vertex -3.826834323650898 -9.238795325112868 5
      vertex -3.214394653031616 -9.469301294951057 5
      vertex -3.3835084801753603 -6.861076472725065 5
    endloop
  endfacet
  facet normal 0 0 1
    outer loop
      vertex -4.444091334197116 -8.320999023791881 5
      vertex -4.4228869021900135 -8.304913514064152 5
      vertex -4.657024931916713 -6.069153053227949 5
    endloop
  endfacet
  facet normal 0 0 1
    outer loop
      vertex -4.144923517922423 -9.094670986228254 5
      vertex -4.250112282599956 -6.360742534114471 5
      vertex -4.4228869021900135 -8.304913514064152 5
    endloop
  endfacet
  facet normal 0 0 1
    outer loop
      vertex -5 -6.572878920201846 5
      vertex -4.444091334197116 -8.320999023791881 5
      vertex -4.657024931916713 -6.069153053227949 5
    endloop
  endfacet
  facet normal 0 0 1
    outer loop
      vertex -4.4228869021900135 -8.304913514064152 5
      vertex -4.250112282599956 -6.360742534114471 5
      vertex -4.657024931916713 -6.069153053227949 5
    endloop
  endfacet
  facet normal 0 0 1
    outer loop
      vertex -3.826834323650898 -9.238795325112868 5
      vertex -3.825 -6.625094338950956 5
      vertex -4.250112282599956 -6.360742534114471 5
    endloop
  endfacet
  facet normal 0 0 1
    outer loop
      vertex -3.826834323650898 -9.238795325112868 5
      vertex -3.3835084801753603 -6.861076472725065 5
      vertex -3.825 -6.625094338950956 5
    endloop
  endfacet
  facet normal 0 0 1
    outer loop
      vertex -3.214394653031616 -9.469301294951057 5
      vertex -2.5881904510252074 -9.659258262890683 5
      vertex -2.927528257592937 -7.067678423711344 5
    endloop
  endfacet
  facet normal 0 0 1
    outer loop
      vertex -1.9509032201612824 -9.807852804032304 5
      vertex -2.4590119095691865 -7.244015490637559 5
      vertex -2.5881904510252074 -9.659258262890683 5
    endloop
  endfacet
  facet normal 0 0 1
    outer loop
      vertex -1.9509032201612824 -9.807852804032304 5
      vertex -1.9799656950342837 -7.389332571111373 5
      vertex -2.4590119095691865 -7.244015490637559 5
    endloop
  endfacet
  facet normal 0 0 1
    outer loop
      vertex -1.9509032201612824 -9.807852804032304 5
      vertex -1.492440963423381 -7.503007395084713 5
      vertex -1.9799656950342837 -7.389332571111373 5
    endloop
  endfacet
  facet normal 0 0 1
    outer loop
      vertex -3.214394653031616 -9.469301294951057 5
      vertex -2.927528257592937 -7.067678423711344 5
      vertex -3.3835084801753603 -6.861076472725065 5
    endloop
  endfacet
  facet normal 0 0 1
    outer loop
      vertex -2.5881904510252074 -9.659258262890683 5
      vertex -2.4590119095691865 -7.244015490637559 5
      vertex -2.927528257592937 -7.067678423711344 5
    endloop
  endfacet
  facet normal 0 0 1
    outer loop
      vertex -1.9509032201612824 -9.807852804032304 5
      vertex -1.3052619222005157 -9.914448613738104 5
      vertex -1.492440963423381 -7.503007395084713 5
    endloop
  endfacet
  facet normal 0 0 1
    outer loop
      vertex -1.3052619222005157 -9.914448613738104 5
      vertex -0.6540312923014306 -9.978589232386035 5
      vertex -0.9985253704833946 -7.584553189509649 5
    endloop
  endfacet
  facet normal 0 0 1
    outer loop
      vertex -1.3052619222005157 -9.914448613738104 5
      vertex -0.9985253704833946 -7.584553189509649 5
      vertex -1.492440963423381 -7.503007395084713 5
    endloop
  endfacet
  facet normal 0 0 1
    outer loop
      vertex -0.6540312923014306 -9.978589232386035 5
      vertex 0 -10 5
      vertex -0.5003339386105945 -7.633620762775317 5
    endloop
  endfacet
  facet normal 0 0 1
    outer loop
      vertex -0.6540312923014306 -9.978589232386035 5
      vertex -0.5003339386105945 -7.633620762775317 5
      vertex -0.9985253704833946 -7.584553189509649 5
    endloop
  endfacet
  facet normal 0 0 1
    outer loop
      vertex 0 -10 5
      vertex 0 -7.65 5
      vertex -0.5003339386105945 -7.633620762775317 5
    endloop
  endfacet
  facet normal 0 0 1
    outer loop
      vertex -5.587443053322772 -7.345117332602698 5
      vertex -5.751574527214178 -5.043995485515527 5
      vertex -6.087614290087206 -5.4939212430919975 5
    endloop
  endfacet
  facet normal 0 0 1
    outer loop
      vertex -6.6212029139084345 -6.670883241771144 5
      vertex -6.087614290087206 -5.4939212430919975 5
      vertex -6.360742534114471 -4.250112282599956 5
    endloop
  endfacet
  facet normal 0 0 1
    outer loop
      vertex -6.087614290087206 -5.4939212430919975 5
      vertex -5.751574527214178 -5.043995485515527 5
      vertex -6.069153053227949 -4.657024931916713 5
    endloop
  endfacet
  facet normal 0 0 1
    outer loop
      vertex -5.587443053322772 -7.345117332602698 5
      vertex -5 -6.572878920201846 5
      vertex -5.409366876077089 -5.409366876077089 5
    endloop
  endfacet
  facet normal 0 0 1
    outer loop
      vertex -5.587443053322772 -7.345117332602698 5
      vertex -5.409366876077089 -5.409366876077089 5
      vertex -5.751574527214178 -5.043995485515527 5
    endloop
  endfacet
  facet normal 0 0 1
    outer loop
      vertex -5 -6.572878920201846 5
      vertex -4.657024931916713 -6.069153053227949 5
      vertex -5.043995485515527 -5.751574527214178 5
    endloop
  endfacet
  facet normal 0 0 1
    outer loop
      vertex -5 -6.572878920201846 5
      vertex -5.043995485515527 -5.751574527214178 5
      vertex -5.409366876077089 -5.409366876077089 5
    endloop
  endfacet
  facet normal 0 0 1
    outer loop
      vertex -6.087614290087206 -5.4939212430919975 5
      vertex -6.069153053227949 -4.657024931916713 5
      vertex -6.360742534114471 -4.250112282599956 5
    endloop
  endfacet
  facet normal 0 0 -1
    outer loop
      vertex -9.978589232386035 -0.6540312923014306 0
      vertex -10 0 0
      vertex -9.978589232386035 0.6540312923014306 0
    endloop
  endfacet
  facet normal 0 0 -1
    outer loop
      vertex -9.978589232386035 -0.6540312923014306 0
      vertex -9.978589232386035 0.6540312923014306 0
      vertex -9.914448613738104 1.3052619222005157 0
    endloop
  endfacet
  facet normal 0 0 -1
    outer loop
      vertex -9.914448613738104 -1.3052619222005157 0
      vertex -9.914448613738104 1.3052619222005157 0
      vertex -9.807852804032304 1.9509032201612824 0
    endloop
  endfacet
  facet normal 0 0 -1
    outer loop
      vertex -9.807852804032304 -1.9509032201612824 0
      vertex -9.807852804032304 1.9509032201612824 0
      vertex -9.659258262890683 2.5881904510252074 0
    endloop
  endfacet
  facet normal 0 0 -1
    outer loop
      vertex -9.659258262890683 -2.5881904510252074 0
      vertex -9.659258262890683 2.5881904510252074 0
      vertex -9.469301294951057 3.214394653031616 0
    endloop
  endfacet
  facet normal 0 0 -1
    outer loop
      vertex -9.469301294951057 -3.214394653031616 0
      vertex -9.469301294951057 3.214394653031616 0
      vertex -9.238795325112868 3.826834323650898 0
    endloop
  endfacet
  facet normal 0 0 -1
    outer loop
      vertex -9.238795325112868 -3.826834323650898 0
      vertex -9.238795325112868 3.826834323650898 0
      vertex -8.981530819894063 4.0317833515882295 0
    endloop
  endfacet
  facet normal 0 0 -1
    outer loop
      vertex -9.238795325112868 -3.826834323650898 0
      vertex -8.981530819894063 4.0317833515882295 0
      vertex -8.968727415326882 4.018979947021049 0
    endloop
  endfacet
  facet normal 0 0 -1
    outer loop
      vertex -8.955057359397129 -4.005309891091297 0
      vertex -8.968727415326882 4.018979947021049 0
      vertex -8.681847498413436 4.340388015232842 0
    endloop
  endfacet
  facet normal 0 0 -1
    outer loop
      vertex -8.955057359397129 -4.005309891091297 0
      vertex -8.681847498413436 4.340388015232842 0
      vertex -5 1.1104812892948632 0
    endloop
  endfacet
  facet normal 0 0 -1
    outer loop
      vertex -9.238795325112868 3.826834323650898 0
      vertex -9.094670986228255 4.144923517922422 0
      vertex -8.981530819894063 4.0317833515882295 0
    endloop
  endfacet
  facet normal 0 0 -1
    outer loop
      vertex -4.723886558110306 -0.22586091019552645 0
      vertex -5 1.1104812892948632 0
      vertex -4.717545375566294 -0.03215782169558198 0
    endloop
  endfacet
  facet normal 0 0 -1
    outer loop
      vertex -1.3052619222005157 1.1944681358095637 0
      vertex -1.3052619222005157 1.3306678228050342 0
      vertex -0.9078148712635867 2.2263028545150725 0
    endloop
  endfacet
  facet normal 0 0 -1
    outer loop
      vertex -1.3052619222005157 1.1944681358095637 0
      vertex -0.9078148712635867 2.2263028545150725 0
      vertex -0.9496094847271588 0.9496094847271588 0
    endloop
  endfacet
  facet normal 0 0 -1
    outer loop
      vertex -4.144923517922423 9.094670986228254 0
      vertex -3.826834323650898 9.238795325112868 0
      vertex -3.841485982370042 8.791233450675874 0
    endloop
  endfacet
  facet normal 0 0 -1
    outer loop
      vertex -3.841485982370042 8.791233450675874 0
      vertex -3.826834323650898 9.238795325112868 0
      vertex -3.214394653031616 9.469301294951057 0
    endloop
  endfacet
  facet normal 0 0 -1
    outer loop
      vertex -3.841485982370042 8.791233450675874 0
      vertex -3.214394653031616 9.469301294951057 0
      vertex -2.5881904510252074 9.659258262890683 0
    endloop
  endfacet
  facet normal 0 0 -1
    outer loop
      vertex -3.841485982370042 8.791233450675874 0
      vertex -2.5881904510252074 9.659258262890683 0
      vertex -1.9509032201612824 9.807852804032304 0
    endloop
  endfacet
  facet normal 0 0 -1
    outer loop
      vertex -3.841485982370042 8.791233450675874 0
      vertex -1.9509032201612824 9.807852804032304 0
      vertex -1.3052619222005157 9.914448613738104 0
    endloop
  endfacet
  facet normal 0 0 -1
    outer loop
      vertex -3.841485982370042 8.791233450675874 0
      vertex -1.3052619222005157 9.914448613738104 0
      vertex -0.6540312923014306 9.978589232386035 0
    endloop
  endfacet
  facet normal 0 0 -1
    outer loop
      vertex -3.841485982370042 8.791233450675874 0
      vertex 0 10 0
      vertex 0 4.949747468305832 0
    endloop
  endfacet
  facet normal 0 0 -1
    outer loop
      vertex -3.841485982370042 8.791233450675874 0
      vertex -0.6540312923014306 9.978589232386035 0
      vertex 0 10 0
    endloop
  endfacet
  facet normal -0.9994645874763656 0.03271908282177589 -2.1681148688711022e-19
    outer loop
      vertex -10 0 0
      vertex -9.978589232386035 0.6540312923014306 5
      vertex -9.978589232386035 0.6540312923014306 0
    endloop
  endfacet
  facet normal -0.9951847266721969 0.09801714032956099 -2.51819900114191e-19
    outer loop
      vertex -9.978589232386035 0.6540312923014306 0
      vertex -9.914448613738104 1.3052619222005157 5
      vertex -9.914448613738104 1.3052619222005157 0
    endloop
  endfacet
  facet normal -0.986643332084879 0.16289547339458896 -2.3521933153661237e-19
    outer loop
      vertex -9.914448613738104 1.3052619222005157 0
      vertex -9.807852804032304 1.9509032201612824 5
      vertex -9.807852804032304 1.9509032201612824 0
    endloop
  endfacet
  facet normal -0.9738769792773337 0.22707626303437287 7.688537262501095e-20
    outer loop
      vertex -9.807852804032304 1.9509032201612824 0
      vertex -9.659258262890683 2.5881904510252074 5
      vertex -9.659258262890683 2.5881904510252074 0
    endloop
  endfacet
  facet normal -0.9569403357322092 0.29028467725446166 1.6446839296066316e-18
    outer loop
      vertex -9.659258262890683 2.5881904510252074 0
      vertex -9.469301294951057 3.214394653031616 5
      vertex -9.469301294951057 3.214394653031616 0
    endloop
  endfacet
  facet normal -0.9359059267573256 0.35225004792123366 -2.2636380929532284e-18
    outer loop
      vertex -9.469301294951057 3.214394653031616 0
      vertex -9.238795325112868 3.826834323650898 5
      vertex -9.238795325112868 3.826834323650898 0
    endloop
  endfacet
  facet normal -0.9108638249211755 0.4127070298043953 0
    outer loop
      vertex -9.238795325112868 3.826834323650898 0
      vertex -9.238795325112868 3.826834323650898 5
      vertex -9.094670986228255 4.144923517922422 0
    endloop
  endfacet
  facet normal -0.4127070298043985 0.910863824921174 0
    outer loop
      vertex -4.144923517922423 9.094670986228254 0
      vertex -4.144923517922423 9.094670986228254 5
      vertex -3.826834323650898 9.238795325112868 0
    endloop
  endfacet
  facet normal -0.35225004792123366 0.9359059267573256 0
    outer loop
      vertex -3.826834323650898 9.238795325112868 0
      vertex -3.826834323650898 9.238795325112868 5
      vertex -3.214394653031616 9.469301294951057 0
    endloop
  endfacet
  facet normal -0.29028467725446166 0.9569403357322092 0
    outer loop
      vertex -3.214394653031616 9.469301294951057 0
      vertex -3.214394653031616 9.469301294951057 5
      vertex -2.5881904510252074 9.659258262890683 0
    endloop
  endfacet
  facet normal -0.22707626303437287 0.9738769792773337 0
    outer loop
      vertex -2.5881904510252074 9.659258262890683 0
      vertex -2.5881904510252074 9.659258262890683 5
      vertex -1.9509032201612824 9.807852804032304 0
    endloop
  endfacet
  facet normal -0.16289547339458896 0.986643332084879 0
    outer loop
      vertex -1.9509032201612824 9.807852804032304 0
      vertex -1.9509032201612824 9.807852804032304 5
      vertex -1.3052619222005157 9.914448613738104 0
    endloop
  endfacet
  facet normal -0.09801714032956099 0.9951847266721969 0
    outer loop
      vertex -1.3052619222005157 9.914448613738104 0
      vertex -1.3052619222005157 9.914448613738104 5
      vertex -0.6540312923014306 9.978589232386035 0
    endloop
  endfacet
  facet normal -0.03271908282177589 0.9994645874763656 0
    outer loop
      vertex -0.6540312923014306 9.978589232386035 0
      vertex -0.6540312923014306 9.978589232386035 5
      vertex 0 10 0
    endloop
  endfacet
  facet normal -0.9994645874763656 0.03271908282177589 0
    outer loop
      vertex -10 0 0
      vertex -10 0 5
      vertex -9.978589232386035 0.6540312923014306 5
    endloop
  endfacet
  facet normal -0.9951847266721969 0.09801714032956099 0
    outer loop
      vertex -9.978589232386035 0.6540312923014306 0
      vertex -9.978589232386035 0.6540312923014306 5
      vertex -9.914448613738104 1.3052619222005157 5
    endloop
  endfacet
  facet normal -0.986643332084879 0.16289547339458896 0
    outer loop
      vertex -9.914448613738104 1.3052619222005157 0
      vertex -9.914448613738104 1.3052619222005157 5
      vertex -9.807852804032304 1.9509032201612824 5
    endloop
  endfacet
  facet normal -0.9738769792773337 0.22707626303437287 0
    outer loop
      vertex -9.807852804032304 1.9509032201612824 0
      vertex -9.807852804032304 1.9509032201612824 5
      vertex -9.659258262890683 2.5881904510252074 5
    endloop
  endfacet
  facet normal -0.9569403357322092 0.29028467725446166 0
    outer loop
      vertex -9.659258262890683 2.5881904510252074 0
      vertex -9.659258262890683 2.5881904510252074 5
      vertex -9.469301294951057 3.214394653031616 5
    endloop
  endfacet
  facet normal -0.9359059267573256 0.35225004792123366 0
    outer loop
      vertex -9.469301294951057 3.214394653031616 0
      vertex -9.469301294951057 3.214394653031616 5
      vertex -9.238795325112868 3.826834323650898 5
    endloop
  endfacet
  facet normal -0.9108638249211755 0.4127070298043953 0
    outer loop
      vertex -9.094670986228255 4.144923517922422 0
      vertex -9.238795325112868 3.826834323650898 5
      vertex -9.094670986228255 4.144923517922422 5
    endloop
  endfacet
  facet normal -0.4127070298043985 0.910863824921174 0
    outer loop
      vertex -3.826834323650898 9.238795325112868 0
      vertex -4.144923517922423 9.094670986228254 5
      vertex -3.826834323650898 9.238795325112868 5
    endloop
  endfacet
  facet normal -0.35225004792123366 0.9359059267573256 0
    outer loop
      vertex -3.214394653031616 9.469301294951057 0
      vertex -3.826834323650898 9.238795325112868 5
      vertex -3.214394653031616 9.469301294951057 5
    endloop
  endfacet
  facet normal -0.29028467725446166 0.9569403357322092 0
    outer loop
      vertex -2.5881904510252074 9.659258262890683 0
      vertex -3.214394653031616 9.469301294951057 5
      vertex -2.5881904510252074 9.659258262890683 5
    endloop
  endfacet
  facet normal -0.22707626303437287 0.9738769792773337 0
    outer loop
      vertex -1.9509032201612824 9.807852804032304 0
      vertex -2.5881904510252074 9.659258262890683 5
      vertex -1.9509032201612824 9.807852804032304 5
    endloop
  endfacet
  facet normal -0.16289547339458896 0.986643332084879 0
    outer loop
      vertex -1.3052619222005157 9.914448613738104 0
      vertex -1.9509032201612824 9.807852804032304 5
      vertex -1.3052619222005157 9.914448613738104 5
    endloop
  endfacet
  facet normal -0.09801714032956099 0.9951847266721969 0
    outer loop
      vertex -0.6540312923014306 9.978589232386035 0
      vertex -1.3052619222005157 9.914448613738104 5
      vertex -0.6540312923014306 9.978589232386035 5
    endloop
  endfacet
  facet normal -0.03271908282177589 0.9994645874763656 -2.1681148688711022e-19
    outer loop
      vertex -0.6540312923014306 9.978589232386035 5
      vertex 0 10 5
      vertex 0 10 0
    endloop
  endfacet
  facet normal 0 0 1
    outer loop
      vertex -9.978589232386035 -0.6540312923014306 5
      vertex -9.978589232386035 0.6540312923014306 5
      vertex -10 0 5
    endloop
  endfacet
  facet normal 0 0 1
    outer loop
      vertex -9.914448613738104 -1.3052619222005157 5
      vertex -9.914448613738104 1.3052619222005157 5
      vertex -9.978589232386035 0.6540312923014306 5
    endloop
  endfacet
  facet normal 0 0 1
    outer loop
      vertex -9.807852804032304 -1.9509032201612824 5
      vertex -9.807852804032304 1.9509032201612824 5
      vertex -9.914448613738104 1.3052619222005157 5
    endloop
  endfacet
  facet normal 0 0 1
    outer loop
      vertex -9.659258262890683 -2.5881904510252074 5
      vertex -9.659258262890683 2.5881904510252074 5
      vertex -9.807852804032304 1.9509032201612824 5
    endloop
  endfacet
  facet normal 0 0 1
    outer loop
      vertex -9.469301294951057 -3.214394653031616 5
      vertex -9.469301294951057 3.214394653031616 5
      vertex -9.659258262890683 2.5881904510252074 5
    endloop
  endfacet
  facet normal 0 0 1
    outer loop
      vertex -9.238795325112868 -3.826834323650898 5
      vertex -9.238795325112868 3.826834323650898 5
      vertex -9.469301294951057 3.214394653031616 5
    endloop
  endfacet
  facet normal 0 0 1
    outer loop
      vertex -8.968727415326882 -4.018979947021049 5
      vertex -9.094670986228255 4.144923517922422 5
      vertex -9.238795325112868 3.826834323650898 5
    endloop
  endfacet
  facet normal 0 0 1
    outer loop
      vertex -8.968727415326882 -4.018979947021049 5
      vertex -8.955057359397129 4.005309891091297 5
      vertex -9.094670986228255 4.144923517922422 5
    endloop
  endfacet
  facet normal 0 0 1
    outer loop
      vertex -8.955057359397129 4.005309891091297 5
      vertex -7.65 0 5
      vertex -8.782071708545994 4.772095167886599 5
    endloop
  endfacet
  facet normal 0 0 1
    outer loop
      vertex -8.955057359397129 4.005309891091297 5
      vertex -7.389332571111373 -1.9799656950342837 5
      vertex -7.503007395084713 -1.492440963423381 5
    endloop
  endfacet
  facet normal 0 0 1
    outer loop
      vertex -8.955057359397129 4.005309891091297 5
      vertex -7.503007395084713 -1.492440963423381 5
      vertex -7.584553189509649 -0.9985253704833946 5
    endloop
  endfacet
  facet normal 0 0 1
    outer loop
      vertex -8.955057359397129 4.005309891091297 5
      vertex -7.584553189509649 -0.9985253704833946 5
      vertex -7.633620762775317 -0.5003339386105945 5
    endloop
  endfacet
  facet normal 0 0 1
    outer loop
      vertex -8.955057359397129 4.005309891091297 5
      vertex -7.633620762775317 -0.5003339386105945 5
      vertex -7.65 0 5
    endloop
  endfacet
  facet normal 0 0 1
    outer loop
      vertex -8.782071708545994 4.772095167886599 5
      vertex -7.65 0 5
      vertex -7.633620762775317 0.5003339386105945 5
    endloop
  endfacet
  facet normal 0 0 1
    outer loop
      vertex -8.782071708545994 4.772095167886599 5
      vertex -7.633620762775317 0.5003339386105945 5
      vertex -7.584553189509649 0.9985253704833946 5
    endloop
  endfacet
  facet normal 0 0 1
    outer loop
      vertex -8.782071708545994 4.772095167886599 5
      vertex -7.584553189509649 0.9985253704833946 5
      vertex -7.503007395084713 1.492440963423381 5
    endloop
  endfacet
  facet normal 0 0 1
    outer loop
      vertex -8.782071708545994 4.772095167886599 5
      vertex -7.503007395084713 1.492440963423381 5
      vertex -7.389332571111373 1.9799656950342837 5
    endloop
  endfacet
  facet normal 0 0 1
    outer loop
      vertex -8.782071708545994 4.772095167886599 5
      vertex -7.389332571111373 1.9799656950342837 5
      vertex -7.244015490637559 2.4590119095691865 5
    endloop
  endfacet
  facet normal 0 0 1
    outer loop
      vertex -6.947370558198944 3.2925075972895206 5
      vertex -7.067678423711344 2.927528257592937 5
      vertex -6.861076472725065 3.3835084801753603 5
    endloop
  endfacet
  facet normal 0 0 1
    outer loop
      vertex -8.782071708545994 4.772095167886599 5
      vertex -7.244015490637559 2.4590119095691865 5
      vertex -7.067678423711344 2.927528257592937 5
    endloop
  endfacet
  facet normal 0 0 1
    outer loop
      vertex -8.782071708545994 4.772095167886599 5
      vertex -7.067678423711344 2.927528257592937 5
      vertex -6.947370558198944 3.2925075972895206 5
    endloop
  endfacet
  facet normal 0 0 1
    outer loop
      vertex -6.947370558198944 3.2925075972895206 5
      vertex -6.861076472725065 3.3835084801753603 5
      vertex -6.605778254161327 7.506859038966831 5
    endloop
  endfacet
  facet normal 0 0 1
    outer loop
      vertex -6.605778254161327 7.506859038966831 5
      vertex -6.861076472725065 3.3835084801753603 5
      vertex -6.625094338950956 3.825 5
    endloop
  endfacet
  facet normal 0 0 1
    outer loop
      vertex -6.605778254161327 7.506859038966831 5
      vertex -6.625094338950956 3.825 5
      vertex -6.360742534114471 4.250112282599956 5
    endloop
  endfacet
  facet normal 0 0 1
    outer loop
      vertex -6.947370558198944 3.2925075972895206 5
      vertex -6.605778254161327 7.506859038966831 5
      vertex -6.882640689012327 7.247549071175326 5
    endloop
  endfacet
  facet normal 0 0 1
    outer loop
      vertex -6.026319561748534 6.061173144307719 5
      vertex -6.360742534114471 4.250112282599956 5
      vertex -6.069153053227949 4.657024931916713 5
    endloop
  endfacet
  facet normal 0 0 1
    outer loop
      vertex -6.026319561748534 6.061173144307719 5
      vertex -6.069153053227949 4.657024931916713 5
      vertex -5.751574527214178 5.043995485515527 5
    endloop
  endfacet
  facet normal 0 0 1
    outer loop
      vertex -6.026319561748534 6.061173144307719 5
      vertex -5.751574527214178 5.043995485515527 5
      vertex -5.409366876077089 5.409366876077089 5
    endloop
  endfacet
  facet normal 0 0 1
    outer loop
      vertex -6.605778254161327 7.506859038966831 5
      vertex -6.360742534114471 4.250112282599956 5
      vertex -6.026319561748534 6.061173144307719 5
    endloop
  endfacet
  facet normal 0 0 1
    outer loop
      vertex -4.953786046326799 7.248563789825086 5
      vertex -5.409366876077089 5.409366876077089 5
      vertex -5.043995485515527 5.751574527214178 5
    endloop
  endfacet
  facet normal 0 0 1
    outer loop
      vertex -4.953786046326799 7.248563789825086 5
      vertex -5.043995485515527 5.751574527214178 5
      vertex -4.657024931916713 6.069153053227949 5
    endloop
  endfacet
  facet normal 0 0 1
    outer loop
      vertex -6.026319561748534 6.061173144307719 5
      vertex -5.409366876077089 5.409366876077089 5
      vertex -5.640748557344284 8.253752858501338 5
    endloop
  endfacet
  facet normal 0 0 1
    outer loop
      vertex -4.953786046326799 7.248563789825086 5
      vertex -5.640748557344284 8.253752858501338 5
      vertex -5.409366876077089 5.409366876077089 5
    endloop
  endfacet
  facet normal 0 0 1
    outer loop
      vertex -4.953786046326799 7.248563789825086 5
      vertex -4.657024931916713 6.069153053227949 5
      vertex -4.250112282599956 6.360742534114471 5
    endloop
  endfacet
  facet normal 0 0 1
    outer loop
      vertex -4.420727777851547 8.90277298964784 5
      vertex -4.250112282599956 6.360742534114471 5
      vertex -3.825 6.625094338950956 5
    endloop
  endfacet
  facet normal 0 0 1
    outer loop
      vertex -4.953786046326799 7.248563789825086 5
      vertex -4.250112282599956 6.360742534114471 5
      vertex -4.4676990555666825 8.944774820321117 5
    endloop
  endfacet
  facet normal 0 0 1
    outer loop
      vertex -4.4676990555666825 8.944774820321117 5
      vertex -4.250112282599956 6.360742534114471 5
      vertex -4.420727777851547 8.90277298964784 5
    endloop
  endfacet
  facet normal 0 0 1
    outer loop
      vertex -3.826834323650898 9.238795325112868 5
      vertex -3.825 6.625094338950956 5
      vertex -3.3835084801753603 6.861076472725065 5
    endloop
  endfacet
  facet normal 0 0 1
    outer loop
      vertex -3.826834323650898 9.238795325112868 5
      vertex -3.3835084801753603 6.861076472725065 5
      vertex -2.927528257592937 7.067678423711344 5
    endloop
  endfacet
  facet normal 0 0 1
    outer loop
      vertex -4.420727777851547 8.90277298964784 5
      vertex -3.826834323650898 9.238795325112868 5
      vertex -4.144923517922423 9.094670986228254 5
    endloop
  endfacet
  facet normal 0 0 1
    outer loop
      vertex -4.420727777851547 8.90277298964784 5
      vertex -3.825 6.625094338950956 5
      vertex -3.826834323650898 9.238795325112868 5
    endloop
  endfacet
  facet normal 0 0 1
    outer loop
      vertex -3.826834323650898 9.238795325112868 5
      vertex -2.927528257592937 7.067678423711344 5
      vertex -3.214394653031616 9.469301294951057 5
    endloop
  endfacet
  facet normal 0 0 1
    outer loop
      vertex -3.214394653031616 9.469301294951057 5
      vertex -2.927528257592937 7.067678423711344 5
      vertex -2.4590119095691865 7.244015490637559 5
    endloop
  endfacet
  facet normal 0 0 1
    outer loop
      vertex -2.5881904510252074 9.659258262890683 5
      vertex -2.4590119095691865 7.244015490637559 5
      vertex -1.9799656950342837 7.389332571111373 5
    endloop
  endfacet
  facet normal 0 0 1
    outer loop
      vertex -3.214394653031616 9.469301294951057 5
      vertex -2.4590119095691865 7.244015490637559 5
      vertex -2.5881904510252074 9.659258262890683 5
    endloop
  endfacet
  facet normal 0 0 1
    outer loop
      vertex -2.5881904510252074 9.659258262890683 5
      vertex -1.9799656950342837 7.389332571111373 5
      vertex -1.492440963423381 7.503007395084713 5
    endloop
  endfacet
  facet normal 0 0 1
    outer loop
      vertex -2.5881904510252074 9.659258262890683 5
      vertex -1.492440963423381 7.503007395084713 5
      vertex -1.9509032201612824 9.807852804032304 5
    endloop
  endfacet
  facet normal 0 0 1
    outer loop
      vertex -1.9509032201612824 9.807852804032304 5
      vertex -1.492440963423381 7.503007395084713 5
      vertex -0.9985253704833946 7.584553189509649 5
    endloop
  endfacet
  facet normal 0 0 1
    outer loop
      vertex -1.3052619222005157 9.914448613738104 5
      vertex -0.9985253704833946 7.584553189509649 5
      vertex -0.5003339386105945 7.633620762775317 5
    endloop
  endfacet
  facet normal 0 0 1
    outer loop
      vertex -1.9509032201612824 9.807852804032304 5
      vertex -0.9985253704833946 7.584553189509649 5
      vertex -1.3052619222005157 9.914448613738104 5
    endloop
  endfacet
  facet normal 0 0 1
    outer loop
      vertex -1.3052619222005157 9.914448613738104 5
      vertex -0.5003339386105945 7.633620762775317 5
      vertex -0.6540312923014306 9.978589232386035 5
    endloop
  endfacet
  facet normal 0 0 1
    outer loop
      vertex -0.6540312923014306 9.978589232386035 5
      vertex -0.5003339386105945 7.633620762775317 5
      vertex 0 7.65 5
    endloop
  endfacet
  facet normal 0 0 1
    outer loop
      vertex -0.6540312923014306 9.978589232386035 5
      vertex 0 7.65 5
      vertex 0 10 5
    endloop
  endfacet
  facet normal 0 0 -1
    outer loop
      vertex 0 -10 0
      vertex 3.869416800080593 -7.93803523136715 0
      vertex 0.6540312923014306 -9.978589232386035 0
    endloop
  endfacet
  facet normal 0 0 -1
    outer loop
      vertex 0 -10 0
      vertex 0 -4.949747468305832 0
      vertex 0.1612513993743699 -5.074279305640313 0
    endloop
  endfacet
  facet normal 0 0 -1
    outer loop
      vertex 0 -10 0
      vertex 0.1612513993743699 -5.074279305640313 0
      vertex 3.869416800080593 -7.93803523136715 0
    endloop
  endfacet
  facet normal 0 0 -1
    outer loop
      vertex 0.6540312923014306 -9.978589232386035 0
      vertex 3.869416800080593 -7.93803523136715 0
      vertex 1.3052619222005157 -9.914448613738104 0
    endloop
  endfacet
  facet normal 0 0 -1
    outer loop
      vertex 1.3052619222005157 -9.914448613738104 0
      vertex 3.869416800080593 -7.93803523136715 0
      vertex 1.9509032201612824 -9.807852804032304 0
    endloop
  endfacet
  facet normal 0 0 -1
    outer loop
      vertex 1.9509032201612824 -9.807852804032304 0
      vertex 3.869416800080593 -7.93803523136715 0
      vertex 2.5881904510252074 -9.659258262890683 0
    endloop
  endfacet
  facet normal 0 0 -1
    outer loop
      vertex 2.5881904510252074 -9.659258262890683 0
      vertex 3.869416800080593 -7.93803523136715 0
      vertex 3.214394653031616 -9.469301294951057 0
    endloop
  endfacet
  facet normal 0 0 -1
    outer loop
      vertex 3.214394653031616 -9.469301294951057 0
      vertex 3.869416800080593 -7.93803523136715 0
      vertex 3.826834323650898 -9.238795325112868 0
    endloop
  endfacet
  facet normal 0 0 -1
    outer loop
      vertex 3.826834323650898 -9.238795325112868 0
      vertex 3.869416800080593 -7.93803523136715 0
      vertex 4.144923517922423 -9.094670986228254 0
    endloop
  endfacet
  facet normal 0 0 -1
    outer loop
      vertex 0 -4.949747468305832 0
      vertex 0 0 0
      vertex 0.1612513993743699 -5.074279305640313 0
    endloop
  endfacet
  facet normal 0 0 -1
    outer loop
      vertex 0.1612513993743699 -5.074279305640313 0
      vertex 0 0 0
      vertex 0.32736610412972583 0 0
    endloop
  endfacet
  facet normal 0 0 -1
    outer loop
      vertex 3.826834323650898 -0.8863659180921828 0
      vertex 4.101512840339794 -0.848234627966039 0
      vertex 4.09342653374329 -1.0952457416548151 0
    endloop
  endfacet
  facet normal 0 0 -1
    outer loop
      vertex 3.826834323650898 -0.8863659180921828 0
      vertex 3.826834323650898 -0.5072105279810017 0
      vertex 4.101512840339794 -0.848234627966039 0
    endloop
  endfacet
  facet normal 0 0 -1
    outer loop
      vertex 4.708598228779973 -0.2411492395258594 0
      vertex 4.7164926374857155 0 0
      vertex 5 -0.050252531694167324 0
    endloop
  endfacet
  facet normal 0 0 -1
    outer loop
      vertex 5 -0.050252531694167324 0
      vertex 9.238795325112868 -3.826834323650898 0
      vertex 9.094670986228255 -4.144923517922422 0
    endloop
  endfacet
  facet normal 0 0 -1
    outer loop
      vertex 5 -0.050252531694167324 0
      vertex 9.238795325112868 3.826834323650898 0
      vertex 9.238795325112868 -3.826834323650898 0
    endloop
  endfacet
  facet normal 0 0 -1
    outer loop
      vertex 9.238795325112868 -3.826834323650898 0
      vertex 9.469301294951057 3.214394653031616 0
      vertex 9.469301294951057 -3.214394653031616 0
    endloop
  endfacet
  facet normal 0 0 -1
    outer loop
      vertex 9.469301294951057 -3.214394653031616 0
      vertex 9.659258262890683 2.5881904510252074 0
      vertex 9.659258262890683 -2.5881904510252074 0
    endloop
  endfacet
  facet normal 0 0 -1
    outer loop
      vertex 9.659258262890683 -2.5881904510252074 0
      vertex 9.807852804032304 1.9509032201612824 0
      vertex 9.807852804032304 -1.9509032201612824 0
    endloop
  endfacet
  facet normal 0 0 -1
    outer loop
      vertex 9.807852804032304 -1.9509032201612824 0
      vertex 9.914448613738104 1.3052619222005157 0
      vertex 9.914448613738104 -1.3052619222005157 0
    endloop
  endfacet
  facet normal 0 0 -1
    outer loop
      vertex 9.914448613738104 -1.3052619222005157 0
      vertex 9.978589232386035 0.6540312923014306 0
      vertex 9.978589232386035 -0.6540312923014306 0
    endloop
  endfacet
  facet normal 0.03271908282177589 -0.9994645874763656 -2.1681148688711022e-19
    outer loop
      vertex 0 -10 0
      vertex 0.6540312923014306 -9.978589232386035 0
      vertex 0.6540312923014306 -9.978589232386035 5
    endloop
  endfacet
  facet normal 0.09801714032956099 -0.9951847266721969 -2.51819900114191e-19
    outer loop
      vertex 0.6540312923014306 -9.978589232386035 0
      vertex 1.3052619222005157 -9.914448613738104 0
      vertex 1.3052619222005157 -9.914448613738104 5
    endloop
  endfacet
  facet normal 0.16289547339458896 -0.986643332084879 -2.3521933153661237e-19
    outer loop
      vertex 1.3052619222005157 -9.914448613738104 0
      vertex 1.9509032201612824 -9.807852804032304 0
      vertex 1.9509032201612824 -9.807852804032304 5
    endloop
  endfacet
  facet normal 0.22707626303437287 -0.9738769792773337 7.688537262501095e-20
    outer loop
      vertex 1.9509032201612824 -9.807852804032304 0
      vertex 2.5881904510252074 -9.659258262890683 0
      vertex 2.5881904510252074 -9.659258262890683 5
    endloop
  endfacet
  facet normal 0.29028467725446166 -0.9569403357322092 1.6446839296066316e-18
    outer loop
      vertex 2.5881904510252074 -9.659258262890683 0
      vertex 3.214394653031616 -9.469301294951057 0
      vertex 3.214394653031616 -9.469301294951057 5
    endloop
  endfacet
  facet normal 0.35225004792123366 -0.9359059267573256 -2.2636380929532284e-18
    outer loop
      vertex 3.214394653031616 -9.469301294951057 0
      vertex 3.826834323650898 -9.238795325112868 0
      vertex 3.826834323650898 -9.238795325112868 5
    endloop
  endfacet
  facet normal 0.4127070298043985 -0.910863824921174 -1.120828867222478e-18
    outer loop
      vertex 3.826834323650898 -9.238795325112868 0
      vertex 4.144923517922423 -9.094670986228254 0
      vertex 4.144923517922423 -9.094670986228254 5
    endloop
  endfacet
  facet normal 0.9108638249211755 -0.4127070298043953 -6.389812523954696e-19
    outer loop
      vertex 9.094670986228255 -4.144923517922422 0
      vertex 9.238795325112868 -3.826834323650898 0
      vertex 9.238795325112868 -3.826834323650898 5
    endloop
  endfacet
  facet normal 0.9359059267573256 -0.35225004792123366 0
    outer loop
      vertex 9.238795325112868 -3.826834323650898 0
      vertex 9.469301294951057 -3.214394653031616 0
      vertex 9.238795325112868 -3.826834323650898 5
    endloop
  endfacet
  facet normal 0.9569403357322092 -0.29028467725446166 0
    outer loop
      vertex 9.469301294951057 -3.214394653031616 0
      vertex 9.659258262890683 -2.5881904510252074 0
      vertex 9.469301294951057 -3.214394653031616 5
    endloop
  endfacet
  facet normal 0.9738769792773337 -0.22707626303437287 0
    outer loop
      vertex 9.659258262890683 -2.5881904510252074 0
      vertex 9.807852804032304 -1.9509032201612824 0
      vertex 9.659258262890683 -2.5881904510252074 5
    endloop
  endfacet
  facet normal 0.986643332084879 -0.16289547339458896 0
    outer loop
      vertex 9.807852804032304 -1.9509032201612824 0
      vertex 9.914448613738104 -1.3052619222005157 0
      vertex 9.807852804032304 -1.9509032201612824 5
    endloop
  endfacet
  facet normal 0.9951847266721969 -0.09801714032956099 0
    outer loop
      vertex 9.914448613738104 -1.3052619222005157 0
      vertex 9.978589232386035 -0.6540312923014306 0
      vertex 9.914448613738104 -1.3052619222005157 5
    endloop
  endfacet
  facet normal 0.9994645874763656 -0.03271908282177589 0
    outer loop
      vertex 9.978589232386035 -0.6540312923014306 0
      vertex 10 0 0
      vertex 9.978589232386035 -0.6540312923014306 5
    endloop
  endfacet
  facet normal 0.03271908282177589 -0.9994645874763656 0
    outer loop
      vertex 0 -10 0
      vertex 0.6540312923014306 -9.978589232386035 5
      vertex 0 -10 5
    endloop
  endfacet
  facet normal 0.09801714032956099 -0.9951847266721969 0
    outer loop
      vertex 0.6540312923014306 -9.978589232386035 0
      vertex 1.3052619222005157 -9.914448613738104 5
      vertex 0.6540312923014306 -9.978589232386035 5
    endloop
  endfacet
  facet normal 0.16289547339458896 -0.986643332084879 0
    outer loop
      vertex 1.3052619222005157 -9.914448613738104 0
      vertex 1.9509032201612824 -9.807852804032304 5
      vertex 1.3052619222005157 -9.914448613738104 5
    endloop
  endfacet
  facet normal 0.22707626303437287 -0.9738769792773337 0
    outer loop
      vertex 1.9509032201612824 -9.807852804032304 0
      vertex 2.5881904510252074 -9.659258262890683 5
      vertex 1.9509032201612824 -9.807852804032304 5
    endloop
  endfacet
  facet normal 0.29028467725446166 -0.9569403357322092 0
    outer loop
      vertex 2.5881904510252074 -9.659258262890683 0
      vertex 3.214394653031616 -9.469301294951057 5
      vertex 2.5881904510252074 -9.659258262890683 5
    endloop
  endfacet
  facet normal 0.35225004792123366 -0.9359059267573256 0
    outer loop
      vertex 3.214394653031616 -9.469301294951057 0
      vertex 3.826834323650898 -9.238795325112868 5
      vertex 3.214394653031616 -9.469301294951057 5
    endloop
  endfacet
  facet normal 0.4127070298043985 -0.910863824921174 0
    outer loop
      vertex 3.826834323650898 -9.238795325112868 0
      vertex 4.144923517922423 -9.094670986228254 5
      vertex 3.826834323650898 -9.238795325112868 5
    endloop
  endfacet
  facet normal 0.9108638249211755 -0.4127070298043953 0
    outer loop
      vertex 9.094670986228255 -4.144923517922422 0
      vertex 9.238795325112868 -3.826834323650898 5
      vertex 9.094670986228255 -4.144923517922422 5
    endloop
  endfacet
  facet normal 0.9359059267573256 -0.35225004792123366 0
    outer loop
      vertex 9.469301294951057 -3.214394653031616 0
      vertex 9.469301294951057 -3.214394653031616 5
      vertex 9.238795325112868 -3.826834323650898 5
    endloop
  endfacet
  facet normal 0.9569403357322092 -0.29028467725446166 0
    outer loop
      vertex 9.659258262890683 -2.5881904510252074 0
      vertex 9.659258262890683 -2.5881904510252074 5
      vertex 9.469301294951057 -3.214394653031616 5
    endloop
  endfacet
  facet normal 0.9738769792773337 -0.22707626303437287 0
    outer loop
      vertex 9.807852804032304 -1.9509032201612824 0
      vertex 9.807852804032304 -1.9509032201612824 5
      vertex 9.659258262890683 -2.5881904510252074 5
    endloop
  endfacet
  facet normal 0.986643332084879 -0.16289547339458896 0
    outer loop
      vertex 9.914448613738104 -1.3052619222005157 0
      vertex 9.914448613738104 -1.3052619222005157 5
      vertex 9.807852804032304 -1.9509032201612824 5
    endloop
  endfacet
  facet normal 0.9951847266721969 -0.09801714032956099 0
    outer loop
      vertex 9.978589232386035 -0.6540312923014306 0
      vertex 9.978589232386035 -0.6540312923014306 5
      vertex 9.914448613738104 -1.3052619222005157 5
    endloop
  endfacet
  facet normal 0.9994645874763656 -0.03271908282177589 -2.1681148688711022e-19
    outer loop
      vertex 9.978589232386035 -0.6540312923014306 5
      vertex 10 0 0
      vertex 10 0 5
    endloop
  endfacet
  facet normal 0 0 1
    outer loop
      vertex 0 -10 5
      vertex 0.6540312923014306 -9.978589232386035 5
      vertex 0 -7.65 5
    endloop
  endfacet
  facet normal 0 0 1
    outer loop
      vertex 0.6540312923014306 -9.978589232386035 5
      vertex 0.5003339386105945 -7.633620762775317 5
      vertex 0 -7.65 5
    endloop
  endfacet
  facet normal 0 0 1
    outer loop
      vertex 0.6540312923014306 -9.978589232386035 5
      vertex 1.3052619222005157 -9.914448613738104 5
      vertex 0.5003339386105945 -7.633620762775317 5
    endloop
  endfacet
  facet normal 0 0 1
    outer loop
      vertex 1.3052619222005157 -9.914448613738104 5
      vertex 1.9509032201612824 -9.807852804032304 5
      vertex 0.9985253704833946 -7.584553189509649 5
    endloop
  endfacet
  facet normal 0 0 1
    outer loop
      vertex 1.3052619222005157 -9.914448613738104 5
      vertex 0.9985253704833946 -7.584553189509649 5
      vertex 0.5003339386105945 -7.633620762775317 5
    endloop
  endfacet
  facet normal 0 0 1
    outer loop
      vertex 1.9509032201612824 -9.807852804032304 5
      vertex 1.492440963423381 -7.503007395084713 5
      vertex 0.9985253704833946 -7.584553189509649 5
    endloop
  endfacet
  facet normal 0 0 1
    outer loop
      vertex 1.9509032201612824 -9.807852804032304 5
      vertex 2.5881904510252074 -9.659258262890683 5
      vertex 1.492440963423381 -7.503007395084713 5
    endloop
  endfacet
  facet normal 0 0 1
    outer loop
      vertex 2.5881904510252074 -9.659258262890683 5
      vertex 1.9799656950342837 -7.389332571111373 5
      vertex 1.492440963423381 -7.503007395084713 5
    endloop
  endfacet
  facet normal 0 0 1
    outer loop
      vertex 2.5881904510252074 -9.659258262890683 5
      vertex 3.214394653031616 -9.469301294951057 5
      vertex 2.4590119095691865 -7.244015490637559 5
    endloop
  endfacet
  facet normal 0 0 1
    outer loop
      vertex 2.5881904510252074 -9.659258262890683 5
      vertex 2.4590119095691865 -7.244015490637559 5
      vertex 1.9799656950342837 -7.389332571111373 5
    endloop
  endfacet
  facet normal 0 0 1
    outer loop
      vertex 3.214394653031616 -9.469301294951057 5
      vertex 2.927528257592937 -7.067678423711344 5
      vertex 2.4590119095691865 -7.244015490637559 5
    endloop
  endfacet
  facet normal 0 0 1
    outer loop
      vertex 3.214394653031616 -9.469301294951057 5
      vertex 3.826834323650898 -9.238795325112868 5
      vertex 2.927528257592937 -7.067678423711344 5
    endloop
  endfacet
  facet normal 0 0 1
    outer loop
      vertex 3.826834323650898 -9.238795325112868 5
      vertex 4.144923517922423 -9.094670986228254 5
      vertex 4.352972128728301 -6.833052017668522 5
    endloop
  endfacet
  facet normal 0 0 1
    outer loop
      vertex 3.826834323650898 -9.238795325112868 5
      vertex 3.3835084801753603 -6.861076472725065 5
      vertex 2.927528257592937 -7.067678423711344 5
    endloop
  endfacet
  facet normal 0 0 1
    outer loop
      vertex 3.826834323650898 -9.238795325112868 5
      vertex 3.825 -6.625094338950956 5
      vertex 3.3835084801753603 -6.861076472725065 5
    endloop
  endfacet
  facet normal 0 0 1
    outer loop
      vertex 3.826834323650898 -9.238795325112868 5
      vertex 4.352972128728301 -6.833052017668522 5
      vertex 3.825 -6.625094338950956 5
    endloop
  endfacet
  facet normal 0 0 1
    outer loop
      vertex 4.352972128728301 -6.833052017668522 5
      vertex 4.250112282599956 -6.360742534114471 5
      vertex 3.825 -6.625094338950956 5
    endloop
  endfacet
  facet normal 0 0 1
    outer loop
      vertex 4.352972128728301 -6.833052017668522 5
      vertex 5.3702955872629685 -8.429989444647328 5
      vertex 4.657024931916713 -6.069153053227949 5
    endloop
  endfacet
  facet normal 0 0 1
    outer loop
      vertex 5.371495982369178 -8.429242991002416 5
      vertex 5.409366876077089 -5.409366876077089 5
      vertex 5.3702955872629685 -8.429989444647328 5
    endloop
  endfacet
  facet normal 0 0 1
    outer loop
      vertex 5.3702955872629685 -8.429989444647328 5
      vertex 5.043995485515527 -5.751574527214178 5
      vertex 4.657024931916713 -6.069153053227949 5
    endloop
  endfacet
  facet normal 0 0 1
    outer loop
      vertex 5.3702955872629685 -8.429989444647328 5
      vertex 5.409366876077089 -5.409366876077089 5
      vertex 5.043995485515527 -5.751574527214178 5
    endloop
  endfacet
  facet normal 0 0 1
    outer loop
      vertex 4.352972128728301 -6.833052017668522 5
      vertex 4.657024931916713 -6.069153053227949 5
      vertex 4.250112282599956 -6.360742534114471 5
    endloop
  endfacet
  facet normal 0 0 1
    outer loop
      vertex 5.371495982369178 -8.429242991002416 5
      vertex 5.452321629789114 -5.363504552301329 5
      vertex 5.409366876077089 -5.409366876077089 5
    endloop
  endfacet
  facet normal 0 0 1
    outer loop
      vertex 6.394172210509591 -7.68194781946116 5
      vertex 5.751574527214178 -5.043995485515527 5
      vertex 5.485758856814102 -5.327803988348278 5
    endloop
  endfacet
  facet normal 0 0 1
    outer loop
      vertex 6.394172210509591 -7.68194781946116 5
      vertex 6.069153053227949 -4.657024931916713 5
      vertex 5.751574527214178 -5.043995485515527 5
    endloop
  endfacet
  facet normal 0 0 1
    outer loop
      vertex 6.394172210509591 -7.68194781946116 5
      vertex 6.569883320972356 -6.798261514194909 5
      vertex 6.069153053227949 -4.657024931916713 5
    endloop
  endfacet
  facet normal 0 0 1
    outer loop
      vertex 6.569883320972356 -6.798261514194909 5
      vertex 6.360742534114471 -4.250112282599956 5
      vertex 6.069153053227949 -4.657024931916713 5
    endloop
  endfacet
  facet normal 0 0 1
    outer loop
      vertex 6.810008568359352 -7.315576475750047 5
      vertex 6.89557672837993 -7.235433148140957 5
      vertex 6.987790886211321 -4.527220889303381 5
    endloop
  endfacet
  facet normal 0 0 1
    outer loop
      vertex 6.810008568359352 -7.315576475750047 5
      vertex 6.625094338950956 -3.825 5
      vertex 6.569883320972356 -6.798261514194909 5
    endloop
  endfacet
  facet normal 0 0 1
    outer loop
      vertex 6.569883320972356 -6.798261514194909 5
      vertex 6.625094338950956 -3.825 5
      vertex 6.360742534114471 -4.250112282599956 5
    endloop
  endfacet
  facet normal 0 0 1
    outer loop
      vertex 6.810008568359352 -7.315576475750047 5
      vertex 6.987790886211321 -4.527220889303381 5
      vertex 6.625094338950956 -3.825 5
    endloop
  endfacet
  facet normal 0 0 1
    outer loop
      vertex 8.079247285824193 -5.884270801983243 5
      vertex 6.861076472725065 -3.3835084801753603 5
      vertex 6.987790886211321 -4.527220889303381 5
    endloop
  endfacet
  facet normal 0 0 1
    outer loop
      vertex 6.987790886211321 -4.527220889303381 5
      vertex 6.861076472725065 -3.3835084801753603 5
      vertex 6.625094338950956 -3.825 5
    endloop
  endfacet
  facet normal 0 0 1
    outer loop
      vertex 8.079247285824193 -5.884270801983243 5
      vertex 7.067678423711344 -2.927528257592937 5
      vertex 6.861076472725065 -3.3835084801753603 5
    endloop
  endfacet
  facet normal 0 0 1
    outer loop
      vertex 8.079247285824193 -5.884270801983243 5
      vertex 7.244015490637559 -2.4590119095691865 5
      vertex 7.067678423711344 -2.927528257592937 5
    endloop
  endfacet
  facet normal 0 0 1
    outer loop
      vertex 8.079247285824193 -5.884270801983243 5
      vertex 7.389332571111373 -1.9799656950342837 5
      vertex 7.244015490637559 -2.4590119095691865 5
    endloop
  endfacet
  facet normal 0 0 1
    outer loop
      vertex 8.079247285824193 -5.884270801983243 5
      vertex 8.26999581072219 -4.1902490429018435 5
      vertex 7.503007395084713 -1.492440963423381 5
    endloop
  endfacet
  facet normal 0 0 1
    outer loop
      vertex 8.079247285824193 -5.884270801983243 5
      vertex 7.503007395084713 -1.492440963423381 5
      vertex 7.389332571111373 -1.9799656950342837 5
    endloop
  endfacet
  facet normal 0 0 1
    outer loop
      vertex 8.26999581072219 -4.1902490429018435 5
      vertex 7.584553189509649 -0.9985253704833946 5
      vertex 7.503007395084713 -1.492440963423381 5
    endloop
  endfacet
  facet normal 0 0 1
    outer loop
      vertex 8.26999581072219 -4.1902490429018435 5
      vertex 7.633620762775317 -0.5003339386105945 5
      vertex 7.584553189509649 -0.9985253704833946 5
    endloop
  endfacet
  facet normal 0 0 1
    outer loop
      vertex 8.26999581072219 -4.1902490429018435 5
      vertex 7.65 0 5
      vertex 7.633620762775317 -0.5003339386105945 5
    endloop
  endfacet
  facet normal 0 0 1
    outer loop
      vertex 8.838470612727628 -4.666580239593644 5
      vertex 7.633620762775317 0.5003339386105945 5
      vertex 7.65 0 5
    endloop
  endfacet
  facet normal 0 0 1
    outer loop
      vertex 8.838470612727628 -4.666580239593644 5
      vertex 7.584553189509649 0.9985253704833946 5
      vertex 7.633620762775317 0.5003339386105945 5
    endloop
  endfacet
  facet normal 0 0 1
    outer loop
      vertex 8.955057359397129 -4.005309891091297 5
      vertex 7.503007395084713 1.492440963423381 5
      vertex 7.584553189509649 0.9985253704833946 5
    endloop
  endfacet
  facet normal 0 0 1
    outer loop
      vertex 8.26999581072219 -4.1902490429018435 5
      vertex 8.838470612727628 -4.666580239593644 5
      vertex 7.65 0 5
    endloop
  endfacet
  facet normal 0 0 1
    outer loop
      vertex 8.838470612727628 -4.666580239593644 5
      vertex 8.955057359397129 -4.005309891091297 5
      vertex 7.584553189509649 0.9985253704833946 5
    endloop
  endfacet
  facet normal 0 0 1
    outer loop
      vertex 8.955057359397129 -4.005309891091297 5
      vertex 9.094670986228255 -4.144923517922422 5
      vertex 8.968727415326882 4.018979947021049 5
    endloop
  endfacet
  facet normal 0 0 1
    outer loop
      vertex 9.094670986228255 -4.144923517922422 5
      vertex 9.238795325112868 -3.826834323650898 5
      vertex 8.968727415326882 4.018979947021049 5
    endloop
  endfacet
  facet normal 0 0 1
    outer loop
      vertex 9.238795325112868 -3.826834323650898 5
      vertex 9.469301294951057 -3.214394653031616 5
      vertex 9.238795325112868 3.826834323650898 5
    endloop
  endfacet
  facet normal 0 0 1
    outer loop
      vertex 9.469301294951057 -3.214394653031616 5
      vertex 9.659258262890683 -2.5881904510252074 5
      vertex 9.469301294951057 3.214394653031616 5
    endloop
  endfacet
  facet normal 0 0 1
    outer loop
      vertex 9.659258262890683 -2.5881904510252074 5
      vertex 9.807852804032304 -1.9509032201612824 5
      vertex 9.659258262890683 2.5881904510252074 5
    endloop
  endfacet
  facet normal 0 0 1
    outer loop
      vertex 9.807852804032304 -1.9509032201612824 5
      vertex 9.914448613738104 -1.3052619222005157 5
      vertex 9.807852804032304 1.9509032201612824 5
    endloop
  endfacet
  facet normal 0 0 1
    outer loop
      vertex 9.914448613738104 -1.3052619222005157 5
      vertex 9.978589232386035 -0.6540312923014306 5
      vertex 9.914448613738104 1.3052619222005157 5
    endloop
  endfacet
  facet normal 0 0 -1
    outer loop
      vertex 0 0 0
      vertex 0.3451001444493152 0.5417188919645104 0
      vertex 0.32736610412972583 0 0
    endloop
  endfacet
  facet normal 0 0 -1
    outer loop
      vertex 0 0 0
      vertex 0 4.949747468305832 0
      vertex 0.3451001444493152 0.5417188919645104 0
    endloop
  endfacet
  facet normal 0 0 -1
    outer loop
      vertex 0.3451001444493152 0.5417188919645104 0
      vertex 0 4.949747468305832 0
      vertex 0.6540312923014306 9.978589232386035 0
    endloop
  endfacet
  facet normal 0 0 -1
    outer loop
      vertex 0.3451001444493152 0.5417188919645104 0
      vertex 3.826834323650898 9.238795325112868 0
      vertex 3.826834323650898 6.007150338484985 0
    endloop
  endfacet
  facet normal 0 0 -1
    outer loop
      vertex 0.3451001444493152 0.5417188919645104 0
      vertex 3.214394653031616 9.469301294951057 0
      vertex 3.826834323650898 9.238795325112868 0
    endloop
  endfacet
  facet normal 0 0 -1
    outer loop
      vertex 3.826834323650898 -0.5072105279810017 0
      vertex 3.5243874804074857 0 0
      vertex 3.826834323650898 0.5081994561486864 0
    endloop
  endfacet
  facet normal 0 0 -1
    outer loop
      vertex 5 -0.050252531694167324 0
      vertex 4.7164926374857155 0 0
      vertex 5 0.050252531694167324 0
    endloop
  endfacet
  facet normal 0 0 -1
    outer loop
      vertex 5 -0.050252531694167324 0
      vertex 5 0.050252531694167324 0
      vertex 9.094670986228255 4.144923517922422 0
    endloop
  endfacet
  facet normal 0 0 -1
    outer loop
      vertex 0.3451001444493152 0.5417188919645104 0
      vertex 0.6540312923014306 9.978589232386035 0
      vertex 1.3052619222005157 9.914448613738104 0
    endloop
  endfacet
  facet normal 0 0 -1
    outer loop
      vertex 0.3451001444493152 0.5417188919645104 0
      vertex 1.3052619222005157 9.914448613738104 0
      vertex 1.9509032201612824 9.807852804032304 0
    endloop
  endfacet
  facet normal 0 0 -1
    outer loop
      vertex 0.3451001444493152 0.5417188919645104 0
      vertex 1.9509032201612824 9.807852804032304 0
      vertex 2.5881904510252074 9.659258262890683 0
    endloop
  endfacet
  facet normal 0 0 -1
    outer loop
      vertex 0 4.949747468305832 0
      vertex 0 10 0
      vertex 0.6540312923014306 9.978589232386035 0
    endloop
  endfacet
  facet normal 0 0 -1
    outer loop
      vertex 0.3451001444493152 0.5417188919645104 0
      vertex 2.5881904510252074 9.659258262890683 0
      vertex 3.214394653031616 9.469301294951057 0
    endloop
  endfacet
  facet normal 0 0 -1
    outer loop
      vertex 3.826834323650898 6.007150338484985 0
      vertex 3.826834323650898 9.238795325112868 0
      vertex 4.144923517922423 9.094670986228254 0
    endloop
  endfacet
  facet normal 0 0 -1
    outer loop
      vertex 5 -0.050252531694167324 0
      vertex 9.094670986228255 4.144923517922422 0
      vertex 9.238795325112868 3.826834323650898 0
    endloop
  endfacet
  facet normal 0 0 -1
    outer loop
      vertex 9.659258262890683 -2.5881904510252074 0
      vertex 9.659258262890683 2.5881904510252074 0
      vertex 9.807852804032304 1.9509032201612824 0
    endloop
  endfacet
  facet normal 0 0 -1
    outer loop
      vertex 9.238795325112868 -3.826834323650898 0
      vertex 9.238795325112868 3.826834323650898 0
      vertex 9.469301294951057 3.214394653031616 0
    endloop
  endfacet
  facet normal 0 0 -1
    outer loop
      vertex 9.469301294951057 -3.214394653031616 0
      vertex 9.469301294951057 3.214394653031616 0
      vertex 9.659258262890683 2.5881904510252074 0
    endloop
  endfacet
  facet normal 0 0 -1
    outer loop
      vertex 9.914448613738104 -1.3052619222005157 0
      vertex 9.914448613738104 1.3052619222005157 0
      vertex 9.978589232386035 0.6540312923014306 0
    endloop
  endfacet
  facet normal 0 0 -1
    outer loop
      vertex 9.978589232386035 -0.6540312923014306 0
      vertex 9.978589232386035 0.6540312923014306 0
      vertex 10 0 0
    endloop
  endfacet
  facet normal 0 0 -1
    outer loop
      vertex 9.807852804032304 -1.9509032201612824 0
      vertex 9.807852804032304 1.9509032201612824 0
      vertex 9.914448613738104 1.3052619222005157 0
    endloop
  endfacet
  facet normal 0.22707626303437287 0.9738769792773337 -7.688537262501095e-20
    outer loop
      vertex 2.5881904510252074 9.659258262890683 0
      vertex 1.9509032201612824 9.807852804032304 0
      vertex 1.9509032201612824 9.807852804032304 5
    endloop
  endfacet
  facet normal 0.29028467725446166 0.9569403357322092 0
    outer loop
      vertex 2.5881904510252074 9.659258262890683 0
      vertex 2.5881904510252074 9.659258262890683 5
      vertex 3.214394653031616 9.469301294951057 0
    endloop
  endfacet
  facet normal 0.03271908282177589 0.9994645874763656 0
    outer loop
      vertex 0 10 0
      vertex 0 10 5
      vertex 0.6540312923014306 9.978589232386035 0
    endloop
  endfacet
  facet normal 0.09801714032956099 0.9951847266721969 0
    outer loop
      vertex 0.6540312923014306 9.978589232386035 0
      vertex 0.6540312923014306 9.978589232386035 5
      vertex 1.3052619222005157 9.914448613738104 0
    endloop
  endfacet
  facet normal 0.16289547339458896 0.986643332084879 0
    outer loop
      vertex 1.3052619222005157 9.914448613738104 0
      vertex 1.3052619222005157 9.914448613738104 5
      vertex 1.9509032201612824 9.807852804032304 0
    endloop
  endfacet
  facet normal 0.35225004792123366 0.9359059267573256 0
    outer loop
      vertex 3.214394653031616 9.469301294951057 0
      vertex 3.214394653031616 9.469301294951057 5
      vertex 3.826834323650898 9.238795325112868 0
    endloop
  endfacet
  facet normal 0.4127070298043985 0.910863824921174 0
    outer loop
      vertex 3.826834323650898 9.238795325112868 0
      vertex 3.826834323650898 9.238795325112868 5
      vertex 4.144923517922423 9.094670986228254 0
    endloop
  endfacet
  facet normal 0.9738769792773337 0.22707626303437287 -7.688537262501095e-20
    outer loop
      vertex 9.659258262890683 2.5881904510252074 0
      vertex 9.807852804032304 1.9509032201612824 5
      vertex 9.807852804032304 1.9509032201612824 0
    endloop
  endfacet
  facet normal 0.9569403357322092 0.29028467725446166 0
    outer loop
      vertex 9.659258262890683 2.5881904510252074 0
      vertex 9.469301294951057 3.214394653031616 0
      vertex 9.659258262890683 2.5881904510252074 5
    endloop
  endfacet
  facet normal 0.9108638249211755 0.4127070298043953 6.389812523954696e-19
    outer loop
      vertex 9.238795325112868 3.826834323650898 0
      vertex 9.094670986228255 4.144923517922422 0
      vertex 9.094670986228255 4.144923517922422 5
    endloop
  endfacet
  facet normal 0.9359059267573256 0.35225004792123366 0
    outer loop
      vertex 9.469301294951057 3.214394653031616 0
      vertex 9.238795325112868 3.826834323650898 0
      vertex 9.469301294951057 3.214394653031616 5
    endloop
  endfacet
  facet normal 0.9994645874763656 0.03271908282177589 0
    outer loop
      vertex 10 0 0
      vertex 9.978589232386035 0.6540312923014306 0
      vertex 10 0 5
    endloop
  endfacet
  facet normal 0.9951847266721969 0.09801714032956099 0
    outer loop
      vertex 9.978589232386035 0.6540312923014306 0
      vertex 9.914448613738104 1.3052619222005157 0
      vertex 9.978589232386035 0.6540312923014306 5
    endloop
  endfacet
  facet normal 0.986643332084879 0.16289547339458896 0
    outer loop
      vertex 9.914448613738104 1.3052619222005157 0
      vertex 9.807852804032304 1.9509032201612824 0
      vertex 9.914448613738104 1.3052619222005157 5
    endloop
  endfacet
  facet normal 0.22707626303437287 0.9738769792773337 0
    outer loop
      vertex 2.5881904510252074 9.659258262890683 0
      vertex 1.9509032201612824 9.807852804032304 5
      vertex 2.5881904510252074 9.659258262890683 5
    endloop
  endfacet
  facet normal 0.29028467725446166 0.9569403357322092 0
    outer loop
      vertex 3.214394653031616 9.469301294951057 0
      vertex 2.5881904510252074 9.659258262890683 5
      vertex 3.214394653031616 9.469301294951057 5
    endloop
  endfacet
  facet normal 0.03271908282177589 0.9994645874763656 0
    outer loop
      vertex 0.6540312923014306 9.978589232386035 0
      vertex 0 10 5
      vertex 0.6540312923014306 9.978589232386035 5
    endloop
  endfacet
  facet normal 0.09801714032956099 0.9951847266721969 0
    outer loop
      vertex 1.3052619222005157 9.914448613738104 0
      vertex 0.6540312923014306 9.978589232386035 5
      vertex 1.3052619222005157 9.914448613738104 5
    endloop
  endfacet
  facet normal 0.16289547339458896 0.986643332084879 0
    outer loop
      vertex 1.9509032201612824 9.807852804032304 0
      vertex 1.3052619222005157 9.914448613738104 5
      vertex 1.9509032201612824 9.807852804032304 5
    endloop
  endfacet
  facet normal 0.35225004792123366 0.9359059267573256 0
    outer loop
      vertex 3.826834323650898 9.238795325112868 0
      vertex 3.214394653031616 9.469301294951057 5
      vertex 3.826834323650898 9.238795325112868 5
    endloop
  endfacet
  facet normal 0.4127070298043985 0.910863824921174 0
    outer loop
      vertex 4.144923517922423 9.094670986228254 0
      vertex 3.826834323650898 9.238795325112868 5
      vertex 4.144923517922423 9.094670986228254 5
    endloop
  endfacet
  facet normal 0.9738769792773337 0.22707626303437287 0
    outer loop
      vertex 9.659258262890683 2.5881904510252074 0
      vertex 9.659258262890683 2.5881904510252074 5
      vertex 9.807852804032304 1.9509032201612824 5
    endloop
  endfacet
  facet normal 0.9569403357322092 0.29028467725446166 0
    outer loop
      vertex 9.469301294951057 3.214394653031616 0
      vertex 9.469301294951057 3.214394653031616 5
      vertex 9.659258262890683 2.5881904510252074 5
    endloop
  endfacet
  facet normal 0.9359059267573256 0.35225004792123366 0
    outer loop
      vertex 9.238795325112868 3.826834323650898 0
      vertex 9.238795325112868 3.826834323650898 5
      vertex 9.469301294951057 3.214394653031616 5
    endloop
  endfacet
  facet normal 0.9108638249211755 0.4127070298043953 0
    outer loop
      vertex 9.238795325112868 3.826834323650898 0
      vertex 9.094670986228255 4.144923517922422 5
      vertex 9.238795325112868 3.826834323650898 5
    endloop
  endfacet
  facet normal 0.9994645874763656 0.03271908282177589 0
    outer loop
      vertex 9.978589232386035 0.6540312923014306 0
      vertex 9.978589232386035 0.6540312923014306 5
      vertex 10 0 5
    endloop
  endfacet
  facet normal 0.9951847266721969 0.09801714032956099 0
    outer loop
      vertex 9.914448613738104 1.3052619222005157 0
      vertex 9.914448613738104 1.3052619222005157 5
      vertex 9.978589232386035 0.6540312923014306 5
    endloop
  endfacet
  facet normal 0.986643332084879 0.16289547339458896 0
    outer loop
      vertex 9.807852804032304 1.9509032201612824 0
      vertex 9.807852804032304 1.9509032201612824 5
      vertex 9.914448613738104 1.3052619222005157 5
    endloop
  endfacet
  facet normal 0 0 1
    outer loop
      vertex 5 6.374687246531159 5
      vertex 4.657024931916713 6.069153053227949 5
      vertex 5.043995485515527 5.751574527214178 5
    endloop
  endfacet
  facet normal 0 0 1
    outer loop
      vertex 5 6.374687246531159 5
      vertex 5.043995485515527 5.751574527214178 5
      vertex 5.409366876077089 5.409366876077089 5
    endloop
  endfacet
  facet normal 0 0 1
    outer loop
      vertex 5 6.374687246531159 5
      vertex 5.409366876077089 5.409366876077089 5
      vertex 6.593458151000688 6.609685288615904 5
    endloop
  endfacet
  facet normal 0 0 1
    outer loop
      vertex 6.593458151000688 6.609685288615904 5
      vertex 5.409366876077089 5.409366876077089 5
      vertex 5.751574527214178 5.043995485515527 5
    endloop
  endfacet
  facet normal 0 0 1
    outer loop
      vertex 6.593458151000688 6.609685288615904 5
      vertex 6.069153053227949 4.657024931916713 5
      vertex 6.360742534114471 4.250112282599956 5
    endloop
  endfacet
  facet normal 0 0 1
    outer loop
      vertex 6.593458151000688 6.609685288615904 5
      vertex 5.751574527214178 5.043995485515527 5
      vertex 6.069153053227949 4.657024931916713 5
    endloop
  endfacet
  facet normal 0 0 1
    outer loop
      vertex 0 10 5
      vertex 0 7.65 5
      vertex 0.5003339386105945 7.633620762775317 5
    endloop
  endfacet
  facet normal 0 0 1
    outer loop
      vertex 0.6540312923014306 9.978589232386035 5
      vertex 0.5003339386105945 7.633620762775317 5
      vertex 0.9985253704833946 7.584553189509649 5
    endloop
  endfacet
  facet normal 0 0 1
    outer loop
      vertex 0 10 5
      vertex 0.5003339386105945 7.633620762775317 5
      vertex 0.6540312923014306 9.978589232386035 5
    endloop
  endfacet
  facet normal 0 0 1
    outer loop
      vertex 1.3052619222005157 9.914448613738104 5
      vertex 0.9985253704833946 7.584553189509649 5
      vertex 1.492440963423381 7.503007395084713 5
    endloop
  endfacet
  facet normal 0 0 1
    outer loop
      vertex 0.6540312923014306 9.978589232386035 5
      vertex 0.9985253704833946 7.584553189509649 5
      vertex 1.3052619222005157 9.914448613738104 5
    endloop
  endfacet
  facet normal 0 0 1
    outer loop
      vertex 1.3052619222005157 9.914448613738104 5
      vertex 1.492440963423381 7.503007395084713 5
      vertex 1.9509032201612824 9.807852804032304 5
    endloop
  endfacet
  facet normal 0 0 1
    outer loop
      vertex 2.5881904510252074 9.659258262890683 5
      vertex 2.4590119095691865 7.244015490637559 5
      vertex 2.927528257592937 7.067678423711344 5
    endloop
  endfacet
  facet normal 0 0 1
    outer loop
      vertex 3.214394653031616 9.469301294951057 5
      vertex 2.927528257592937 7.067678423711344 5
      vertex 3.3835084801753603 6.861076472725065 5
    endloop
  endfacet
  facet normal 0 0 1
    outer loop
      vertex 1.9509032201612824 9.807852804032304 5
      vertex 1.492440963423381 7.503007395084713 5
      vertex 1.9799656950342837 7.389332571111373 5
    endloop
  endfacet
  facet normal 0 0 1
    outer loop
      vertex 1.9509032201612824 9.807852804032304 5
      vertex 1.9799656950342837 7.389332571111373 5
      vertex 2.4590119095691865 7.244015490637559 5
    endloop
  endfacet
  facet normal 0 0 1
    outer loop
      vertex 2.5881904510252074 9.659258262890683 5
      vertex 1.9509032201612824 9.807852804032304 5
      vertex 2.4590119095691865 7.244015490637559 5
    endloop
  endfacet
  facet normal 0 0 1
    outer loop
      vertex 2.5881904510252074 9.659258262890683 5
      vertex 2.927528257592937 7.067678423711344 5
      vertex 3.214394653031616 9.469301294951057 5
    endloop
  endfacet
  facet normal 0 0 1
    outer loop
      vertex 3.826834323650898 9.238795325112868 5
      vertex 3.3835084801753603 6.861076472725065 5
      vertex 3.825 6.625094338950956 5
    endloop
  endfacet
  facet normal 0 0 1
    outer loop
      vertex 3.826834323650898 9.238795325112868 5
      vertex 3.825 6.625094338950956 5
      vertex 4.250112282599956 6.360742534114471 5
    endloop
  endfacet
  facet normal 0 0 1
    outer loop
      vertex 4.4228869021900135 8.304913514064152 5
      vertex 4.250112282599956 6.360742534114471 5
      vertex 4.657024931916713 6.069153053227949 5
    endloop
  endfacet
  facet normal 0 0 1
    outer loop
      vertex 5 6.374687246531159 5
      vertex 4.4228869021900135 8.304913514064152 5
      vertex 4.657024931916713 6.069153053227949 5
    endloop
  endfacet
  facet normal 0 0 1
    outer loop
      vertex 4.4228869021900135 8.304913514064152 5
      vertex 4.144923517922423 9.094670986228254 5
      vertex 4.250112282599956 6.360742534114471 5
    endloop
  endfacet
  facet normal 0 0 1
    outer loop
      vertex 5 6.374687246531159 5
      vertex 4.936236494780794 8.694336341451308 5
      vertex 4.4228869021900135 8.304913514064152 5
    endloop
  endfacet
  facet normal 0 0 1
    outer loop
      vertex 3.214394653031616 9.469301294951057 5
      vertex 3.3835084801753603 6.861076472725065 5
      vertex 3.826834323650898 9.238795325112868 5
    endloop
  endfacet
  facet normal 0 0 1
    outer loop
      vertex 3.826834323650898 9.238795325112868 5
      vertex 4.250112282599956 6.360742534114471 5
      vertex 4.144923517922423 9.094670986228254 5
    endloop
  endfacet
  facet normal 0 0 1
    outer loop
      vertex 5 6.374687246531159 5
      vertex 6.593458151000688 6.609685288615904 5
      vertex 6.121402322564537 7.905804281274376 5
    endloop
  endfacet
  facet normal 0 0 1
    outer loop
      vertex 8.955057359397129 -4.005309891091297 5
      vertex 7.0710678118654755 3.3922627639592386 5
      vertex 7.503007395084713 1.492440963423381 5
    endloop
  endfacet
  facet normal 0 0 1
    outer loop
      vertex 7.0710678118654755 3.3922627639592386 5
      vertex 7.389332571111373 1.9799656950342837 5
      vertex 7.503007395084713 1.492440963423381 5
    endloop
  endfacet
  facet normal 0 0 1
    outer loop
      vertex 7.0710678118654755 3.3922627639592386 5
      vertex 7.244015490637559 2.4590119095691865 5
      vertex 7.389332571111373 1.9799656950342837 5
    endloop
  endfacet
  facet normal 0 0 1
    outer loop
      vertex 7.0710678118654755 3.3922627639592386 5
      vertex 6.861076472725065 3.3835084801753603 5
      vertex 7.067678423711344 2.927528257592937 5
    endloop
  endfacet
  facet normal 0 0 1
    outer loop
      vertex 7.0710678118654755 3.3922627639592386 5
      vertex 7.067678423711344 2.927528257592937 5
      vertex 7.244015490637559 2.4590119095691865 5
    endloop
  endfacet
  facet normal 0 0 1
    outer loop
      vertex 8.955057359397129 -4.005309891091297 5
      vertex 8.968727415326882 4.018979947021049 5
      vertex 7.0710678118654755 3.3922627639592386 5
    endloop
  endfacet
  facet normal 0 0 1
    outer loop
      vertex 9.238795325112868 -3.826834323650898 5
      vertex 9.238795325112868 3.826834323650898 5
      vertex 8.968727415326882 4.018979947021049 5
    endloop
  endfacet
  facet normal 0 0 1
    outer loop
      vertex 9.807852804032304 -1.9509032201612824 5
      vertex 9.807852804032304 1.9509032201612824 5
      vertex 9.659258262890683 2.5881904510252074 5
    endloop
  endfacet
  facet normal 0 0 1
    outer loop
      vertex 9.659258262890683 -2.5881904510252074 5
      vertex 9.659258262890683 2.5881904510252074 5
      vertex 9.469301294951057 3.214394653031616 5
    endloop
  endfacet
  facet normal 0 0 1
    outer loop
      vertex 9.469301294951057 -3.214394653031616 5
      vertex 9.469301294951057 3.214394653031616 5
      vertex 9.238795325112868 3.826834323650898 5
    endloop
  endfacet
  facet normal 0 0 1
    outer loop
      vertex 7.0710678118654755 3.3922627639592386 5
      vertex 6.593458151000688 6.609685288615904 5
      vertex 6.861076472725065 3.3835084801753603 5
    endloop
  endfacet
  facet normal 0 0 1
    outer loop
      vertex 6.593458151000688 6.609685288615904 5
      vertex 6.625094338950956 3.825 5
      vertex 6.861076472725065 3.3835084801753603 5
    endloop
  endfacet
  facet normal 0 0 1
    outer loop
      vertex 6.593458151000688 6.609685288615904 5
      vertex 6.360742534114471 4.250112282599956 5
      vertex 6.625094338950956 3.825 5
    endloop
  endfacet
  facet normal 0 0 1
    outer loop
      vertex 7.0710678118654755 3.3922627639592386 5
      vertex 6.882640689012327 7.247549071175326 5
      vertex 6.593458151000688 6.609685288615904 5
    endloop
  endfacet
  facet normal 0 0 1
    outer loop
      vertex 7.0710678118654755 3.3922627639592386 5
      vertex 8.968727415326882 4.018979947021049 5
      vertex 8.782071708545994 4.772095167886599 5
    endloop
  endfacet
  facet normal 0 0 1
    outer loop
      vertex 8.968727415326882 4.018979947021049 5
      vertex 9.238795325112868 3.826834323650898 5
      vertex 9.094670986228255 4.144923517922422 5
    endloop
  endfacet
  facet normal 0 0 1
    outer loop
      vertex 9.978589232386035 -0.6540312923014306 5
      vertex 10 0 5
      vertex 9.978589232386035 0.6540312923014306 5
    endloop
  endfacet
  facet normal 0 0 1
    outer loop
      vertex 9.978589232386035 -0.6540312923014306 5
      vertex 9.978589232386035 0.6540312923014306 5
      vertex 9.914448613738104 1.3052619222005157 5
    endloop
  endfacet
  facet normal 0 0 1
    outer loop
      vertex 9.914448613738104 -1.3052619222005157 5
      vertex 9.914448613738104 1.3052619222005157 5
      vertex 9.807852804032304 1.9509032201612824 5
    endloop
  endfacet
  facet normal 0 0 -1
    outer loop
      vertex 17.195927336897096 12.30605317844237 0
      vertex 17.632331159224965 12.682583690919133 0
      vertex 17.232360301473086 12.282612833167255 0
    endloop
  endfacet
  facet normal 0 0 -1
    outer loop
      vertex 12.678905962866663 16.823074552472804 0
      vertex 13.289888203907903 17.511799593984236 0
      vertex 19.832730429086446 19.059937541853177 0
    endloop
  endfacet
  facet normal 0 0 -1
    outer loop
      vertex 12.678905962866663 16.823074552472804 0
      vertex 19.832730429086446 19.059937541853177 0
      vertex 17.195927336897096 12.30605317844237 0
    endloop
  endfacet
  facet normal 0 0 -1
    outer loop
      vertex 13.289888203907903 17.511799593984236 0
      vertex 18.974839982317068 20.038174111443375 0
      vertex 19.014025997189563 19.934059367438095 0
    endloop
  endfacet
  facet normal 0 0 -1
    outer loop
      vertex 13.289888203907903 17.511799593984236 0
      vertex 18.942547297767334 20.144628825784462 0
      vertex 18.974839982317068 20.038174111443375 0
    endloop
  endfacet
  facet normal 0 0 -1
    outer loop
      vertex 13.289888203907903 17.511799593984236 0
      vertex 18.917286225773257 20.25296765503133 0
      vertex 18.942547297767334 20.144628825784462 0
    endloop
  endfacet
  facet normal 0 0 -1
    outer loop
      vertex 13.289888203907903 17.511799593984236 0
      vertex 18.89916493812327 20.362726675684662 0
      vertex 18.917286225773257 20.25296765503133 0
    endloop
  endfacet
  facet normal 0 0 -1
    outer loop
      vertex 13.289888203907903 17.511799593984236 0
      vertex 18.888261032953125 20.473435882767504 0
      vertex 18.89916493812327 20.362726675684662 0
    endloop
  endfacet
  facet normal 0 0 -1
    outer loop
      vertex 13.289888203907903 17.511799593984236 0
      vertex 18.88462120245875 20.58462120245875 0
      vertex 18.888261032953125 20.473435882767504 0
    endloop
  endfacet
  facet normal 0 0 -1
    outer loop
      vertex 13.289888203907903 17.511799593984236 0
      vertex 19.382539674441617 19.382539674441617 0
      vertex 19.46373331678863 19.306493529744486 0
    endloop
  endfacet
  facet normal 0 0 -1
    outer loop
      vertex 13.289888203907903 17.511799593984236 0
      vertex 19.46373331678863 19.306493529744486 0
      vertex 19.549726773143924 19.23592052396365 0
    endloop
  endfacet
  facet normal 0 0 -1
    outer loop
      vertex 13.289888203907903 17.511799593984236 0
      vertex 19.549726773143924 19.23592052396365 0
      vertex 19.640151806325424 19.171122861544422 0
    endloop
  endfacet
  facet normal 0 0 -1
    outer loop
      vertex 13.289888203907903 17.511799593984236 0
      vertex 19.640151806325424 19.171122861544422 0
      vertex 19.734621202458747 19.112378016025204 0
    endloop
  endfacet
  facet normal 0 0 -1
    outer loop
      vertex 13.289888203907903 17.511799593984236 0
      vertex 19.734621202458747 19.112378016025204 0
      vertex 19.832730429086446 19.059937541853177 0
    endloop
  endfacet
  facet normal 0 0 -1
    outer loop
      vertex 13.289888203907903 17.511799593984236 0
      vertex 19.171122861544422 19.640151806325424 0
      vertex 19.23592052396365 19.549726773143924 0
    endloop
  endfacet
  facet normal 0 0 -1
    outer loop
      vertex 13.289888203907903 17.511799593984236 0
      vertex 19.23592052396365 19.549726773143924 0
      vertex 19.306493529744486 19.46373331678863 0
    endloop
  endfacet
  facet normal 0 0 -1
    outer loop
      vertex 13.289888203907903 17.511799593984236 0
      vertex 19.059937541853177 19.832730429086446 0
      vertex 19.112378016025204 19.734621202458747 0
    endloop
  endfacet
  facet normal 0 0 -1
    outer loop
      vertex 13.289888203907903 17.511799593984236 0
      vertex 19.112378016025204 19.734621202458747 0
      vertex 19.171122861544422 19.640151806325424 0
    endloop
  endfacet
  facet normal 0 0 -1
    outer loop
      vertex 13.289888203907903 17.511799593984236 0
      vertex 19.014025997189563 19.934059367438095 0
      vertex 19.059937541853177 19.832730429086446 0
    endloop
  endfacet
  facet normal 0 0 -1
    outer loop
      vertex 13.289888203907903 17.511799593984236 0
      vertex 19.306493529744486 19.46373331678863 0
      vertex 19.382539674441617 19.382539674441617 0
    endloop
  endfacet
  facet normal 0 0 -1
    outer loop
      vertex 17.195927336897096 12.30605317844237 0
      vertex 19.832730429086446 19.059937541853177 0
      vertex 19.934059367438095 19.014025997189563 0
    endloop
  endfacet
  facet normal 0 0 -1
    outer loop
      vertex 17.195927336897096 12.30605317844237 0
      vertex 19.934059367438095 19.014025997189563 0
      vertex 20.038174111443375 18.974839982317068 0
    endloop
  endfacet
  facet normal 0 0 -1
    outer loop
      vertex 17.195927336897096 12.30605317844237 0
      vertex 20.038174111443375 18.974839982317068 0
      vertex 20.144628825784462 18.942547297767334 0
    endloop
  endfacet
  facet normal 0 0 -1
    outer loop
      vertex 17.195927336897096 12.30605317844237 0
      vertex 20.473435882767504 18.888261032953125 0
      vertex 20.58462120245875 18.88462120245875 0
    endloop
  endfacet
  facet normal 0 0 -1
    outer loop
      vertex 17.195927336897096 12.30605317844237 0
      vertex 20.58462120245875 18.88462120245875 0
      vertex 20.695806522149994 18.888261032953125 0
    endloop
  endfacet
  facet normal 0 0 -1
    outer loop
      vertex 17.195927336897096 12.30605317844237 0
      vertex 20.144628825784462 18.942547297767334 0
      vertex 20.25296765503133 18.917286225773257 0
    endloop
  endfacet
  facet normal 0 0 -1
    outer loop
      vertex 17.195927336897096 12.30605317844237 0
      vertex 20.25296765503133 18.917286225773257 0
      vertex 20.362726675684662 18.89916493812327 0
    endloop
  endfacet
  facet normal 0 0 -1
    outer loop
      vertex 17.195927336897096 12.30605317844237 0
      vertex 20.362726675684662 18.89916493812327 0
      vertex 20.473435882767504 18.888261032953125 0
    endloop
  endfacet
  facet normal 0 0 -1
    outer loop
      vertex 12.546006230679787 17.30198672974041 0
      vertex 12.682583690919133 17.632331159224965 0
      vertex 21.114951288348664 26.064698756654494 0
    endloop
  endfacet
  facet normal 0 0 -1
    outer loop
      vertex 12.546006230679787 17.30198672974041 0
      vertex 21.114951288348664 26.064698756654494 0
      vertex 13.289888203907903 17.511799593984236 0
    endloop
  endfacet
  facet normal 0 0 -1
    outer loop
      vertex 13.289888203907903 17.511799593984236 0
      vertex 18.888261032953125 20.695806522149994 0
      vertex 18.88462120245875 20.58462120245875 0
    endloop
  endfacet
  facet normal 0 0 -1
    outer loop
      vertex 13.289888203907903 17.511799593984236 0
      vertex 18.89916493812327 20.806515729232835 0
      vertex 18.888261032953125 20.695806522149994 0
    endloop
  endfacet
  facet normal 0 0 -1
    outer loop
      vertex 13.289888203907903 17.511799593984236 0
      vertex 18.917286225773257 20.916274749886167 0
      vertex 18.89916493812327 20.806515729232835 0
    endloop
  endfacet
  facet normal 0 0 -1
    outer loop
      vertex 13.289888203907903 17.511799593984236 0
      vertex 18.942547297767334 21.024613579133035 0
      vertex 18.917286225773257 20.916274749886167 0
    endloop
  endfacet
  facet normal 0 0 -1
    outer loop
      vertex 13.289888203907903 17.511799593984236 0
      vertex 18.974839982317068 21.131068293474122 0
      vertex 18.942547297767334 21.024613579133035 0
    endloop
  endfacet
  facet normal 0 0 -1
    outer loop
      vertex 13.289888203907903 17.511799593984236 0
      vertex 19.014025997189563 21.235183037479402 0
      vertex 18.974839982317068 21.131068293474122 0
    endloop
  endfacet
  facet normal 0 0 -1
    outer loop
      vertex 13.289888203907903 17.511799593984236 0
      vertex 19.059937541853177 21.33651197583105 0
      vertex 19.014025997189563 21.235183037479402 0
    endloop
  endfacet
  facet normal 0 0 -1
    outer loop
      vertex 13.289888203907903 17.511799593984236 0
      vertex 19.112378016025204 21.43462120245875 0
      vertex 19.059937541853177 21.33651197583105 0
    endloop
  endfacet
  facet normal 0 0 -1
    outer loop
      vertex 13.289888203907903 17.511799593984236 0
      vertex 19.171122861544422 21.529090598592074 0
      vertex 19.112378016025204 21.43462120245875 0
    endloop
  endfacet
  facet normal 0 0 -1
    outer loop
      vertex 13.289888203907903 17.511799593984236 0
      vertex 19.23592052396365 21.619515631773574 0
      vertex 19.171122861544422 21.529090598592074 0
    endloop
  endfacet
  facet normal 0 0 -1
    outer loop
      vertex 13.289888203907903 17.511799593984236 0
      vertex 19.306493529744486 21.705509088128867 0
      vertex 19.23592052396365 21.619515631773574 0
    endloop
  endfacet
  facet normal 0 0 -1
    outer loop
      vertex 13.289888203907903 17.511799593984236 0
      vertex 19.382539674441617 21.78670273047588 0
      vertex 19.306493529744486 21.705509088128867 0
    endloop
  endfacet
  facet normal 0 0 -1
    outer loop
      vertex 13.289888203907903 17.511799593984236 0
      vertex 19.46373331678863 21.86274887517301 0
      vertex 19.382539674441617 21.78670273047588 0
    endloop
  endfacet
  facet normal 0 0 -1
    outer loop
      vertex 13.289888203907903 17.511799593984236 0
      vertex 19.549726773143924 21.933321880953848 0
      vertex 19.46373331678863 21.86274887517301 0
    endloop
  endfacet
  facet normal 0 0 -1
    outer loop
      vertex 13.289888203907903 17.511799593984236 0
      vertex 19.640151806325424 21.998119543373075 0
      vertex 19.549726773143924 21.933321880953848 0
    endloop
  endfacet
  facet normal 0 0 -1
    outer loop
      vertex 13.289888203907903 17.511799593984236 0
      vertex 21.114951288348664 26.064698756654494 0
      vertex 19.640151806325424 21.998119543373075 0
    endloop
  endfacet
  facet normal 0 0 -1
    outer loop
      vertex 17.195927336897096 12.30605317844237 0
      vertex 26.064698756654494 21.114951288348664 0
      vertex 17.632331159224965 12.682583690919133 0
    endloop
  endfacet
  facet normal 0 0 -1
    outer loop
      vertex 17.195927336897096 12.30605317844237 0
      vertex 20.695806522149994 18.888261032953125 0
      vertex 20.806515729232835 18.89916493812327 0
    endloop
  endfacet
  facet normal 0 0 -1
    outer loop
      vertex 17.195927336897096 12.30605317844237 0
      vertex 20.806515729232835 18.89916493812327 0
      vertex 20.916274749886167 18.917286225773257 0
    endloop
  endfacet
  facet normal 0 0 -1
    outer loop
      vertex 17.195927336897096 12.30605317844237 0
      vertex 20.916274749886167 18.917286225773257 0
      vertex 21.024613579133035 18.942547297767334 0
    endloop
  endfacet
  facet normal 0 0 -1
    outer loop
      vertex 17.195927336897096 12.30605317844237 0
      vertex 21.024613579133035 18.942547297767334 0
      vertex 21.131068293474122 18.974839982317068 0
    endloop
  endfacet
  facet normal 0 0 -1
    outer loop
      vertex 17.195927336897096 12.30605317844237 0
      vertex 21.131068293474122 18.974839982317068 0
      vertex 21.235183037479402 19.014025997189563 0
    endloop
  endfacet
  facet normal 0 0 -1
    outer loop
      vertex 17.195927336897096 12.30605317844237 0
      vertex 21.235183037479402 19.014025997189563 0
      vertex 21.33651197583105 19.059937541853177 0
    endloop
  endfacet
  facet normal 0 0 -1
    outer loop
      vertex 17.195927336897096 12.30605317844237 0
      vertex 21.33651197583105 19.059937541853177 0
      vertex 21.43462120245875 19.112378016025204 0
    endloop
  endfacet
  facet normal 0 0 -1
    outer loop
      vertex 17.195927336897096 12.30605317844237 0
      vertex 21.43462120245875 19.112378016025204 0
      vertex 21.529090598592074 19.171122861544422 0
    endloop
  endfacet
  facet normal 0 0 -1
    outer loop
      vertex 17.195927336897096 12.30605317844237 0
      vertex 21.529090598592074 19.171122861544422 0
      vertex 21.619515631773574 19.23592052396365 0
    endloop
  endfacet
  facet normal 0 0 -1
    outer loop
      vertex 17.195927336897096 12.30605317844237 0
      vertex 21.619515631773574 19.23592052396365 0
      vertex 21.705509088128867 19.306493529744486 0
    endloop
  endfacet
  facet normal 0 0 -1
    outer loop
      vertex 17.195927336897096 12.30605317844237 0
      vertex 21.705509088128867 19.306493529744486 0
      vertex 21.78670273047588 19.382539674441617 0
    endloop
  endfacet
  facet normal 0 0 -1
    outer loop
      vertex 17.195927336897096 12.30605317844237 0
      vertex 21.78670273047588 19.382539674441617 0
      vertex 21.86274887517301 19.46373331678863 0
    endloop
  endfacet
  facet normal 0 0 -1
    outer loop
      vertex 17.195927336897096 12.30605317844237 0
      vertex 21.86274887517301 19.46373331678863 0
      vertex 21.933321880953848 19.549726773143924 0
    endloop
  endfacet
  facet normal 0 0 -1
    outer loop
      vertex 17.195927336897096 12.30605317844237 0
      vertex 21.933321880953848 19.549726773143924 0
      vertex 21.998119543373075 19.640151806325424 0
    endloop
  endfacet
  facet normal 0 0 -1
    outer loop
      vertex 17.195927336897096 12.30605317844237 0
      vertex 21.998119543373075 19.640151806325424 0
      vertex 26.064698756654494 21.114951288348664 0
    endloop
  endfacet
  facet normal 0 0 -1
    outer loop
      vertex 21.114951288348664 26.064698756654494 0
      vertex 19.734621202458747 22.056864388892294 0
      vertex 19.640151806325424 21.998119543373075 0
    endloop
  endfacet
  facet normal 0 0 -1
    outer loop
      vertex 21.114951288348664 26.064698756654494 0
      vertex 19.832730429086446 22.10930486306432 0
      vertex 19.734621202458747 22.056864388892294 0
    endloop
  endfacet
  facet normal 0 0 -1
    outer loop
      vertex 21.114951288348664 26.064698756654494 0
      vertex 19.934059367438095 22.155216407727934 0
      vertex 19.832730429086446 22.10930486306432 0
    endloop
  endfacet
  facet normal 0 0 -1
    outer loop
      vertex 21.114951288348664 26.064698756654494 0
      vertex 20.038174111443375 22.19440242260043 0
      vertex 19.934059367438095 22.155216407727934 0
    endloop
  endfacet
  facet normal 0 0 -1
    outer loop
      vertex 21.114951288348664 26.064698756654494 0
      vertex 20.144628825784462 22.226695107150164 0
      vertex 20.038174111443375 22.19440242260043 0
    endloop
  endfacet
  facet normal 0 0 -1
    outer loop
      vertex 21.114951288348664 26.064698756654494 0
      vertex 20.25296765503133 22.25195617914424 0
      vertex 20.144628825784462 22.226695107150164 0
    endloop
  endfacet
  facet normal 0 0 -1
    outer loop
      vertex 21.114951288348664 26.064698756654494 0
      vertex 20.362726675684662 22.270077466794227 0
      vertex 20.25296765503133 22.25195617914424 0
    endloop
  endfacet
  facet normal 0 0 -1
    outer loop
      vertex 21.114951288348664 26.064698756654494 0
      vertex 20.473435882767504 22.280981371964373 0
      vertex 20.362726675684662 22.270077466794227 0
    endloop
  endfacet
  facet normal 0 0 -1
    outer loop
      vertex 21.114951288348664 26.064698756654494 0
      vertex 20.58462120245875 22.284621202458748 0
      vertex 20.473435882767504 22.280981371964373 0
    endloop
  endfacet
  facet normal 0 0 -1
    outer loop
      vertex 21.114951288348664 26.064698756654494 0
      vertex 20.695806522149994 22.280981371964373 0
      vertex 20.58462120245875 22.284621202458748 0
    endloop
  endfacet
  facet normal 0 0 -1
    outer loop
      vertex 21.114951288348664 26.064698756654494 0
      vertex 20.806515729232835 22.270077466794227 0
      vertex 20.695806522149994 22.280981371964373 0
    endloop
  endfacet
  facet normal 0 0 -1
    outer loop
      vertex 21.114951288348664 26.064698756654494 0
      vertex 20.916274749886167 22.25195617914424 0
      vertex 20.806515729232835 22.270077466794227 0
    endloop
  endfacet
  facet normal 0 0 -1
    outer loop
      vertex 21.114951288348664 26.064698756654494 0
      vertex 21.024613579133035 22.226695107150164 0
      vertex 20.916274749886167 22.25195617914424 0
    endloop
  endfacet
  facet normal 0 0 -1
    outer loop
      vertex 21.114951288348664 26.064698756654494 0
      vertex 21.131068293474122 22.19440242260043 0
      vertex 21.024613579133035 22.226695107150164 0
    endloop
  endfacet
  facet normal 0 0 -1
    outer loop
      vertex 21.114951288348664 26.064698756654494 0
      vertex 21.235183037479402 22.155216407727934 0
      vertex 21.131068293474122 22.19440242260043 0
    endloop
  endfacet
  facet normal 0 0 -1
    outer loop
      vertex 21.114951288348664 26.064698756654494 0
      vertex 21.43462120245875 22.056864388892294 0
      vertex 21.33651197583105 22.10930486306432 0
    endloop
  endfacet
  facet normal 0 0 -1
    outer loop
      vertex 21.114951288348664 26.064698756654494 0
      vertex 21.529090598592074 21.998119543373075 0
      vertex 21.43462120245875 22.056864388892294 0
    endloop
  endfacet
  facet normal 0 0 -1
    outer loop
      vertex 21.114951288348664 26.064698756654494 0
      vertex 21.33651197583105 22.10930486306432 0
      vertex 21.235183037479402 22.155216407727934 0
    endloop
  endfacet
  facet normal 0 0 -1
    outer loop
      vertex 21.114951288348664 26.064698756654494 0
      vertex 21.705509088128867 21.86274887517301 0
      vertex 21.619515631773574 21.933321880953848 0
    endloop
  endfacet
  facet normal 0 0 -1
    outer loop
      vertex 21.114951288348664 26.064698756654494 0
      vertex 21.619515631773574 21.933321880953848 0
      vertex 21.529090598592074 21.998119543373075 0
    endloop
  endfacet
  facet normal 0 0 -1
    outer loop
      vertex 21.114951288348664 26.064698756654494 0
      vertex 21.78670273047588 21.78670273047588 0
      vertex 21.705509088128867 21.86274887517301 0
    endloop
  endfacet
  facet normal 0 0 -1
    outer loop
      vertex 21.114951288348664 26.064698756654494 0
      vertex 22.056864388892294 21.43462120245875 0
      vertex 21.998119543373075 21.529090598592074 0
    endloop
  endfacet
  facet normal 0 0 -1
    outer loop
      vertex 21.114951288348664 26.064698756654494 0
      vertex 21.998119543373075 21.529090598592074 0
      vertex 21.933321880953848 21.619515631773574 0
    endloop
  endfacet
  facet normal 0 0 -1
    outer loop
      vertex 21.114951288348664 26.064698756654494 0
      vertex 21.86274887517301 21.705509088128867 0
      vertex 21.78670273047588 21.78670273047588 0
    endloop
  endfacet
  facet normal 0 0 -1
    outer loop
      vertex 21.114951288348664 26.064698756654494 0
      vertex 21.933321880953848 21.619515631773574 0
      vertex 21.86274887517301 21.705509088128867 0
    endloop
  endfacet
  facet normal 0 0 -1
    outer loop
      vertex 26.064698756654494 21.114951288348664 0
      vertex 21.998119543373075 19.640151806325424 0
      vertex 22.056864388892294 19.734621202458747 0
    endloop
  endfacet
  facet normal 0 0 -1
    outer loop
      vertex 26.064698756654494 21.114951288348664 0
      vertex 22.056864388892294 19.734621202458747 0
      vertex 22.10930486306432 19.832730429086446 0
    endloop
  endfacet
  facet normal 0 0 -1
    outer loop
      vertex 26.064698756654494 21.114951288348664 0
      vertex 22.10930486306432 19.832730429086446 0
      vertex 22.155216407727934 19.934059367438095 0
    endloop
  endfacet
  facet normal 0 0 -1
    outer loop
      vertex 26.064698756654494 21.114951288348664 0
      vertex 22.155216407727934 19.934059367438095 0
      vertex 22.19440242260043 20.038174111443375 0
    endloop
  endfacet
  facet normal 0 0 -1
    outer loop
      vertex 26.064698756654494 21.114951288348664 0
      vertex 22.19440242260043 20.038174111443375 0
      vertex 22.226695107150164 20.144628825784462 0
    endloop
  endfacet
  facet normal 0 0 -1
    outer loop
      vertex 26.064698756654494 21.114951288348664 0
      vertex 22.226695107150164 20.144628825784462 0
      vertex 22.25195617914424 20.25296765503133 0
    endloop
  endfacet
  facet normal 0 0 -1
    outer loop
      vertex 26.064698756654494 21.114951288348664 0
      vertex 22.25195617914424 20.25296765503133 0
      vertex 22.270077466794227 20.362726675684662 0
    endloop
  endfacet
  facet normal 0 0 -1
    outer loop
      vertex 26.064698756654494 21.114951288348664 0
      vertex 22.270077466794227 20.362726675684662 0
      vertex 22.280981371964373 20.473435882767504 0
    endloop
  endfacet
  facet normal 0 0 -1
    outer loop
      vertex 26.064698756654494 21.114951288348664 0
      vertex 22.280981371964373 20.473435882767504 0
      vertex 22.284621202458748 20.58462120245875 0
    endloop
  endfacet
  facet normal 0 0 -1
    outer loop
      vertex 26.064698756654494 21.114951288348664 0
      vertex 22.284621202458748 20.58462120245875 0
      vertex 22.280981371964373 20.695806522149994 0
    endloop
  endfacet
  facet normal 0 0 -1
    outer loop
      vertex 26.064698756654494 21.114951288348664 0
      vertex 22.280981371964373 20.695806522149994 0
      vertex 22.270077466794227 20.806515729232835 0
    endloop
  endfacet
  facet normal 0 0 -1
    outer loop
      vertex 26.064698756654494 21.114951288348664 0
      vertex 22.270077466794227 20.806515729232835 0
      vertex 22.25195617914424 20.916274749886167 0
    endloop
  endfacet
  facet normal 0 0 -1
    outer loop
      vertex 26.064698756654494 21.114951288348664 0
      vertex 22.25195617914424 20.916274749886167 0
      vertex 22.226695107150164 21.024613579133035 0
    endloop
  endfacet
  facet normal 0 0 -1
    outer loop
      vertex 26.064698756654494 21.114951288348664 0
      vertex 22.226695107150164 21.024613579133035 0
      vertex 22.19440242260043 21.131068293474122 0
    endloop
  endfacet
  facet normal 0 0 -1
    outer loop
      vertex 26.064698756654494 21.114951288348664 0
      vertex 22.19440242260043 21.131068293474122 0
      vertex 22.155216407727934 21.235183037479402 0
    endloop
  endfacet
  facet normal 0 0 -1
    outer loop
      vertex 26.064698756654494 21.114951288348664 0
      vertex 22.10930486306432 21.33651197583105 0
      vertex 22.056864388892294 21.43462120245875 0
    endloop
  endfacet
  facet normal 0 0 -1
    outer loop
      vertex 26.064698756654494 21.114951288348664 0
      vertex 22.155216407727934 21.235183037479402 0
      vertex 22.10930486306432 21.33651197583105 0
    endloop
  endfacet
  facet normal 0 0 -1
    outer loop
      vertex 21.114951288348664 26.064698756654494 0
      vertex 26.064698756654494 21.114951288348664 0
      vertex 22.056864388892294 21.43462120245875 0
    endloop
  endfacet
  facet normal -0.7071067811865475 0.7071067811865477 0
    outer loop
      vertex 12.682583690919133 17.632331159224965 0
      vertex 12.682583690919133 17.632331159224965 5
      vertex 21.114951288348664 26.064698756654494 0
    endloop
  endfacet
  facet normal 0.7071067811865477 -0.7071067811865475 -6.653457526746064e-17
    outer loop
      vertex 17.632331159224965 12.682583690919133 0
      vertex 26.064698756654494 21.114951288348664 0
      vertex 26.064698756654494 21.114951288348664 5
    endloop
  endfacet
  facet normal 0.7071067811865476 0.7071067811865476 4.160587072187125e-17
    outer loop
      vertex 21.114951288348664 26.064698756654494 0
      vertex 26.064698756654494 21.114951288348664 5
      vertex 26.064698756654494 21.114951288348664 0
    endloop
  endfacet
  facet normal 0 0 1
    outer loop
      vertex 12.399343475715892 17.102637039623577 5
      vertex 12.627600596885697 17.32500052533695 5
      vertex 12.36258805540568 17.25025339825284 5
    endloop
  endfacet
  facet normal 0 0 1
    outer loop
      vertex 17.195927336897096 12.30605317844237 5
      vertex 17.287984710586386 12.338237242280552 5
      vertex 17.621501876182148 12.671754407876316 5
    endloop
  endfacet
  facet normal 0 0 1
    outer loop
      vertex 17.195927336897096 12.30605317844237 5
      vertex 17.621501876182148 12.671754407876316 5
      vertex 17.632331159224965 12.682583690919133 5
    endloop
  endfacet
  facet normal -0.7071067811865475 0.7071067811865477 0
    outer loop
      vertex 21.114951288348664 26.064698756654494 0
      vertex 12.682583690919133 17.632331159224965 5
      vertex 21.114951288348664 26.064698756654494 5
    endloop
  endfacet
  facet normal 0.7071067811865477 -0.7071067811865475 0
    outer loop
      vertex 17.632331159224965 12.682583690919133 0
      vertex 26.064698756654494 21.114951288348664 5
      vertex 17.632331159224965 12.682583690919133 5
    endloop
  endfacet
  facet normal 0.7071067811865476 0.7071067811865476 0
    outer loop
      vertex 21.114951288348664 26.064698756654494 0
      vertex 21.114951288348664 26.064698756654494 5
      vertex 26.064698756654494 21.114951288348664 5
    endloop
  endfacet
  facet normal 0 0 1
    outer loop
      vertex 12.399343475715892 17.102637039623577 5
      vertex 19.549726773143924 19.23592052396365 5
      vertex 12.627600596885697 17.32500052533695 5
    endloop
  endfacet
  facet normal 0 0 1
    outer loop
      vertex 12.627600596885697 17.32500052533695 5
      vertex 19.46373331678863 19.306493529744486 5
      vertex 12.682583690919133 17.632331159224965 5
    endloop
  endfacet
  facet normal 0 0 1
    outer loop
      vertex 12.399343475715892 17.102637039623577 5
      vertex 17.195927336897096 12.30605317844237 5
      vertex 19.549726773143924 19.23592052396365 5
    endloop
  endfacet
  facet normal 0 0 1
    outer loop
      vertex 12.682583690919133 17.632331159224965 5
      vertex 19.306493529744486 19.46373331678863 5
      vertex 19.23592052396365 19.549726773143924 5
    endloop
  endfacet
  facet normal 0 0 1
    outer loop
      vertex 12.682583690919133 17.632331159224965 5
      vertex 19.171122861544422 19.640151806325424 5
      vertex 19.112378016025204 19.734621202458747 5
    endloop
  endfacet
  facet normal 0 0 1
    outer loop
      vertex 12.682583690919133 17.632331159224965 5
      vertex 19.112378016025204 19.734621202458747 5
      vertex 19.059937541853177 19.832730429086446 5
    endloop
  endfacet
  facet normal 0 0 1
    outer loop
      vertex 12.682583690919133 17.632331159224965 5
      vertex 19.059937541853177 19.832730429086446 5
      vertex 19.014025997189563 19.934059367438095 5
    endloop
  endfacet
  facet normal 0 0 1
    outer loop
      vertex 12.682583690919133 17.632331159224965 5
      vertex 19.23592052396365 19.549726773143924 5
      vertex 19.171122861544422 19.640151806325424 5
    endloop
  endfacet
  facet normal 0 0 1
    outer loop
      vertex 12.682583690919133 17.632331159224965 5
      vertex 19.014025997189563 19.934059367438095 5
      vertex 18.974839982317068 20.038174111443375 5
    endloop
  endfacet
  facet normal 0 0 1
    outer loop
      vertex 12.682583690919133 17.632331159224965 5
      vertex 18.942547297767334 20.144628825784462 5
      vertex 18.917286225773257 20.25296765503133 5
    endloop
  endfacet
  facet normal 0 0 1
    outer loop
      vertex 12.682583690919133 17.632331159224965 5
      vertex 18.974839982317068 20.038174111443375 5
      vertex 18.942547297767334 20.144628825784462 5
    endloop
  endfacet
  facet normal 0 0 1
    outer loop
      vertex 12.682583690919133 17.632331159224965 5
      vertex 18.917286225773257 20.25296765503133 5
      vertex 18.89916493812327 20.362726675684662 5
    endloop
  endfacet
  facet normal 0 0 1
    outer loop
      vertex 12.682583690919133 17.632331159224965 5
      vertex 18.89916493812327 20.362726675684662 5
      vertex 18.888261032953125 20.473435882767504 5
    endloop
  endfacet
  facet normal 0 0 1
    outer loop
      vertex 12.627600596885697 17.32500052533695 5
      vertex 19.549726773143924 19.23592052396365 5
      vertex 19.46373331678863 19.306493529744486 5
    endloop
  endfacet
  facet normal 0 0 1
    outer loop
      vertex 12.682583690919133 17.632331159224965 5
      vertex 19.382539674441617 19.382539674441617 5
      vertex 19.306493529744486 19.46373331678863 5
    endloop
  endfacet
  facet normal 0 0 1
    outer loop
      vertex 12.682583690919133 17.632331159224965 5
      vertex 19.46373331678863 19.306493529744486 5
      vertex 19.382539674441617 19.382539674441617 5
    endloop
  endfacet
  facet normal 0 0 1
    outer loop
      vertex 17.195927336897096 12.30605317844237 5
      vertex 19.734621202458747 19.112378016025204 5
      vertex 19.640151806325424 19.171122861544422 5
    endloop
  endfacet
  facet normal 0 0 1
    outer loop
      vertex 17.195927336897096 12.30605317844237 5
      vertex 19.832730429086446 19.059937541853177 5
      vertex 19.734621202458747 19.112378016025204 5
    endloop
  endfacet
  facet normal 0 0 1
    outer loop
      vertex 17.195927336897096 12.30605317844237 5
      vertex 19.640151806325424 19.171122861544422 5
      vertex 19.549726773143924 19.23592052396365 5
    endloop
  endfacet
  facet normal 0 0 1
    outer loop
      vertex 17.195927336897096 12.30605317844237 5
      vertex 19.934059367438095 19.014025997189563 5
      vertex 19.832730429086446 19.059937541853177 5
    endloop
  endfacet
  facet normal 0 0 1
    outer loop
      vertex 17.195927336897096 12.30605317844237 5
      vertex 20.038174111443375 18.974839982317068 5
      vertex 19.934059367438095 19.014025997189563 5
    endloop
  endfacet
  facet normal 0 0 1
    outer loop
      vertex 17.195927336897096 12.30605317844237 5
      vertex 20.144628825784462 18.942547297767334 5
      vertex 20.038174111443375 18.974839982317068 5
    endloop
  endfacet
  facet normal 0 0 1
    outer loop
      vertex 17.195927336897096 12.30605317844237 5
      vertex 20.58462120245875 18.88462120245875 5
      vertex 20.473435882767504 18.888261032953125 5
    endloop
  endfacet
  facet normal 0 0 1
    outer loop
      vertex 17.195927336897096 12.30605317844237 5
      vertex 20.695806522149994 18.888261032953125 5
      vertex 20.58462120245875 18.88462120245875 5
    endloop
  endfacet
  facet normal 0 0 1
    outer loop
      vertex 17.195927336897096 12.30605317844237 5
      vertex 20.25296765503133 18.917286225773257 5
      vertex 20.144628825784462 18.942547297767334 5
    endloop
  endfacet
  facet normal 0 0 1
    outer loop
      vertex 17.195927336897096 12.30605317844237 5
      vertex 20.362726675684662 18.89916493812327 5
      vertex 20.25296765503133 18.917286225773257 5
    endloop
  endfacet
  facet normal 0 0 1
    outer loop
      vertex 17.195927336897096 12.30605317844237 5
      vertex 20.473435882767504 18.888261032953125 5
      vertex 20.362726675684662 18.89916493812327 5
    endloop
  endfacet
  facet normal 0 0 1
    outer loop
      vertex 12.682583690919133 17.632331159224965 5
      vertex 18.888261032953125 20.473435882767504 5
      vertex 18.88462120245875 20.58462120245875 5
    endloop
  endfacet
  facet normal 0 0 1
    outer loop
      vertex 12.682583690919133 17.632331159224965 5
      vertex 18.88462120245875 20.58462120245875 5
      vertex 18.888261032953125 20.695806522149994 5
    endloop
  endfacet
  facet normal 0 0 1
    outer loop
      vertex 12.682583690919133 17.632331159224965 5
      vertex 18.888261032953125 20.695806522149994 5
      vertex 18.89916493812327 20.806515729232835 5
    endloop
  endfacet
  facet normal 0 0 1
    outer loop
      vertex 12.682583690919133 17.632331159224965 5
      vertex 18.89916493812327 20.806515729232835 5
      vertex 18.917286225773257 20.916274749886167 5
    endloop
  endfacet
  facet normal 0 0 1
    outer loop
      vertex 12.682583690919133 17.632331159224965 5
      vertex 18.917286225773257 20.916274749886167 5
      vertex 18.942547297767334 21.024613579133035 5
    endloop
  endfacet
  facet normal 0 0 1
    outer loop
      vertex 12.682583690919133 17.632331159224965 5
      vertex 18.942547297767334 21.024613579133035 5
      vertex 18.974839982317068 21.131068293474122 5
    endloop
  endfacet
  facet normal 0 0 1
    outer loop
      vertex 12.682583690919133 17.632331159224965 5
      vertex 18.974839982317068 21.131068293474122 5
      vertex 19.014025997189563 21.235183037479402 5
    endloop
  endfacet
  facet normal 0 0 1
    outer loop
      vertex 12.682583690919133 17.632331159224965 5
      vertex 19.014025997189563 21.235183037479402 5
      vertex 21.114951288348664 26.064698756654494 5
    endloop
  endfacet
  facet normal 0 0 1
    outer loop
      vertex 17.195927336897096 12.30605317844237 5
      vertex 17.632331159224965 12.682583690919133 5
      vertex 26.064698756654494 21.114951288348664 5
    endloop
  endfacet
  facet normal 0 0 1
    outer loop
      vertex 17.195927336897096 12.30605317844237 5
      vertex 20.806515729232835 18.89916493812327 5
      vertex 20.695806522149994 18.888261032953125 5
    endloop
  endfacet
  facet normal 0 0 1
    outer loop
      vertex 17.195927336897096 12.30605317844237 5
      vertex 20.916274749886167 18.917286225773257 5
      vertex 20.806515729232835 18.89916493812327 5
    endloop
  endfacet
  facet normal 0 0 1
    outer loop
      vertex 17.195927336897096 12.30605317844237 5
      vertex 21.024613579133035 18.942547297767334 5
      vertex 20.916274749886167 18.917286225773257 5
    endloop
  endfacet
  facet normal 0 0 1
    outer loop
      vertex 17.195927336897096 12.30605317844237 5
      vertex 21.131068293474122 18.974839982317068 5
      vertex 21.024613579133035 18.942547297767334 5
    endloop
  endfacet
  facet normal 0 0 1
    outer loop
      vertex 17.195927336897096 12.30605317844237 5
      vertex 21.235183037479402 19.014025997189563 5
      vertex 21.131068293474122 18.974839982317068 5
    endloop
  endfacet
  facet normal 0 0 1
    outer loop
      vertex 17.195927336897096 12.30605317844237 5
      vertex 26.064698756654494 21.114951288348664 5
      vertex 21.235183037479402 19.014025997189563 5
    endloop
  endfacet
  facet normal 0 0 1
    outer loop
      vertex 21.114951288348664 26.064698756654494 5
      vertex 19.014025997189563 21.235183037479402 5
      vertex 19.059937541853177 21.33651197583105 5
    endloop
  endfacet
  facet normal 0 0 1
    outer loop
      vertex 21.114951288348664 26.064698756654494 5
      vertex 19.059937541853177 21.33651197583105 5
      vertex 19.112378016025204 21.43462120245875 5
    endloop
  endfacet
  facet normal 0 0 1
    outer loop
      vertex 21.114951288348664 26.064698756654494 5
      vertex 19.112378016025204 21.43462120245875 5
      vertex 19.171122861544422 21.529090598592074 5
    endloop
  endfacet
  facet normal 0 0 1
    outer loop
      vertex 21.114951288348664 26.064698756654494 5
      vertex 19.171122861544422 21.529090598592074 5
      vertex 19.23592052396365 21.619515631773574 5
    endloop
  endfacet
  facet normal 0 0 1
    outer loop
      vertex 21.114951288348664 26.064698756654494 5
      vertex 19.23592052396365 21.619515631773574 5
      vertex 19.306493529744486 21.705509088128867 5
    endloop
  endfacet
  facet normal 0 0 1
    outer loop
      vertex 21.114951288348664 26.064698756654494 5
      vertex 19.306493529744486 21.705509088128867 5
      vertex 19.382539674441617 21.78670273047588 5
    endloop
  endfacet
  facet normal 0 0 1
    outer loop
      vertex 21.114951288348664 26.064698756654494 5
      vertex 19.382539674441617 21.78670273047588 5
      vertex 19.46373331678863 21.86274887517301 5
    endloop
  endfacet
  facet normal 0 0 1
    outer loop
      vertex 21.114951288348664 26.064698756654494 5
      vertex 19.46373331678863 21.86274887517301 5
      vertex 19.549726773143924 21.933321880953848 5
    endloop
  endfacet
  facet normal 0 0 1
    outer loop
      vertex 21.114951288348664 26.064698756654494 5
      vertex 19.549726773143924 21.933321880953848 5
      vertex 19.640151806325424 21.998119543373075 5
    endloop
  endfacet
  facet normal 0 0 1
    outer loop
      vertex 21.114951288348664 26.064698756654494 5
      vertex 19.640151806325424 21.998119543373075 5
      vertex 19.734621202458747 22.056864388892294 5
    endloop
  endfacet
  facet normal 0 0 1
    outer loop
      vertex 21.114951288348664 26.064698756654494 5
      vertex 19.734621202458747 22.056864388892294 5
      vertex 19.832730429086446 22.10930486306432 5
    endloop
  endfacet
  facet normal 0 0 1
    outer loop
      vertex 21.114951288348664 26.064698756654494 5
      vertex 19.832730429086446 22.10930486306432 5
      vertex 19.934059367438095 22.155216407727934 5
    endloop
  endfacet
  facet normal 0 0 1
    outer loop
      vertex 21.114951288348664 26.064698756654494 5
      vertex 19.934059367438095 22.155216407727934 5
      vertex 20.038174111443375 22.19440242260043 5
    endloop
  endfacet
  facet normal 0 0 1
    outer loop
      vertex 21.114951288348664 26.064698756654494 5
      vertex 20.038174111443375 22.19440242260043 5
      vertex 20.144628825784462 22.226695107150164 5
    endloop
  endfacet
  facet normal 0 0 1
    outer loop
      vertex 21.114951288348664 26.064698756654494 5
      vertex 20.144628825784462 22.226695107150164 5
      vertex 20.25296765503133 22.25195617914424 5
    endloop
  endfacet
  facet normal 0 0 1
    outer loop
      vertex 21.114951288348664 26.064698756654494 5
      vertex 20.25296765503133 22.25195617914424 5
      vertex 20.362726675684662 22.270077466794227 5
    endloop
  endfacet
  facet normal 0 0 1
    outer loop
      vertex 21.114951288348664 26.064698756654494 5
      vertex 20.362726675684662 22.270077466794227 5
      vertex 20.473435882767504 22.280981371964373 5
    endloop
  endfacet
  facet normal 0 0 1
    outer loop
      vertex 21.114951288348664 26.064698756654494 5
      vertex 20.473435882767504 22.280981371964373 5
      vertex 20.58462120245875 22.284621202458748 5
    endloop
  endfacet
  facet normal 0 0 1
    outer loop
      vertex 21.114951288348664 26.064698756654494 5
      vertex 20.58462120245875 22.284621202458748 5
      vertex 20.695806522149994 22.280981371964373 5
    endloop
  endfacet
  facet normal 0 0 1
    outer loop
      vertex 21.114951288348664 26.064698756654494 5
      vertex 20.695806522149994 22.280981371964373 5
      vertex 20.806515729232835 22.270077466794227 5
    endloop
  endfacet
  facet normal 0 0 1
    outer loop
      vertex 21.114951288348664 26.064698756654494 5
      vertex 20.806515729232835 22.270077466794227 5
      vertex 20.916274749886167 22.25195617914424 5
    endloop
  endfacet
  facet normal 0 0 1
    outer loop
      vertex 21.114951288348664 26.064698756654494 5
      vertex 20.916274749886167 22.25195617914424 5
      vertex 21.024613579133035 22.226695107150164 5
    endloop
  endfacet
  facet normal 0 0 1
    outer loop
      vertex 21.114951288348664 26.064698756654494 5
      vertex 21.024613579133035 22.226695107150164 5
      vertex 21.131068293474122 22.19440242260043 5
    endloop
  endfacet
  facet normal 0 0 1
    outer loop
      vertex 21.114951288348664 26.064698756654494 5
      vertex 21.131068293474122 22.19440242260043 5
      vertex 21.235183037479402 22.155216407727934 5
    endloop
  endfacet
  facet normal 0 0 1
    outer loop
      vertex 21.114951288348664 26.064698756654494 5
      vertex 21.33651197583105 22.10930486306432 5
      vertex 21.43462120245875 22.056864388892294 5
    endloop
  endfacet
  facet normal 0 0 1
    outer loop
      vertex 21.114951288348664 26.064698756654494 5
      vertex 21.43462120245875 22.056864388892294 5
      vertex 21.529090598592074 21.998119543373075 5
    endloop
  endfacet
  facet normal 0 0 1
    outer loop
      vertex 21.114951288348664 26.064698756654494 5
      vertex 21.235183037479402 22.155216407727934 5
      vertex 21.33651197583105 22.10930486306432 5
    endloop
  endfacet
  facet normal 0 0 1
    outer loop
      vertex 21.114951288348664 26.064698756654494 5
      vertex 21.619515631773574 21.933321880953848 5
      vertex 21.705509088128867 21.86274887517301 5
    endloop
  endfacet
  facet normal 0 0 1
    outer loop
      vertex 21.114951288348664 26.064698756654494 5
      vertex 21.529090598592074 21.998119543373075 5
      vertex 21.619515631773574 21.933321880953848 5
    endloop
  endfacet
  facet normal 0 0 1
    outer loop
      vertex 21.114951288348664 26.064698756654494 5
      vertex 21.705509088128867 21.86274887517301 5
      vertex 21.78670273047588 21.78670273047588 5
    endloop
  endfacet
  facet normal 0 0 1
    outer loop
      vertex 21.114951288348664 26.064698756654494 5
      vertex 21.998119543373075 21.529090598592074 5
      vertex 22.056864388892294 21.43462120245875 5
    endloop
  endfacet
  facet normal 0 0 1
    outer loop
      vertex 21.114951288348664 26.064698756654494 5
      vertex 21.933321880953848 21.619515631773574 5
      vertex 21.998119543373075 21.529090598592074 5
    endloop
  endfacet
  facet normal 0 0 1
    outer loop
      vertex 21.114951288348664 26.064698756654494 5
      vertex 21.78670273047588 21.78670273047588 5
      vertex 21.86274887517301 21.705509088128867 5
    endloop
  endfacet
  facet normal 0 0 1
    outer loop
      vertex 21.114951288348664 26.064698756654494 5
      vertex 21.86274887517301 21.705509088128867 5
      vertex 21.933321880953848 21.619515631773574 5
    endloop
  endfacet
  facet normal 0 0 1
    outer loop
      vertex 26.064698756654494 21.114951288348664 5
      vertex 21.33651197583105 19.059937541853177 5
      vertex 21.235183037479402 19.014025997189563 5
    endloop
  endfacet
  facet normal 0 0 1
    outer loop
      vertex 26.064698756654494 21.114951288348664 5
      vertex 21.43462120245875 19.112378016025204 5
      vertex 21.33651197583105 19.059937541853177 5
    endloop
  endfacet
  facet normal 0 0 1
    outer loop
      vertex 26.064698756654494 21.114951288348664 5
      vertex 21.529090598592074 19.171122861544422 5
      vertex 21.43462120245875 19.112378016025204 5
    endloop
  endfacet
  facet normal 0 0 1
    outer loop
      vertex 26.064698756654494 21.114951288348664 5
      vertex 21.619515631773574 19.23592052396365 5
      vertex 21.529090598592074 19.171122861544422 5
    endloop
  endfacet
  facet normal 0 0 1
    outer loop
      vertex 26.064698756654494 21.114951288348664 5
      vertex 21.705509088128867 19.306493529744486 5
      vertex 21.619515631773574 19.23592052396365 5
    endloop
  endfacet
  facet normal 0 0 1
    outer loop
      vertex 26.064698756654494 21.114951288348664 5
      vertex 21.78670273047588 19.382539674441617 5
      vertex 21.705509088128867 19.306493529744486 5
    endloop
  endfacet
  facet normal 0 0 1
    outer loop
      vertex 26.064698756654494 21.114951288348664 5
      vertex 21.86274887517301 19.46373331678863 5
      vertex 21.78670273047588 19.382539674441617 5
    endloop
  endfacet
  facet normal 0 0 1
    outer loop
      vertex 26.064698756654494 21.114951288348664 5
      vertex 21.933321880953848 19.549726773143924 5
      vertex 21.86274887517301 19.46373331678863 5
    endloop
  endfacet
  facet normal 0 0 1
    outer loop
      vertex 26.064698756654494 21.114951288348664 5
      vertex 21.998119543373075 19.640151806325424 5
      vertex 21.933321880953848 19.549726773143924 5
    endloop
  endfacet
  facet normal 0 0 1
    outer loop
      vertex 26.064698756654494 21.114951288348664 5
      vertex 22.056864388892294 19.734621202458747 5
      vertex 21.998119543373075 19.640151806325424 5
    endloop
  endfacet
  facet normal 0 0 1
    outer loop
      vertex 26.064698756654494 21.114951288348664 5
      vertex 22.10930486306432 19.832730429086446 5
      vertex 22.056864388892294 19.734621202458747 5
    endloop
  endfacet
  facet normal 0 0 1
    outer loop
      vertex 26.064698756654494 21.114951288348664 5
      vertex 22.155216407727934 19.934059367438095 5
      vertex 22.10930486306432 19.832730429086446 5
    endloop
  endfacet
  facet normal 0 0 1
    outer loop
      vertex 26.064698756654494 21.114951288348664 5
      vertex 22.19440242260043 20.038174111443375 5
      vertex 22.155216407727934 19.934059367438095 5
    endloop
  endfacet
  facet normal 0 0 1
    outer loop
      vertex 26.064698756654494 21.114951288348664 5
      vertex 22.226695107150164 20.144628825784462 5
      vertex 22.19440242260043 20.038174111443375 5
    endloop
  endfacet
  facet normal 0 0 1
    outer loop
      vertex 26.064698756654494 21.114951288348664 5
      vertex 22.25195617914424 20.25296765503133 5
      vertex 22.226695107150164 20.144628825784462 5
    endloop
  endfacet
  facet normal 0 0 1
    outer loop
      vertex 26.064698756654494 21.114951288348664 5
      vertex 22.270077466794227 20.362726675684662 5
      vertex 22.25195617914424 20.25296765503133 5
    endloop
  endfacet
  facet normal 0 0 1
    outer loop
      vertex 26.064698756654494 21.114951288348664 5
      vertex 22.280981371964373 20.473435882767504 5
      vertex 22.270077466794227 20.362726675684662 5
    endloop
  endfacet
  facet normal 0 0 1
    outer loop
      vertex 26.064698756654494 21.114951288348664 5
      vertex 22.284621202458748 20.58462120245875 5
      vertex 22.280981371964373 20.473435882767504 5
    endloop
  endfacet
  facet normal 0 0 1
    outer loop
      vertex 26.064698756654494 21.114951288348664 5
      vertex 22.280981371964373 20.695806522149994 5
      vertex 22.284621202458748 20.58462120245875 5
    endloop
  endfacet
  facet normal 0 0 1
    outer loop
      vertex 26.064698756654494 21.114951288348664 5
      vertex 22.270077466794227 20.806515729232835 5
      vertex 22.280981371964373 20.695806522149994 5
    endloop
  endfacet
  facet normal 0 0 1
    outer loop
      vertex 26.064698756654494 21.114951288348664 5
      vertex 22.25195617914424 20.916274749886167 5
      vertex 22.270077466794227 20.806515729232835 5
    endloop
  endfacet
  facet normal 0 0 1
    outer loop
      vertex 26.064698756654494 21.114951288348664 5
      vertex 22.226695107150164 21.024613579133035 5
      vertex 22.25195617914424 20.916274749886167 5
    endloop
  endfacet
  facet normal 0 0 1
    outer loop
      vertex 26.064698756654494 21.114951288348664 5
      vertex 22.19440242260043 21.131068293474122 5
      vertex 22.226695107150164 21.024613579133035 5
    endloop
  endfacet
  facet normal 0 0 1
    outer loop
      vertex 26.064698756654494 21.114951288348664 5
      vertex 22.155216407727934 21.235183037479402 5
      vertex 22.19440242260043 21.131068293474122 5
    endloop
  endfacet
  facet normal 0 0 1
    outer loop
      vertex 26.064698756654494 21.114951288348664 5
      vertex 22.056864388892294 21.43462120245875 5
      vertex 22.10930486306432 21.33651197583105 5
    endloop
  endfacet
  facet normal 0 0 1
    outer loop
      vertex 26.064698756654494 21.114951288348664 5
      vertex 22.10930486306432 21.33651197583105 5
      vertex 22.155216407727934 21.235183037479402 5
    endloop
  endfacet
  facet normal 0 0 1
    outer loop
      vertex 21.114951288348664 26.064698756654494 5
      vertex 22.056864388892294 21.43462120245875 5
      vertex 26.064698756654494 21.114951288348664 5
    endloop
  endfacet
  facet normal 0 0 -1
    outer loop
      vertex -26.064698756654494 -21.114951288348664 0
      vertex -22.056864388892294 -21.43462120245875 0
      vertex -21.114951288348664 -26.064698756654494 0
    endloop
  endfacet
  facet normal 0 0 -1
    outer loop
      vertex -26.064698756654494 -21.114951288348664 0
      vertex -22.155216407727934 -21.235183037479402 0
      vertex -22.10930486306432 -21.33651197583105 0
    endloop
  endfacet
  facet normal 0 0 -1
    outer loop
      vertex -26.064698756654494 -21.114951288348664 0
      vertex -22.10930486306432 -21.33651197583105 0
      vertex -22.056864388892294 -21.43462120245875 0
    endloop
  endfacet
  facet normal 0 0 -1
    outer loop
      vertex -26.064698756654494 -21.114951288348664 0
      vertex -22.19440242260043 -21.131068293474122 0
      vertex -22.155216407727934 -21.235183037479402 0
    endloop
  endfacet
  facet normal 0 0 -1
    outer loop
      vertex -26.064698756654494 -21.114951288348664 0
      vertex -22.226695107150164 -21.024613579133035 0
      vertex -22.19440242260043 -21.131068293474122 0
    endloop
  endfacet
  facet normal 0 0 -1
    outer loop
      vertex -26.064698756654494 -21.114951288348664 0
      vertex -22.25195617914424 -20.916274749886167 0
      vertex -22.226695107150164 -21.024613579133035 0
    endloop
  endfacet
  facet normal 0 0 -1
    outer loop
      vertex -26.064698756654494 -21.114951288348664 0
      vertex -22.270077466794227 -20.806515729232835 0
      vertex -22.25195617914424 -20.916274749886167 0
    endloop
  endfacet
  facet normal 0 0 -1
    outer loop
      vertex -26.064698756654494 -21.114951288348664 0
      vertex -22.280981371964373 -20.695806522149994 0
      vertex -22.270077466794227 -20.806515729232835 0
    endloop
  endfacet
  facet normal 0 0 -1
    outer loop
      vertex -26.064698756654494 -21.114951288348664 0
      vertex -22.284621202458748 -20.58462120245875 0
      vertex -22.280981371964373 -20.695806522149994 0
    endloop
  endfacet
  facet normal 0 0 -1
    outer loop
      vertex -26.064698756654494 -21.114951288348664 0
      vertex -22.280981371964373 -20.473435882767504 0
      vertex -22.284621202458748 -20.58462120245875 0
    endloop
  endfacet
  facet normal 0 0 -1
    outer loop
      vertex -26.064698756654494 -21.114951288348664 0
      vertex -22.270077466794227 -20.362726675684662 0
      vertex -22.280981371964373 -20.473435882767504 0
    endloop
  endfacet
  facet normal 0 0 -1
    outer loop
      vertex -26.064698756654494 -21.114951288348664 0
      vertex -22.25195617914424 -20.25296765503133 0
      vertex -22.270077466794227 -20.362726675684662 0
    endloop
  endfacet
  facet normal 0 0 -1
    outer loop
      vertex -26.064698756654494 -21.114951288348664 0
      vertex -22.226695107150164 -20.144628825784462 0
      vertex -22.25195617914424 -20.25296765503133 0
    endloop
  endfacet
  facet normal 0 0 -1
    outer loop
      vertex -26.064698756654494 -21.114951288348664 0
      vertex -22.19440242260043 -20.038174111443375 0
      vertex -22.226695107150164 -20.144628825784462 0
    endloop
  endfacet
  facet normal 0 0 -1
    outer loop
      vertex -26.064698756654494 -21.114951288348664 0
      vertex -22.155216407727934 -19.934059367438095 0
      vertex -22.19440242260043 -20.038174111443375 0
    endloop
  endfacet
  facet normal 0 0 -1
    outer loop
      vertex -26.064698756654494 -21.114951288348664 0
      vertex -22.10930486306432 -19.832730429086446 0
      vertex -22.155216407727934 -19.934059367438095 0
    endloop
  endfacet
  facet normal 0 0 -1
    outer loop
      vertex -26.064698756654494 -21.114951288348664 0
      vertex -22.056864388892294 -19.734621202458747 0
      vertex -22.10930486306432 -19.832730429086446 0
    endloop
  endfacet
  facet normal 0 0 -1
    outer loop
      vertex -26.064698756654494 -21.114951288348664 0
      vertex -21.998119543373075 -19.640151806325424 0
      vertex -22.056864388892294 -19.734621202458747 0
    endloop
  endfacet
  facet normal 0 0 -1
    outer loop
      vertex -21.114951288348664 -26.064698756654494 0
      vertex -21.933321880953848 -21.619515631773574 0
      vertex -21.86274887517301 -21.705509088128867 0
    endloop
  endfacet
  facet normal 0 0 -1
    outer loop
      vertex -21.114951288348664 -26.064698756654494 0
      vertex -21.86274887517301 -21.705509088128867 0
      vertex -21.78670273047588 -21.78670273047588 0
    endloop
  endfacet
  facet normal 0 0 -1
    outer loop
      vertex -21.114951288348664 -26.064698756654494 0
      vertex -21.998119543373075 -21.529090598592074 0
      vertex -21.933321880953848 -21.619515631773574 0
    endloop
  endfacet
  facet normal 0 0 -1
    outer loop
      vertex -21.114951288348664 -26.064698756654494 0
      vertex -22.056864388892294 -21.43462120245875 0
      vertex -21.998119543373075 -21.529090598592074 0
    endloop
  endfacet
  facet normal 0 0 -1
    outer loop
      vertex -21.114951288348664 -26.064698756654494 0
      vertex -21.78670273047588 -21.78670273047588 0
      vertex -21.705509088128867 -21.86274887517301 0
    endloop
  endfacet
  facet normal 0 0 -1
    outer loop
      vertex -21.114951288348664 -26.064698756654494 0
      vertex -21.619515631773574 -21.933321880953848 0
      vertex -21.529090598592074 -21.998119543373075 0
    endloop
  endfacet
  facet normal 0 0 -1
    outer loop
      vertex -21.114951288348664 -26.064698756654494 0
      vertex -21.705509088128867 -21.86274887517301 0
      vertex -21.619515631773574 -21.933321880953848 0
    endloop
  endfacet
  facet normal 0 0 -1
    outer loop
      vertex -21.114951288348664 -26.064698756654494 0
      vertex -21.33651197583105 -22.10930486306432 0
      vertex -21.235183037479402 -22.155216407727934 0
    endloop
  endfacet
  facet normal 0 0 -1
    outer loop
      vertex -21.114951288348664 -26.064698756654494 0
      vertex -21.529090598592074 -21.998119543373075 0
      vertex -21.43462120245875 -22.056864388892294 0
    endloop
  endfacet
  facet normal 0 0 -1
    outer loop
      vertex -21.114951288348664 -26.064698756654494 0
      vertex -21.43462120245875 -22.056864388892294 0
      vertex -21.33651197583105 -22.10930486306432 0
    endloop
  endfacet
  facet normal 0 0 -1
    outer loop
      vertex -21.114951288348664 -26.064698756654494 0
      vertex -21.235183037479402 -22.155216407727934 0
      vertex -21.131068293474122 -22.19440242260043 0
    endloop
  endfacet
  facet normal 0 0 -1
    outer loop
      vertex -21.114951288348664 -26.064698756654494 0
      vertex -21.131068293474122 -22.19440242260043 0
      vertex -21.024613579133035 -22.226695107150164 0
    endloop
  endfacet
  facet normal 0 0 -1
    outer loop
      vertex -21.114951288348664 -26.064698756654494 0
      vertex -21.024613579133035 -22.226695107150164 0
      vertex -20.916274749886167 -22.25195617914424 0
    endloop
  endfacet
  facet normal 0 0 -1
    outer loop
      vertex -21.114951288348664 -26.064698756654494 0
      vertex -20.916274749886167 -22.25195617914424 0
      vertex -20.806515729232835 -22.270077466794227 0
    endloop
  endfacet
  facet normal 0 0 -1
    outer loop
      vertex -21.114951288348664 -26.064698756654494 0
      vertex -20.806515729232835 -22.270077466794227 0
      vertex -20.695806522149994 -22.280981371964373 0
    endloop
  endfacet
  facet normal 0 0 -1
    outer loop
      vertex -21.114951288348664 -26.064698756654494 0
      vertex -20.695806522149994 -22.280981371964373 0
      vertex -20.58462120245875 -22.284621202458748 0
    endloop
  endfacet
  facet normal 0 0 -1
    outer loop
      vertex -21.114951288348664 -26.064698756654494 0
      vertex -20.58462120245875 -22.284621202458748 0
      vertex -20.473435882767504 -22.280981371964373 0
    endloop
  endfacet
  facet normal 0 0 -1
    outer loop
      vertex -21.114951288348664 -26.064698756654494 0
      vertex -20.473435882767504 -22.280981371964373 0
      vertex -20.362726675684662 -22.270077466794227 0
    endloop
  endfacet
  facet normal 0 0 -1
    outer loop
      vertex -21.114951288348664 -26.064698756654494 0
      vertex -20.362726675684662 -22.270077466794227 0
      vertex -20.25296765503133 -22.25195617914424 0
    endloop
  endfacet
  facet normal 0 0 -1
    outer loop
      vertex -21.114951288348664 -26.064698756654494 0
      vertex -20.25296765503133 -22.25195617914424 0
      vertex -20.144628825784462 -22.226695107150164 0
    endloop
  endfacet
  facet normal 0 0 -1
    outer loop
      vertex -21.114951288348664 -26.064698756654494 0
      vertex -20.144628825784462 -22.226695107150164 0
      vertex -20.038174111443375 -22.19440242260043 0
    endloop
  endfacet
  facet normal 0 0 -1
    outer loop
      vertex -21.114951288348664 -26.064698756654494 0
      vertex -20.038174111443375 -22.19440242260043 0
      vertex -19.934059367438095 -22.155216407727934 0
    endloop
  endfacet
  facet normal 0 0 -1
    outer loop
      vertex -21.114951288348664 -26.064698756654494 0
      vertex -19.934059367438095 -22.155216407727934 0
      vertex -19.832730429086446 -22.10930486306432 0
    endloop
  endfacet
  facet normal 0 0 -1
    outer loop
      vertex -21.114951288348664 -26.064698756654494 0
      vertex -19.832730429086446 -22.10930486306432 0
      vertex -19.734621202458747 -22.056864388892294 0
    endloop
  endfacet
  facet normal 0 0 -1
    outer loop
      vertex -21.114951288348664 -26.064698756654494 0
      vertex -19.734621202458747 -22.056864388892294 0
      vertex -19.640151806325424 -21.998119543373075 0
    endloop
  endfacet
  facet normal 0 0 -1
    outer loop
      vertex -21.114951288348664 -26.064698756654494 0
      vertex -19.640151806325424 -21.998119543373075 0
      vertex -19.549726773143924 -21.933321880953848 0
    endloop
  endfacet
  facet normal 0 0 -1
    outer loop
      vertex -21.114951288348664 -26.064698756654494 0
      vertex -19.549726773143924 -21.933321880953848 0
      vertex -19.46373331678863 -21.86274887517301 0
    endloop
  endfacet
  facet normal 0 0 -1
    outer loop
      vertex -21.114951288348664 -26.064698756654494 0
      vertex -19.46373331678863 -21.86274887517301 0
      vertex -19.382539674441617 -21.78670273047588 0
    endloop
  endfacet
  facet normal 0 0 -1
    outer loop
      vertex -21.114951288348664 -26.064698756654494 0
      vertex -19.382539674441617 -21.78670273047588 0
      vertex -19.306493529744486 -21.705509088128867 0
    endloop
  endfacet
  facet normal 0 0 -1
    outer loop
      vertex -21.114951288348664 -26.064698756654494 0
      vertex -19.306493529744486 -21.705509088128867 0
      vertex -19.23592052396365 -21.619515631773574 0
    endloop
  endfacet
  facet normal 0 0 -1
    outer loop
      vertex -21.114951288348664 -26.064698756654494 0
      vertex -19.23592052396365 -21.619515631773574 0
      vertex -19.171122861544422 -21.529090598592074 0
    endloop
  endfacet
  facet normal 0 0 -1
    outer loop
      vertex -21.114951288348664 -26.064698756654494 0
      vertex -19.171122861544422 -21.529090598592074 0
      vertex -19.112378016025204 -21.43462120245875 0
    endloop
  endfacet
  facet normal 0 0 -1
    outer loop
      vertex -21.114951288348664 -26.064698756654494 0
      vertex -19.112378016025204 -21.43462120245875 0
      vertex -19.059937541853177 -21.33651197583105 0
    endloop
  endfacet
  facet normal 0 0 -1
    outer loop
      vertex -21.114951288348664 -26.064698756654494 0
      vertex -19.059937541853177 -21.33651197583105 0
      vertex -19.014025997189563 -21.235183037479402 0
    endloop
  endfacet
  facet normal 0 0 -1
    outer loop
      vertex -26.064698756654494 -21.114951288348664 0
      vertex -17.195927336897096 -12.30605317844237 0
      vertex -21.998119543373075 -19.640151806325424 0
    endloop
  endfacet
  facet normal 0 0 -1
    outer loop
      vertex -17.195927336897096 -12.30605317844237 0
      vertex -21.933321880953848 -19.549726773143924 0
      vertex -21.998119543373075 -19.640151806325424 0
    endloop
  endfacet
  facet normal 0 0 -1
    outer loop
      vertex -17.195927336897096 -12.30605317844237 0
      vertex -21.86274887517301 -19.46373331678863 0
      vertex -21.933321880953848 -19.549726773143924 0
    endloop
  endfacet
  facet normal 0 0 -1
    outer loop
      vertex -17.195927336897096 -12.30605317844237 0
      vertex -21.78670273047588 -19.382539674441617 0
      vertex -21.86274887517301 -19.46373331678863 0
    endloop
  endfacet
  facet normal 0 0 -1
    outer loop
      vertex -17.195927336897096 -12.30605317844237 0
      vertex -21.705509088128867 -19.306493529744486 0
      vertex -21.78670273047588 -19.382539674441617 0
    endloop
  endfacet
  facet normal 0 0 -1
    outer loop
      vertex -17.195927336897096 -12.30605317844237 0
      vertex -21.619515631773574 -19.23592052396365 0
      vertex -21.705509088128867 -19.306493529744486 0
    endloop
  endfacet
  facet normal 0 0 -1
    outer loop
      vertex -17.195927336897096 -12.30605317844237 0
      vertex -21.529090598592074 -19.171122861544422 0
      vertex -21.619515631773574 -19.23592052396365 0
    endloop
  endfacet
  facet normal 0 0 -1
    outer loop
      vertex -17.195927336897096 -12.30605317844237 0
      vertex -21.43462120245875 -19.112378016025204 0
      vertex -21.529090598592074 -19.171122861544422 0
    endloop
  endfacet
  facet normal 0 0 -1
    outer loop
      vertex -17.195927336897096 -12.30605317844237 0
      vertex -21.33651197583105 -19.059937541853177 0
      vertex -21.43462120245875 -19.112378016025204 0
    endloop
  endfacet
  facet normal 0 0 -1
    outer loop
      vertex -17.195927336897096 -12.30605317844237 0
      vertex -21.235183037479402 -19.014025997189563 0
      vertex -21.33651197583105 -19.059937541853177 0
    endloop
  endfacet
  facet normal 0 0 -1
    outer loop
      vertex -17.195927336897096 -12.30605317844237 0
      vertex -21.131068293474122 -18.974839982317068 0
      vertex -21.235183037479402 -19.014025997189563 0
    endloop
  endfacet
  facet normal 0 0 -1
    outer loop
      vertex -17.195927336897096 -12.30605317844237 0
      vertex -21.024613579133035 -18.942547297767334 0
      vertex -21.131068293474122 -18.974839982317068 0
    endloop
  endfacet
  facet normal 0 0 -1
    outer loop
      vertex -17.195927336897096 -12.30605317844237 0
      vertex -20.916274749886167 -18.917286225773257 0
      vertex -21.024613579133035 -18.942547297767334 0
    endloop
  endfacet
  facet normal 0 0 -1
    outer loop
      vertex -17.195927336897096 -12.30605317844237 0
      vertex -20.806515729232835 -18.89916493812327 0
      vertex -20.916274749886167 -18.917286225773257 0
    endloop
  endfacet
  facet normal 0 0 -1
    outer loop
      vertex -17.195927336897096 -12.30605317844237 0
      vertex -20.695806522149994 -18.888261032953125 0
      vertex -20.806515729232835 -18.89916493812327 0
    endloop
  endfacet
  facet normal 0 0 -1
    outer loop
      vertex -26.064698756654494 -21.114951288348664 0
      vertex -17.632331159224965 -12.682583690919133 0
      vertex -17.195927336897096 -12.30605317844237 0
    endloop
  endfacet
  facet normal 0 0 -1
    outer loop
      vertex -21.114951288348664 -26.064698756654494 0
      vertex -19.014025997189563 -21.235183037479402 0
      vertex -13.696570823123563 -17.626504948121987 0
    endloop
  endfacet
  facet normal 0 0 -1
    outer loop
      vertex -13.696570823123563 -17.626504948121987 0
      vertex -19.014025997189563 -21.235183037479402 0
      vertex -18.974839982317068 -21.131068293474122 0
    endloop
  endfacet
  facet normal 0 0 -1
    outer loop
      vertex -13.696570823123563 -17.626504948121987 0
      vertex -18.974839982317068 -21.131068293474122 0
      vertex -18.942547297767334 -21.024613579133035 0
    endloop
  endfacet
  facet normal 0 0 -1
    outer loop
      vertex -13.696570823123563 -17.626504948121987 0
      vertex -18.942547297767334 -21.024613579133035 0
      vertex -18.917286225773257 -20.916274749886167 0
    endloop
  endfacet
  facet normal 0 0 -1
    outer loop
      vertex -13.696570823123563 -17.626504948121987 0
      vertex -18.917286225773257 -20.916274749886167 0
      vertex -18.89916493812327 -20.806515729232835 0
    endloop
  endfacet
  facet normal 0 0 -1
    outer loop
      vertex -13.696570823123563 -17.626504948121987 0
      vertex -18.89916493812327 -20.806515729232835 0
      vertex -18.888261032953125 -20.695806522149994 0
    endloop
  endfacet
  facet normal 0 0 -1
    outer loop
      vertex -13.696570823123563 -17.626504948121987 0
      vertex -18.888261032953125 -20.695806522149994 0
      vertex -18.88462120245875 -20.58462120245875 0
    endloop
  endfacet
  facet normal 0 0 -1
    outer loop
      vertex -13.696570823123563 -17.626504948121987 0
      vertex -18.88462120245875 -20.58462120245875 0
      vertex -18.888261032953125 -20.473435882767504 0
    endloop
  endfacet
  facet normal 0 0 -1
    outer loop
      vertex -21.114951288348664 -26.064698756654494 0
      vertex -13.696570823123563 -17.626504948121987 0
      vertex -12.546006230679787 -17.30198672974041 0
    endloop
  endfacet
  facet normal 0 0 -1
    outer loop
      vertex -21.114951288348664 -26.064698756654494 0
      vertex -12.546006230679787 -17.30198672974041 0
      vertex -12.682583690919133 -17.632331159224965 0
    endloop
  endfacet
  facet normal 0 0 -1
    outer loop
      vertex -17.195927336897096 -12.30605317844237 0
      vertex -20.362726675684662 -18.89916493812327 0
      vertex -20.473435882767504 -18.888261032953125 0
    endloop
  endfacet
  facet normal 0 0 -1
    outer loop
      vertex -17.195927336897096 -12.30605317844237 0
      vertex -20.25296765503133 -18.917286225773257 0
      vertex -20.362726675684662 -18.89916493812327 0
    endloop
  endfacet
  facet normal 0 0 -1
    outer loop
      vertex -17.195927336897096 -12.30605317844237 0
      vertex -20.144628825784462 -18.942547297767334 0
      vertex -20.25296765503133 -18.917286225773257 0
    endloop
  endfacet
  facet normal 0 0 -1
    outer loop
      vertex -17.195927336897096 -12.30605317844237 0
      vertex -20.58462120245875 -18.88462120245875 0
      vertex -20.695806522149994 -18.888261032953125 0
    endloop
  endfacet
  facet normal 0 0 -1
    outer loop
      vertex -17.195927336897096 -12.30605317844237 0
      vertex -20.473435882767504 -18.888261032953125 0
      vertex -20.58462120245875 -18.88462120245875 0
    endloop
  endfacet
  facet normal 0 0 -1
    outer loop
      vertex -17.195927336897096 -12.30605317844237 0
      vertex -20.038174111443375 -18.974839982317068 0
      vertex -20.144628825784462 -18.942547297767334 0
    endloop
  endfacet
  facet normal 0 0 -1
    outer loop
      vertex -17.195927336897096 -12.30605317844237 0
      vertex -19.934059367438095 -19.014025997189563 0
      vertex -20.038174111443375 -18.974839982317068 0
    endloop
  endfacet
  facet normal 0 0 -1
    outer loop
      vertex -17.195927336897096 -12.30605317844237 0
      vertex -19.832730429086446 -19.059937541853177 0
      vertex -19.934059367438095 -19.014025997189563 0
    endloop
  endfacet
  facet normal 0 0 -1
    outer loop
      vertex -13.696570823123563 -17.626504948121987 0
      vertex -19.382539674441617 -19.382539674441617 0
      vertex -19.46373331678863 -19.306493529744486 0
    endloop
  endfacet
  facet normal 0 0 -1
    outer loop
      vertex -13.696570823123563 -17.626504948121987 0
      vertex -18.888261032953125 -20.473435882767504 0
      vertex -18.89916493812327 -20.362726675684662 0
    endloop
  endfacet
  facet normal 0 0 -1
    outer loop
      vertex -13.696570823123563 -17.626504948121987 0
      vertex -18.89916493812327 -20.362726675684662 0
      vertex -18.917286225773257 -20.25296765503133 0
    endloop
  endfacet
  facet normal 0 0 -1
    outer loop
      vertex -13.696570823123563 -17.626504948121987 0
      vertex -18.974839982317068 -20.038174111443375 0
      vertex -19.014025997189563 -19.934059367438095 0
    endloop
  endfacet
  facet normal 0 0 -1
    outer loop
      vertex -13.696570823123563 -17.626504948121987 0
      vertex -18.917286225773257 -20.25296765503133 0
      vertex -18.942547297767334 -20.144628825784462 0
    endloop
  endfacet
  facet normal 0 0 -1
    outer loop
      vertex -13.696570823123563 -17.626504948121987 0
      vertex -18.942547297767334 -20.144628825784462 0
      vertex -18.974839982317068 -20.038174111443375 0
    endloop
  endfacet
  facet normal 0 0 -1
    outer loop
      vertex -13.696570823123563 -17.626504948121987 0
      vertex -19.171122861544422 -19.640151806325424 0
      vertex -19.23592052396365 -19.549726773143924 0
    endloop
  endfacet
  facet normal 0 0 -1
    outer loop
      vertex -13.696570823123563 -17.626504948121987 0
      vertex -19.112378016025204 -19.734621202458747 0
      vertex -19.171122861544422 -19.640151806325424 0
    endloop
  endfacet
  facet normal 0 0 -1
    outer loop
      vertex -13.696570823123563 -17.626504948121987 0
      vertex -19.23592052396365 -19.549726773143924 0
      vertex -19.306493529744486 -19.46373331678863 0
    endloop
  endfacet
  facet normal 0 0 -1
    outer loop
      vertex -13.696570823123563 -17.626504948121987 0
      vertex -19.306493529744486 -19.46373331678863 0
      vertex -19.382539674441617 -19.382539674441617 0
    endloop
  endfacet
  facet normal 0 0 -1
    outer loop
      vertex -13.696570823123563 -17.626504948121987 0
      vertex -19.059937541853177 -19.832730429086446 0
      vertex -19.112378016025204 -19.734621202458747 0
    endloop
  endfacet
  facet normal 0 0 -1
    outer loop
      vertex -13.696570823123563 -17.626504948121987 0
      vertex -19.014025997189563 -19.934059367438095 0
      vertex -19.059937541853177 -19.832730429086446 0
    endloop
  endfacet
  facet normal 0 0 -1
    outer loop
      vertex -13.696570823123563 -17.626504948121987 0
      vertex -19.734621202458747 -19.112378016025204 0
      vertex -19.832730429086446 -19.059937541853177 0
    endloop
  endfacet
  facet normal 0 0 -1
    outer loop
      vertex -13.696570823123563 -17.626504948121987 0
      vertex -19.640151806325424 -19.171122861544422 0
      vertex -19.734621202458747 -19.112378016025204 0
    endloop
  endfacet
  facet normal 0 0 -1
    outer loop
      vertex -13.696570823123563 -17.626504948121987 0
      vertex -19.549726773143924 -19.23592052396365 0
      vertex -19.640151806325424 -19.171122861544422 0
    endloop
  endfacet
  facet normal 0 0 -1
    outer loop
      vertex -13.696570823123563 -17.626504948121987 0
      vertex -19.46373331678863 -19.306493529744486 0
      vertex -19.549726773143924 -19.23592052396365 0
    endloop
  endfacet
  facet normal 0 0 -1
    outer loop
      vertex -17.195927336897096 -12.30605317844237 0
      vertex -12.678905962866663 -16.823074552472804 0
      vertex -19.832730429086446 -19.059937541853177 0
    endloop
  endfacet
  facet normal 0 0 -1
    outer loop
      vertex -13.696570823123563 -17.626504948121987 0
      vertex -19.832730429086446 -19.059937541853177 0
      vertex -12.678905962866663 -16.823074552472804 0
    endloop
  endfacet
  facet normal -0.7071067811865476 -0.7071067811865476 0
    outer loop
      vertex -26.064698756654494 -21.114951288348664 0
      vertex -21.114951288348664 -26.064698756654494 0
      vertex -26.064698756654494 -21.114951288348664 5
    endloop
  endfacet
  facet normal -0.7071067811865477 0.7071067811865475 0
    outer loop
      vertex -26.064698756654494 -21.114951288348664 0
      vertex -26.064698756654494 -21.114951288348664 5
      vertex -17.632331159224965 -12.682583690919133 0
    endloop
  endfacet
  facet normal 0.7071067811865475 -0.7071067811865477 -6.653457526746064e-17
    outer loop
      vertex -21.114951288348664 -26.064698756654494 0
      vertex -12.682583690919133 -17.632331159224965 0
      vertex -12.682583690919133 -17.632331159224965 5
    endloop
  endfacet
  facet normal 0 0 -1
    outer loop
      vertex -17.632331159224965 -12.682583690919133 0
      vertex -17.232360301473086 -12.282612833167255 0
      vertex -17.195927336897096 -12.30605317844237 0
    endloop
  endfacet
  facet normal -0.7071067811865476 -0.7071067811865476 0
    outer loop
      vertex -21.114951288348664 -26.064698756654494 0
      vertex -21.114951288348664 -26.064698756654494 5
      vertex -26.064698756654494 -21.114951288348664 5
    endloop
  endfacet
  facet normal -0.7071067811865477 0.7071067811865475 0
    outer loop
      vertex -17.632331159224965 -12.682583690919133 0
      vertex -26.064698756654494 -21.114951288348664 5
      vertex -17.632331159224965 -12.682583690919133 5
    endloop
  endfacet
  facet normal 0.7071067811865475 -0.7071067811865477 0
    outer loop
      vertex -21.114951288348664 -26.064698756654494 0
      vertex -12.682583690919133 -17.632331159224965 5
      vertex -21.114951288348664 -26.064698756654494 5
    endloop
  endfacet
  facet normal 0 0 1
    outer loop
      vertex -26.064698756654494 -21.114951288348664 5
      vertex -21.114951288348664 -26.064698756654494 5
      vertex -22.056864388892294 -21.43462120245875 5
    endloop
  endfacet
  facet normal 0 0 1
    outer loop
      vertex -26.064698756654494 -21.114951288348664 5
      vertex -22.10930486306432 -21.33651197583105 5
      vertex -22.155216407727934 -21.235183037479402 5
    endloop
  endfacet
  facet normal 0 0 1
    outer loop
      vertex -26.064698756654494 -21.114951288348664 5
      vertex -22.056864388892294 -21.43462120245875 5
      vertex -22.10930486306432 -21.33651197583105 5
    endloop
  endfacet
  facet normal 0 0 1
    outer loop
      vertex -26.064698756654494 -21.114951288348664 5
      vertex -22.155216407727934 -21.235183037479402 5
      vertex -22.19440242260043 -21.131068293474122 5
    endloop
  endfacet
  facet normal 0 0 1
    outer loop
      vertex -26.064698756654494 -21.114951288348664 5
      vertex -22.19440242260043 -21.131068293474122 5
      vertex -22.226695107150164 -21.024613579133035 5
    endloop
  endfacet
  facet normal 0 0 1
    outer loop
      vertex -26.064698756654494 -21.114951288348664 5
      vertex -22.226695107150164 -21.024613579133035 5
      vertex -22.25195617914424 -20.916274749886167 5
    endloop
  endfacet
  facet normal 0 0 1
    outer loop
      vertex -26.064698756654494 -21.114951288348664 5
      vertex -22.25195617914424 -20.916274749886167 5
      vertex -22.270077466794227 -20.806515729232835 5
    endloop
  endfacet
  facet normal 0 0 1
    outer loop
      vertex -26.064698756654494 -21.114951288348664 5
      vertex -22.270077466794227 -20.806515729232835 5
      vertex -22.280981371964373 -20.695806522149994 5
    endloop
  endfacet
  facet normal 0 0 1
    outer loop
      vertex -26.064698756654494 -21.114951288348664 5
      vertex -22.280981371964373 -20.695806522149994 5
      vertex -22.284621202458748 -20.58462120245875 5
    endloop
  endfacet
  facet normal 0 0 1
    outer loop
      vertex -26.064698756654494 -21.114951288348664 5
      vertex -22.284621202458748 -20.58462120245875 5
      vertex -22.280981371964373 -20.473435882767504 5
    endloop
  endfacet
  facet normal 0 0 1
    outer loop
      vertex -26.064698756654494 -21.114951288348664 5
      vertex -22.280981371964373 -20.473435882767504 5
      vertex -22.270077466794227 -20.362726675684662 5
    endloop
  endfacet
  facet normal 0 0 1
    outer loop
      vertex -26.064698756654494 -21.114951288348664 5
      vertex -22.270077466794227 -20.362726675684662 5
      vertex -22.25195617914424 -20.25296765503133 5
    endloop
  endfacet
  facet normal 0 0 1
    outer loop
      vertex -26.064698756654494 -21.114951288348664 5
      vertex -22.25195617914424 -20.25296765503133 5
      vertex -22.226695107150164 -20.144628825784462 5
    endloop
  endfacet
  facet normal 0 0 1
    outer loop
      vertex -26.064698756654494 -21.114951288348664 5
      vertex -22.226695107150164 -20.144628825784462 5
      vertex -22.19440242260043 -20.038174111443375 5
    endloop
  endfacet
  facet normal 0 0 1
    outer loop
      vertex -26.064698756654494 -21.114951288348664 5
      vertex -22.19440242260043 -20.038174111443375 5
      vertex -22.155216407727934 -19.934059367438095 5
    endloop
  endfacet
  facet normal 0 0 1
    outer loop
      vertex -26.064698756654494 -21.114951288348664 5
      vertex -22.155216407727934 -19.934059367438095 5
      vertex -22.10930486306432 -19.832730429086446 5
    endloop
  endfacet
  facet normal 0 0 1
    outer loop
      vertex -26.064698756654494 -21.114951288348664 5
      vertex -22.10930486306432 -19.832730429086446 5
      vertex -22.056864388892294 -19.734621202458747 5
    endloop
  endfacet
  facet normal 0 0 1
    outer loop
      vertex -26.064698756654494 -21.114951288348664 5
      vertex -22.056864388892294 -19.734621202458747 5
      vertex -21.998119543373075 -19.640151806325424 5
    endloop
  endfacet
  facet normal 0 0 1
    outer loop
      vertex -26.064698756654494 -21.114951288348664 5
      vertex -21.998119543373075 -19.640151806325424 5
      vertex -21.933321880953848 -19.549726773143924 5
    endloop
  endfacet
  facet normal 0 0 1
    outer loop
      vertex -26.064698756654494 -21.114951288348664 5
      vertex -21.933321880953848 -19.549726773143924 5
      vertex -21.86274887517301 -19.46373331678863 5
    endloop
  endfacet
  facet normal 0 0 1
    outer loop
      vertex -26.064698756654494 -21.114951288348664 5
      vertex -21.86274887517301 -19.46373331678863 5
      vertex -21.78670273047588 -19.382539674441617 5
    endloop
  endfacet
  facet normal 0 0 1
    outer loop
      vertex -26.064698756654494 -21.114951288348664 5
      vertex -21.78670273047588 -19.382539674441617 5
      vertex -21.705509088128867 -19.306493529744486 5
    endloop
  endfacet
  facet normal 0 0 1
    outer loop
      vertex -26.064698756654494 -21.114951288348664 5
      vertex -21.705509088128867 -19.306493529744486 5
      vertex -21.619515631773574 -19.23592052396365 5
    endloop
  endfacet
  facet normal 0 0 1
    outer loop
      vertex -26.064698756654494 -21.114951288348664 5
      vertex -21.619515631773574 -19.23592052396365 5
      vertex -21.529090598592074 -19.171122861544422 5
    endloop
  endfacet
  facet normal 0 0 1
    outer loop
      vertex -26.064698756654494 -21.114951288348664 5
      vertex -21.529090598592074 -19.171122861544422 5
      vertex -21.43462120245875 -19.112378016025204 5
    endloop
  endfacet
  facet normal 0 0 1
    outer loop
      vertex -26.064698756654494 -21.114951288348664 5
      vertex -21.43462120245875 -19.112378016025204 5
      vertex -21.33651197583105 -19.059937541853177 5
    endloop
  endfacet
  facet normal 0 0 1
    outer loop
      vertex -26.064698756654494 -21.114951288348664 5
      vertex -21.33651197583105 -19.059937541853177 5
      vertex -21.235183037479402 -19.014025997189563 5
    endloop
  endfacet
  facet normal 0 0 1
    outer loop
      vertex -21.114951288348664 -26.064698756654494 5
      vertex -21.86274887517301 -21.705509088128867 5
      vertex -21.933321880953848 -21.619515631773574 5
    endloop
  endfacet
  facet normal 0 0 1
    outer loop
      vertex -21.114951288348664 -26.064698756654494 5
      vertex -21.78670273047588 -21.78670273047588 5
      vertex -21.86274887517301 -21.705509088128867 5
    endloop
  endfacet
  facet normal 0 0 1
    outer loop
      vertex -21.114951288348664 -26.064698756654494 5
      vertex -21.933321880953848 -21.619515631773574 5
      vertex -21.998119543373075 -21.529090598592074 5
    endloop
  endfacet
  facet normal 0 0 1
    outer loop
      vertex -21.114951288348664 -26.064698756654494 5
      vertex -21.998119543373075 -21.529090598592074 5
      vertex -22.056864388892294 -21.43462120245875 5
    endloop
  endfacet
  facet normal 0 0 1
    outer loop
      vertex -21.114951288348664 -26.064698756654494 5
      vertex -21.705509088128867 -21.86274887517301 5
      vertex -21.78670273047588 -21.78670273047588 5
    endloop
  endfacet
  facet normal 0 0 1
    outer loop
      vertex -21.114951288348664 -26.064698756654494 5
      vertex -21.529090598592074 -21.998119543373075 5
      vertex -21.619515631773574 -21.933321880953848 5
    endloop
  endfacet
  facet normal 0 0 1
    outer loop
      vertex -21.114951288348664 -26.064698756654494 5
      vertex -21.619515631773574 -21.933321880953848 5
      vertex -21.705509088128867 -21.86274887517301 5
    endloop
  endfacet
  facet normal 0 0 1
    outer loop
      vertex -21.114951288348664 -26.064698756654494 5
      vertex -21.235183037479402 -22.155216407727934 5
      vertex -21.33651197583105 -22.10930486306432 5
    endloop
  endfacet
  facet normal 0 0 1
    outer loop
      vertex -21.114951288348664 -26.064698756654494 5
      vertex -21.43462120245875 -22.056864388892294 5
      vertex -21.529090598592074 -21.998119543373075 5
    endloop
  endfacet
  facet normal 0 0 1
    outer loop
      vertex -21.114951288348664 -26.064698756654494 5
      vertex -21.33651197583105 -22.10930486306432 5
      vertex -21.43462120245875 -22.056864388892294 5
    endloop
  endfacet
  facet normal 0 0 1
    outer loop
      vertex -21.114951288348664 -26.064698756654494 5
      vertex -21.131068293474122 -22.19440242260043 5
      vertex -21.235183037479402 -22.155216407727934 5
    endloop
  endfacet
  facet normal 0 0 1
    outer loop
      vertex -21.114951288348664 -26.064698756654494 5
      vertex -21.024613579133035 -22.226695107150164 5
      vertex -21.131068293474122 -22.19440242260043 5
    endloop
  endfacet
  facet normal 0 0 1
    outer loop
      vertex -21.114951288348664 -26.064698756654494 5
      vertex -20.916274749886167 -22.25195617914424 5
      vertex -21.024613579133035 -22.226695107150164 5
    endloop
  endfacet
  facet normal 0 0 1
    outer loop
      vertex -21.114951288348664 -26.064698756654494 5
      vertex -20.806515729232835 -22.270077466794227 5
      vertex -20.916274749886167 -22.25195617914424 5
    endloop
  endfacet
  facet normal 0 0 1
    outer loop
      vertex -21.114951288348664 -26.064698756654494 5
      vertex -20.695806522149994 -22.280981371964373 5
      vertex -20.806515729232835 -22.270077466794227 5
    endloop
  endfacet
  facet normal 0 0 1
    outer loop
      vertex -21.114951288348664 -26.064698756654494 5
      vertex -20.58462120245875 -22.284621202458748 5
      vertex -20.695806522149994 -22.280981371964373 5
    endloop
  endfacet
  facet normal 0 0 1
    outer loop
      vertex -21.114951288348664 -26.064698756654494 5
      vertex -20.473435882767504 -22.280981371964373 5
      vertex -20.58462120245875 -22.284621202458748 5
    endloop
  endfacet
  facet normal 0 0 1
    outer loop
      vertex -21.114951288348664 -26.064698756654494 5
      vertex -20.362726675684662 -22.270077466794227 5
      vertex -20.473435882767504 -22.280981371964373 5
    endloop
  endfacet
  facet normal 0 0 1
    outer loop
      vertex -21.114951288348664 -26.064698756654494 5
      vertex -20.25296765503133 -22.25195617914424 5
      vertex -20.362726675684662 -22.270077466794227 5
    endloop
  endfacet
  facet normal 0 0 1
    outer loop
      vertex -21.114951288348664 -26.064698756654494 5
      vertex -20.144628825784462 -22.226695107150164 5
      vertex -20.25296765503133 -22.25195617914424 5
    endloop
  endfacet
  facet normal 0 0 1
    outer loop
      vertex -21.114951288348664 -26.064698756654494 5
      vertex -20.038174111443375 -22.19440242260043 5
      vertex -20.144628825784462 -22.226695107150164 5
    endloop
  endfacet
  facet normal 0 0 1
    outer loop
      vertex -21.114951288348664 -26.064698756654494 5
      vertex -19.934059367438095 -22.155216407727934 5
      vertex -20.038174111443375 -22.19440242260043 5
    endloop
  endfacet
  facet normal 0 0 1
    outer loop
      vertex -21.114951288348664 -26.064698756654494 5
      vertex -19.832730429086446 -22.10930486306432 5
      vertex -19.934059367438095 -22.155216407727934 5
    endloop
  endfacet
  facet normal 0 0 1
    outer loop
      vertex -21.114951288348664 -26.064698756654494 5
      vertex -19.734621202458747 -22.056864388892294 5
      vertex -19.832730429086446 -22.10930486306432 5
    endloop
  endfacet
  facet normal 0 0 1
    outer loop
      vertex -21.114951288348664 -26.064698756654494 5
      vertex -19.640151806325424 -21.998119543373075 5
      vertex -19.734621202458747 -22.056864388892294 5
    endloop
  endfacet
  facet normal 0 0 1
    outer loop
      vertex -21.114951288348664 -26.064698756654494 5
      vertex -19.549726773143924 -21.933321880953848 5
      vertex -19.640151806325424 -21.998119543373075 5
    endloop
  endfacet
  facet normal 0 0 1
    outer loop
      vertex -21.114951288348664 -26.064698756654494 5
      vertex -19.46373331678863 -21.86274887517301 5
      vertex -19.549726773143924 -21.933321880953848 5
    endloop
  endfacet
  facet normal 0 0 1
    outer loop
      vertex -21.114951288348664 -26.064698756654494 5
      vertex -19.382539674441617 -21.78670273047588 5
      vertex -19.46373331678863 -21.86274887517301 5
    endloop
  endfacet
  facet normal 0 0 1
    outer loop
      vertex -21.114951288348664 -26.064698756654494 5
      vertex -19.306493529744486 -21.705509088128867 5
      vertex -19.382539674441617 -21.78670273047588 5
    endloop
  endfacet
  facet normal 0 0 1
    outer loop
      vertex -21.114951288348664 -26.064698756654494 5
      vertex -19.23592052396365 -21.619515631773574 5
      vertex -19.306493529744486 -21.705509088128867 5
    endloop
  endfacet
  facet normal 0 0 1
    outer loop
      vertex -21.114951288348664 -26.064698756654494 5
      vertex -19.171122861544422 -21.529090598592074 5
      vertex -19.23592052396365 -21.619515631773574 5
    endloop
  endfacet
  facet normal 0 0 1
    outer loop
      vertex -21.114951288348664 -26.064698756654494 5
      vertex -19.112378016025204 -21.43462120245875 5
      vertex -19.171122861544422 -21.529090598592074 5
    endloop
  endfacet
  facet normal 0 0 1
    outer loop
      vertex -21.114951288348664 -26.064698756654494 5
      vertex -19.059937541853177 -21.33651197583105 5
      vertex -19.112378016025204 -21.43462120245875 5
    endloop
  endfacet
  facet normal 0 0 1
    outer loop
      vertex -21.114951288348664 -26.064698756654494 5
      vertex -19.014025997189563 -21.235183037479402 5
      vertex -19.059937541853177 -21.33651197583105 5
    endloop
  endfacet
  facet normal 0 0 1
    outer loop
      vertex -26.064698756654494 -21.114951288348664 5
      vertex -21.235183037479402 -19.014025997189563 5
      vertex -17.195927336897096 -12.30605317844237 5
    endloop
  endfacet
  facet normal 0 0 1
    outer loop
      vertex -17.195927336897096 -12.30605317844237 5
      vertex -21.235183037479402 -19.014025997189563 5
      vertex -21.131068293474122 -18.974839982317068 5
    endloop
  endfacet
  facet normal 0 0 1
    outer loop
      vertex -17.195927336897096 -12.30605317844237 5
      vertex -21.131068293474122 -18.974839982317068 5
      vertex -21.024613579133035 -18.942547297767334 5
    endloop
  endfacet
  facet normal 0 0 1
    outer loop
      vertex -17.195927336897096 -12.30605317844237 5
      vertex -21.024613579133035 -18.942547297767334 5
      vertex -20.916274749886167 -18.917286225773257 5
    endloop
  endfacet
  facet normal 0 0 1
    outer loop
      vertex -17.195927336897096 -12.30605317844237 5
      vertex -20.916274749886167 -18.917286225773257 5
      vertex -20.806515729232835 -18.89916493812327 5
    endloop
  endfacet
  facet normal 0 0 1
    outer loop
      vertex -17.195927336897096 -12.30605317844237 5
      vertex -20.806515729232835 -18.89916493812327 5
      vertex -20.695806522149994 -18.888261032953125 5
    endloop
  endfacet
  facet normal 0 0 1
    outer loop
      vertex -26.064698756654494 -21.114951288348664 5
      vertex -17.195927336897096 -12.30605317844237 5
      vertex -17.632331159224965 -12.682583690919133 5
    endloop
  endfacet
  facet normal 0 0 1
    outer loop
      vertex -21.114951288348664 -26.064698756654494 5
      vertex -12.682583690919133 -17.632331159224965 5
      vertex -19.014025997189563 -21.235183037479402 5
    endloop
  endfacet
  facet normal 0 0 1
    outer loop
      vertex -12.682583690919133 -17.632331159224965 5
      vertex -18.974839982317068 -21.131068293474122 5
      vertex -19.014025997189563 -21.235183037479402 5
    endloop
  endfacet
  facet normal 0 0 1
    outer loop
      vertex -12.682583690919133 -17.632331159224965 5
      vertex -18.942547297767334 -21.024613579133035 5
      vertex -18.974839982317068 -21.131068293474122 5
    endloop
  endfacet
  facet normal 0 0 1
    outer loop
      vertex -12.682583690919133 -17.632331159224965 5
      vertex -18.917286225773257 -20.916274749886167 5
      vertex -18.942547297767334 -21.024613579133035 5
    endloop
  endfacet
  facet normal 0 0 1
    outer loop
      vertex -12.682583690919133 -17.632331159224965 5
      vertex -18.89916493812327 -20.806515729232835 5
      vertex -18.917286225773257 -20.916274749886167 5
    endloop
  endfacet
  facet normal 0 0 1
    outer loop
      vertex -12.682583690919133 -17.632331159224965 5
      vertex -18.888261032953125 -20.695806522149994 5
      vertex -18.89916493812327 -20.806515729232835 5
    endloop
  endfacet
  facet normal 0 0 1
    outer loop
      vertex -12.682583690919133 -17.632331159224965 5
      vertex -18.88462120245875 -20.58462120245875 5
      vertex -18.888261032953125 -20.695806522149994 5
    endloop
  endfacet
  facet normal 0 0 1
    outer loop
      vertex -12.682583690919133 -17.632331159224965 5
      vertex -18.888261032953125 -20.473435882767504 5
      vertex -18.88462120245875 -20.58462120245875 5
    endloop
  endfacet
  facet normal 0 0 1
    outer loop
      vertex -17.195927336897096 -12.30605317844237 5
      vertex -20.473435882767504 -18.888261032953125 5
      vertex -20.362726675684662 -18.89916493812327 5
    endloop
  endfacet
  facet normal 0 0 1
    outer loop
      vertex -17.195927336897096 -12.30605317844237 5
      vertex -20.362726675684662 -18.89916493812327 5
      vertex -20.25296765503133 -18.917286225773257 5
    endloop
  endfacet
  facet normal 0 0 1
    outer loop
      vertex -17.195927336897096 -12.30605317844237 5
      vertex -20.25296765503133 -18.917286225773257 5
      vertex -20.144628825784462 -18.942547297767334 5
    endloop
  endfacet
  facet normal 0 0 1
    outer loop
      vertex -17.195927336897096 -12.30605317844237 5
      vertex -20.695806522149994 -18.888261032953125 5
      vertex -20.58462120245875 -18.88462120245875 5
    endloop
  endfacet
  facet normal 0 0 1
    outer loop
      vertex -17.195927336897096 -12.30605317844237 5
      vertex -20.58462120245875 -18.88462120245875 5
      vertex -20.473435882767504 -18.888261032953125 5
    endloop
  endfacet
  facet normal 0 0 1
    outer loop
      vertex -17.195927336897096 -12.30605317844237 5
      vertex -20.144628825784462 -18.942547297767334 5
      vertex -20.038174111443375 -18.974839982317068 5
    endloop
  endfacet
  facet normal 0 0 1
    outer loop
      vertex -17.195927336897096 -12.30605317844237 5
      vertex -20.038174111443375 -18.974839982317068 5
      vertex -19.934059367438095 -19.014025997189563 5
    endloop
  endfacet
  facet normal 0 0 1
    outer loop
      vertex -17.195927336897096 -12.30605317844237 5
      vertex -19.934059367438095 -19.014025997189563 5
      vertex -19.832730429086446 -19.059937541853177 5
    endloop
  endfacet
  facet normal 0 0 1
    outer loop
      vertex -17.195927336897096 -12.30605317844237 5
      vertex -19.640151806325424 -19.171122861544422 5
      vertex -19.549726773143924 -19.23592052396365 5
    endloop
  endfacet
  facet normal 0 0 1
    outer loop
      vertex -17.195927336897096 -12.30605317844237 5
      vertex -19.832730429086446 -19.059937541853177 5
      vertex -19.734621202458747 -19.112378016025204 5
    endloop
  endfacet
  facet normal 0 0 1
    outer loop
      vertex -17.195927336897096 -12.30605317844237 5
      vertex -19.734621202458747 -19.112378016025204 5
      vertex -19.640151806325424 -19.171122861544422 5
    endloop
  endfacet
  facet normal 0 0 1
    outer loop
      vertex -12.682583690919133 -17.632331159224965 5
      vertex -19.382539674441617 -19.382539674441617 5
      vertex -19.306493529744486 -19.46373331678863 5
    endloop
  endfacet
  facet normal 0 0 1
    outer loop
      vertex -12.627600596885697 -17.32500052533695 5
      vertex -19.549726773143924 -19.23592052396365 5
      vertex -19.46373331678863 -19.306493529744486 5
    endloop
  endfacet
  facet normal 0 0 1
    outer loop
      vertex -12.627600596885697 -17.32500052533695 5
      vertex -19.46373331678863 -19.306493529744486 5
      vertex -19.382539674441617 -19.382539674441617 5
    endloop
  endfacet
  facet normal 0 0 1
    outer loop
      vertex -12.682583690919133 -17.632331159224965 5
      vertex -18.89916493812327 -20.362726675684662 5
      vertex -18.888261032953125 -20.473435882767504 5
    endloop
  endfacet
  facet normal 0 0 1
    outer loop
      vertex -12.682583690919133 -17.632331159224965 5
      vertex -18.917286225773257 -20.25296765503133 5
      vertex -18.89916493812327 -20.362726675684662 5
    endloop
  endfacet
  facet normal 0 0 1
    outer loop
      vertex -12.682583690919133 -17.632331159224965 5
      vertex -18.974839982317068 -20.038174111443375 5
      vertex -18.942547297767334 -20.144628825784462 5
    endloop
  endfacet
  facet normal 0 0 1
    outer loop
      vertex -12.682583690919133 -17.632331159224965 5
      vertex -18.942547297767334 -20.144628825784462 5
      vertex -18.917286225773257 -20.25296765503133 5
    endloop
  endfacet
  facet normal 0 0 1
    outer loop
      vertex -12.682583690919133 -17.632331159224965 5
      vertex -19.014025997189563 -19.934059367438095 5
      vertex -18.974839982317068 -20.038174111443375 5
    endloop
  endfacet
  facet normal 0 0 1
    outer loop
      vertex -12.682583690919133 -17.632331159224965 5
      vertex -19.23592052396365 -19.549726773143924 5
      vertex -19.171122861544422 -19.640151806325424 5
    endloop
  endfacet
  facet normal 0 0 1
    outer loop
      vertex -12.682583690919133 -17.632331159224965 5
      vertex -19.059937541853177 -19.832730429086446 5
      vertex -19.014025997189563 -19.934059367438095 5
    endloop
  endfacet
  facet normal 0 0 1
    outer loop
      vertex -12.682583690919133 -17.632331159224965 5
      vertex -19.112378016025204 -19.734621202458747 5
      vertex -19.059937541853177 -19.832730429086446 5
    endloop
  endfacet
  facet normal 0 0 1
    outer loop
      vertex -12.682583690919133 -17.632331159224965 5
      vertex -19.171122861544422 -19.640151806325424 5
      vertex -19.112378016025204 -19.734621202458747 5
    endloop
  endfacet
  facet normal 0 0 1
    outer loop
      vertex -12.682583690919133 -17.632331159224965 5
      vertex -19.306493529744486 -19.46373331678863 5
      vertex -19.23592052396365 -19.549726773143924 5
    endloop
  endfacet
  facet normal 0 0 1
    outer loop
      vertex -17.195927336897096 -12.30605317844237 5
      vertex -19.549726773143924 -19.23592052396365 5
      vertex -12.399343475715892 -17.102637039623577 5
    endloop
  endfacet
  facet normal 0 0 1
    outer loop
      vertex -12.682583690919133 -17.632331159224965 5
      vertex -12.58813445890762 -17.53788192721345 5
      vertex -19.382539674441617 -19.382539674441617 5
    endloop
  endfacet
  facet normal 0 0 1
    outer loop
      vertex -12.627600596885697 -17.32500052533695 5
      vertex -19.382539674441617 -19.382539674441617 5
      vertex -12.58813445890762 -17.53788192721345 5
    endloop
  endfacet
  facet normal 0 0 1
    outer loop
      vertex -12.627600596885697 -17.32500052533695 5
      vertex -12.399343475715892 -17.102637039623577 5
      vertex -19.549726773143924 -19.23592052396365 5
    endloop
  endfacet
  facet normal 0 0 1
    outer loop
      vertex -17.632331159224965 -12.682583690919133 5
      vertex -17.195927336897096 -12.30605317844237 5
      vertex -17.287984710586386 -12.338237242280552 5
    endloop
  endfacet
  facet normal 0 0 1
    outer loop
      vertex -12.627600596885697 -17.32500052533695 5
      vertex -12.36258805540568 -17.25025339825284 5
      vertex -12.399343475715892 -17.102637039623577 5
    endloop
  endfacet
  facet normal 0.8819212643483569 0.471396736825994 8.98574376288528e-20
    outer loop
      vertex 12.03416697508023 12.51 0
      vertex 11.994065436007507 12.585024702715298 0
      vertex 11.994065436007507 12.585024702715298 5
    endloop
  endfacet
  facet normal 0.8128466845916223 0.582477696867792 2.3324796402237442e-20
    outer loop
      vertex 12.128640657621395 12.368610142288663 0
      vertex 12.079089504006692 12.437758697074518 0
      vertex 12.079089504006692 12.437758697074518 5
    endloop
  endfacet
  facet normal 0.7298640726978358 0.6835923020228711 4.334081955429196e-19
    outer loop
      vertex 12.240761184457488 12.240761184457488 0
      vertex 12.18260825027733 12.30285044036991 0
      vertex 12.18260825027733 12.30285044036991 5
    endloop
  endfacet
  facet normal 0.7730104533627354 0.6343932841636475 4.62095388483965e-19
    outer loop
      vertex 12.18260825027733 12.30285044036991 0
      vertex 12.128640657621395 12.368610142288663 0
      vertex 12.128640657621395 12.368610142288663 5
    endloop
  endfacet
  facet normal 0.8492021815265761 0.5280678506503724 -1.4332368421815452e-19
    outer loop
      vertex 12.079089504006692 12.437758697074518 0
      vertex 12.03416697508023 12.51 0
      vertex 12.03416697508023 12.51 5
    endloop
  endfacet
  facet normal 0.9359059267573241 0.35225004792123776 -3.171544806949219e-19
    outer loop
      vertex 11.958956607735328 12.662511537925383 0
      vertex 11.928990831656362 12.74212869510589 0
      vertex 11.928990831656362 12.74212869510589 5
    endloop
  endfacet
  facet normal 0.9108638249211707 0.41270702980440604 -3.369359564224459e-19
    outer loop
      vertex 11.994065436007507 12.585024702715298 0
      vertex 11.958956607735328 12.662511537925383 0
      vertex 11.958956607735328 12.662511537925383 5
    endloop
  endfacet
  facet normal 0.9569403357322127 0.29028467725444984 -2.688993905604372e-19
    outer loop
      vertex 11.928990831656362 12.74212869510589 0
      vertex 11.904296425824212 12.823535241366724 0
      vertex 11.904296425824212 12.823535241366724 5
    endloop
  endfacet
  facet normal 0.9738769792773321 0.22707626303437964 2.3598931206626946e-19
    outer loop
      vertex 11.904296425824212 12.823535241366724 0
      vertex 11.8849791354758 12.906382581379033 0
      vertex 11.8849791354758 12.906382581379033 5
    endloop
  endfacet
  facet normal 0.9866433320848802 0.1628954733945812 1.4923385133231607e-19
    outer loop
      vertex 11.8849791354758 12.906382581379033 0
      vertex 11.871121680214047 12.990315950113933 0
      vertex 11.871121680214047 12.990315950113933 5
    endloop
  endfacet
  facet normal 0.582477696867792 0.8128466845916223 0
    outer loop
      vertex 12.368610142288663 12.128640657621395 0
      vertex 12.368610142288663 12.128640657621395 5
      vertex 12.437758697074518 12.079089504006692 0
    endloop
  endfacet
  facet normal 0.6343932841636475 0.7730104533627354 0
    outer loop
      vertex 12.30285044036991 12.18260825027733 0
      vertex 12.30285044036991 12.18260825027733 5
      vertex 12.368610142288663 12.128640657621395 0
    endloop
  endfacet
  facet normal 0.41270702980440604 0.9108638249211707 0
    outer loop
      vertex 12.585024702715298 11.994065436007507 0
      vertex 12.585024702715298 11.994065436007507 5
      vertex 12.662511537925383 11.958956607735328 0
    endloop
  endfacet
  facet normal 0.5280678506503724 0.8492021815265761 0
    outer loop
      vertex 12.437758697074518 12.079089504006692 0
      vertex 12.437758697074518 12.079089504006692 5
      vertex 12.51 12.03416697508023 0
    endloop
  endfacet
  facet normal 0.471396736825994 0.8819212643483569 0
    outer loop
      vertex 12.51 12.03416697508023 0
      vertex 12.51 12.03416697508023 5
      vertex 12.585024702715298 11.994065436007507 0
    endloop
  endfacet
  facet normal 0.35225004792123776 0.9359059267573241 0
    outer loop
      vertex 12.662511537925383 11.958956607735328 0
      vertex 12.662511537925383 11.958956607735328 5
      vertex 12.74212869510589 11.928990831656362 0
    endloop
  endfacet
  facet normal 0.29028467725444984 0.9569403357322127 0
    outer loop
      vertex 12.74212869510589 11.928990831656362 0
      vertex 12.74212869510589 11.928990831656362 5
      vertex 12.823535241366724 11.904296425824212 0
    endloop
  endfacet
  facet normal 0.22707626303437964 0.9738769792773321 0
    outer loop
      vertex 12.823535241366724 11.904296425824212 0
      vertex 12.823535241366724 11.904296425824212 5
      vertex 12.906382581379033 11.8849791354758 0
    endloop
  endfacet
  facet normal 0.1628954733945812 0.9866433320848802 0
    outer loop
      vertex 12.906382581379033 11.8849791354758 0
      vertex 12.906382581379033 11.8849791354758 5
      vertex 12.990315950113933 11.871121680214047 0
    endloop
  endfacet
  facet normal 0.0980171403295666 0.9951847266721964 0
    outer loop
      vertex 12.990315950113933 11.871121680214047 0
      vertex 12.990315950113933 11.871121680214047 5
      vertex 13.074975932000815 11.862783399789816 0
    endloop
  endfacet
  facet normal 0.6835923020228711 0.7298640726978358 0
    outer loop
      vertex 12.240761184457488 12.240761184457488 0
      vertex 12.240761184457488 12.240761184457488 5
      vertex 12.30285044036991 12.18260825027733 0
    endloop
  endfacet
  facet normal 0.9994645874763652 0.03271908282178688 -2.640412656066368e-20
    outer loop
      vertex 11.862783399789816 13.074975932000815 0
      vertex 11.86 13.16 0
      vertex 11.86 13.16 5
    endloop
  endfacet
  facet normal 0.9951847266721964 0.0980171403295666 -4.1697850619182765e-20
    outer loop
      vertex 11.871121680214047 12.990315950113933 0
      vertex 11.862783399789816 13.074975932000815 0
      vertex 11.862783399789816 13.074975932000815 5
    endloop
  endfacet
  facet normal 0.9994645874763652 -0.03271908282178688 2.640412656066368e-20
    outer loop
      vertex 11.86 13.16 0
      vertex 11.862783399789816 13.245024067999186 0
      vertex 11.862783399789816 13.245024067999186 5
    endloop
  endfacet
  facet normal 0.9951847266721964 -0.0980171403295666 4.1697850619182765e-20
    outer loop
      vertex 11.862783399789816 13.245024067999186 0
      vertex 11.871121680214047 13.329684049886067 0
      vertex 11.871121680214047 13.329684049886067 5
    endloop
  endfacet
  facet normal 0.9866433320848802 -0.1628954733945812 -1.4923385133231607e-19
    outer loop
      vertex 11.871121680214047 13.329684049886067 0
      vertex 11.8849791354758 13.413617418620968 0
      vertex 11.8849791354758 13.413617418620968 5
    endloop
  endfacet
  facet normal 0.9738769792773321 -0.22707626303437964 -2.3598931206626946e-19
    outer loop
      vertex 11.8849791354758 13.413617418620968 0
      vertex 11.904296425824212 13.496464758633277 0
      vertex 11.904296425824212 13.496464758633277 5
    endloop
  endfacet
  facet normal 0.9569403357322127 -0.29028467725444984 2.688993905604372e-19
    outer loop
      vertex 11.904296425824212 13.496464758633277 0
      vertex 11.928990831656362 13.57787130489411 0
      vertex 11.928990831656362 13.57787130489411 5
    endloop
  endfacet
  facet normal 0.9359059267573241 -0.35225004792123776 3.171544806949219e-19
    outer loop
      vertex 11.928990831656362 13.57787130489411 0
      vertex 11.958956607735328 13.657488462074618 0
      vertex 11.958956607735328 13.657488462074618 5
    endloop
  endfacet
  facet normal 0.9108638249211707 -0.41270702980440604 3.369359564224459e-19
    outer loop
      vertex 11.958956607735328 13.657488462074618 0
      vertex 11.994065436007507 13.734975297284702 0
      vertex 11.994065436007507 13.734975297284702 5
    endloop
  endfacet
  facet normal 0.8819212643483569 -0.471396736825994 -8.98574376288528e-20
    outer loop
      vertex 11.994065436007507 13.734975297284702 0
      vertex 12.03416697508023 13.81 0
      vertex 12.03416697508023 13.81 5
    endloop
  endfacet
  facet normal 0.8492021815265761 -0.5280678506503724 1.4332368421815452e-19
    outer loop
      vertex 12.03416697508023 13.81 0
      vertex 12.079089504006692 13.882241302925483 0
      vertex 12.079089504006692 13.882241302925483 5
    endloop
  endfacet
  facet normal 0.8128466845916223 -0.582477696867792 -2.3324796402237442e-20
    outer loop
      vertex 12.079089504006692 13.882241302925483 0
      vertex 12.128640657621395 13.951389857711337 0
      vertex 12.128640657621395 13.951389857711337 5
    endloop
  endfacet
  facet normal 0.7730104533627354 -0.6343932841636475 -4.62095388483965e-19
    outer loop
      vertex 12.128640657621395 13.951389857711337 0
      vertex 12.18260825027733 14.01714955963009 0
      vertex 12.18260825027733 14.01714955963009 5
    endloop
  endfacet
  facet normal 0.7298640726978358 -0.6835923020228711 -1.6548629441780535e-17
    outer loop
      vertex 12.18260825027733 14.01714955963009 0
      vertex 12.240761184457488 14.079238815542512 0
      vertex 12.24076118445749 14.079238815542514 5
    endloop
  endfacet
  facet normal 0.6835923020228711 -0.7298640726978358 0
    outer loop
      vertex 12.30285044036991 14.13739174972267 0
      vertex 12.30285044036991 14.13739174972267 5
      vertex 12.240761184457488 14.079238815542512 0
    endloop
  endfacet
  facet normal 0.6343932841636475 -0.7730104533627354 0
    outer loop
      vertex 12.368610142288663 14.191359342378606 0
      vertex 12.368610142288663 14.191359342378606 5
      vertex 12.30285044036991 14.13739174972267 0
    endloop
  endfacet
  facet normal 0.582477696867792 -0.8128466845916223 0
    outer loop
      vertex 12.437758697074518 14.240910495993308 0
      vertex 12.437758697074518 14.240910495993308 5
      vertex 12.368610142288663 14.191359342378606 0
    endloop
  endfacet
  facet normal 0.5280678506503724 -0.8492021815265761 0
    outer loop
      vertex 12.51 14.28583302491977 0
      vertex 12.51 14.28583302491977 5
      vertex 12.437758697074518 14.240910495993308 0
    endloop
  endfacet
  facet normal 0.471396736825994 -0.8819212643483569 0
    outer loop
      vertex 12.585024702715298 14.325934563992494 0
      vertex 12.585024702715298 14.325934563992494 5
      vertex 12.51 14.28583302491977 0
    endloop
  endfacet
  facet normal 0.41270702980440604 -0.9108638249211707 0
    outer loop
      vertex 12.662511537925383 14.361043392264673 0
      vertex 12.662511537925383 14.361043392264673 5
      vertex 12.585024702715298 14.325934563992494 0
    endloop
  endfacet
  facet normal 0.35225004792123776 -0.9359059267573241 0
    outer loop
      vertex 12.74212869510589 14.391009168343638 0
      vertex 12.74212869510589 14.391009168343638 5
      vertex 12.662511537925383 14.361043392264673 0
    endloop
  endfacet
  facet normal 0.29028467725444984 -0.9569403357322127 0
    outer loop
      vertex 12.823535241366724 14.415703574175788 0
      vertex 12.823535241366724 14.415703574175788 5
      vertex 12.74212869510589 14.391009168343638 0
    endloop
  endfacet
  facet normal 0.22707626303437964 -0.9738769792773321 0
    outer loop
      vertex 12.906382581379033 14.4350208645242 0
      vertex 12.906382581379033 14.4350208645242 5
      vertex 12.823535241366724 14.415703574175788 0
    endloop
  endfacet
  facet normal 0.1628954733945812 -0.9866433320848802 0
    outer loop
      vertex 12.990315950113933 14.448878319785953 0
      vertex 12.990315950113933 14.448878319785953 5
      vertex 12.906382581379033 14.4350208645242 0
    endloop
  endfacet
  facet normal 0.03271908282178688 0.9994645874763652 0
    outer loop
      vertex 13.074975932000815 11.862783399789816 0
      vertex 13.074975932000815 11.862783399789816 5
      vertex 13.16 11.86 0
    endloop
  endfacet
  facet normal -0.03271908282178688 0.9994645874763652 0
    outer loop
      vertex 13.16 11.86 0
      vertex 13.16 11.86 5
      vertex 13.245024067999186 11.862783399789816 0
    endloop
  endfacet
  facet normal -0.0980171403295666 0.9951847266721964 0
    outer loop
      vertex 13.245024067999186 11.862783399789816 0
      vertex 13.245024067999186 11.862783399789816 5
      vertex 13.329684049886067 11.871121680214047 0
    endloop
  endfacet
  facet normal -0.1628954733945812 0.9866433320848802 0
    outer loop
      vertex 13.329684049886067 11.871121680214047 0
      vertex 13.329684049886067 11.871121680214047 5
      vertex 13.413617418620968 11.8849791354758 0
    endloop
  endfacet
  facet normal -0.22707626303437964 0.9738769792773321 0
    outer loop
      vertex 13.413617418620968 11.8849791354758 0
      vertex 13.413617418620968 11.8849791354758 5
      vertex 13.496464758633277 11.904296425824212 0
    endloop
  endfacet
  facet normal -0.29028467725444984 0.9569403357322127 0
    outer loop
      vertex 13.496464758633277 11.904296425824212 0
      vertex 13.496464758633277 11.904296425824212 5
      vertex 13.57787130489411 11.928990831656362 0
    endloop
  endfacet
  facet normal -0.3522500479212508 0.9359059267573192 0
    outer loop
      vertex 13.57787130489411 11.928990831656362 0
      vertex 13.57787130489411 11.928990831656362 5
      vertex 13.597186811453318 11.936260673546004 0
    endloop
  endfacet
  facet normal -0.3522500479212336 0.9359059267573255 7.575998953555423e-17
    outer loop
      vertex 13.597186811453318 11.936260673546004 0
      vertex 13.57787130489411 11.928990831656362 5
      vertex 13.657488462074618 11.958956607735328 0
    endloop
  endfacet
  facet normal -0.41270702980440604 0.9108638249211707 0
    outer loop
      vertex 13.657488462074618 11.958956607735328 0
      vertex 13.657488462074618 11.958956607735328 5
      vertex 13.734975297284702 11.994065436007507 0
    endloop
  endfacet
  facet normal -0.471396736825994 0.8819212643483569 0
    outer loop
      vertex 13.734975297284702 11.994065436007507 0
      vertex 13.734975297284702 11.994065436007507 5
      vertex 13.81 12.03416697508023 0
    endloop
  endfacet
  facet normal -0.5280678506503724 0.8492021815265761 0
    outer loop
      vertex 13.81 12.03416697508023 0
      vertex 13.81 12.03416697508023 5
      vertex 13.882241302925483 12.079089504006692 0
    endloop
  endfacet
  facet normal -0.582477696867792 0.8128466845916223 0
    outer loop
      vertex 13.882241302925483 12.079089504006692 0
      vertex 13.882241302925483 12.079089504006692 5
      vertex 13.951389857711337 12.128640657621395 0
    endloop
  endfacet
  facet normal -0.6343932841636475 0.7730104533627354 0
    outer loop
      vertex 13.951389857711337 12.128640657621395 0
      vertex 13.951389857711337 12.128640657621395 5
      vertex 14.01714955963009 12.18260825027733 0
    endloop
  endfacet
  facet normal -0.6835923020228711 0.7298640726978358 0
    outer loop
      vertex 14.01714955963009 12.18260825027733 0
      vertex 14.01714955963009 12.18260825027733 5
      vertex 14.079238815542512 12.240761184457488 0
    endloop
  endfacet
  facet normal -0.7298640726978358 0.6835923020228711 0
    outer loop
      vertex 14.079238815542512 12.240761184457488 0
      vertex 14.079238815542512 12.240761184457488 5
      vertex 14.13739174972267 12.30285044036991 0
    endloop
  endfacet
  facet normal -0.7730104533627354 0.6343932841636475 -4.62095388483965e-19
    outer loop
      vertex 14.191359342378606 12.368610142288663 0
      vertex 14.13739174972267 12.30285044036991 0
      vertex 14.13739174972267 12.30285044036991 5
    endloop
  endfacet
  facet normal -0.8128466845916223 0.582477696867792 -2.3324796402237442e-20
    outer loop
      vertex 14.240910495993308 12.437758697074518 0
      vertex 14.191359342378606 12.368610142288663 0
      vertex 14.191359342378606 12.368610142288663 5
    endloop
  endfacet
  facet normal -0.8492021815265761 0.5280678506503724 1.4332368421815452e-19
    outer loop
      vertex 14.28583302491977 12.51 0
      vertex 14.240910495993308 12.437758697074518 0
      vertex 14.240910495993308 12.437758697074518 5
    endloop
  endfacet
  facet normal -0.8819212643483569 0.471396736825994 -8.98574376288528e-20
    outer loop
      vertex 14.325934563992494 12.585024702715298 0
      vertex 14.28583302491977 12.51 0
      vertex 14.28583302491977 12.51 5
    endloop
  endfacet
  facet normal -0.9108638249211707 0.41270702980440604 3.369359564224459e-19
    outer loop
      vertex 14.361043392264673 12.662511537925383 0
      vertex 14.325934563992494 12.585024702715298 0
      vertex 14.325934563992494 12.585024702715298 5
    endloop
  endfacet
  facet normal -0.9359059267573241 0.35225004792123776 3.171544806949219e-19
    outer loop
      vertex 14.391009168343638 12.74212869510589 0
      vertex 14.361043392264673 12.662511537925383 0
      vertex 14.361043392264673 12.662511537925383 5
    endloop
  endfacet
  facet normal -0.9569403357322127 0.29028467725444984 2.688993905604372e-19
    outer loop
      vertex 14.415703574175788 12.823535241366724 0
      vertex 14.391009168343638 12.74212869510589 0
      vertex 14.391009168343638 12.74212869510589 5
    endloop
  endfacet
  facet normal -0.9738769792773321 0.22707626303437964 -2.3598931206626946e-19
    outer loop
      vertex 14.4350208645242 12.906382581379033 0
      vertex 14.415703574175788 12.823535241366724 0
      vertex 14.415703574175788 12.823535241366724 5
    endloop
  endfacet
  facet normal -0.9866433320848802 0.1628954733945812 -1.4923385133231607e-19
    outer loop
      vertex 14.448878319785953 12.990315950113933 0
      vertex 14.4350208645242 12.906382581379033 0
      vertex 14.4350208645242 12.906382581379033 5
    endloop
  endfacet
  facet normal -0.9951847266721964 0.0980171403295666 4.1697850619182765e-20
    outer loop
      vertex 14.457216600210185 13.074975932000815 0
      vertex 14.448878319785953 12.990315950113933 0
      vertex 14.448878319785953 12.990315950113933 5
    endloop
  endfacet
  facet normal 0.0980171403295666 -0.9951847266721964 0
    outer loop
      vertex 13.074975932000815 14.457216600210185 0
      vertex 13.074975932000815 14.457216600210185 5
      vertex 12.990315950113933 14.448878319785953 0
    endloop
  endfacet
  facet normal 0.03271908282178688 -0.9994645874763652 0
    outer loop
      vertex 13.16 14.46 0
      vertex 13.16 14.46 5
      vertex 13.074975932000815 14.457216600210185 0
    endloop
  endfacet
  facet normal -0.03271908282178688 -0.9994645874763652 0
    outer loop
      vertex 13.245024067999186 14.457216600210185 0
      vertex 13.245024067999186 14.457216600210185 5
      vertex 13.16 14.46 0
    endloop
  endfacet
  facet normal -0.0980171403295666 -0.9951847266721964 0
    outer loop
      vertex 13.329684049886067 14.448878319785953 0
      vertex 13.329684049886067 14.448878319785953 5
      vertex 13.245024067999186 14.457216600210185 0
    endloop
  endfacet
  facet normal -0.1628954733945812 -0.9866433320848802 0
    outer loop
      vertex 13.413617418620968 14.4350208645242 0
      vertex 13.413617418620968 14.4350208645242 5
      vertex 13.329684049886067 14.448878319785953 0
    endloop
  endfacet
  facet normal -0.22707626303437964 -0.9738769792773321 0
    outer loop
      vertex 13.496464758633277 14.415703574175788 0
      vertex 13.496464758633277 14.415703574175788 5
      vertex 13.413617418620968 14.4350208645242 0
    endloop
  endfacet
  facet normal -0.29028467725444984 -0.9569403357322127 0
    outer loop
      vertex 13.57787130489411 14.391009168343638 0
      vertex 13.57787130489411 14.391009168343638 5
      vertex 13.496464758633277 14.415703574175788 0
    endloop
  endfacet
  facet normal -0.35225004792123776 -0.9359059267573241 0
    outer loop
      vertex 13.657488462074618 14.361043392264673 0
      vertex 13.657488462074618 14.361043392264673 5
      vertex 13.57787130489411 14.391009168343638 0
    endloop
  endfacet
  facet normal -0.41270702980440604 -0.9108638249211707 0
    outer loop
      vertex 13.734975297284702 14.325934563992494 0
      vertex 13.734975297284702 14.325934563992494 5
      vertex 13.657488462074618 14.361043392264673 0
    endloop
  endfacet
  facet normal -0.471396736825994 -0.8819212643483569 0
    outer loop
      vertex 13.81 14.28583302491977 0
      vertex 13.81 14.28583302491977 5
      vertex 13.734975297284702 14.325934563992494 0
    endloop
  endfacet
  facet normal -0.9951847266721964 -0.0980171403295666 -4.1697850619182765e-20
    outer loop
      vertex 14.448878319785953 13.329684049886067 0
      vertex 14.457216600210185 13.245024067999186 0
      vertex 14.457216600210185 13.245024067999186 5
    endloop
  endfacet
  facet normal -0.9866433320848802 -0.1628954733945812 1.4923385133231607e-19
    outer loop
      vertex 14.4350208645242 13.413617418620968 0
      vertex 14.448878319785953 13.329684049886067 0
      vertex 14.448878319785953 13.329684049886067 5
    endloop
  endfacet
  facet normal -0.9994645874763652 0.03271908282178688 2.640412656066368e-20
    outer loop
      vertex 14.46 13.16 0
      vertex 14.457216600210185 13.074975932000815 0
      vertex 14.457216600210185 13.074975932000815 5
    endloop
  endfacet
  facet normal -0.9994645874763652 -0.03271908282178688 -2.640412656066368e-20
    outer loop
      vertex 14.457216600210185 13.245024067999186 0
      vertex 14.46 13.16 0
      vertex 14.46 13.16 5
    endloop
  endfacet
  facet normal -0.9738769792773321 -0.22707626303437964 2.3598931206626946e-19
    outer loop
      vertex 14.415703574175788 13.496464758633277 0
      vertex 14.4350208645242 13.413617418620968 0
      vertex 14.4350208645242 13.413617418620968 5
    endloop
  endfacet
  facet normal -0.9569403357322127 -0.29028467725444984 -2.688993905604372e-19
    outer loop
      vertex 14.391009168343638 13.57787130489411 0
      vertex 14.415703574175788 13.496464758633277 0
      vertex 14.415703574175788 13.496464758633277 5
    endloop
  endfacet
  facet normal -0.9359059267573241 -0.35225004792123776 -3.171544806949219e-19
    outer loop
      vertex 14.361043392264673 13.657488462074618 0
      vertex 14.391009168343638 13.57787130489411 0
      vertex 14.391009168343638 13.57787130489411 5
    endloop
  endfacet
  facet normal -0.9108638249211707 -0.41270702980440604 -3.369359564224459e-19
    outer loop
      vertex 14.325934563992494 13.734975297284702 0
      vertex 14.361043392264673 13.657488462074618 0
      vertex 14.361043392264673 13.657488462074618 5
    endloop
  endfacet
  facet normal -0.8492021815265761 -0.5280678506503724 -1.4332368421815452e-19
    outer loop
      vertex 14.240910495993308 13.882241302925483 0
      vertex 14.28583302491977 13.81 0
      vertex 14.28583302491977 13.81 5
    endloop
  endfacet
  facet normal -0.8819212643483569 -0.471396736825994 8.98574376288528e-20
    outer loop
      vertex 14.28583302491977 13.81 0
      vertex 14.325934563992494 13.734975297284702 0
      vertex 14.325934563992494 13.734975297284702 5
    endloop
  endfacet
  facet normal -0.582477696867792 -0.8128466845916223 0
    outer loop
      vertex 13.951389857711337 14.191359342378606 0
      vertex 13.951389857711337 14.191359342378606 5
      vertex 13.882241302925483 14.240910495993308 0
    endloop
  endfacet
  facet normal -0.6343932841636475 -0.7730104533627354 0
    outer loop
      vertex 14.01714955963009 14.13739174972267 0
      vertex 14.01714955963009 14.13739174972267 5
      vertex 13.951389857711337 14.191359342378606 0
    endloop
  endfacet
  facet normal -0.7298640726978358 -0.6835923020228711 4.334081955429196e-19
    outer loop
      vertex 14.079238815542512 14.079238815542512 0
      vertex 14.13739174972267 14.01714955963009 0
      vertex 14.13739174972267 14.01714955963009 5
    endloop
  endfacet
  facet normal -0.8128466845916223 -0.582477696867792 2.3324796402237442e-20
    outer loop
      vertex 14.191359342378606 13.951389857711337 0
      vertex 14.240910495993308 13.882241302925483 0
      vertex 14.240910495993308 13.882241302925483 5
    endloop
  endfacet
  facet normal -0.7730104533627354 -0.6343932841636475 4.62095388483965e-19
    outer loop
      vertex 14.13739174972267 14.01714955963009 0
      vertex 14.191359342378606 13.951389857711337 0
      vertex 14.191359342378606 13.951389857711337 5
    endloop
  endfacet
  facet normal -0.6835923020228711 -0.7298640726978358 4.334081955429196e-19
    outer loop
      vertex 14.01714955963009 14.13739174972267 0
      vertex 14.079238815542512 14.079238815542512 0
      vertex 14.079238815542512 14.079238815542512 5
    endloop
  endfacet
  facet normal -0.5280678506503724 -0.8492021815265761 0
    outer loop
      vertex 13.882241302925483 14.240910495993308 0
      vertex 13.882241302925483 14.240910495993308 5
      vertex 13.81 14.28583302491977 0
    endloop
  endfacet
  facet normal 0.9108638249211707 0.41270702980440604 0
    outer loop
      vertex 11.994065436007507 12.585024702715298 0
      vertex 11.958956607735328 12.662511537925383 5
      vertex 11.994065436007507 12.585024702715298 5
    endloop
  endfacet
  facet normal 0.8128466845916223 0.582477696867792 0
    outer loop
      vertex 12.128640657621395 12.368610142288663 0
      vertex 12.079089504006692 12.437758697074518 5
      vertex 12.128640657621395 12.368610142288663 5
    endloop
  endfacet
  facet normal 0.7730104533627354 0.6343932841636475 0
    outer loop
      vertex 12.18260825027733 12.30285044036991 0
      vertex 12.128640657621395 12.368610142288663 5
      vertex 12.18260825027733 12.30285044036991 5
    endloop
  endfacet
  facet normal 0.8492021815265761 0.5280678506503724 0
    outer loop
      vertex 12.079089504006692 12.437758697074518 0
      vertex 12.03416697508023 12.51 5
      vertex 12.079089504006692 12.437758697074518 5
    endloop
  endfacet
  facet normal 0.8819212643483569 0.471396736825994 0
    outer loop
      vertex 12.03416697508023 12.51 0
      vertex 11.994065436007507 12.585024702715298 5
      vertex 12.03416697508023 12.51 5
    endloop
  endfacet
  facet normal 0.9359059267573241 0.35225004792123776 0
    outer loop
      vertex 11.958956607735328 12.662511537925383 0
      vertex 11.928990831656362 12.74212869510589 5
      vertex 11.958956607735328 12.662511537925383 5
    endloop
  endfacet
  facet normal 0.9569403357322127 0.29028467725444984 0
    outer loop
      vertex 11.928990831656362 12.74212869510589 0
      vertex 11.904296425824212 12.823535241366724 5
      vertex 11.928990831656362 12.74212869510589 5
    endloop
  endfacet
  facet normal 0.9738769792773321 0.22707626303437964 0
    outer loop
      vertex 11.904296425824212 12.823535241366724 0
      vertex 11.8849791354758 12.906382581379033 5
      vertex 11.904296425824212 12.823535241366724 5
    endloop
  endfacet
  facet normal 0.9866433320848802 0.1628954733945812 0
    outer loop
      vertex 11.8849791354758 12.906382581379033 0
      vertex 11.871121680214047 12.990315950113933 5
      vertex 11.8849791354758 12.906382581379033 5
    endloop
  endfacet
  facet normal 0.9951847266721964 0.0980171403295666 0
    outer loop
      vertex 11.871121680214047 12.990315950113933 0
      vertex 11.862783399789816 13.074975932000815 5
      vertex 11.871121680214047 12.990315950113933 5
    endloop
  endfacet
  facet normal 0.6835923020228711 0.7298640726978358 0
    outer loop
      vertex 12.30285044036991 12.18260825027733 0
      vertex 12.240761184457488 12.240761184457488 5
      vertex 12.30285044036991 12.18260825027733 5
    endloop
  endfacet
  facet normal 0.582477696867792 0.8128466845916223 0
    outer loop
      vertex 12.437758697074518 12.079089504006692 0
      vertex 12.368610142288663 12.128640657621395 5
      vertex 12.437758697074518 12.079089504006692 5
    endloop
  endfacet
  facet normal 0.6343932841636475 0.7730104533627354 0
    outer loop
      vertex 12.368610142288663 12.128640657621395 0
      vertex 12.30285044036991 12.18260825027733 5
      vertex 12.368610142288663 12.128640657621395 5
    endloop
  endfacet
  facet normal 0.471396736825994 0.8819212643483569 0
    outer loop
      vertex 12.585024702715298 11.994065436007507 0
      vertex 12.51 12.03416697508023 5
      vertex 12.585024702715298 11.994065436007507 5
    endloop
  endfacet
  facet normal 0.5280678506503724 0.8492021815265761 0
    outer loop
      vertex 12.51 12.03416697508023 0
      vertex 12.437758697074518 12.079089504006692 5
      vertex 12.51 12.03416697508023 5
    endloop
  endfacet
  facet normal 0.41270702980440604 0.9108638249211707 0
    outer loop
      vertex 12.662511537925383 11.958956607735328 0
      vertex 12.585024702715298 11.994065436007507 5
      vertex 12.662511537925383 11.958956607735328 5
    endloop
  endfacet
  facet normal 0.35225004792123776 0.9359059267573241 0
    outer loop
      vertex 12.74212869510589 11.928990831656362 0
      vertex 12.662511537925383 11.958956607735328 5
      vertex 12.74212869510589 11.928990831656362 5
    endloop
  endfacet
  facet normal 0.29028467725444984 0.9569403357322127 0
    outer loop
      vertex 12.823535241366724 11.904296425824212 0
      vertex 12.74212869510589 11.928990831656362 5
      vertex 12.823535241366724 11.904296425824212 5
    endloop
  endfacet
  facet normal 0.22707626303437964 0.9738769792773321 0
    outer loop
      vertex 12.906382581379033 11.8849791354758 0
      vertex 12.823535241366724 11.904296425824212 5
      vertex 12.906382581379033 11.8849791354758 5
    endloop
  endfacet
  facet normal 0.1628954733945812 0.9866433320848802 0
    outer loop
      vertex 12.990315950113933 11.871121680214047 0
      vertex 12.906382581379033 11.8849791354758 5
      vertex 12.990315950113933 11.871121680214047 5
    endloop
  endfacet
  facet normal 0.7298640726978358 0.6835923020228711 0
    outer loop
      vertex 12.240761184457488 12.240761184457488 0
      vertex 12.18260825027733 12.30285044036991 5
      vertex 12.240761184457488 12.240761184457488 5
    endloop
  endfacet
  facet normal 0.9994645874763652 0.03271908282178688 0
    outer loop
      vertex 11.862783399789816 13.074975932000815 0
      vertex 11.86 13.16 5
      vertex 11.862783399789816 13.074975932000815 5
    endloop
  endfacet
  facet normal 0.9994645874763652 -0.03271908282178688 0
    outer loop
      vertex 11.86 13.16 0
      vertex 11.862783399789816 13.245024067999186 5
      vertex 11.86 13.16 5
    endloop
  endfacet
  facet normal 0.9951847266721964 -0.0980171403295666 0
    outer loop
      vertex 11.862783399789816 13.245024067999186 0
      vertex 11.871121680214047 13.329684049886067 5
      vertex 11.862783399789816 13.245024067999186 5
    endloop
  endfacet
  facet normal 0.9866433320848802 -0.1628954733945812 0
    outer loop
      vertex 11.871121680214047 13.329684049886067 0
      vertex 11.8849791354758 13.413617418620968 5
      vertex 11.871121680214047 13.329684049886067 5
    endloop
  endfacet
  facet normal 0.9738769792773321 -0.22707626303437964 0
    outer loop
      vertex 11.8849791354758 13.413617418620968 0
      vertex 11.904296425824212 13.496464758633277 5
      vertex 11.8849791354758 13.413617418620968 5
    endloop
  endfacet
  facet normal 0.9569403357322127 -0.29028467725444984 0
    outer loop
      vertex 11.904296425824212 13.496464758633277 0
      vertex 11.928990831656362 13.57787130489411 5
      vertex 11.904296425824212 13.496464758633277 5
    endloop
  endfacet
  facet normal 0.9359059267573241 -0.35225004792123776 0
    outer loop
      vertex 11.928990831656362 13.57787130489411 0
      vertex 11.958956607735328 13.657488462074618 5
      vertex 11.928990831656362 13.57787130489411 5
    endloop
  endfacet
  facet normal 0.9108638249211707 -0.41270702980440604 0
    outer loop
      vertex 11.958956607735328 13.657488462074618 0
      vertex 11.994065436007507 13.734975297284702 5
      vertex 11.958956607735328 13.657488462074618 5
    endloop
  endfacet
  facet normal 0.8819212643483569 -0.471396736825994 0
    outer loop
      vertex 11.994065436007507 13.734975297284702 0
      vertex 12.03416697508023 13.81 5
      vertex 11.994065436007507 13.734975297284702 5
    endloop
  endfacet
  facet normal 0.8492021815265761 -0.5280678506503724 0
    outer loop
      vertex 12.03416697508023 13.81 0
      vertex 12.079089504006692 13.882241302925483 5
      vertex 12.03416697508023 13.81 5
    endloop
  endfacet
  facet normal 0.8128466845916223 -0.582477696867792 0
    outer loop
      vertex 12.079089504006692 13.882241302925483 0
      vertex 12.128640657621395 13.951389857711337 5
      vertex 12.079089504006692 13.882241302925483 5
    endloop
  endfacet
  facet normal 0.7730104533627354 -0.6343932841636475 0
    outer loop
      vertex 12.128640657621395 13.951389857711337 0
      vertex 12.18260825027733 14.01714955963009 5
      vertex 12.128640657621395 13.951389857711337 5
    endloop
  endfacet
  facet normal 0.7298640726978352 -0.6835923020228719 8.863298073013737e-20
    outer loop
      vertex 12.24076118445749 14.079238815542514 5
      vertex 12.18260825027733 14.01714955963009 5
      vertex 12.18260825027733 14.01714955963009 0
    endloop
  endfacet
  facet normal 0.6835923020228705 -0.7298640726978364 1.6439035261927157e-17
    outer loop
      vertex 12.240761184457488 14.079238815542512 0
      vertex 12.30285044036991 14.13739174972267 5
      vertex 12.24076118445749 14.079238815542514 5
    endloop
  endfacet
  facet normal 0.6343932841636475 -0.7730104533627354 0
    outer loop
      vertex 12.30285044036991 14.13739174972267 0
      vertex 12.368610142288663 14.191359342378606 5
      vertex 12.30285044036991 14.13739174972267 5
    endloop
  endfacet
  facet normal 0.582477696867792 -0.8128466845916223 0
    outer loop
      vertex 12.368610142288663 14.191359342378606 0
      vertex 12.437758697074518 14.240910495993308 5
      vertex 12.368610142288663 14.191359342378606 5
    endloop
  endfacet
  facet normal 0.5280678506503724 -0.8492021815265761 0
    outer loop
      vertex 12.437758697074518 14.240910495993308 0
      vertex 12.51 14.28583302491977 5
      vertex 12.437758697074518 14.240910495993308 5
    endloop
  endfacet
  facet normal 0.471396736825994 -0.8819212643483569 0
    outer loop
      vertex 12.51 14.28583302491977 0
      vertex 12.585024702715298 14.325934563992494 5
      vertex 12.51 14.28583302491977 5
    endloop
  endfacet
  facet normal 0.41270702980440604 -0.9108638249211707 0
    outer loop
      vertex 12.585024702715298 14.325934563992494 0
      vertex 12.662511537925383 14.361043392264673 5
      vertex 12.585024702715298 14.325934563992494 5
    endloop
  endfacet
  facet normal 0.35225004792123776 -0.9359059267573241 3.171544806949219e-19
    outer loop
      vertex 12.74212869510589 14.391009168343638 5
      vertex 12.662511537925383 14.361043392264673 5
      vertex 12.662511537925383 14.361043392264673 0
    endloop
  endfacet
  facet normal 0.29028467725444984 -0.9569403357322127 0
    outer loop
      vertex 12.74212869510589 14.391009168343638 0
      vertex 12.823535241366724 14.415703574175788 5
      vertex 12.74212869510589 14.391009168343638 5
    endloop
  endfacet
  facet normal 0.22707626303437964 -0.9738769792773321 0
    outer loop
      vertex 12.823535241366724 14.415703574175788 0
      vertex 12.906382581379033 14.4350208645242 5
      vertex 12.823535241366724 14.415703574175788 5
    endloop
  endfacet
  facet normal 0.1628954733945812 -0.9866433320848802 0
    outer loop
      vertex 12.906382581379033 14.4350208645242 0
      vertex 12.990315950113933 14.448878319785953 5
      vertex 12.906382581379033 14.4350208645242 5
    endloop
  endfacet
  facet normal 0.0980171403295666 -0.9951847266721964 0
    outer loop
      vertex 12.990315950113933 14.448878319785953 0
      vertex 13.074975932000815 14.457216600210185 5
      vertex 12.990315950113933 14.448878319785953 5
    endloop
  endfacet
  facet normal 0.0980171403295666 0.9951847266721964 0
    outer loop
      vertex 13.074975932000815 11.862783399789816 0
      vertex 12.990315950113933 11.871121680214047 5
      vertex 13.074975932000815 11.862783399789816 5
    endloop
  endfacet
  facet normal 0.03271908282178688 0.9994645874763652 0
    outer loop
      vertex 13.16 11.86 0
      vertex 13.074975932000815 11.862783399789816 5
      vertex 13.16 11.86 5
    endloop
  endfacet
  facet normal -0.03271908282178688 0.9994645874763652 0
    outer loop
      vertex 13.245024067999186 11.862783399789816 0
      vertex 13.16 11.86 5
      vertex 13.245024067999186 11.862783399789816 5
    endloop
  endfacet
  facet normal -0.0980171403295666 0.9951847266721964 0
    outer loop
      vertex 13.329684049886067 11.871121680214047 0
      vertex 13.245024067999186 11.862783399789816 5
      vertex 13.329684049886067 11.871121680214047 5
    endloop
  endfacet
  facet normal -0.1628954733945812 0.9866433320848802 0
    outer loop
      vertex 13.413617418620968 11.8849791354758 0
      vertex 13.329684049886067 11.871121680214047 5
      vertex 13.413617418620968 11.8849791354758 5
    endloop
  endfacet
  facet normal -0.2270762630343786 0.9738769792773324 1.8363741479526466e-17
    outer loop
      vertex 13.496447299224823 11.904292354861132 5
      vertex 13.496464758633277 11.904296425824212 0
      vertex 13.413617418620968 11.8849791354758 5
    endloop
  endfacet
  facet normal -0.22707626303936643 0.9738769792761695 6.420810156984629e-23
    outer loop
      vertex 13.496447299224823 11.904292354861132 5
      vertex 13.496464758633277 11.904296425824212 5
      vertex 13.496464758633277 11.904296425824212 0
    endloop
  endfacet
  facet normal -0.29028467725444984 0.9569403357322127 0
    outer loop
      vertex 13.57787130489411 11.928990831656362 0
      vertex 13.496464758633277 11.904296425824212 5
      vertex 13.57787130489411 11.928990831656362 5
    endloop
  endfacet
  facet normal -0.35225004792123776 0.9359059267573241 0
    outer loop
      vertex 13.657488462074618 11.958956607735328 0
      vertex 13.57787130489411 11.928990831656362 5
      vertex 13.657488462074618 11.958956607735328 5
    endloop
  endfacet
  facet normal -0.41270702980440604 0.9108638249211707 0
    outer loop
      vertex 13.734975297284702 11.994065436007507 0
      vertex 13.657488462074618 11.958956607735328 5
      vertex 13.734975297284702 11.994065436007507 5
    endloop
  endfacet
  facet normal -0.471396736825994 0.8819212643483569 0
    outer loop
      vertex 13.81 12.03416697508023 0
      vertex 13.734975297284702 11.994065436007507 5
      vertex 13.81 12.03416697508023 5
    endloop
  endfacet
  facet normal -0.5280678506503724 0.8492021815265761 0
    outer loop
      vertex 13.882241302925483 12.079089504006692 0
      vertex 13.81 12.03416697508023 5
      vertex 13.882241302925483 12.079089504006692 5
    endloop
  endfacet
  facet normal -0.582477696867792 0.8128466845916223 0
    outer loop
      vertex 13.951389857711337 12.128640657621395 0
      vertex 13.882241302925483 12.079089504006692 5
      vertex 13.951389857711337 12.128640657621395 5
    endloop
  endfacet
  facet normal -0.6343932841636475 0.7730104533627354 0
    outer loop
      vertex 14.01714955963009 12.18260825027733 0
      vertex 13.951389857711337 12.128640657621395 5
      vertex 14.01714955963009 12.18260825027733 5
    endloop
  endfacet
  facet normal -0.6835923020228711 0.7298640726978358 0
    outer loop
      vertex 14.079238815542512 12.240761184457488 0
      vertex 14.01714955963009 12.18260825027733 5
      vertex 14.079238815542512 12.240761184457488 5
    endloop
  endfacet
  facet normal -0.7298640726978358 0.6835923020228711 0
    outer loop
      vertex 14.13739174972267 12.30285044036991 0
      vertex 14.079238815542512 12.240761184457488 5
      vertex 14.13739174972267 12.30285044036991 5
    endloop
  endfacet
  facet normal -0.7730104533627354 0.6343932841636475 0
    outer loop
      vertex 14.191359342378606 12.368610142288663 0
      vertex 14.13739174972267 12.30285044036991 5
      vertex 14.191359342378606 12.368610142288663 5
    endloop
  endfacet
  facet normal -0.8128466845916223 0.582477696867792 0
    outer loop
      vertex 14.240910495993308 12.437758697074518 0
      vertex 14.191359342378606 12.368610142288663 5
      vertex 14.240910495993308 12.437758697074518 5
    endloop
  endfacet
  facet normal -0.8492021815265761 0.5280678506503724 0
    outer loop
      vertex 14.28583302491977 12.51 0
      vertex 14.240910495993308 12.437758697074518 5
      vertex 14.28583302491977 12.51 5
    endloop
  endfacet
  facet normal -0.8819212643483569 0.471396736825994 0
    outer loop
      vertex 14.325934563992494 12.585024702715298 0
      vertex 14.28583302491977 12.51 5
      vertex 14.325934563992494 12.585024702715298 5
    endloop
  endfacet
  facet normal -0.9108638249211707 0.41270702980440604 0
    outer loop
      vertex 14.361043392264673 12.662511537925383 0
      vertex 14.325934563992494 12.585024702715298 5
      vertex 14.361043392264673 12.662511537925383 5
    endloop
  endfacet
  facet normal -0.9359059267573241 0.35225004792123776 3.171544806949219e-19
    outer loop
      vertex 14.361043392264673 12.662511537925383 5
      vertex 14.391009168343638 12.74212869510589 5
      vertex 14.391009168343638 12.74212869510589 0
    endloop
  endfacet
  facet normal -0.9569403357322127 0.29028467725444984 0
    outer loop
      vertex 14.415703574175788 12.823535241366724 0
      vertex 14.391009168343638 12.74212869510589 5
      vertex 14.415703574175788 12.823535241366724 5
    endloop
  endfacet
  facet normal -0.9738769792773321 0.22707626303437964 0
    outer loop
      vertex 14.4350208645242 12.906382581379033 0
      vertex 14.415703574175788 12.823535241366724 5
      vertex 14.4350208645242 12.906382581379033 5
    endloop
  endfacet
  facet normal -0.9866433320848802 0.1628954733945812 0
    outer loop
      vertex 14.448878319785953 12.990315950113933 0
      vertex 14.4350208645242 12.906382581379033 5
      vertex 14.448878319785953 12.990315950113933 5
    endloop
  endfacet
  facet normal 0.03271908282178688 -0.9994645874763652 0
    outer loop
      vertex 13.074975932000815 14.457216600210185 0
      vertex 13.16 14.46 5
      vertex 13.074975932000815 14.457216600210185 5
    endloop
  endfacet
  facet normal -0.03271908282178688 -0.9994645874763652 0
    outer loop
      vertex 13.16 14.46 0
      vertex 13.245024067999186 14.457216600210185 5
      vertex 13.16 14.46 5
    endloop
  endfacet
  facet normal -0.0980171403295666 -0.9951847266721964 0
    outer loop
      vertex 13.245024067999186 14.457216600210185 0
      vertex 13.329684049886067 14.448878319785953 5
      vertex 13.245024067999186 14.457216600210185 5
    endloop
  endfacet
  facet normal -0.1628954733945812 -0.9866433320848802 0
    outer loop
      vertex 13.329684049886067 14.448878319785953 0
      vertex 13.413617418620968 14.4350208645242 5
      vertex 13.329684049886067 14.448878319785953 5
    endloop
  endfacet
  facet normal -0.22707626303437964 -0.9738769792773321 0
    outer loop
      vertex 13.413617418620968 14.4350208645242 0
      vertex 13.496464758633277 14.415703574175788 5
      vertex 13.413617418620968 14.4350208645242 5
    endloop
  endfacet
  facet normal -0.29028467725444984 -0.9569403357322127 0
    outer loop
      vertex 13.496464758633277 14.415703574175788 0
      vertex 13.57787130489411 14.391009168343638 5
      vertex 13.496464758633277 14.415703574175788 5
    endloop
  endfacet
  facet normal -0.35225004792123776 -0.9359059267573241 0
    outer loop
      vertex 13.57787130489411 14.391009168343638 0
      vertex 13.657488462074618 14.361043392264673 5
      vertex 13.57787130489411 14.391009168343638 5
    endloop
  endfacet
  facet normal -0.41270702980440604 -0.9108638249211707 0
    outer loop
      vertex 13.657488462074618 14.361043392264673 0
      vertex 13.734975297284702 14.325934563992494 5
      vertex 13.657488462074618 14.361043392264673 5
    endloop
  endfacet
  facet normal -0.471396736825994 -0.8819212643483569 0
    outer loop
      vertex 13.734975297284702 14.325934563992494 0
      vertex 13.81 14.28583302491977 5
      vertex 13.734975297284702 14.325934563992494 5
    endloop
  endfacet
  facet normal -0.5280678506503724 -0.8492021815265761 0
    outer loop
      vertex 13.81 14.28583302491977 0
      vertex 13.882241302925483 14.240910495993308 5
      vertex 13.81 14.28583302491977 5
    endloop
  endfacet
  facet normal -0.9951847266721964 0.0980171403295666 0
    outer loop
      vertex 14.457216600210185 13.074975932000815 0
      vertex 14.448878319785953 12.990315950113933 5
      vertex 14.457216600210185 13.074975932000815 5
    endloop
  endfacet
  facet normal -0.9951847266721964 -0.0980171403295666 0
    outer loop
      vertex 14.448878319785953 13.329684049886067 0
      vertex 14.457216600210185 13.245024067999186 5
      vertex 14.448878319785953 13.329684049886067 5
    endloop
  endfacet
  facet normal -0.9866433320848802 -0.1628954733945812 0
    outer loop
      vertex 14.4350208645242 13.413617418620968 0
      vertex 14.448878319785953 13.329684049886067 5
      vertex 14.4350208645242 13.413617418620968 5
    endloop
  endfacet
  facet normal -0.9994645874763652 0.03271908282178688 0
    outer loop
      vertex 14.46 13.16 0
      vertex 14.457216600210185 13.074975932000815 5
      vertex 14.46 13.16 5
    endloop
  endfacet
  facet normal -0.9994645874763652 -0.03271908282178688 0
    outer loop
      vertex 14.457216600210185 13.245024067999186 0
      vertex 14.46 13.16 5
      vertex 14.457216600210185 13.245024067999186 5
    endloop
  endfacet
  facet normal -0.9738769792773321 -0.22707626303437964 0
    outer loop
      vertex 14.415703574175788 13.496464758633277 0
      vertex 14.4350208645242 13.413617418620968 5
      vertex 14.415703574175788 13.496464758633277 5
    endloop
  endfacet
  facet normal -0.9569403357322127 -0.29028467725444984 0
    outer loop
      vertex 14.391009168343638 13.57787130489411 0
      vertex 14.415703574175788 13.496464758633277 5
      vertex 14.391009168343638 13.57787130489411 5
    endloop
  endfacet
  facet normal -0.9359059267573241 -0.35225004792123776 0
    outer loop
      vertex 14.361043392264673 13.657488462074618 0
      vertex 14.391009168343638 13.57787130489411 5
      vertex 14.361043392264673 13.657488462074618 5
    endloop
  endfacet
  facet normal -0.9108638249211707 -0.41270702980440604 0
    outer loop
      vertex 14.325934563992494 13.734975297284702 0
      vertex 14.361043392264673 13.657488462074618 5
      vertex 14.325934563992494 13.734975297284702 5
    endloop
  endfacet
  facet normal -0.8819212643483569 -0.471396736825994 0
    outer loop
      vertex 14.28583302491977 13.81 0
      vertex 14.325934563992494 13.734975297284702 5
      vertex 14.28583302491977 13.81 5
    endloop
  endfacet
  facet normal -0.582477696867792 -0.8128466845916223 0
    outer loop
      vertex 13.882241302925483 14.240910495993308 0
      vertex 13.951389857711337 14.191359342378606 5
      vertex 13.882241302925483 14.240910495993308 5
    endloop
  endfacet
  facet normal -0.6835923020228711 -0.7298640726978358 0
    outer loop
      vertex 14.01714955963009 14.13739174972267 0
      vertex 14.079238815542512 14.079238815542512 5
      vertex 14.01714955963009 14.13739174972267 5
    endloop
  endfacet
  facet normal -0.6343932841636475 -0.7730104533627354 0
    outer loop
      vertex 13.951389857711337 14.191359342378606 0
      vertex 14.01714955963009 14.13739174972267 5
      vertex 13.951389857711337 14.191359342378606 5
    endloop
  endfacet
  facet normal -0.8128466845916223 -0.582477696867792 0
    outer loop
      vertex 14.191359342378606 13.951389857711337 0
      vertex 14.240910495993308 13.882241302925483 5
      vertex 14.191359342378606 13.951389857711337 5
    endloop
  endfacet
  facet normal -0.7730104533627354 -0.6343932841636475 0
    outer loop
      vertex 14.13739174972267 14.01714955963009 0
      vertex 14.191359342378606 13.951389857711337 5
      vertex 14.13739174972267 14.01714955963009 5
    endloop
  endfacet
  facet normal -0.7298640726978358 -0.6835923020228711 0
    outer loop
      vertex 14.079238815542512 14.079238815542512 0
      vertex 14.13739174972267 14.01714955963009 5
      vertex 14.079238815542512 14.079238815542512 5
    endloop
  endfacet
  facet normal -0.8492021815265761 -0.5280678506503724 0
    outer loop
      vertex 14.240910495993308 13.882241302925483 0
      vertex 14.28583302491977 13.81 5
      vertex 14.240910495993308 13.882241302925483 5
    endloop
  endfacet
  facet normal 0.6343932841636475 0.7730104533627354 0
    outer loop
      vertex -14.01714955963009 12.18260825027733 0
      vertex -14.01714955963009 12.18260825027733 5
      vertex -13.951389857711337 12.128640657621395 0
    endloop
  endfacet
  facet normal 0.582477696867792 0.8128466845916223 0
    outer loop
      vertex -13.951389857711337 12.128640657621395 0
      vertex -13.951389857711337 12.128640657621395 5
      vertex -13.882241302925483 12.079089504006692 0
    endloop
  endfacet
  facet normal 0.5280678506503724 0.8492021815265761 0
    outer loop
      vertex -13.882241302925483 12.079089504006692 0
      vertex -13.882241302925483 12.079089504006692 5
      vertex -13.81 12.03416697508023 0
    endloop
  endfacet
  facet normal 0.8492021815265761 0.5280678506503724 -1.4332368421815452e-19
    outer loop
      vertex -14.240910495993308 12.437758697074518 0
      vertex -14.28583302491977 12.51 0
      vertex -14.28583302491977 12.51 5
    endloop
  endfacet
  facet normal 0.8819212643483569 0.471396736825994 8.98574376288528e-20
    outer loop
      vertex -14.28583302491977 12.51 0
      vertex -14.325934563992494 12.585024702715298 0
      vertex -14.325934563992494 12.585024702715298 5
    endloop
  endfacet
  facet normal 0.9359059267573241 0.35225004792123776 -3.171544806949219e-19
    outer loop
      vertex -14.361043392264673 12.662511537925383 0
      vertex -14.391009168343638 12.74212869510589 0
      vertex -14.391009168343638 12.74212869510589 5
    endloop
  endfacet
  facet normal 0.9569403357322127 0.29028467725444984 -2.688993905604372e-19
    outer loop
      vertex -14.391009168343638 12.74212869510589 0
      vertex -14.415703574175788 12.823535241366724 0
      vertex -14.415703574175788 12.823535241366724 5
    endloop
  endfacet
  facet normal 0.9108638249211707 0.41270702980440604 -3.369359564224459e-19
    outer loop
      vertex -14.325934563992494 12.585024702715298 0
      vertex -14.361043392264673 12.662511537925383 0
      vertex -14.361043392264673 12.662511537925383 5
    endloop
  endfacet
  facet normal 0.9738769792773321 0.22707626303437964 2.3598931206626946e-19
    outer loop
      vertex -14.415703574175788 12.823535241366724 0
      vertex -14.4350208645242 12.906382581379033 0
      vertex -14.4350208645242 12.906382581379033 5
    endloop
  endfacet
  facet normal 0.9866433320848802 0.1628954733945812 1.4923385133231607e-19
    outer loop
      vertex -14.4350208645242 12.906382581379033 0
      vertex -14.448878319785953 12.990315950113933 0
      vertex -14.448878319785953 12.990315950113933 5
    endloop
  endfacet
  facet normal 0.8128466845916223 0.582477696867792 2.3324796402237442e-20
    outer loop
      vertex -14.191359342378606 12.368610142288663 0
      vertex -14.240910495993308 12.437758697074518 0
      vertex -14.240910495993308 12.437758697074518 5
    endloop
  endfacet
  facet normal 0.7730104533627354 0.6343932841636475 4.62095388483965e-19
    outer loop
      vertex -14.13739174972267 12.30285044036991 0
      vertex -14.191359342378606 12.368610142288663 0
      vertex -14.191359342378606 12.368610142288663 5
    endloop
  endfacet
  facet normal 0.7298640726978358 0.6835923020228711 4.334081955429196e-19
    outer loop
      vertex -14.079238815542512 12.240761184457488 0
      vertex -14.13739174972267 12.30285044036991 0
      vertex -14.13739174972267 12.30285044036991 5
    endloop
  endfacet
  facet normal 0.6835923020228711 0.7298640726978358 4.334081955429196e-19
    outer loop
      vertex -14.01714955963009 12.18260825027733 0
      vertex -14.079238815542512 12.240761184457488 0
      vertex -14.079238815542512 12.240761184457488 5
    endloop
  endfacet
  facet normal 0.41270702980440604 0.9108638249211707 0
    outer loop
      vertex -13.734975297284702 11.994065436007507 0
      vertex -13.734975297284702 11.994065436007507 5
      vertex -13.657488462074618 11.958956607735328 0
    endloop
  endfacet
  facet normal 0.471396736825994 0.8819212643483569 0
    outer loop
      vertex -13.81 12.03416697508023 0
      vertex -13.81 12.03416697508023 5
      vertex -13.734975297284702 11.994065436007507 0
    endloop
  endfacet
  facet normal 0.35225004792123776 0.9359059267573241 0
    outer loop
      vertex -13.657488462074618 11.958956607735328 0
      vertex -13.657488462074618 11.958956607735328 5
      vertex -13.57787130489411 11.928990831656362 0
    endloop
  endfacet
  facet normal 0.29028467725444984 0.9569403357322127 0
    outer loop
      vertex -13.57787130489411 11.928990831656362 0
      vertex -13.57787130489411 11.928990831656362 5
      vertex -13.496464758633277 11.904296425824212 0
    endloop
  endfacet
  facet normal 0.22707626303936643 0.9738769792761695 -6.420810156984629e-23
    outer loop
      vertex -13.496447299224823 11.904292354861132 0
      vertex -13.496464758633277 11.904296425824212 0
      vertex -13.496464758633277 11.904296425824212 5
    endloop
  endfacet
  facet normal 0.2270762630343786 0.9738769792773324 -1.8363741479526466e-17
    outer loop
      vertex -13.496447299224823 11.904292354861132 0
      vertex -13.496464758633277 11.904296425824212 5
      vertex -13.413617418620968 11.8849791354758 0
    endloop
  endfacet
  facet normal 0.1628954733945812 0.9866433320848802 0
    outer loop
      vertex -13.413617418620968 11.8849791354758 0
      vertex -13.413617418620968 11.8849791354758 5
      vertex -13.329684049886067 11.871121680214047 0
    endloop
  endfacet
  facet normal 0.0980171403295666 0.9951847266721964 0
    outer loop
      vertex -13.329684049886067 11.871121680214047 0
      vertex -13.329684049886067 11.871121680214047 5
      vertex -13.245024067999186 11.862783399789816 0
    endloop
  endfacet
  facet normal 0.03271908282178688 0.9994645874763652 0
    outer loop
      vertex -13.245024067999186 11.862783399789816 0
      vertex -13.245024067999186 11.862783399789816 5
      vertex -13.16 11.86 0
    endloop
  endfacet
  facet normal -0.03271908282178688 0.9994645874763652 0
    outer loop
      vertex -13.16 11.86 0
      vertex -13.16 11.86 5
      vertex -13.074975932000815 11.862783399789816 0
    endloop
  endfacet
  facet normal -0.0980171403295666 0.9951847266721964 0
    outer loop
      vertex -13.074975932000815 11.862783399789816 0
      vertex -13.074975932000815 11.862783399789816 5
      vertex -12.990315950113933 11.871121680214047 0
    endloop
  endfacet
  facet normal 0.9994645874763652 0.03271908282178688 -2.640412656066368e-20
    outer loop
      vertex -14.457216600210185 13.074975932000815 0
      vertex -14.46 13.16 0
      vertex -14.46 13.16 5
    endloop
  endfacet
  facet normal 0.9994645874763652 -0.03271908282178688 2.640412656066368e-20
    outer loop
      vertex -14.46 13.16 0
      vertex -14.457216600210185 13.245024067999186 0
      vertex -14.457216600210185 13.245024067999186 5
    endloop
  endfacet
  facet normal 0.9951847266721964 0.0980171403295666 -4.1697850619182765e-20
    outer loop
      vertex -14.448878319785953 12.990315950113933 0
      vertex -14.457216600210185 13.074975932000815 0
      vertex -14.457216600210185 13.074975932000815 5
    endloop
  endfacet
  facet normal 0.9951847266721964 -0.0980171403295666 4.1697850619182765e-20
    outer loop
      vertex -14.457216600210185 13.245024067999186 0
      vertex -14.448878319785953 13.329684049886067 0
      vertex -14.448878319785953 13.329684049886067 5
    endloop
  endfacet
  facet normal 0.9866433320848802 -0.1628954733945812 -1.4923385133231607e-19
    outer loop
      vertex -14.448878319785953 13.329684049886067 0
      vertex -14.4350208645242 13.413617418620968 0
      vertex -14.4350208645242 13.413617418620968 5
    endloop
  endfacet
  facet normal 0.9738769792773321 -0.22707626303437964 -2.3598931206626946e-19
    outer loop
      vertex -14.4350208645242 13.413617418620968 0
      vertex -14.415703574175788 13.496464758633277 0
      vertex -14.415703574175788 13.496464758633277 5
    endloop
  endfacet
  facet normal 0.9569403357322127 -0.29028467725444984 2.688993905604372e-19
    outer loop
      vertex -14.415703574175788 13.496464758633277 0
      vertex -14.391009168343638 13.57787130489411 0
      vertex -14.391009168343638 13.57787130489411 5
    endloop
  endfacet
  facet normal 0.9359059267573241 -0.35225004792123776 3.171544806949219e-19
    outer loop
      vertex -14.391009168343638 13.57787130489411 0
      vertex -14.361043392264673 13.657488462074618 0
      vertex -14.361043392264673 13.657488462074618 5
    endloop
  endfacet
  facet normal 0.9108638249211707 -0.41270702980440604 3.369359564224459e-19
    outer loop
      vertex -14.361043392264673 13.657488462074618 0
      vertex -14.325934563992494 13.734975297284702 0
      vertex -14.325934563992494 13.734975297284702 5
    endloop
  endfacet
  facet normal 0.8819212643483569 -0.471396736825994 -8.98574376288528e-20
    outer loop
      vertex -14.325934563992494 13.734975297284702 0
      vertex -14.28583302491977 13.81 0
      vertex -14.28583302491977 13.81 5
    endloop
  endfacet
  facet normal 0.8492021815265761 -0.5280678506503724 1.4332368421815452e-19
    outer loop
      vertex -14.28583302491977 13.81 0
      vertex -14.240910495993308 13.882241302925483 0
      vertex -14.240910495993308 13.882241302925483 5
    endloop
  endfacet
  facet normal 0.8128466845916223 -0.582477696867792 -2.3324796402237442e-20
    outer loop
      vertex -14.240910495993308 13.882241302925483 0
      vertex -14.191359342378606 13.951389857711337 0
      vertex -14.191359342378606 13.951389857711337 5
    endloop
  endfacet
  facet normal 0.7730104533627354 -0.6343932841636475 -4.62095388483965e-19
    outer loop
      vertex -14.191359342378606 13.951389857711337 0
      vertex -14.13739174972267 14.01714955963009 0
      vertex -14.13739174972267 14.01714955963009 5
    endloop
  endfacet
  facet normal 0.7298640726978358 -0.6835923020228711 -4.334081955429196e-19
    outer loop
      vertex -14.13739174972267 14.01714955963009 0
      vertex -14.079238815542512 14.079238815542512 0
      vertex -14.079238815542512 14.079238815542512 5
    endloop
  endfacet
  facet normal 0.6835923020228711 -0.7298640726978358 0
    outer loop
      vertex -14.01714955963009 14.13739174972267 0
      vertex -14.01714955963009 14.13739174972267 5
      vertex -14.079238815542512 14.079238815542512 0
    endloop
  endfacet
  facet normal 0.6343932841636475 -0.7730104533627354 0
    outer loop
      vertex -13.951389857711337 14.191359342378606 0
      vertex -13.951389857711337 14.191359342378606 5
      vertex -14.01714955963009 14.13739174972267 0
    endloop
  endfacet
  facet normal 0.582477696867792 -0.8128466845916223 0
    outer loop
      vertex -13.882241302925483 14.240910495993308 0
      vertex -13.882241302925483 14.240910495993308 5
      vertex -13.951389857711337 14.191359342378606 0
    endloop
  endfacet
  facet normal 0.5280678506503724 -0.8492021815265761 0
    outer loop
      vertex -13.81 14.28583302491977 0
      vertex -13.81 14.28583302491977 5
      vertex -13.882241302925483 14.240910495993308 0
    endloop
  endfacet
  facet normal 0.471396736825994 -0.8819212643483569 0
    outer loop
      vertex -13.734975297284702 14.325934563992494 0
      vertex -13.734975297284702 14.325934563992494 5
      vertex -13.81 14.28583302491977 0
    endloop
  endfacet
  facet normal 0.41270702980440604 -0.9108638249211707 0
    outer loop
      vertex -13.657488462074618 14.361043392264673 0
      vertex -13.657488462074618 14.361043392264673 5
      vertex -13.734975297284702 14.325934563992494 0
    endloop
  endfacet
  facet normal 0.35225004792123776 -0.9359059267573241 0
    outer loop
      vertex -13.57787130489411 14.391009168343638 0
      vertex -13.57787130489411 14.391009168343638 5
      vertex -13.657488462074618 14.361043392264673 0
    endloop
  endfacet
  facet normal 0.29028467725444984 -0.9569403357322127 0
    outer loop
      vertex -13.496464758633277 14.415703574175788 0
      vertex -13.496464758633277 14.415703574175788 5
      vertex -13.57787130489411 14.391009168343638 0
    endloop
  endfacet
  facet normal 0.22707626303437964 -0.9738769792773321 0
    outer loop
      vertex -13.413617418620968 14.4350208645242 0
      vertex -13.413617418620968 14.4350208645242 5
      vertex -13.496464758633277 14.415703574175788 0
    endloop
  endfacet
  facet normal 0.1628954733945812 -0.9866433320848802 0
    outer loop
      vertex -13.329684049886067 14.448878319785953 0
      vertex -13.329684049886067 14.448878319785953 5
      vertex -13.413617418620968 14.4350208645242 0
    endloop
  endfacet
  facet normal 0.0980171403295666 -0.9951847266721964 0
    outer loop
      vertex -13.245024067999186 14.457216600210185 0
      vertex -13.245024067999186 14.457216600210185 5
      vertex -13.329684049886067 14.448878319785953 0
    endloop
  endfacet
  facet normal 0.03271908282178688 -0.9994645874763652 0
    outer loop
      vertex -13.16 14.46 0
      vertex -13.16 14.46 5
      vertex -13.245024067999186 14.457216600210185 0
    endloop
  endfacet
  facet normal -0.03271908282178688 -0.9994645874763652 0
    outer loop
      vertex -13.074975932000815 14.457216600210185 0
      vertex -13.074975932000815 14.457216600210185 5
      vertex -13.16 14.46 0
    endloop
  endfacet
  facet normal -0.1628954733945812 0.9866433320848802 0
    outer loop
      vertex -12.990315950113933 11.871121680214047 0
      vertex -12.990315950113933 11.871121680214047 5
      vertex -12.906382581379033 11.8849791354758 0
    endloop
  endfacet
  facet normal -0.22707626303437964 0.9738769792773321 0
    outer loop
      vertex -12.906382581379033 11.8849791354758 0
      vertex -12.906382581379033 11.8849791354758 5
      vertex -12.823535241366724 11.904296425824212 0
    endloop
  endfacet
  facet normal -0.29028467725444984 0.9569403357322127 0
    outer loop
      vertex -12.823535241366724 11.904296425824212 0
      vertex -12.823535241366724 11.904296425824212 5
      vertex -12.74212869510589 11.928990831656362 0
    endloop
  endfacet
  facet normal -0.35225004792123776 0.9359059267573241 3.171544806949219e-19
    outer loop
      vertex -12.662511537925383 11.958956607735328 0
      vertex -12.74212869510589 11.928990831656362 0
      vertex -12.74212869510589 11.928990831656362 5
    endloop
  endfacet
  facet normal -0.41270702980440604 0.9108638249211707 0
    outer loop
      vertex -12.662511537925383 11.958956607735328 0
      vertex -12.662511537925383 11.958956607735328 5
      vertex -12.585024702715298 11.994065436007507 0
    endloop
  endfacet
  facet normal -0.471396736825994 0.8819212643483569 0
    outer loop
      vertex -12.585024702715298 11.994065436007507 0
      vertex -12.585024702715298 11.994065436007507 5
      vertex -12.51 12.03416697508023 0
    endloop
  endfacet
  facet normal -0.5280678506503724 0.8492021815265761 0
    outer loop
      vertex -12.51 12.03416697508023 0
      vertex -12.51 12.03416697508023 5
      vertex -12.437758697074518 12.079089504006692 0
    endloop
  endfacet
  facet normal -0.582477696867792 0.8128466845916223 0
    outer loop
      vertex -12.437758697074518 12.079089504006692 0
      vertex -12.437758697074518 12.079089504006692 5
      vertex -12.368610142288663 12.128640657621395 0
    endloop
  endfacet
  facet normal -0.6343932841636475 0.7730104533627354 0
    outer loop
      vertex -12.368610142288663 12.128640657621395 0
      vertex -12.368610142288663 12.128640657621395 5
      vertex -12.30285044036991 12.18260825027733 0
    endloop
  endfacet
  facet normal -0.6835923020228711 0.7298640726978358 0
    outer loop
      vertex -12.30285044036991 12.18260825027733 0
      vertex -12.30285044036991 12.18260825027733 5
      vertex -12.240761184457488 12.240761184457488 0
    endloop
  endfacet
  facet normal -0.7298640726978358 0.6835923020228711 0
    outer loop
      vertex -12.240761184457488 12.240761184457488 0
      vertex -12.240761184457488 12.240761184457488 5
      vertex -12.18260825027733 12.30285044036991 0
    endloop
  endfacet
  facet normal -0.7730104533627354 0.6343932841636475 -4.62095388483965e-19
    outer loop
      vertex -12.128640657621395 12.368610142288663 0
      vertex -12.18260825027733 12.30285044036991 0
      vertex -12.18260825027733 12.30285044036991 5
    endloop
  endfacet
  facet normal -0.8128466845916223 0.582477696867792 -2.3324796402237442e-20
    outer loop
      vertex -12.079089504006692 12.437758697074518 0
      vertex -12.128640657621395 12.368610142288663 0
      vertex -12.128640657621395 12.368610142288663 5
    endloop
  endfacet
  facet normal -0.8492021815265761 0.5280678506503724 1.4332368421815452e-19
    outer loop
      vertex -12.03416697508023 12.51 0
      vertex -12.079089504006692 12.437758697074518 0
      vertex -12.079089504006692 12.437758697074518 5
    endloop
  endfacet
  facet normal -0.8819212643483569 0.471396736825994 -8.98574376288528e-20
    outer loop
      vertex -11.994065436007507 12.585024702715298 0
      vertex -12.03416697508023 12.51 0
      vertex -12.03416697508023 12.51 5
    endloop
  endfacet
  facet normal -0.9108638249211707 0.41270702980440604 3.369359564224459e-19
    outer loop
      vertex -11.958956607735328 12.662511537925383 0
      vertex -11.994065436007507 12.585024702715298 0
      vertex -11.994065436007507 12.585024702715298 5
    endloop
  endfacet
  facet normal -0.9359059267573241 0.35225004792123776 3.171544806949219e-19
    outer loop
      vertex -11.928990831656362 12.74212869510589 0
      vertex -11.958956607735328 12.662511537925383 0
      vertex -11.958956607735328 12.662511537925383 5
    endloop
  endfacet
  facet normal -0.9569403357322127 0.29028467725444984 2.688993905604372e-19
    outer loop
      vertex -11.904296425824212 12.823535241366724 0
      vertex -11.928990831656362 12.74212869510589 0
      vertex -11.928990831656362 12.74212869510589 5
    endloop
  endfacet
  facet normal -0.9738769792773321 0.22707626303437964 -2.3598931206626946e-19
    outer loop
      vertex -11.8849791354758 12.906382581379033 0
      vertex -11.904296425824212 12.823535241366724 0
      vertex -11.904296425824212 12.823535241366724 5
    endloop
  endfacet
  facet normal -0.9866433320848802 0.1628954733945812 -1.4923385133231607e-19
    outer loop
      vertex -11.871121680214047 12.990315950113933 0
      vertex -11.8849791354758 12.906382581379033 0
      vertex -11.8849791354758 12.906382581379033 5
    endloop
  endfacet
  facet normal -0.9951847266721964 0.0980171403295666 4.1697850619182765e-20
    outer loop
      vertex -11.862783399789816 13.074975932000815 0
      vertex -11.871121680214047 12.990315950113933 0
      vertex -11.871121680214047 12.990315950113933 5
    endloop
  endfacet
  facet normal -0.0980171403295666 -0.9951847266721964 0
    outer loop
      vertex -12.990315950113933 14.448878319785953 0
      vertex -12.990315950113933 14.448878319785953 5
      vertex -13.074975932000815 14.457216600210185 0
    endloop
  endfacet
  facet normal -0.1628954733945812 -0.9866433320848802 0
    outer loop
      vertex -12.906382581379033 14.4350208645242 0
      vertex -12.906382581379033 14.4350208645242 5
      vertex -12.990315950113933 14.448878319785953 0
    endloop
  endfacet
  facet normal -0.22707626303437964 -0.9738769792773321 0
    outer loop
      vertex -12.823535241366724 14.415703574175788 0
      vertex -12.823535241366724 14.415703574175788 5
      vertex -12.906382581379033 14.4350208645242 0
    endloop
  endfacet
  facet normal -0.29028467725444984 -0.9569403357322127 0
    outer loop
      vertex -12.74212869510589 14.391009168343638 0
      vertex -12.74212869510589 14.391009168343638 5
      vertex -12.823535241366724 14.415703574175788 0
    endloop
  endfacet
  facet normal -0.35225004792123776 -0.9359059267573241 -3.171544806949219e-19
    outer loop
      vertex -12.74212869510589 14.391009168343638 0
      vertex -12.662511537925383 14.361043392264673 0
      vertex -12.662511537925383 14.361043392264673 5
    endloop
  endfacet
  facet normal -0.582477696867792 -0.8128466845916223 0
    outer loop
      vertex -12.368610142288663 14.191359342378606 0
      vertex -12.368610142288663 14.191359342378606 5
      vertex -12.437758697074518 14.240910495993308 0
    endloop
  endfacet
  facet normal -0.6343932841636475 -0.7730104533627354 0
    outer loop
      vertex -12.30285044036991 14.13739174972267 0
      vertex -12.30285044036991 14.13739174972267 5
      vertex -12.368610142288663 14.191359342378606 0
    endloop
  endfacet
  facet normal -0.6835923020228705 -0.7298640726978364 -1.6439035261927157e-17
    outer loop
      vertex -12.240761184457488 14.079238815542512 5
      vertex -12.30285044036991 14.13739174972267 0
      vertex -12.24076118445749 14.079238815542514 0
    endloop
  endfacet
  facet normal -0.41270702980440604 -0.9108638249211707 0
    outer loop
      vertex -12.585024702715298 14.325934563992494 0
      vertex -12.585024702715298 14.325934563992494 5
      vertex -12.662511537925383 14.361043392264673 0
    endloop
  endfacet
  facet normal -0.471396736825994 -0.8819212643483569 0
    outer loop
      vertex -12.51 14.28583302491977 0
      vertex -12.51 14.28583302491977 5
      vertex -12.585024702715298 14.325934563992494 0
    endloop
  endfacet
  facet normal -0.5280678506503724 -0.8492021815265761 0
    outer loop
      vertex -12.437758697074518 14.240910495993308 0
      vertex -12.437758697074518 14.240910495993308 5
      vertex -12.51 14.28583302491977 0
    endloop
  endfacet
  facet normal -0.9994645874763652 0.03271908282178688 2.640412656066368e-20
    outer loop
      vertex -11.86 13.16 0
      vertex -11.862783399789816 13.074975932000815 0
      vertex -11.862783399789816 13.074975932000815 5
    endloop
  endfacet
  facet normal -0.9994645874763652 -0.03271908282178688 -2.640412656066368e-20
    outer loop
      vertex -11.862783399789816 13.245024067999186 0
      vertex -11.86 13.16 0
      vertex -11.86 13.16 5
    endloop
  endfacet
  facet normal -0.9951847266721964 -0.0980171403295666 -4.1697850619182765e-20
    outer loop
      vertex -11.871121680214047 13.329684049886067 0
      vertex -11.862783399789816 13.245024067999186 0
      vertex -11.862783399789816 13.245024067999186 5
    endloop
  endfacet
  facet normal -0.9866433320848802 -0.1628954733945812 1.4923385133231607e-19
    outer loop
      vertex -11.8849791354758 13.413617418620968 0
      vertex -11.871121680214047 13.329684049886067 0
      vertex -11.871121680214047 13.329684049886067 5
    endloop
  endfacet
  facet normal -0.8492021815265761 -0.5280678506503724 -1.4332368421815452e-19
    outer loop
      vertex -12.079089504006692 13.882241302925483 0
      vertex -12.03416697508023 13.81 0
      vertex -12.03416697508023 13.81 5
    endloop
  endfacet
  facet normal -0.9569403357322127 -0.29028467725444984 -2.688993905604372e-19
    outer loop
      vertex -11.928990831656362 13.57787130489411 0
      vertex -11.904296425824212 13.496464758633277 0
      vertex -11.904296425824212 13.496464758633277 5
    endloop
  endfacet
  facet normal -0.9359059267573241 -0.35225004792123776 -3.171544806949219e-19
    outer loop
      vertex -11.958956607735328 13.657488462074618 0
      vertex -11.928990831656362 13.57787130489411 0
      vertex -11.928990831656362 13.57787130489411 5
    endloop
  endfacet
  facet normal -0.9738769792773321 -0.22707626303437964 2.3598931206626946e-19
    outer loop
      vertex -11.904296425824212 13.496464758633277 0
      vertex -11.8849791354758 13.413617418620968 0
      vertex -11.8849791354758 13.413617418620968 5
    endloop
  endfacet
  facet normal -0.9108638249211707 -0.41270702980440604 -3.369359564224459e-19
    outer loop
      vertex -11.994065436007507 13.734975297284702 0
      vertex -11.958956607735328 13.657488462074618 0
      vertex -11.958956607735328 13.657488462074618 5
    endloop
  endfacet
  facet normal -0.8819212643483569 -0.471396736825994 8.98574376288528e-20
    outer loop
      vertex -12.03416697508023 13.81 0
      vertex -11.994065436007507 13.734975297284702 0
      vertex -11.994065436007507 13.734975297284702 5
    endloop
  endfacet
  facet normal -0.7298640726978352 -0.6835923020228719 -8.863298073013737e-20
    outer loop
      vertex -12.24076118445749 14.079238815542514 0
      vertex -12.18260825027733 14.01714955963009 0
      vertex -12.18260825027733 14.01714955963009 5
    endloop
  endfacet
  facet normal -0.7730104533627354 -0.6343932841636475 4.62095388483965e-19
    outer loop
      vertex -12.18260825027733 14.01714955963009 0
      vertex -12.128640657621395 13.951389857711337 0
      vertex -12.128640657621395 13.951389857711337 5
    endloop
  endfacet
  facet normal -0.8128466845916223 -0.582477696867792 2.3324796402237442e-20
    outer loop
      vertex -12.128640657621395 13.951389857711337 0
      vertex -12.079089504006692 13.882241302925483 0
      vertex -12.079089504006692 13.882241302925483 5
    endloop
  endfacet
  facet normal 0.6835923020228711 0.7298640726978358 0
    outer loop
      vertex -14.01714955963009 12.18260825027733 0
      vertex -14.079238815542512 12.240761184457488 5
      vertex -14.01714955963009 12.18260825027733 5
    endloop
  endfacet
  facet normal 0.6343932841636475 0.7730104533627354 0
    outer loop
      vertex -13.951389857711337 12.128640657621395 0
      vertex -14.01714955963009 12.18260825027733 5
      vertex -13.951389857711337 12.128640657621395 5
    endloop
  endfacet
  facet normal 0.582477696867792 0.8128466845916223 0
    outer loop
      vertex -13.882241302925483 12.079089504006692 0
      vertex -13.951389857711337 12.128640657621395 5
      vertex -13.882241302925483 12.079089504006692 5
    endloop
  endfacet
  facet normal 0.8492021815265761 0.5280678506503724 0
    outer loop
      vertex -14.240910495993308 12.437758697074518 0
      vertex -14.28583302491977 12.51 5
      vertex -14.240910495993308 12.437758697074518 5
    endloop
  endfacet
  facet normal 0.9108638249211707 0.41270702980440604 0
    outer loop
      vertex -14.325934563992494 12.585024702715298 0
      vertex -14.361043392264673 12.662511537925383 5
      vertex -14.325934563992494 12.585024702715298 5
    endloop
  endfacet
  facet normal 0.8819212643483569 0.471396736825994 0
    outer loop
      vertex -14.28583302491977 12.51 0
      vertex -14.325934563992494 12.585024702715298 5
      vertex -14.28583302491977 12.51 5
    endloop
  endfacet
  facet normal 0.9359059267573241 0.35225004792123776 0
    outer loop
      vertex -14.361043392264673 12.662511537925383 0
      vertex -14.391009168343638 12.74212869510589 5
      vertex -14.361043392264673 12.662511537925383 5
    endloop
  endfacet
  facet normal 0.9569403357322127 0.29028467725444984 0
    outer loop
      vertex -14.391009168343638 12.74212869510589 0
      vertex -14.415703574175788 12.823535241366724 5
      vertex -14.391009168343638 12.74212869510589 5
    endloop
  endfacet
  facet normal 0.9738769792773321 0.22707626303437964 0
    outer loop
      vertex -14.415703574175788 12.823535241366724 0
      vertex -14.4350208645242 12.906382581379033 5
      vertex -14.415703574175788 12.823535241366724 5
    endloop
  endfacet
  facet normal 0.9866433320848802 0.1628954733945812 0
    outer loop
      vertex -14.4350208645242 12.906382581379033 0
      vertex -14.448878319785953 12.990315950113933 5
      vertex -14.4350208645242 12.906382581379033 5
    endloop
  endfacet
  facet normal 0.9951847266721964 0.0980171403295666 0
    outer loop
      vertex -14.448878319785953 12.990315950113933 0
      vertex -14.457216600210185 13.074975932000815 5
      vertex -14.448878319785953 12.990315950113933 5
    endloop
  endfacet
  facet normal 0.8128466845916223 0.582477696867792 0
    outer loop
      vertex -14.191359342378606 12.368610142288663 0
      vertex -14.240910495993308 12.437758697074518 5
      vertex -14.191359342378606 12.368610142288663 5
    endloop
  endfacet
  facet normal 0.7730104533627354 0.6343932841636475 4.62095388483965e-19
    outer loop
      vertex -14.191359342378606 12.368610142288663 5
      vertex -14.13739174972267 12.30285044036991 5
      vertex -14.13739174972267 12.30285044036991 0
    endloop
  endfacet
  facet normal 0.7298640726978358 0.6835923020228711 0
    outer loop
      vertex -14.079238815542512 12.240761184457488 0
      vertex -14.13739174972267 12.30285044036991 5
      vertex -14.079238815542512 12.240761184457488 5
    endloop
  endfacet
  facet normal 0.471396736825994 0.8819212643483569 0
    outer loop
      vertex -13.734975297284702 11.994065436007507 0
      vertex -13.81 12.03416697508023 5
      vertex -13.734975297284702 11.994065436007507 5
    endloop
  endfacet
  facet normal 0.41270702980440604 0.9108638249211707 0
    outer loop
      vertex -13.657488462074618 11.958956607735328 0
      vertex -13.734975297284702 11.994065436007507 5
      vertex -13.657488462074618 11.958956607735328 5
    endloop
  endfacet
  facet normal 0.5280678506503724 0.8492021815265761 0
    outer loop
      vertex -13.81 12.03416697508023 0
      vertex -13.882241302925483 12.079089504006692 5
      vertex -13.81 12.03416697508023 5
    endloop
  endfacet
  facet normal 0.3522500479212336 0.9359059267573255 -7.575998953555423e-17
    outer loop
      vertex -13.597186811453318 11.936260673546004 5
      vertex -13.57787130489411 11.928990831656362 0
      vertex -13.657488462074618 11.958956607735328 5
    endloop
  endfacet
  facet normal 0.3522500479212508 0.9359059267573192 0
    outer loop
      vertex -13.57787130489411 11.928990831656362 0
      vertex -13.597186811453318 11.936260673546004 5
      vertex -13.57787130489411 11.928990831656362 5
    endloop
  endfacet
  facet normal 0.22707626303437964 0.9738769792773321 0
    outer loop
      vertex -13.413617418620968 11.8849791354758 0
      vertex -13.496464758633277 11.904296425824212 5
      vertex -13.413617418620968 11.8849791354758 5
    endloop
  endfacet
  facet normal 0.29028467725444984 0.9569403357322127 0
    outer loop
      vertex -13.496464758633277 11.904296425824212 0
      vertex -13.57787130489411 11.928990831656362 5
      vertex -13.496464758633277 11.904296425824212 5
    endloop
  endfacet
  facet normal 0.1628954733945812 0.9866433320848802 0
    outer loop
      vertex -13.329684049886067 11.871121680214047 0
      vertex -13.413617418620968 11.8849791354758 5
      vertex -13.329684049886067 11.871121680214047 5
    endloop
  endfacet
  facet normal 0.0980171403295666 0.9951847266721964 0
    outer loop
      vertex -13.245024067999186 11.862783399789816 0
      vertex -13.329684049886067 11.871121680214047 5
      vertex -13.245024067999186 11.862783399789816 5
    endloop
  endfacet
  facet normal 0.03271908282178688 0.9994645874763652 0
    outer loop
      vertex -13.16 11.86 0
      vertex -13.245024067999186 11.862783399789816 5
      vertex -13.16 11.86 5
    endloop
  endfacet
  facet normal -0.03271908282178688 0.9994645874763652 0
    outer loop
      vertex -13.074975932000815 11.862783399789816 0
      vertex -13.16 11.86 5
      vertex -13.074975932000815 11.862783399789816 5
    endloop
  endfacet
  facet normal 0.9994645874763652 0.03271908282178688 0
    outer loop
      vertex -14.457216600210185 13.074975932000815 0
      vertex -14.46 13.16 5
      vertex -14.457216600210185 13.074975932000815 5
    endloop
  endfacet
  facet normal 0.9994645874763652 -0.03271908282178688 0
    outer loop
      vertex -14.46 13.16 0
      vertex -14.457216600210185 13.245024067999186 5
      vertex -14.46 13.16 5
    endloop
  endfacet
  facet normal 0.9951847266721964 -0.0980171403295666 0
    outer loop
      vertex -14.457216600210185 13.245024067999186 0
      vertex -14.448878319785953 13.329684049886067 5
      vertex -14.457216600210185 13.245024067999186 5
    endloop
  endfacet
  facet normal 0.9866433320848802 -0.1628954733945812 0
    outer loop
      vertex -14.448878319785953 13.329684049886067 0
      vertex -14.4350208645242 13.413617418620968 5
      vertex -14.448878319785953 13.329684049886067 5
    endloop
  endfacet
  facet normal 0.9738769792773321 -0.22707626303437964 0
    outer loop
      vertex -14.4350208645242 13.413617418620968 0
      vertex -14.415703574175788 13.496464758633277 5
      vertex -14.4350208645242 13.413617418620968 5
    endloop
  endfacet
  facet normal 0.9569403357322127 -0.29028467725444984 0
    outer loop
      vertex -14.415703574175788 13.496464758633277 0
      vertex -14.391009168343638 13.57787130489411 5
      vertex -14.415703574175788 13.496464758633277 5
    endloop
  endfacet
  facet normal 0.9359059267573241 -0.35225004792123776 0
    outer loop
      vertex -14.391009168343638 13.57787130489411 0
      vertex -14.361043392264673 13.657488462074618 5
      vertex -14.391009168343638 13.57787130489411 5
    endloop
  endfacet
  facet normal 0.9108638249211707 -0.41270702980440604 0
    outer loop
      vertex -14.361043392264673 13.657488462074618 0
      vertex -14.325934563992494 13.734975297284702 5
      vertex -14.361043392264673 13.657488462074618 5
    endloop
  endfacet
  facet normal 0.8819212643483569 -0.471396736825994 -8.98574376288528e-20
    outer loop
      vertex -14.28583302491977 13.81 5
      vertex -14.325934563992494 13.734975297284702 5
      vertex -14.325934563992494 13.734975297284702 0
    endloop
  endfacet
  facet normal 0.8492021815265761 -0.5280678506503724 0
    outer loop
      vertex -14.28583302491977 13.81 0
      vertex -14.240910495993308 13.882241302925483 5
      vertex -14.28583302491977 13.81 5
    endloop
  endfacet
  facet normal 0.8128466845916223 -0.582477696867792 -2.3324796402237442e-20
    outer loop
      vertex -14.191359342378606 13.951389857711337 5
      vertex -14.240910495993308 13.882241302925483 5
      vertex -14.240910495993308 13.882241302925483 0
    endloop
  endfacet
  facet normal 0.7730104533627354 -0.6343932841636475 0
    outer loop
      vertex -14.191359342378606 13.951389857711337 0
      vertex -14.13739174972267 14.01714955963009 5
      vertex -14.191359342378606 13.951389857711337 5
    endloop
  endfacet
  facet normal 0.7298640726978358 -0.6835923020228711 0
    outer loop
      vertex -14.13739174972267 14.01714955963009 0
      vertex -14.079238815542512 14.079238815542512 5
      vertex -14.13739174972267 14.01714955963009 5
    endloop
  endfacet
  facet normal 0.6835923020228711 -0.7298640726978358 0
    outer loop
      vertex -14.079238815542512 14.079238815542512 0
      vertex -14.01714955963009 14.13739174972267 5
      vertex -14.079238815542512 14.079238815542512 5
    endloop
  endfacet
  facet normal 0.6343932841636475 -0.7730104533627354 0
    outer loop
      vertex -14.01714955963009 14.13739174972267 0
      vertex -13.951389857711337 14.191359342378606 5
      vertex -14.01714955963009 14.13739174972267 5
    endloop
  endfacet
  facet normal 0.582477696867792 -0.8128466845916223 0
    outer loop
      vertex -13.951389857711337 14.191359342378606 0
      vertex -13.882241302925483 14.240910495993308 5
      vertex -13.951389857711337 14.191359342378606 5
    endloop
  endfacet
  facet normal 0.5280678506503724 -0.8492021815265761 0
    outer loop
      vertex -13.882241302925483 14.240910495993308 0
      vertex -13.81 14.28583302491977 5
      vertex -13.882241302925483 14.240910495993308 5
    endloop
  endfacet
  facet normal 0.471396736825994 -0.8819212643483569 0
    outer loop
      vertex -13.81 14.28583302491977 0
      vertex -13.734975297284702 14.325934563992494 5
      vertex -13.81 14.28583302491977 5
    endloop
  endfacet
  facet normal 0.41270702980440604 -0.9108638249211707 0
    outer loop
      vertex -13.734975297284702 14.325934563992494 0
      vertex -13.657488462074618 14.361043392264673 5
      vertex -13.734975297284702 14.325934563992494 5
    endloop
  endfacet
  facet normal 0.35225004792123776 -0.9359059267573241 0
    outer loop
      vertex -13.657488462074618 14.361043392264673 0
      vertex -13.57787130489411 14.391009168343638 5
      vertex -13.657488462074618 14.361043392264673 5
    endloop
  endfacet
  facet normal 0.29028467725444984 -0.9569403357322127 0
    outer loop
      vertex -13.57787130489411 14.391009168343638 0
      vertex -13.496464758633277 14.415703574175788 5
      vertex -13.57787130489411 14.391009168343638 5
    endloop
  endfacet
  facet normal 0.22707626303437964 -0.9738769792773321 0
    outer loop
      vertex -13.496464758633277 14.415703574175788 0
      vertex -13.413617418620968 14.4350208645242 5
      vertex -13.496464758633277 14.415703574175788 5
    endloop
  endfacet
  facet normal 0.1628954733945812 -0.9866433320848802 0
    outer loop
      vertex -13.413617418620968 14.4350208645242 0
      vertex -13.329684049886067 14.448878319785953 5
      vertex -13.413617418620968 14.4350208645242 5
    endloop
  endfacet
  facet normal 0.0980171403295666 -0.9951847266721964 0
    outer loop
      vertex -13.329684049886067 14.448878319785953 0
      vertex -13.245024067999186 14.457216600210185 5
      vertex -13.329684049886067 14.448878319785953 5
    endloop
  endfacet
  facet normal -0.0980171403295666 -0.9951847266721964 0
    outer loop
      vertex -13.074975932000815 14.457216600210185 0
      vertex -12.990315950113933 14.448878319785953 5
      vertex -13.074975932000815 14.457216600210185 5
    endloop
  endfacet
  facet normal 0.03271908282178688 -0.9994645874763652 0
    outer loop
      vertex -13.245024067999186 14.457216600210185 0
      vertex -13.16 14.46 5
      vertex -13.245024067999186 14.457216600210185 5
    endloop
  endfacet
  facet normal -0.03271908282178688 -0.9994645874763652 0
    outer loop
      vertex -13.16 14.46 0
      vertex -13.074975932000815 14.457216600210185 5
      vertex -13.16 14.46 5
    endloop
  endfacet
  facet normal -0.0980171403295666 0.9951847266721964 0
    outer loop
      vertex -12.990315950113933 11.871121680214047 0
      vertex -13.074975932000815 11.862783399789816 5
      vertex -12.990315950113933 11.871121680214047 5
    endloop
  endfacet
  facet normal -0.1628954733945812 0.9866433320848802 0
    outer loop
      vertex -12.906382581379033 11.8849791354758 0
      vertex -12.990315950113933 11.871121680214047 5
      vertex -12.906382581379033 11.8849791354758 5
    endloop
  endfacet
  facet normal -0.22707626303437964 0.9738769792773321 0
    outer loop
      vertex -12.823535241366724 11.904296425824212 0
      vertex -12.906382581379033 11.8849791354758 5
      vertex -12.823535241366724 11.904296425824212 5
    endloop
  endfacet
  facet normal -0.29028467725444984 0.9569403357322127 0
    outer loop
      vertex -12.74212869510589 11.928990831656362 0
      vertex -12.823535241366724 11.904296425824212 5
      vertex -12.74212869510589 11.928990831656362 5
    endloop
  endfacet
  facet normal -0.35225004792123776 0.9359059267573241 0
    outer loop
      vertex -12.662511537925383 11.958956607735328 0
      vertex -12.74212869510589 11.928990831656362 5
      vertex -12.662511537925383 11.958956607735328 5
    endloop
  endfacet
  facet normal -0.41270702980440604 0.9108638249211707 0
    outer loop
      vertex -12.585024702715298 11.994065436007507 0
      vertex -12.662511537925383 11.958956607735328 5
      vertex -12.585024702715298 11.994065436007507 5
    endloop
  endfacet
  facet normal -0.471396736825994 0.8819212643483569 0
    outer loop
      vertex -12.51 12.03416697508023 0
      vertex -12.585024702715298 11.994065436007507 5
      vertex -12.51 12.03416697508023 5
    endloop
  endfacet
  facet normal -0.5280678506503724 0.8492021815265761 0
    outer loop
      vertex -12.437758697074518 12.079089504006692 0
      vertex -12.51 12.03416697508023 5
      vertex -12.437758697074518 12.079089504006692 5
    endloop
  endfacet
  facet normal -0.582477696867792 0.8128466845916223 0
    outer loop
      vertex -12.368610142288663 12.128640657621395 0
      vertex -12.437758697074518 12.079089504006692 5
      vertex -12.368610142288663 12.128640657621395 5
    endloop
  endfacet
  facet normal -0.6343932841636475 0.7730104533627354 0
    outer loop
      vertex -12.30285044036991 12.18260825027733 0
      vertex -12.368610142288663 12.128640657621395 5
      vertex -12.30285044036991 12.18260825027733 5
    endloop
  endfacet
  facet normal -0.6835923020228711 0.7298640726978358 0
    outer loop
      vertex -12.240761184457488 12.240761184457488 0
      vertex -12.30285044036991 12.18260825027733 5
      vertex -12.240761184457488 12.240761184457488 5
    endloop
  endfacet
  facet normal -0.7298640726978358 0.6835923020228711 0
    outer loop
      vertex -12.18260825027733 12.30285044036991 0
      vertex -12.240761184457488 12.240761184457488 5
      vertex -12.18260825027733 12.30285044036991 5
    endloop
  endfacet
  facet normal -0.7730104533627354 0.6343932841636475 0
    outer loop
      vertex -12.128640657621395 12.368610142288663 0
      vertex -12.18260825027733 12.30285044036991 5
      vertex -12.128640657621395 12.368610142288663 5
    endloop
  endfacet
  facet normal -0.8128466845916223 0.582477696867792 0
    outer loop
      vertex -12.079089504006692 12.437758697074518 0
      vertex -12.128640657621395 12.368610142288663 5
      vertex -12.079089504006692 12.437758697074518 5
    endloop
  endfacet
  facet normal -0.8492021815265761 0.5280678506503724 0
    outer loop
      vertex -12.03416697508023 12.51 0
      vertex -12.079089504006692 12.437758697074518 5
      vertex -12.03416697508023 12.51 5
    endloop
  endfacet
  facet normal -0.8819212643483569 0.471396736825994 0
    outer loop
      vertex -11.994065436007507 12.585024702715298 0
      vertex -12.03416697508023 12.51 5
      vertex -11.994065436007507 12.585024702715298 5
    endloop
  endfacet
  facet normal -0.9108638249211707 0.41270702980440604 0
    outer loop
      vertex -11.958956607735328 12.662511537925383 0
      vertex -11.994065436007507 12.585024702715298 5
      vertex -11.958956607735328 12.662511537925383 5
    endloop
  endfacet
  facet normal -0.9359059267573241 0.35225004792123776 0
    outer loop
      vertex -11.928990831656362 12.74212869510589 0
      vertex -11.958956607735328 12.662511537925383 5
      vertex -11.928990831656362 12.74212869510589 5
    endloop
  endfacet
  facet normal -0.9569403357322127 0.29028467725444984 0
    outer loop
      vertex -11.904296425824212 12.823535241366724 0
      vertex -11.928990831656362 12.74212869510589 5
      vertex -11.904296425824212 12.823535241366724 5
    endloop
  endfacet
  facet normal -0.9738769792773321 0.22707626303437964 0
    outer loop
      vertex -11.8849791354758 12.906382581379033 0
      vertex -11.904296425824212 12.823535241366724 5
      vertex -11.8849791354758 12.906382581379033 5
    endloop
  endfacet
  facet normal -0.9866433320848802 0.1628954733945812 0
    outer loop
      vertex -11.871121680214047 12.990315950113933 0
      vertex -11.8849791354758 12.906382581379033 5
      vertex -11.871121680214047 12.990315950113933 5
    endloop
  endfacet
  facet normal -0.1628954733945812 -0.9866433320848802 0
    outer loop
      vertex -12.990315950113933 14.448878319785953 0
      vertex -12.906382581379033 14.4350208645242 5
      vertex -12.990315950113933 14.448878319785953 5
    endloop
  endfacet
  facet normal -0.22707626303437964 -0.9738769792773321 0
    outer loop
      vertex -12.906382581379033 14.4350208645242 0
      vertex -12.823535241366724 14.415703574175788 5
      vertex -12.906382581379033 14.4350208645242 5
    endloop
  endfacet
  facet normal -0.29028467725444984 -0.9569403357322127 0
    outer loop
      vertex -12.823535241366724 14.415703574175788 0
      vertex -12.74212869510589 14.391009168343638 5
      vertex -12.823535241366724 14.415703574175788 5
    endloop
  endfacet
  facet normal -0.41270702980440604 -0.9108638249211707 0
    outer loop
      vertex -12.662511537925383 14.361043392264673 0
      vertex -12.585024702715298 14.325934563992494 5
      vertex -12.662511537925383 14.361043392264673 5
    endloop
  endfacet
  facet normal -0.35225004792123776 -0.9359059267573241 0
    outer loop
      vertex -12.74212869510589 14.391009168343638 0
      vertex -12.662511537925383 14.361043392264673 5
      vertex -12.74212869510589 14.391009168343638 5
    endloop
  endfacet
  facet normal -0.582477696867792 -0.8128466845916223 0
    outer loop
      vertex -12.437758697074518 14.240910495993308 0
      vertex -12.368610142288663 14.191359342378606 5
      vertex -12.437758697074518 14.240910495993308 5
    endloop
  endfacet
  facet normal -0.6343932841636475 -0.7730104533627354 0
    outer loop
      vertex -12.368610142288663 14.191359342378606 0
      vertex -12.30285044036991 14.13739174972267 5
      vertex -12.368610142288663 14.191359342378606 5
    endloop
  endfacet
  facet normal -0.6835923020228711 -0.7298640726978358 0
    outer loop
      vertex -12.30285044036991 14.13739174972267 0
      vertex -12.240761184457488 14.079238815542512 5
      vertex -12.30285044036991 14.13739174972267 5
    endloop
  endfacet
  facet normal -0.7298640726978358 -0.6835923020228711 1.6439035261926673e-17
    outer loop
      vertex -12.24076118445749 14.079238815542514 0
      vertex -12.18260825027733 14.01714955963009 5
      vertex -12.240761184457488 14.079238815542512 5
    endloop
  endfacet
  facet normal -0.471396736825994 -0.8819212643483569 0
    outer loop
      vertex -12.585024702715298 14.325934563992494 0
      vertex -12.51 14.28583302491977 5
      vertex -12.585024702715298 14.325934563992494 5
    endloop
  endfacet
  facet normal -0.5280678506503724 -0.8492021815265761 0
    outer loop
      vertex -12.51 14.28583302491977 0
      vertex -12.437758697074518 14.240910495993308 5
      vertex -12.51 14.28583302491977 5
    endloop
  endfacet
  facet normal -0.9951847266721964 0.0980171403295666 0
    outer loop
      vertex -11.862783399789816 13.074975932000815 0
      vertex -11.871121680214047 12.990315950113933 5
      vertex -11.862783399789816 13.074975932000815 5
    endloop
  endfacet
  facet normal -0.9994645874763652 0.03271908282178688 0
    outer loop
      vertex -11.86 13.16 0
      vertex -11.862783399789816 13.074975932000815 5
      vertex -11.86 13.16 5
    endloop
  endfacet
  facet normal -0.9994645874763652 -0.03271908282178688 0
    outer loop
      vertex -11.862783399789816 13.245024067999186 0
      vertex -11.86 13.16 5
      vertex -11.862783399789816 13.245024067999186 5
    endloop
  endfacet
  facet normal -0.9951847266721964 -0.0980171403295666 0
    outer loop
      vertex -11.871121680214047 13.329684049886067 0
      vertex -11.862783399789816 13.245024067999186 5
      vertex -11.871121680214047 13.329684049886067 5
    endloop
  endfacet
  facet normal -0.9866433320848802 -0.1628954733945812 0
    outer loop
      vertex -11.8849791354758 13.413617418620968 0
      vertex -11.871121680214047 13.329684049886067 5
      vertex -11.8849791354758 13.413617418620968 5
    endloop
  endfacet
  facet normal -0.8819212643483569 -0.471396736825994 0
    outer loop
      vertex -12.03416697508023 13.81 0
      vertex -11.994065436007507 13.734975297284702 5
      vertex -12.03416697508023 13.81 5
    endloop
  endfacet
  facet normal -0.9569403357322127 -0.29028467725444984 0
    outer loop
      vertex -11.928990831656362 13.57787130489411 0
      vertex -11.904296425824212 13.496464758633277 5
      vertex -11.928990831656362 13.57787130489411 5
    endloop
  endfacet
  facet normal -0.9359059267573241 -0.35225004792123776 0
    outer loop
      vertex -11.958956607735328 13.657488462074618 0
      vertex -11.928990831656362 13.57787130489411 5
      vertex -11.958956607735328 13.657488462074618 5
    endloop
  endfacet
  facet normal -0.9738769792773321 -0.22707626303437964 0
    outer loop
      vertex -11.904296425824212 13.496464758633277 0
      vertex -11.8849791354758 13.413617418620968 5
      vertex -11.904296425824212 13.496464758633277 5
    endloop
  endfacet
  facet normal -0.9108638249211707 -0.41270702980440604 0
    outer loop
      vertex -11.994065436007507 13.734975297284702 0
      vertex -11.958956607735328 13.657488462074618 5
      vertex -11.994065436007507 13.734975297284702 5
    endloop
  endfacet
  facet normal -0.7730104533627354 -0.6343932841636475 0
    outer loop
      vertex -12.18260825027733 14.01714955963009 0
      vertex -12.128640657621395 13.951389857711337 5
      vertex -12.18260825027733 14.01714955963009 5
    endloop
  endfacet
  facet normal -0.8128466845916223 -0.582477696867792 0
    outer loop
      vertex -12.128640657621395 13.951389857711337 0
      vertex -12.079089504006692 13.882241302925483 5
      vertex -12.128640657621395 13.951389857711337 5
    endloop
  endfacet
  facet normal -0.8492021815265761 -0.5280678506503724 0
    outer loop
      vertex -12.079089504006692 13.882241302925483 0
      vertex -12.03416697508023 13.81 5
      vertex -12.079089504006692 13.882241302925483 5
    endloop
  endfacet
  facet normal 0.5280678506503724 0.8492021815265761 0
    outer loop
      vertex -13.882241302925483 -14.240910495993308 0
      vertex -13.882241302925483 -14.240910495993308 5
      vertex -13.81 -14.28583302491977 0
    endloop
  endfacet
  facet normal 0.6835923020228711 0.7298640726978358 0
    outer loop
      vertex -14.079238815542512 -14.079238815542512 0
      vertex -14.079238815542512 -14.079238815542512 5
      vertex -14.01714955963009 -14.13739174972267 0
    endloop
  endfacet
  facet normal 0.7730104533627354 0.6343932841636475 4.62095388483965e-19
    outer loop
      vertex -14.13739174972267 -14.01714955963009 0
      vertex -14.191359342378606 -13.951389857711337 0
      vertex -14.191359342378606 -13.951389857711337 5
    endloop
  endfacet
  facet normal 0.8128466845916223 0.582477696867792 2.3324796402237442e-20
    outer loop
      vertex -14.191359342378606 -13.951389857711337 0
      vertex -14.240910495993308 -13.882241302925483 0
      vertex -14.240910495993308 -13.882241302925483 5
    endloop
  endfacet
  facet normal 0.7298640726978358 0.6835923020228711 4.334081955429196e-19
    outer loop
      vertex -14.079238815542512 -14.079238815542512 0
      vertex -14.13739174972267 -14.01714955963009 0
      vertex -14.13739174972267 -14.01714955963009 5
    endloop
  endfacet
  facet normal 0.6343932841636475 0.7730104533627354 0
    outer loop
      vertex -14.01714955963009 -14.13739174972267 0
      vertex -14.01714955963009 -14.13739174972267 5
      vertex -13.951389857711337 -14.191359342378606 0
    endloop
  endfacet
  facet normal 0.582477696867792 0.8128466845916223 0
    outer loop
      vertex -13.951389857711337 -14.191359342378606 0
      vertex -13.951389857711337 -14.191359342378606 5
      vertex -13.882241302925483 -14.240910495993308 0
    endloop
  endfacet
  facet normal 0.8819212643483569 0.471396736825994 8.98574376288528e-20
    outer loop
      vertex -14.28583302491977 -13.81 0
      vertex -14.325934563992494 -13.734975297284702 0
      vertex -14.325934563992494 -13.734975297284702 5
    endloop
  endfacet
  facet normal 0.8492021815265761 0.5280678506503724 -1.4332368421815452e-19
    outer loop
      vertex -14.240910495993308 -13.882241302925483 0
      vertex -14.28583302491977 -13.81 0
      vertex -14.28583302491977 -13.81 5
    endloop
  endfacet
  facet normal 0.9108638249211707 0.41270702980440604 -3.369359564224459e-19
    outer loop
      vertex -14.325934563992494 -13.734975297284702 0
      vertex -14.361043392264673 -13.657488462074618 0
      vertex -14.361043392264673 -13.657488462074618 5
    endloop
  endfacet
  facet normal 0.9359059267573241 0.35225004792123776 -3.171544806949219e-19
    outer loop
      vertex -14.361043392264673 -13.657488462074618 0
      vertex -14.391009168343638 -13.57787130489411 0
      vertex -14.391009168343638 -13.57787130489411 5
    endloop
  endfacet
  facet normal 0.9569403357322127 0.29028467725444984 -2.688993905604372e-19
    outer loop
      vertex -14.391009168343638 -13.57787130489411 0
      vertex -14.415703574175788 -13.496464758633277 0
      vertex -14.415703574175788 -13.496464758633277 5
    endloop
  endfacet
  facet normal 0.9738769792773321 0.22707626303437964 2.3598931206626946e-19
    outer loop
      vertex -14.415703574175788 -13.496464758633277 0
      vertex -14.4350208645242 -13.413617418620968 0
      vertex -14.4350208645242 -13.413617418620968 5
    endloop
  endfacet
  facet normal 0.9994645874763652 0.03271908282178688 -2.640412656066368e-20
    outer loop
      vertex -14.457216600210185 -13.245024067999186 0
      vertex -14.46 -13.16 0
      vertex -14.46 -13.16 5
    endloop
  endfacet
  facet normal 0.9994645874763652 -0.03271908282178688 2.640412656066368e-20
    outer loop
      vertex -14.46 -13.16 0
      vertex -14.457216600210185 -13.074975932000815 0
      vertex -14.457216600210185 -13.074975932000815 5
    endloop
  endfacet
  facet normal 0.9866433320848802 0.1628954733945812 1.4923385133231607e-19
    outer loop
      vertex -14.4350208645242 -13.413617418620968 0
      vertex -14.448878319785953 -13.329684049886067 0
      vertex -14.448878319785953 -13.329684049886067 5
    endloop
  endfacet
  facet normal 0.9951847266721964 0.0980171403295666 -4.1697850619182765e-20
    outer loop
      vertex -14.448878319785953 -13.329684049886067 0
      vertex -14.457216600210185 -13.245024067999186 0
      vertex -14.457216600210185 -13.245024067999186 5
    endloop
  endfacet
  facet normal 0.471396736825994 0.8819212643483569 0
    outer loop
      vertex -13.81 -14.28583302491977 0
      vertex -13.81 -14.28583302491977 5
      vertex -13.734975297284702 -14.325934563992494 0
    endloop
  endfacet
  facet normal 0.41270702980440604 0.9108638249211707 0
    outer loop
      vertex -13.734975297284702 -14.325934563992494 0
      vertex -13.734975297284702 -14.325934563992494 5
      vertex -13.657488462074618 -14.361043392264673 0
    endloop
  endfacet
  facet normal 0.35225004792123776 0.9359059267573241 0
    outer loop
      vertex -13.657488462074618 -14.361043392264673 0
      vertex -13.657488462074618 -14.361043392264673 5
      vertex -13.57787130489411 -14.391009168343638 0
    endloop
  endfacet
  facet normal 0.29028467725444984 0.9569403357322127 0
    outer loop
      vertex -13.57787130489411 -14.391009168343638 0
      vertex -13.57787130489411 -14.391009168343638 5
      vertex -13.496464758633277 -14.415703574175788 0
    endloop
  endfacet
  facet normal 0.22707626303437964 0.9738769792773321 0
    outer loop
      vertex -13.496464758633277 -14.415703574175788 0
      vertex -13.496464758633277 -14.415703574175788 5
      vertex -13.413617418620968 -14.4350208645242 0
    endloop
  endfacet
  facet normal 0.1628954733945812 0.9866433320848802 0
    outer loop
      vertex -13.413617418620968 -14.4350208645242 0
      vertex -13.413617418620968 -14.4350208645242 5
      vertex -13.329684049886067 -14.448878319785953 0
    endloop
  endfacet
  facet normal 0.0980171403295666 0.9951847266721964 0
    outer loop
      vertex -13.329684049886067 -14.448878319785953 0
      vertex -13.329684049886067 -14.448878319785953 5
      vertex -13.245024067999186 -14.457216600210185 0
    endloop
  endfacet
  facet normal 0.03271908282178688 0.9994645874763652 0
    outer loop
      vertex -13.245024067999186 -14.457216600210185 0
      vertex -13.245024067999186 -14.457216600210185 5
      vertex -13.16 -14.46 0
    endloop
  endfacet
  facet normal -0.03271908282178688 0.9994645874763652 0
    outer loop
      vertex -13.16 -14.46 0
      vertex -13.16 -14.46 5
      vertex -13.074975932000815 -14.457216600210185 0
    endloop
  endfacet
  facet normal -0.0980171403295666 0.9951847266721964 0
    outer loop
      vertex -13.074975932000815 -14.457216600210185 0
      vertex -13.074975932000815 -14.457216600210185 5
      vertex -12.990315950113933 -14.448878319785953 0
    endloop
  endfacet
  facet normal 0.9951847266721964 -0.0980171403295666 4.1697850619182765e-20
    outer loop
      vertex -14.457216600210185 -13.074975932000815 0
      vertex -14.448878319785953 -12.990315950113933 0
      vertex -14.448878319785953 -12.990315950113933 5
    endloop
  endfacet
  facet normal 0.9866433320848802 -0.1628954733945812 -1.4923385133231607e-19
    outer loop
      vertex -14.448878319785953 -12.990315950113933 0
      vertex -14.4350208645242 -12.906382581379033 0
      vertex -14.4350208645242 -12.906382581379033 5
    endloop
  endfacet
  facet normal 0.9738769792773321 -0.22707626303437964 -2.3598931206626946e-19
    outer loop
      vertex -14.4350208645242 -12.906382581379033 0
      vertex -14.415703574175788 -12.823535241366724 0
      vertex -14.415703574175788 -12.823535241366724 5
    endloop
  endfacet
  facet normal 0.9569403357322127 -0.29028467725444984 2.688993905604372e-19
    outer loop
      vertex -14.415703574175788 -12.823535241366724 0
      vertex -14.391009168343638 -12.74212869510589 0
      vertex -14.391009168343638 -12.74212869510589 5
    endloop
  endfacet
  facet normal 0.9359059267573241 -0.35225004792123776 3.171544806949219e-19
    outer loop
      vertex -14.391009168343638 -12.74212869510589 0
      vertex -14.361043392264673 -12.662511537925383 0
      vertex -14.361043392264673 -12.662511537925383 5
    endloop
  endfacet
  facet normal 0.9108638249211707 -0.41270702980440604 3.369359564224459e-19
    outer loop
      vertex -14.361043392264673 -12.662511537925383 0
      vertex -14.325934563992494 -12.585024702715298 0
      vertex -14.325934563992494 -12.585024702715298 5
    endloop
  endfacet
  facet normal 0.8819212643483569 -0.471396736825994 -8.98574376288528e-20
    outer loop
      vertex -14.325934563992494 -12.585024702715298 0
      vertex -14.28583302491977 -12.51 0
      vertex -14.28583302491977 -12.51 5
    endloop
  endfacet
  facet normal 0.8492021815265761 -0.5280678506503724 1.4332368421815452e-19
    outer loop
      vertex -14.28583302491977 -12.51 0
      vertex -14.240910495993308 -12.437758697074518 0
      vertex -14.240910495993308 -12.437758697074518 5
    endloop
  endfacet
  facet normal 0.8128466845916223 -0.582477696867792 -2.3324796402237442e-20
    outer loop
      vertex -14.240910495993308 -12.437758697074518 0
      vertex -14.191359342378606 -12.368610142288663 0
      vertex -14.191359342378606 -12.368610142288663 5
    endloop
  endfacet
  facet normal 0.7730104533627354 -0.6343932841636475 -4.62095388483965e-19
    outer loop
      vertex -14.191359342378606 -12.368610142288663 0
      vertex -14.13739174972267 -12.30285044036991 0
      vertex -14.13739174972267 -12.30285044036991 5
    endloop
  endfacet
  facet normal 0.7298640726978358 -0.6835923020228711 -4.334081955429196e-19
    outer loop
      vertex -14.13739174972267 -12.30285044036991 0
      vertex -14.079238815542512 -12.240761184457488 0
      vertex -14.079238815542512 -12.240761184457488 5
    endloop
  endfacet
  facet normal 0.6835923020228711 -0.7298640726978358 0
    outer loop
      vertex -14.01714955963009 -12.18260825027733 0
      vertex -14.01714955963009 -12.18260825027733 5
      vertex -14.079238815542512 -12.240761184457488 0
    endloop
  endfacet
  facet normal 0.6343932841636475 -0.7730104533627354 0
    outer loop
      vertex -13.951389857711337 -12.128640657621395 0
      vertex -13.951389857711337 -12.128640657621395 5
      vertex -14.01714955963009 -12.18260825027733 0
    endloop
  endfacet
  facet normal 0.582477696867792 -0.8128466845916223 0
    outer loop
      vertex -13.882241302925483 -12.079089504006692 0
      vertex -13.882241302925483 -12.079089504006692 5
      vertex -13.951389857711337 -12.128640657621395 0
    endloop
  endfacet
  facet normal 0.5280678506503724 -0.8492021815265761 0
    outer loop
      vertex -13.81 -12.03416697508023 0
      vertex -13.81 -12.03416697508023 5
      vertex -13.882241302925483 -12.079089504006692 0
    endloop
  endfacet
  facet normal 0.471396736825994 -0.8819212643483569 0
    outer loop
      vertex -13.734975297284702 -11.994065436007507 0
      vertex -13.734975297284702 -11.994065436007507 5
      vertex -13.81 -12.03416697508023 0
    endloop
  endfacet
  facet normal 0.41270702980440604 -0.9108638249211707 0
    outer loop
      vertex -13.657488462074618 -11.958956607735328 0
      vertex -13.657488462074618 -11.958956607735328 5
      vertex -13.734975297284702 -11.994065436007507 0
    endloop
  endfacet
  facet normal 0.3522500479212336 -0.9359059267573255 7.57825017387675e-17
    outer loop
      vertex -13.657488462074618 -11.958956607735328 0
      vertex -13.597186811453318 -11.936260673546004 0
      vertex -13.57787130489411 -11.928990831656362 5
    endloop
  endfacet
  facet normal 0.3522500479212508 -0.9359059267573192 0
    outer loop
      vertex -13.57787130489411 -11.928990831656362 0
      vertex -13.57787130489411 -11.928990831656362 5
      vertex -13.597186811453318 -11.936260673546004 0
    endloop
  endfacet
  facet normal 0.29028467725444984 -0.9569403357322127 0
    outer loop
      vertex -13.496464758633277 -11.904296425824212 0
      vertex -13.496464758633277 -11.904296425824212 5
      vertex -13.57787130489411 -11.928990831656362 0
    endloop
  endfacet
  facet normal 0.22707626303437964 -0.9738769792773321 0
    outer loop
      vertex -13.413617418620968 -11.8849791354758 0
      vertex -13.413617418620968 -11.8849791354758 5
      vertex -13.496464758633277 -11.904296425824212 0
    endloop
  endfacet
  facet normal 0.1628954733945812 -0.9866433320848802 0
    outer loop
      vertex -13.329684049886067 -11.871121680214047 0
      vertex -13.329684049886067 -11.871121680214047 5
      vertex -13.413617418620968 -11.8849791354758 0
    endloop
  endfacet
  facet normal 0.0980171403295666 -0.9951847266721964 0
    outer loop
      vertex -13.245024067999186 -11.862783399789816 0
      vertex -13.245024067999186 -11.862783399789816 5
      vertex -13.329684049886067 -11.871121680214047 0
    endloop
  endfacet
  facet normal 0.03271908282178688 -0.9994645874763652 0
    outer loop
      vertex -13.16 -11.86 0
      vertex -13.16 -11.86 5
      vertex -13.245024067999186 -11.862783399789816 0
    endloop
  endfacet
  facet normal -0.03271908282178688 -0.9994645874763652 0
    outer loop
      vertex -13.074975932000815 -11.862783399789816 0
      vertex -13.074975932000815 -11.862783399789816 5
      vertex -13.16 -11.86 0
    endloop
  endfacet
  facet normal -0.1628954733945812 0.9866433320848802 0
    outer loop
      vertex -12.990315950113933 -14.448878319785953 0
      vertex -12.990315950113933 -14.448878319785953 5
      vertex -12.906382581379033 -14.4350208645242 0
    endloop
  endfacet
  facet normal -0.22707626303437964 0.9738769792773321 0
    outer loop
      vertex -12.906382581379033 -14.4350208645242 0
      vertex -12.906382581379033 -14.4350208645242 5
      vertex -12.823535241366724 -14.415703574175788 0
    endloop
  endfacet
  facet normal -0.29028467725444984 0.9569403357322127 0
    outer loop
      vertex -12.823535241366724 -14.415703574175788 0
      vertex -12.823535241366724 -14.415703574175788 5
      vertex -12.74212869510589 -14.391009168343638 0
    endloop
  endfacet
  facet normal -0.35225004792123776 0.9359059267573241 0
    outer loop
      vertex -12.74212869510589 -14.391009168343638 0
      vertex -12.74212869510589 -14.391009168343638 5
      vertex -12.662511537925383 -14.361043392264673 0
    endloop
  endfacet
  facet normal -0.41270702980440604 0.9108638249211707 0
    outer loop
      vertex -12.662511537925383 -14.361043392264673 0
      vertex -12.662511537925383 -14.361043392264673 5
      vertex -12.585024702715298 -14.325934563992494 0
    endloop
  endfacet
  facet normal -0.471396736825994 0.8819212643483569 0
    outer loop
      vertex -12.585024702715298 -14.325934563992494 0
      vertex -12.585024702715298 -14.325934563992494 5
      vertex -12.51 -14.28583302491977 0
    endloop
  endfacet
  facet normal -0.5280678506503724 0.8492021815265761 0
    outer loop
      vertex -12.51 -14.28583302491977 0
      vertex -12.51 -14.28583302491977 5
      vertex -12.437758697074518 -14.240910495993308 0
    endloop
  endfacet
  facet normal -0.582477696867792 0.8128466845916223 0
    outer loop
      vertex -12.437758697074518 -14.240910495993308 0
      vertex -12.437758697074518 -14.240910495993308 5
      vertex -12.368610142288663 -14.191359342378606 0
    endloop
  endfacet
  facet normal -0.6343932841636475 0.7730104533627354 0
    outer loop
      vertex -12.368610142288663 -14.191359342378606 0
      vertex -12.368610142288663 -14.191359342378606 5
      vertex -12.30285044036991 -14.13739174972267 0
    endloop
  endfacet
  facet normal -0.6835923020228711 0.7298640726978358 0
    outer loop
      vertex -12.30285044036991 -14.13739174972267 0
      vertex -12.30285044036991 -14.13739174972267 5
      vertex -12.240761184457488 -14.079238815542512 0
    endloop
  endfacet
  facet normal -0.7298640726978358 0.6835923020228711 -1.6439035261926673e-17
    outer loop
      vertex -12.240761184457488 -14.079238815542512 0
      vertex -12.24076118445749 -14.079238815542514 5
      vertex -12.18260825027733 -14.01714955963009 0
    endloop
  endfacet
  facet normal -0.7730104533627354 0.6343932841636475 -4.62095388483965e-19
    outer loop
      vertex -12.128640657621395 -13.951389857711337 0
      vertex -12.18260825027733 -14.01714955963009 0
      vertex -12.18260825027733 -14.01714955963009 5
    endloop
  endfacet
  facet normal -0.8128466845916223 0.582477696867792 -2.3324796402237442e-20
    outer loop
      vertex -12.079089504006692 -13.882241302925483 0
      vertex -12.128640657621395 -13.951389857711337 0
      vertex -12.128640657621395 -13.951389857711337 5
    endloop
  endfacet
  facet normal -0.8492021815265761 0.5280678506503724 1.4332368421815452e-19
    outer loop
      vertex -12.03416697508023 -13.81 0
      vertex -12.079089504006692 -13.882241302925483 0
      vertex -12.079089504006692 -13.882241302925483 5
    endloop
  endfacet
  facet normal -0.8819212643483569 0.471396736825994 -8.98574376288528e-20
    outer loop
      vertex -11.994065436007507 -13.734975297284702 0
      vertex -12.03416697508023 -13.81 0
      vertex -12.03416697508023 -13.81 5
    endloop
  endfacet
  facet normal -0.9108638249211707 0.41270702980440604 3.369359564224459e-19
    outer loop
      vertex -11.958956607735328 -13.657488462074618 0
      vertex -11.994065436007507 -13.734975297284702 0
      vertex -11.994065436007507 -13.734975297284702 5
    endloop
  endfacet
  facet normal -0.9359059267573241 0.35225004792123776 3.171544806949219e-19
    outer loop
      vertex -11.928990831656362 -13.57787130489411 0
      vertex -11.958956607735328 -13.657488462074618 0
      vertex -11.958956607735328 -13.657488462074618 5
    endloop
  endfacet
  facet normal -0.9569403357322127 0.29028467725444984 2.688993905604372e-19
    outer loop
      vertex -11.904296425824212 -13.496464758633277 0
      vertex -11.928990831656362 -13.57787130489411 0
      vertex -11.928990831656362 -13.57787130489411 5
    endloop
  endfacet
  facet normal -0.9738769792773321 0.22707626303437964 -2.3598931206626946e-19
    outer loop
      vertex -11.8849791354758 -13.413617418620968 0
      vertex -11.904296425824212 -13.496464758633277 0
      vertex -11.904296425824212 -13.496464758633277 5
    endloop
  endfacet
  facet normal -0.9866433320848802 0.1628954733945812 -1.4923385133231607e-19
    outer loop
      vertex -11.871121680214047 -13.329684049886067 0
      vertex -11.8849791354758 -13.413617418620968 0
      vertex -11.8849791354758 -13.413617418620968 5
    endloop
  endfacet
  facet normal -0.9951847266721964 0.0980171403295666 4.1697850619182765e-20
    outer loop
      vertex -11.862783399789816 -13.245024067999186 0
      vertex -11.871121680214047 -13.329684049886067 0
      vertex -11.871121680214047 -13.329684049886067 5
    endloop
  endfacet
  facet normal -0.9994645874763652 0.03271908282178688 2.640412656066368e-20
    outer loop
      vertex -11.86 -13.16 0
      vertex -11.862783399789816 -13.245024067999186 0
      vertex -11.862783399789816 -13.245024067999186 5
    endloop
  endfacet
  facet normal -0.9951847266721964 -0.0980171403295666 -4.1697850619182765e-20
    outer loop
      vertex -11.871121680214047 -12.990315950113933 0
      vertex -11.862783399789816 -13.074975932000815 0
      vertex -11.862783399789816 -13.074975932000815 5
    endloop
  endfacet
  facet normal -0.9994645874763652 -0.03271908282178688 -2.640412656066368e-20
    outer loop
      vertex -11.862783399789816 -13.074975932000815 0
      vertex -11.86 -13.16 0
      vertex -11.86 -13.16 5
    endloop
  endfacet
  facet normal -0.6835923020228711 -0.7298640726978358 4.334081955429196e-19
    outer loop
      vertex -12.30285044036991 -12.18260825027733 0
      vertex -12.240761184457488 -12.240761184457488 0
      vertex -12.240761184457488 -12.240761184457488 5
    endloop
  endfacet
  facet normal -0.0980171403295666 -0.9951847266721964 0
    outer loop
      vertex -12.990315950113933 -11.871121680214047 0
      vertex -12.990315950113933 -11.871121680214047 5
      vertex -13.074975932000815 -11.862783399789816 0
    endloop
  endfacet
  facet normal -0.1628954733945812 -0.9866433320848802 0
    outer loop
      vertex -12.906382581379033 -11.8849791354758 0
      vertex -12.906382581379033 -11.8849791354758 5
      vertex -12.990315950113933 -11.871121680214047 0
    endloop
  endfacet
  facet normal -0.22707626303437964 -0.9738769792773321 0
    outer loop
      vertex -12.823535241366724 -11.904296425824212 0
      vertex -12.823535241366724 -11.904296425824212 5
      vertex -12.906382581379033 -11.8849791354758 0
    endloop
  endfacet
  facet normal -0.29028467725444984 -0.9569403357322127 0
    outer loop
      vertex -12.74212869510589 -11.928990831656362 0
      vertex -12.74212869510589 -11.928990831656362 5
      vertex -12.823535241366724 -11.904296425824212 0
    endloop
  endfacet
  facet normal -0.35225004792123776 -0.9359059267573241 0
    outer loop
      vertex -12.662511537925383 -11.958956607735328 0
      vertex -12.662511537925383 -11.958956607735328 5
      vertex -12.74212869510589 -11.928990831656362 0
    endloop
  endfacet
  facet normal -0.471396736825994 -0.8819212643483569 0
    outer loop
      vertex -12.51 -12.03416697508023 0
      vertex -12.51 -12.03416697508023 5
      vertex -12.585024702715298 -11.994065436007507 0
    endloop
  endfacet
  facet normal -0.5280678506503724 -0.8492021815265761 0
    outer loop
      vertex -12.437758697074518 -12.079089504006692 0
      vertex -12.437758697074518 -12.079089504006692 5
      vertex -12.51 -12.03416697508023 0
    endloop
  endfacet
  facet normal -0.41270702980440604 -0.9108638249211707 0
    outer loop
      vertex -12.585024702715298 -11.994065436007507 0
      vertex -12.585024702715298 -11.994065436007507 5
      vertex -12.662511537925383 -11.958956607735328 0
    endloop
  endfacet
  facet normal -0.6343932841636475 -0.7730104533627354 0
    outer loop
      vertex -12.30285044036991 -12.18260825027733 0
      vertex -12.30285044036991 -12.18260825027733 5
      vertex -12.368610142288663 -12.128640657621395 0
    endloop
  endfacet
  facet normal -0.582477696867792 -0.8128466845916223 0
    outer loop
      vertex -12.368610142288663 -12.128640657621395 0
      vertex -12.368610142288663 -12.128640657621395 5
      vertex -12.437758697074518 -12.079089504006692 0
    endloop
  endfacet
  facet normal -0.9866433320848802 -0.1628954733945812 1.4923385133231607e-19
    outer loop
      vertex -11.8849791354758 -12.906382581379033 0
      vertex -11.871121680214047 -12.990315950113933 0
      vertex -11.871121680214047 -12.990315950113933 5
    endloop
  endfacet
  facet normal -0.9738769792773321 -0.22707626303437964 2.3598931206626946e-19
    outer loop
      vertex -11.904296425824212 -12.823535241366724 0
      vertex -11.8849791354758 -12.906382581379033 0
      vertex -11.8849791354758 -12.906382581379033 5
    endloop
  endfacet
  facet normal -0.9569403357322127 -0.29028467725444984 -2.688993905604372e-19
    outer loop
      vertex -11.928990831656362 -12.74212869510589 0
      vertex -11.904296425824212 -12.823535241366724 0
      vertex -11.904296425824212 -12.823535241366724 5
    endloop
  endfacet
  facet normal -0.9108638249211707 -0.41270702980440604 -3.369359564224459e-19
    outer loop
      vertex -11.994065436007507 -12.585024702715298 0
      vertex -11.958956607735328 -12.662511537925383 0
      vertex -11.958956607735328 -12.662511537925383 5
    endloop
  endfacet
  facet normal -0.9359059267573241 -0.35225004792123776 -3.171544806949219e-19
    outer loop
      vertex -11.958956607735328 -12.662511537925383 0
      vertex -11.928990831656362 -12.74212869510589 0
      vertex -11.928990831656362 -12.74212869510589 5
    endloop
  endfacet
  facet normal -0.8492021815265761 -0.5280678506503724 -1.4332368421815452e-19
    outer loop
      vertex -12.079089504006692 -12.437758697074518 0
      vertex -12.03416697508023 -12.51 0
      vertex -12.03416697508023 -12.51 5
    endloop
  endfacet
  facet normal -0.7730104533627354 -0.6343932841636475 4.62095388483965e-19
    outer loop
      vertex -12.18260825027733 -12.30285044036991 0
      vertex -12.128640657621395 -12.368610142288663 0
      vertex -12.128640657621395 -12.368610142288663 5
    endloop
  endfacet
  facet normal -0.7298640726978358 -0.6835923020228711 4.334081955429196e-19
    outer loop
      vertex -12.240761184457488 -12.240761184457488 0
      vertex -12.18260825027733 -12.30285044036991 0
      vertex -12.18260825027733 -12.30285044036991 5
    endloop
  endfacet
  facet normal -0.8128466845916223 -0.582477696867792 2.3324796402237442e-20
    outer loop
      vertex -12.128640657621395 -12.368610142288663 0
      vertex -12.079089504006692 -12.437758697074518 0
      vertex -12.079089504006692 -12.437758697074518 5
    endloop
  endfacet
  facet normal -0.8819212643483569 -0.471396736825994 8.98574376288528e-20
    outer loop
      vertex -12.03416697508023 -12.51 0
      vertex -11.994065436007507 -12.585024702715298 0
      vertex -11.994065436007507 -12.585024702715298 5
    endloop
  endfacet
  facet normal 0.8492021815265761 0.5280678506503724 0
    outer loop
      vertex -14.240910495993308 -13.882241302925483 0
      vertex -14.28583302491977 -13.81 5
      vertex -14.240910495993308 -13.882241302925483 5
    endloop
  endfacet
  facet normal 0.7298640726978358 0.6835923020228711 0
    outer loop
      vertex -14.079238815542512 -14.079238815542512 0
      vertex -14.13739174972267 -14.01714955963009 5
      vertex -14.079238815542512 -14.079238815542512 5
    endloop
  endfacet
  facet normal 0.7730104533627354 0.6343932841636475 0
    outer loop
      vertex -14.13739174972267 -14.01714955963009 0
      vertex -14.191359342378606 -13.951389857711337 5
      vertex -14.13739174972267 -14.01714955963009 5
    endloop
  endfacet
  facet normal 0.8128466845916223 0.582477696867792 0
    outer loop
      vertex -14.191359342378606 -13.951389857711337 0
      vertex -14.240910495993308 -13.882241302925483 5
      vertex -14.191359342378606 -13.951389857711337 5
    endloop
  endfacet
  facet normal 0.6343932841636475 0.7730104533627354 0
    outer loop
      vertex -13.951389857711337 -14.191359342378606 0
      vertex -14.01714955963009 -14.13739174972267 5
      vertex -13.951389857711337 -14.191359342378606 5
    endloop
  endfacet
  facet normal 0.6835923020228711 0.7298640726978358 0
    outer loop
      vertex -14.01714955963009 -14.13739174972267 0
      vertex -14.079238815542512 -14.079238815542512 5
      vertex -14.01714955963009 -14.13739174972267 5
    endloop
  endfacet
  facet normal 0.582477696867792 0.8128466845916223 0
    outer loop
      vertex -13.882241302925483 -14.240910495993308 0
      vertex -13.951389857711337 -14.191359342378606 5
      vertex -13.882241302925483 -14.240910495993308 5
    endloop
  endfacet
  facet normal 0.8819212643483569 0.471396736825994 0
    outer loop
      vertex -14.28583302491977 -13.81 0
      vertex -14.325934563992494 -13.734975297284702 5
      vertex -14.28583302491977 -13.81 5
    endloop
  endfacet
  facet normal 0.9108638249211707 0.41270702980440604 0
    outer loop
      vertex -14.325934563992494 -13.734975297284702 0
      vertex -14.361043392264673 -13.657488462074618 5
      vertex -14.325934563992494 -13.734975297284702 5
    endloop
  endfacet
  facet normal 0.9359059267573241 0.35225004792123776 0
    outer loop
      vertex -14.361043392264673 -13.657488462074618 0
      vertex -14.391009168343638 -13.57787130489411 5
      vertex -14.361043392264673 -13.657488462074618 5
    endloop
  endfacet
  facet normal 0.9569403357322127 0.29028467725444984 0
    outer loop
      vertex -14.391009168343638 -13.57787130489411 0
      vertex -14.415703574175788 -13.496464758633277 5
      vertex -14.391009168343638 -13.57787130489411 5
    endloop
  endfacet
  facet normal 0.9738769792773321 0.22707626303437964 0
    outer loop
      vertex -14.415703574175788 -13.496464758633277 0
      vertex -14.4350208645242 -13.413617418620968 5
      vertex -14.415703574175788 -13.496464758633277 5
    endloop
  endfacet
  facet normal 0.9994645874763652 0.03271908282178688 0
    outer loop
      vertex -14.457216600210185 -13.245024067999186 0
      vertex -14.46 -13.16 5
      vertex -14.457216600210185 -13.245024067999186 5
    endloop
  endfacet
  facet normal 0.9994645874763652 -0.03271908282178688 0
    outer loop
      vertex -14.46 -13.16 0
      vertex -14.457216600210185 -13.074975932000815 5
      vertex -14.46 -13.16 5
    endloop
  endfacet
  facet normal 0.9866433320848802 0.1628954733945812 0
    outer loop
      vertex -14.4350208645242 -13.413617418620968 0
      vertex -14.448878319785953 -13.329684049886067 5
      vertex -14.4350208645242 -13.413617418620968 5
    endloop
  endfacet
  facet normal 0.9951847266721964 0.0980171403295666 0
    outer loop
      vertex -14.448878319785953 -13.329684049886067 0
      vertex -14.457216600210185 -13.245024067999186 5
      vertex -14.448878319785953 -13.329684049886067 5
    endloop
  endfacet
  facet normal 0.9951847266721964 -0.0980171403295666 0
    outer loop
      vertex -14.457216600210185 -13.074975932000815 0
      vertex -14.448878319785953 -12.990315950113933 5
      vertex -14.457216600210185 -13.074975932000815 5
    endloop
  endfacet
  facet normal 0.5280678506503724 0.8492021815265761 0
    outer loop
      vertex -13.81 -14.28583302491977 0
      vertex -13.882241302925483 -14.240910495993308 5
      vertex -13.81 -14.28583302491977 5
    endloop
  endfacet
  facet normal 0.471396736825994 0.8819212643483569 0
    outer loop
      vertex -13.734975297284702 -14.325934563992494 0
      vertex -13.81 -14.28583302491977 5
      vertex -13.734975297284702 -14.325934563992494 5
    endloop
  endfacet
  facet normal 0.41270702980440604 0.9108638249211707 0
    outer loop
      vertex -13.657488462074618 -14.361043392264673 0
      vertex -13.734975297284702 -14.325934563992494 5
      vertex -13.657488462074618 -14.361043392264673 5
    endloop
  endfacet
  facet normal 0.35225004792123776 0.9359059267573241 0
    outer loop
      vertex -13.57787130489411 -14.391009168343638 0
      vertex -13.657488462074618 -14.361043392264673 5
      vertex -13.57787130489411 -14.391009168343638 5
    endloop
  endfacet
  facet normal 0.29028467725444984 0.9569403357322127 0
    outer loop
      vertex -13.496464758633277 -14.415703574175788 0
      vertex -13.57787130489411 -14.391009168343638 5
      vertex -13.496464758633277 -14.415703574175788 5
    endloop
  endfacet
  facet normal 0.22707626303437964 0.9738769792773321 0
    outer loop
      vertex -13.413617418620968 -14.4350208645242 0
      vertex -13.496464758633277 -14.415703574175788 5
      vertex -13.413617418620968 -14.4350208645242 5
    endloop
  endfacet
  facet normal 0.1628954733945812 0.9866433320848802 0
    outer loop
      vertex -13.329684049886067 -14.448878319785953 0
      vertex -13.413617418620968 -14.4350208645242 5
      vertex -13.329684049886067 -14.448878319785953 5
    endloop
  endfacet
  facet normal 0.0980171403295666 0.9951847266721964 0
    outer loop
      vertex -13.245024067999186 -14.457216600210185 0
      vertex -13.329684049886067 -14.448878319785953 5
      vertex -13.245024067999186 -14.457216600210185 5
    endloop
  endfacet
  facet normal 0.03271908282178688 0.9994645874763652 0
    outer loop
      vertex -13.16 -14.46 0
      vertex -13.245024067999186 -14.457216600210185 5
      vertex -13.16 -14.46 5
    endloop
  endfacet
  facet normal -0.03271908282178688 0.9994645874763652 0
    outer loop
      vertex -13.074975932000815 -14.457216600210185 0
      vertex -13.16 -14.46 5
      vertex -13.074975932000815 -14.457216600210185 5
    endloop
  endfacet
  facet normal 0.9866433320848802 -0.1628954733945812 0
    outer loop
      vertex -14.448878319785953 -12.990315950113933 0
      vertex -14.4350208645242 -12.906382581379033 5
      vertex -14.448878319785953 -12.990315950113933 5
    endloop
  endfacet
  facet normal 0.9738769792773321 -0.22707626303437964 0
    outer loop
      vertex -14.4350208645242 -12.906382581379033 0
      vertex -14.415703574175788 -12.823535241366724 5
      vertex -14.4350208645242 -12.906382581379033 5
    endloop
  endfacet
  facet normal 0.9569403357322127 -0.29028467725444984 0
    outer loop
      vertex -14.415703574175788 -12.823535241366724 0
      vertex -14.391009168343638 -12.74212869510589 5
      vertex -14.415703574175788 -12.823535241366724 5
    endloop
  endfacet
  facet normal 0.9359059267573241 -0.35225004792123776 3.171544806949219e-19
    outer loop
      vertex -14.361043392264673 -12.662511537925383 5
      vertex -14.391009168343638 -12.74212869510589 5
      vertex -14.391009168343638 -12.74212869510589 0
    endloop
  endfacet
  facet normal 0.9108638249211707 -0.41270702980440604 0
    outer loop
      vertex -14.361043392264673 -12.662511537925383 0
      vertex -14.325934563992494 -12.585024702715298 5
      vertex -14.361043392264673 -12.662511537925383 5
    endloop
  endfacet
  facet normal 0.8819212643483569 -0.471396736825994 0
    outer loop
      vertex -14.325934563992494 -12.585024702715298 0
      vertex -14.28583302491977 -12.51 5
      vertex -14.325934563992494 -12.585024702715298 5
    endloop
  endfacet
  facet normal 0.8492021815265761 -0.5280678506503724 0
    outer loop
      vertex -14.28583302491977 -12.51 0
      vertex -14.240910495993308 -12.437758697074518 5
      vertex -14.28583302491977 -12.51 5
    endloop
  endfacet
  facet normal 0.8128466845916223 -0.582477696867792 0
    outer loop
      vertex -14.240910495993308 -12.437758697074518 0
      vertex -14.191359342378606 -12.368610142288663 5
      vertex -14.240910495993308 -12.437758697074518 5
    endloop
  endfacet
  facet normal 0.7730104533627354 -0.6343932841636475 0
    outer loop
      vertex -14.191359342378606 -12.368610142288663 0
      vertex -14.13739174972267 -12.30285044036991 5
      vertex -14.191359342378606 -12.368610142288663 5
    endloop
  endfacet
  facet normal 0.7298640726978358 -0.6835923020228711 0
    outer loop
      vertex -14.13739174972267 -12.30285044036991 0
      vertex -14.079238815542512 -12.240761184457488 5
      vertex -14.13739174972267 -12.30285044036991 5
    endloop
  endfacet
  facet normal 0.6835923020228711 -0.7298640726978358 0
    outer loop
      vertex -14.079238815542512 -12.240761184457488 0
      vertex -14.01714955963009 -12.18260825027733 5
      vertex -14.079238815542512 -12.240761184457488 5
    endloop
  endfacet
  facet normal 0.6343932841636475 -0.7730104533627354 0
    outer loop
      vertex -14.01714955963009 -12.18260825027733 0
      vertex -13.951389857711337 -12.128640657621395 5
      vertex -14.01714955963009 -12.18260825027733 5
    endloop
  endfacet
  facet normal 0.582477696867792 -0.8128466845916223 0
    outer loop
      vertex -13.951389857711337 -12.128640657621395 0
      vertex -13.882241302925483 -12.079089504006692 5
      vertex -13.951389857711337 -12.128640657621395 5
    endloop
  endfacet
  facet normal 0.5280678506503724 -0.8492021815265761 0
    outer loop
      vertex -13.882241302925483 -12.079089504006692 0
      vertex -13.81 -12.03416697508023 5
      vertex -13.882241302925483 -12.079089504006692 5
    endloop
  endfacet
  facet normal 0.471396736825994 -0.8819212643483569 0
    outer loop
      vertex -13.81 -12.03416697508023 0
      vertex -13.734975297284702 -11.994065436007507 5
      vertex -13.81 -12.03416697508023 5
    endloop
  endfacet
  facet normal 0.41270702980440604 -0.9108638249211707 0
    outer loop
      vertex -13.734975297284702 -11.994065436007507 0
      vertex -13.657488462074618 -11.958956607735328 5
      vertex -13.734975297284702 -11.994065436007507 5
    endloop
  endfacet
  facet normal 0.35225004792123776 -0.9359059267573241 0
    outer loop
      vertex -13.657488462074618 -11.958956607735328 0
      vertex -13.57787130489411 -11.928990831656362 5
      vertex -13.657488462074618 -11.958956607735328 5
    endloop
  endfacet
  facet normal 0.29028467725444984 -0.9569403357322127 0
    outer loop
      vertex -13.57787130489411 -11.928990831656362 0
      vertex -13.496464758633277 -11.904296425824212 5
      vertex -13.57787130489411 -11.928990831656362 5
    endloop
  endfacet
  facet normal 0.22707626303936643 -0.9738769792761695 6.420810156984629e-23
    outer loop
      vertex -13.496447299224823 -11.904292354861132 5
      vertex -13.496464758633277 -11.904296425824212 5
      vertex -13.496464758633277 -11.904296425824212 0
    endloop
  endfacet
  facet normal 0.2270762630343786 -0.9738769792773324 1.8363741479526466e-17
    outer loop
      vertex -13.496447299224823 -11.904292354861132 5
      vertex -13.496464758633277 -11.904296425824212 0
      vertex -13.413617418620968 -11.8849791354758 5
    endloop
  endfacet
  facet normal 0.1628954733945812 -0.9866433320848802 0
    outer loop
      vertex -13.413617418620968 -11.8849791354758 0
      vertex -13.329684049886067 -11.871121680214047 5
      vertex -13.413617418620968 -11.8849791354758 5
    endloop
  endfacet
  facet normal 0.0980171403295666 -0.9951847266721964 0
    outer loop
      vertex -13.329684049886067 -11.871121680214047 0
      vertex -13.245024067999186 -11.862783399789816 5
      vertex -13.329684049886067 -11.871121680214047 5
    endloop
  endfacet
  facet normal 0.03271908282178688 -0.9994645874763652 0
    outer loop
      vertex -13.245024067999186 -11.862783399789816 0
      vertex -13.16 -11.86 5
      vertex -13.245024067999186 -11.862783399789816 5
    endloop
  endfacet
  facet normal -0.03271908282178688 -0.9994645874763652 0
    outer loop
      vertex -13.16 -11.86 0
      vertex -13.074975932000815 -11.862783399789816 5
      vertex -13.16 -11.86 5
    endloop
  endfacet
  facet normal -0.0980171403295666 -0.9951847266721964 0
    outer loop
      vertex -13.074975932000815 -11.862783399789816 0
      vertex -12.990315950113933 -11.871121680214047 5
      vertex -13.074975932000815 -11.862783399789816 5
    endloop
  endfacet
  facet normal -0.0980171403295666 0.9951847266721964 0
    outer loop
      vertex -12.990315950113933 -14.448878319785953 0
      vertex -13.074975932000815 -14.457216600210185 5
      vertex -12.990315950113933 -14.448878319785953 5
    endloop
  endfacet
  facet normal -0.1628954733945812 0.9866433320848802 0
    outer loop
      vertex -12.906382581379033 -14.4350208645242 0
      vertex -12.990315950113933 -14.448878319785953 5
      vertex -12.906382581379033 -14.4350208645242 5
    endloop
  endfacet
  facet normal -0.22707626303437964 0.9738769792773321 0
    outer loop
      vertex -12.823535241366724 -14.415703574175788 0
      vertex -12.906382581379033 -14.4350208645242 5
      vertex -12.823535241366724 -14.415703574175788 5
    endloop
  endfacet
  facet normal -0.29028467725444984 0.9569403357322127 0
    outer loop
      vertex -12.74212869510589 -14.391009168343638 0
      vertex -12.823535241366724 -14.415703574175788 5
      vertex -12.74212869510589 -14.391009168343638 5
    endloop
  endfacet
  facet normal -0.35225004792123776 0.9359059267573241 3.171544806949219e-19
    outer loop
      vertex -12.74212869510589 -14.391009168343638 5
      vertex -12.662511537925383 -14.361043392264673 5
      vertex -12.662511537925383 -14.361043392264673 0
    endloop
  endfacet
  facet normal -0.41270702980440604 0.9108638249211707 0
    outer loop
      vertex -12.585024702715298 -14.325934563992494 0
      vertex -12.662511537925383 -14.361043392264673 5
      vertex -12.585024702715298 -14.325934563992494 5
    endloop
  endfacet
  facet normal -0.471396736825994 0.8819212643483569 0
    outer loop
      vertex -12.51 -14.28583302491977 0
      vertex -12.585024702715298 -14.325934563992494 5
      vertex -12.51 -14.28583302491977 5
    endloop
  endfacet
  facet normal -0.5280678506503724 0.8492021815265761 0
    outer loop
      vertex -12.437758697074518 -14.240910495993308 0
      vertex -12.51 -14.28583302491977 5
      vertex -12.437758697074518 -14.240910495993308 5
    endloop
  endfacet
  facet normal -0.582477696867792 0.8128466845916223 0
    outer loop
      vertex -12.368610142288663 -14.191359342378606 0
      vertex -12.437758697074518 -14.240910495993308 5
      vertex -12.368610142288663 -14.191359342378606 5
    endloop
  endfacet
  facet normal -0.6343932841636475 0.7730104533627354 0
    outer loop
      vertex -12.30285044036991 -14.13739174972267 0
      vertex -12.368610142288663 -14.191359342378606 5
      vertex -12.30285044036991 -14.13739174972267 5
    endloop
  endfacet
  facet normal -0.6835923020228705 0.7298640726978364 1.6439035261927157e-17
    outer loop
      vertex -12.240761184457488 -14.079238815542512 0
      vertex -12.30285044036991 -14.13739174972267 5
      vertex -12.24076118445749 -14.079238815542514 5
    endloop
  endfacet
  facet normal -0.7298640726978352 0.6835923020228719 8.863298073013737e-20
    outer loop
      vertex -12.24076118445749 -14.079238815542514 5
      vertex -12.18260825027733 -14.01714955963009 5
      vertex -12.18260825027733 -14.01714955963009 0
    endloop
  endfacet
  facet normal -0.7730104533627354 0.6343932841636475 0
    outer loop
      vertex -12.128640657621395 -13.951389857711337 0
      vertex -12.18260825027733 -14.01714955963009 5
      vertex -12.128640657621395 -13.951389857711337 5
    endloop
  endfacet
  facet normal -0.8128466845916223 0.582477696867792 0
    outer loop
      vertex -12.079089504006692 -13.882241302925483 0
      vertex -12.128640657621395 -13.951389857711337 5
      vertex -12.079089504006692 -13.882241302925483 5
    endloop
  endfacet
  facet normal -0.8492021815265761 0.5280678506503724 0
    outer loop
      vertex -12.03416697508023 -13.81 0
      vertex -12.079089504006692 -13.882241302925483 5
      vertex -12.03416697508023 -13.81 5
    endloop
  endfacet
  facet normal -0.8819212643483569 0.471396736825994 0
    outer loop
      vertex -11.994065436007507 -13.734975297284702 0
      vertex -12.03416697508023 -13.81 5
      vertex -11.994065436007507 -13.734975297284702 5
    endloop
  endfacet
  facet normal -0.9108638249211707 0.41270702980440604 0
    outer loop
      vertex -11.958956607735328 -13.657488462074618 0
      vertex -11.994065436007507 -13.734975297284702 5
      vertex -11.958956607735328 -13.657488462074618 5
    endloop
  endfacet
  facet normal -0.9359059267573241 0.35225004792123776 0
    outer loop
      vertex -11.928990831656362 -13.57787130489411 0
      vertex -11.958956607735328 -13.657488462074618 5
      vertex -11.928990831656362 -13.57787130489411 5
    endloop
  endfacet
  facet normal -0.9569403357322127 0.29028467725444984 0
    outer loop
      vertex -11.904296425824212 -13.496464758633277 0
      vertex -11.928990831656362 -13.57787130489411 5
      vertex -11.904296425824212 -13.496464758633277 5
    endloop
  endfacet
  facet normal -0.9738769792773321 0.22707626303437964 0
    outer loop
      vertex -11.8849791354758 -13.413617418620968 0
      vertex -11.904296425824212 -13.496464758633277 5
      vertex -11.8849791354758 -13.413617418620968 5
    endloop
  endfacet
  facet normal -0.9866433320848802 0.1628954733945812 0
    outer loop
      vertex -11.871121680214047 -13.329684049886067 0
      vertex -11.8849791354758 -13.413617418620968 5
      vertex -11.871121680214047 -13.329684049886067 5
    endloop
  endfacet
  facet normal -0.9951847266721964 0.0980171403295666 0
    outer loop
      vertex -11.862783399789816 -13.245024067999186 0
      vertex -11.871121680214047 -13.329684049886067 5
      vertex -11.862783399789816 -13.245024067999186 5
    endloop
  endfacet
  facet normal -0.9994645874763652 0.03271908282178688 0
    outer loop
      vertex -11.86 -13.16 0
      vertex -11.862783399789816 -13.245024067999186 5
      vertex -11.86 -13.16 5
    endloop
  endfacet
  facet normal -0.9994645874763652 -0.03271908282178688 0
    outer loop
      vertex -11.862783399789816 -13.074975932000815 0
      vertex -11.86 -13.16 5
      vertex -11.862783399789816 -13.074975932000815 5
    endloop
  endfacet
  facet normal -0.7298640726978358 -0.6835923020228711 0
    outer loop
      vertex -12.240761184457488 -12.240761184457488 0
      vertex -12.18260825027733 -12.30285044036991 5
      vertex -12.240761184457488 -12.240761184457488 5
    endloop
  endfacet
  facet normal -0.1628954733945812 -0.9866433320848802 0
    outer loop
      vertex -12.990315950113933 -11.871121680214047 0
      vertex -12.906382581379033 -11.8849791354758 5
      vertex -12.990315950113933 -11.871121680214047 5
    endloop
  endfacet
  facet normal -0.22707626303437964 -0.9738769792773321 0
    outer loop
      vertex -12.906382581379033 -11.8849791354758 0
      vertex -12.823535241366724 -11.904296425824212 5
      vertex -12.906382581379033 -11.8849791354758 5
    endloop
  endfacet
  facet normal -0.29028467725444984 -0.9569403357322127 0
    outer loop
      vertex -12.823535241366724 -11.904296425824212 0
      vertex -12.74212869510589 -11.928990831656362 5
      vertex -12.823535241366724 -11.904296425824212 5
    endloop
  endfacet
  facet normal -0.35225004792123776 -0.9359059267573241 0
    outer loop
      vertex -12.74212869510589 -11.928990831656362 0
      vertex -12.662511537925383 -11.958956607735328 5
      vertex -12.74212869510589 -11.928990831656362 5
    endloop
  endfacet
  facet normal -0.41270702980440604 -0.9108638249211707 0
    outer loop
      vertex -12.662511537925383 -11.958956607735328 0
      vertex -12.585024702715298 -11.994065436007507 5
      vertex -12.662511537925383 -11.958956607735328 5
    endloop
  endfacet
  facet normal -0.5280678506503724 -0.8492021815265761 0
    outer loop
      vertex -12.51 -12.03416697508023 0
      vertex -12.437758697074518 -12.079089504006692 5
      vertex -12.51 -12.03416697508023 5
    endloop
  endfacet
  facet normal -0.471396736825994 -0.8819212643483569 0
    outer loop
      vertex -12.585024702715298 -11.994065436007507 0
      vertex -12.51 -12.03416697508023 5
      vertex -12.585024702715298 -11.994065436007507 5
    endloop
  endfacet
  facet normal -0.6343932841636475 -0.7730104533627354 0
    outer loop
      vertex -12.368610142288663 -12.128640657621395 0
      vertex -12.30285044036991 -12.18260825027733 5
      vertex -12.368610142288663 -12.128640657621395 5
    endloop
  endfacet
  facet normal -0.582477696867792 -0.8128466845916223 0
    outer loop
      vertex -12.437758697074518 -12.079089504006692 0
      vertex -12.368610142288663 -12.128640657621395 5
      vertex -12.437758697074518 -12.079089504006692 5
    endloop
  endfacet
  facet normal -0.6835923020228711 -0.7298640726978358 0
    outer loop
      vertex -12.30285044036991 -12.18260825027733 0
      vertex -12.240761184457488 -12.240761184457488 5
      vertex -12.30285044036991 -12.18260825027733 5
    endloop
  endfacet
  facet normal -0.9951847266721964 -0.0980171403295666 0
    outer loop
      vertex -11.871121680214047 -12.990315950113933 0
      vertex -11.862783399789816 -13.074975932000815 5
      vertex -11.871121680214047 -12.990315950113933 5
    endloop
  endfacet
  facet normal -0.9866433320848802 -0.1628954733945812 0
    outer loop
      vertex -11.8849791354758 -12.906382581379033 0
      vertex -11.871121680214047 -12.990315950113933 5
      vertex -11.8849791354758 -12.906382581379033 5
    endloop
  endfacet
  facet normal -0.9738769792773321 -0.22707626303437964 0
    outer loop
      vertex -11.904296425824212 -12.823535241366724 0
      vertex -11.8849791354758 -12.906382581379033 5
      vertex -11.904296425824212 -12.823535241366724 5
    endloop
  endfacet
  facet normal -0.9569403357322127 -0.29028467725444984 0
    outer loop
      vertex -11.928990831656362 -12.74212869510589 0
      vertex -11.904296425824212 -12.823535241366724 5
      vertex -11.928990831656362 -12.74212869510589 5
    endloop
  endfacet
  facet normal -0.9359059267573241 -0.35225004792123776 0
    outer loop
      vertex -11.958956607735328 -12.662511537925383 0
      vertex -11.928990831656362 -12.74212869510589 5
      vertex -11.958956607735328 -12.662511537925383 5
    endloop
  endfacet
  facet normal -0.8819212643483569 -0.471396736825994 0
    outer loop
      vertex -12.03416697508023 -12.51 0
      vertex -11.994065436007507 -12.585024702715298 5
      vertex -12.03416697508023 -12.51 5
    endloop
  endfacet
  facet normal -0.8492021815265761 -0.5280678506503724 0
    outer loop
      vertex -12.079089504006692 -12.437758697074518 0
      vertex -12.03416697508023 -12.51 5
      vertex -12.079089504006692 -12.437758697074518 5
    endloop
  endfacet
  facet normal -0.7730104533627354 -0.6343932841636475 0
    outer loop
      vertex -12.18260825027733 -12.30285044036991 0
      vertex -12.128640657621395 -12.368610142288663 5
      vertex -12.18260825027733 -12.30285044036991 5
    endloop
  endfacet
  facet normal -0.8128466845916223 -0.582477696867792 0
    outer loop
      vertex -12.128640657621395 -12.368610142288663 0
      vertex -12.079089504006692 -12.437758697074518 5
      vertex -12.128640657621395 -12.368610142288663 5
    endloop
  endfacet
  facet normal -0.9108638249211707 -0.41270702980440604 0
    outer loop
      vertex -11.994065436007507 -12.585024702715298 0
      vertex -11.958956607735328 -12.662511537925383 5
      vertex -11.994065436007507 -12.585024702715298 5
    endloop
  endfacet
  facet normal 0.8128466845916223 0.582477696867792 2.3324796402237442e-20
    outer loop
      vertex 12.128640657621395 -13.951389857711337 0
      vertex 12.079089504006692 -13.882241302925483 0
      vertex 12.079089504006692 -13.882241302925483 5
    endloop
  endfacet
  facet normal 0.7730104533627354 0.6343932841636475 4.62095388483965e-19
    outer loop
      vertex 12.18260825027733 -14.01714955963009 0
      vertex 12.128640657621395 -13.951389857711337 0
      vertex 12.128640657621395 -13.951389857711337 5
    endloop
  endfacet
  facet normal 0.7298640726978352 0.6835923020228719 -8.863298073013737e-20
    outer loop
      vertex 12.24076118445749 -14.079238815542514 0
      vertex 12.18260825027733 -14.01714955963009 0
      vertex 12.18260825027733 -14.01714955963009 5
    endloop
  endfacet
  facet normal 0.8819212643483569 0.471396736825994 8.98574376288528e-20
    outer loop
      vertex 12.03416697508023 -13.81 0
      vertex 11.994065436007507 -13.734975297284702 0
      vertex 11.994065436007507 -13.734975297284702 5
    endloop
  endfacet
  facet normal 0.9108638249211707 0.41270702980440604 -3.369359564224459e-19
    outer loop
      vertex 11.994065436007507 -13.734975297284702 0
      vertex 11.958956607735328 -13.657488462074618 0
      vertex 11.958956607735328 -13.657488462074618 5
    endloop
  endfacet
  facet normal 0.9738769792773321 0.22707626303437964 2.3598931206626946e-19
    outer loop
      vertex 11.904296425824212 -13.496464758633277 0
      vertex 11.8849791354758 -13.413617418620968 0
      vertex 11.8849791354758 -13.413617418620968 5
    endloop
  endfacet
  facet normal 0.9359059267573241 0.35225004792123776 -3.171544806949219e-19
    outer loop
      vertex 11.958956607735328 -13.657488462074618 0
      vertex 11.928990831656362 -13.57787130489411 0
      vertex 11.928990831656362 -13.57787130489411 5
    endloop
  endfacet
  facet normal 0.9569403357322127 0.29028467725444984 -2.688993905604372e-19
    outer loop
      vertex 11.928990831656362 -13.57787130489411 0
      vertex 11.904296425824212 -13.496464758633277 0
      vertex 11.904296425824212 -13.496464758633277 5
    endloop
  endfacet
  facet normal 0.8492021815265761 0.5280678506503724 -1.4332368421815452e-19
    outer loop
      vertex 12.079089504006692 -13.882241302925483 0
      vertex 12.03416697508023 -13.81 0
      vertex 12.03416697508023 -13.81 5
    endloop
  endfacet
  facet normal 0.9866433320848802 0.1628954733945812 1.4923385133231607e-19
    outer loop
      vertex 11.8849791354758 -13.413617418620968 0
      vertex 11.871121680214047 -13.329684049886067 0
      vertex 11.871121680214047 -13.329684049886067 5
    endloop
  endfacet
  facet normal 0.9951847266721964 0.0980171403295666 -4.1697850619182765e-20
    outer loop
      vertex 11.871121680214047 -13.329684049886067 0
      vertex 11.862783399789816 -13.245024067999186 0
      vertex 11.862783399789816 -13.245024067999186 5
    endloop
  endfacet
  facet normal 0.9994645874763652 0.03271908282178688 -2.640412656066368e-20
    outer loop
      vertex 11.862783399789816 -13.245024067999186 0
      vertex 11.86 -13.16 0
      vertex 11.86 -13.16 5
    endloop
  endfacet
  facet normal 0.9994645874763652 -0.03271908282178688 2.640412656066368e-20
    outer loop
      vertex 11.86 -13.16 0
      vertex 11.862783399789816 -13.074975932000815 0
      vertex 11.862783399789816 -13.074975932000815 5
    endloop
  endfacet
  facet normal 0.5280678506503724 0.8492021815265761 0
    outer loop
      vertex 12.437758697074518 -14.240910495993308 0
      vertex 12.437758697074518 -14.240910495993308 5
      vertex 12.51 -14.28583302491977 0
    endloop
  endfacet
  facet normal 0.471396736825994 0.8819212643483569 0
    outer loop
      vertex 12.51 -14.28583302491977 0
      vertex 12.51 -14.28583302491977 5
      vertex 12.585024702715298 -14.325934563992494 0
    endloop
  endfacet
  facet normal 0.41270702980440604 0.9108638249211707 0
    outer loop
      vertex 12.585024702715298 -14.325934563992494 0
      vertex 12.585024702715298 -14.325934563992494 5
      vertex 12.662511537925383 -14.361043392264673 0
    endloop
  endfacet
  facet normal 0.6835923020228705 0.7298640726978364 -1.6439035261927157e-17
    outer loop
      vertex 12.240761184457488 -14.079238815542512 5
      vertex 12.30285044036991 -14.13739174972267 0
      vertex 12.24076118445749 -14.079238815542514 0
    endloop
  endfacet
  facet normal 0.6343932841636475 0.7730104533627354 0
    outer loop
      vertex 12.30285044036991 -14.13739174972267 0
      vertex 12.30285044036991 -14.13739174972267 5
      vertex 12.368610142288663 -14.191359342378606 0
    endloop
  endfacet
  facet normal 0.582477696867792 0.8128466845916223 0
    outer loop
      vertex 12.368610142288663 -14.191359342378606 0
      vertex 12.368610142288663 -14.191359342378606 5
      vertex 12.437758697074518 -14.240910495993308 0
    endloop
  endfacet
  facet normal 0.35225004792123776 0.9359059267573241 0
    outer loop
      vertex 12.662511537925383 -14.361043392264673 0
      vertex 12.662511537925383 -14.361043392264673 5
      vertex 12.74212869510589 -14.391009168343638 0
    endloop
  endfacet
  facet normal 0.29028467725444984 0.9569403357322127 0
    outer loop
      vertex 12.74212869510589 -14.391009168343638 0
      vertex 12.74212869510589 -14.391009168343638 5
      vertex 12.823535241366724 -14.415703574175788 0
    endloop
  endfacet
  facet normal 0.22707626303437964 0.9738769792773321 0
    outer loop
      vertex 12.823535241366724 -14.415703574175788 0
      vertex 12.823535241366724 -14.415703574175788 5
      vertex 12.906382581379033 -14.4350208645242 0
    endloop
  endfacet
  facet normal 0.1628954733945812 0.9866433320848802 0
    outer loop
      vertex 12.906382581379033 -14.4350208645242 5
      vertex 12.990315950113933 -14.448878319785953 0
      vertex 12.906382581379033 -14.4350208645242 0
    endloop
  endfacet
  facet normal 0.0980171403295666 0.9951847266721964 0
    outer loop
      vertex 12.990315950113933 -14.448878319785953 0
      vertex 12.990315950113933 -14.448878319785953 5
      vertex 13.074975932000815 -14.457216600210185 0
    endloop
  endfacet
  facet normal 0.9951847266721964 -0.0980171403295666 4.1697850619182765e-20
    outer loop
      vertex 11.862783399789816 -13.074975932000815 0
      vertex 11.871121680214047 -12.990315950113933 0
      vertex 11.871121680214047 -12.990315950113933 5
    endloop
  endfacet
  facet normal 0.9866433320848802 -0.1628954733945812 -1.4923385133231607e-19
    outer loop
      vertex 11.871121680214047 -12.990315950113933 0
      vertex 11.8849791354758 -12.906382581379033 0
      vertex 11.8849791354758 -12.906382581379033 5
    endloop
  endfacet
  facet normal 0.9738769792773321 -0.22707626303437964 -2.3598931206626946e-19
    outer loop
      vertex 11.8849791354758 -12.906382581379033 0
      vertex 11.904296425824212 -12.823535241366724 0
      vertex 11.904296425824212 -12.823535241366724 5
    endloop
  endfacet
  facet normal 0.9569403357322127 -0.29028467725444984 2.688993905604372e-19
    outer loop
      vertex 11.904296425824212 -12.823535241366724 0
      vertex 11.928990831656362 -12.74212869510589 0
      vertex 11.928990831656362 -12.74212869510589 5
    endloop
  endfacet
  facet normal 0.9359059267573241 -0.35225004792123776 3.171544806949219e-19
    outer loop
      vertex 11.928990831656362 -12.74212869510589 0
      vertex 11.958956607735328 -12.662511537925383 0
      vertex 11.958956607735328 -12.662511537925383 5
    endloop
  endfacet
  facet normal 0.9108638249211707 -0.41270702980440604 3.369359564224459e-19
    outer loop
      vertex 11.958956607735328 -12.662511537925383 0
      vertex 11.994065436007507 -12.585024702715298 0
      vertex 11.994065436007507 -12.585024702715298 5
    endloop
  endfacet
  facet normal 0.8819212643483569 -0.471396736825994 -8.98574376288528e-20
    outer loop
      vertex 11.994065436007507 -12.585024702715298 0
      vertex 12.03416697508023 -12.51 0
      vertex 12.03416697508023 -12.51 5
    endloop
  endfacet
  facet normal 0.8492021815265761 -0.5280678506503724 1.4332368421815452e-19
    outer loop
      vertex 12.03416697508023 -12.51 0
      vertex 12.079089504006692 -12.437758697074518 0
      vertex 12.079089504006692 -12.437758697074518 5
    endloop
  endfacet
  facet normal 0.8128466845916223 -0.582477696867792 -2.3324796402237442e-20
    outer loop
      vertex 12.079089504006692 -12.437758697074518 0
      vertex 12.128640657621395 -12.368610142288663 0
      vertex 12.128640657621395 -12.368610142288663 5
    endloop
  endfacet
  facet normal 0.7730104533627354 -0.6343932841636475 -4.62095388483965e-19
    outer loop
      vertex 12.128640657621395 -12.368610142288663 0
      vertex 12.18260825027733 -12.30285044036991 0
      vertex 12.18260825027733 -12.30285044036991 5
    endloop
  endfacet
  facet normal 0.7298640726978358 -0.6835923020228711 -4.334081955429196e-19
    outer loop
      vertex 12.18260825027733 -12.30285044036991 0
      vertex 12.240761184457488 -12.240761184457488 0
      vertex 12.240761184457488 -12.240761184457488 5
    endloop
  endfacet
  facet normal 0.6835923020228711 -0.7298640726978358 0
    outer loop
      vertex 12.30285044036991 -12.18260825027733 0
      vertex 12.30285044036991 -12.18260825027733 5
      vertex 12.240761184457488 -12.240761184457488 0
    endloop
  endfacet
  facet normal 0.6343932841636475 -0.7730104533627354 0
    outer loop
      vertex 12.368610142288663 -12.128640657621395 0
      vertex 12.368610142288663 -12.128640657621395 5
      vertex 12.30285044036991 -12.18260825027733 0
    endloop
  endfacet
  facet normal 0.582477696867792 -0.8128466845916223 0
    outer loop
      vertex 12.437758697074518 -12.079089504006692 0
      vertex 12.437758697074518 -12.079089504006692 5
      vertex 12.368610142288663 -12.128640657621395 0
    endloop
  endfacet
  facet normal 0.5280678506503724 -0.8492021815265761 0
    outer loop
      vertex 12.51 -12.03416697508023 0
      vertex 12.51 -12.03416697508023 5
      vertex 12.437758697074518 -12.079089504006692 0
    endloop
  endfacet
  facet normal 0.471396736825994 -0.8819212643483569 0
    outer loop
      vertex 12.585024702715298 -11.994065436007507 0
      vertex 12.585024702715298 -11.994065436007507 5
      vertex 12.51 -12.03416697508023 0
    endloop
  endfacet
  facet normal 0.41270702980440604 -0.9108638249211707 0
    outer loop
      vertex 12.662511537925383 -11.958956607735328 5
      vertex 12.585024702715298 -11.994065436007507 0
      vertex 12.662511537925383 -11.958956607735328 0
    endloop
  endfacet
  facet normal 0.35225004792123776 -0.9359059267573241 0
    outer loop
      vertex 12.74212869510589 -11.928990831656362 0
      vertex 12.74212869510589 -11.928990831656362 5
      vertex 12.662511537925383 -11.958956607735328 0
    endloop
  endfacet
  facet normal 0.29028467725444984 -0.9569403357322127 0
    outer loop
      vertex 12.823535241366724 -11.904296425824212 0
      vertex 12.823535241366724 -11.904296425824212 5
      vertex 12.74212869510589 -11.928990831656362 0
    endloop
  endfacet
  facet normal 0.22707626303437964 -0.9738769792773321 0
    outer loop
      vertex 12.906382581379033 -11.8849791354758 5
      vertex 12.823535241366724 -11.904296425824212 0
      vertex 12.906382581379033 -11.8849791354758 0
    endloop
  endfacet
  facet normal 0.1628954733945812 -0.9866433320848802 0
    outer loop
      vertex 12.990315950113933 -11.871121680214047 0
      vertex 12.990315950113933 -11.871121680214047 5
      vertex 12.906382581379033 -11.8849791354758 0
    endloop
  endfacet
  facet normal 0.03271908282178688 0.9994645874763652 0
    outer loop
      vertex 13.074975932000815 -14.457216600210185 0
      vertex 13.074975932000815 -14.457216600210185 5
      vertex 13.16 -14.46 0
    endloop
  endfacet
  facet normal -0.03271908282178688 0.9994645874763652 0
    outer loop
      vertex 13.16 -14.46 0
      vertex 13.16 -14.46 5
      vertex 13.245024067999186 -14.457216600210185 0
    endloop
  endfacet
  facet normal -0.0980171403295666 0.9951847266721964 0
    outer loop
      vertex 13.245024067999186 -14.457216600210185 0
      vertex 13.245024067999186 -14.457216600210185 5
      vertex 13.329684049886067 -14.448878319785953 0
    endloop
  endfacet
  facet normal -0.1628954733945812 0.9866433320848802 0
    outer loop
      vertex 13.329684049886067 -14.448878319785953 5
      vertex 13.413617418620968 -14.4350208645242 0
      vertex 13.329684049886067 -14.448878319785953 0
    endloop
  endfacet
  facet normal -0.22707626303437964 0.9738769792773321 0
    outer loop
      vertex 13.413617418620968 -14.4350208645242 0
      vertex 13.413617418620968 -14.4350208645242 5
      vertex 13.496464758633277 -14.415703574175788 0
    endloop
  endfacet
  facet normal -0.29028467725444984 0.9569403357322127 0
    outer loop
      vertex 13.496464758633277 -14.415703574175788 0
      vertex 13.496464758633277 -14.415703574175788 5
      vertex 13.57787130489411 -14.391009168343638 0
    endloop
  endfacet
  facet normal -0.35225004792123776 0.9359059267573241 0
    outer loop
      vertex 13.57787130489411 -14.391009168343638 0
      vertex 13.57787130489411 -14.391009168343638 5
      vertex 13.657488462074618 -14.361043392264673 0
    endloop
  endfacet
  facet normal -0.41270702980440604 0.9108638249211707 0
    outer loop
      vertex 13.657488462074618 -14.361043392264673 0
      vertex 13.657488462074618 -14.361043392264673 5
      vertex 13.734975297284702 -14.325934563992494 0
    endloop
  endfacet
  facet normal -0.471396736825994 0.8819212643483569 0
    outer loop
      vertex 13.734975297284702 -14.325934563992494 0
      vertex 13.734975297284702 -14.325934563992494 5
      vertex 13.81 -14.28583302491977 0
    endloop
  endfacet
  facet normal -0.5280678506503724 0.8492021815265761 0
    outer loop
      vertex 13.81 -14.28583302491977 0
      vertex 13.81 -14.28583302491977 5
      vertex 13.882241302925483 -14.240910495993308 0
    endloop
  endfacet
  facet normal -0.582477696867792 0.8128466845916223 0
    outer loop
      vertex 13.882241302925483 -14.240910495993308 0
      vertex 13.882241302925483 -14.240910495993308 5
      vertex 13.951389857711337 -14.191359342378606 0
    endloop
  endfacet
  facet normal -0.6343932841636475 0.7730104533627354 0
    outer loop
      vertex 13.951389857711337 -14.191359342378606 0
      vertex 13.951389857711337 -14.191359342378606 5
      vertex 14.01714955963009 -14.13739174972267 0
    endloop
  endfacet
  facet normal -0.6835923020228711 0.7298640726978358 0
    outer loop
      vertex 14.01714955963009 -14.13739174972267 0
      vertex 14.01714955963009 -14.13739174972267 5
      vertex 14.079238815542512 -14.079238815542512 0
    endloop
  endfacet
  facet normal -0.7298640726978358 0.6835923020228711 0
    outer loop
      vertex 14.079238815542512 -14.079238815542512 0
      vertex 14.079238815542512 -14.079238815542512 5
      vertex 14.13739174972267 -14.01714955963009 0
    endloop
  endfacet
  facet normal -0.7730104533627354 0.6343932841636475 -4.62095388483965e-19
    outer loop
      vertex 14.191359342378606 -13.951389857711337 0
      vertex 14.13739174972267 -14.01714955963009 0
      vertex 14.13739174972267 -14.01714955963009 5
    endloop
  endfacet
  facet normal -0.8128466845916223 0.582477696867792 -2.3324796402237442e-20
    outer loop
      vertex 14.240910495993308 -13.882241302925483 0
      vertex 14.191359342378606 -13.951389857711337 0
      vertex 14.191359342378606 -13.951389857711337 5
    endloop
  endfacet
  facet normal -0.8492021815265761 0.5280678506503724 1.4332368421815452e-19
    outer loop
      vertex 14.28583302491977 -13.81 0
      vertex 14.240910495993308 -13.882241302925483 0
      vertex 14.240910495993308 -13.882241302925483 5
    endloop
  endfacet
  facet normal -0.8819212643483569 0.471396736825994 -8.98574376288528e-20
    outer loop
      vertex 14.325934563992494 -13.734975297284702 0
      vertex 14.28583302491977 -13.81 0
      vertex 14.28583302491977 -13.81 5
    endloop
  endfacet
  facet normal -0.9108638249211707 0.41270702980440604 3.369359564224459e-19
    outer loop
      vertex 14.361043392264673 -13.657488462074618 0
      vertex 14.325934563992494 -13.734975297284702 0
      vertex 14.325934563992494 -13.734975297284702 5
    endloop
  endfacet
  facet normal -0.9359059267573241 0.35225004792123776 3.171544806949219e-19
    outer loop
      vertex 14.391009168343638 -13.57787130489411 0
      vertex 14.361043392264673 -13.657488462074618 0
      vertex 14.361043392264673 -13.657488462074618 5
    endloop
  endfacet
  facet normal -0.9569403357322127 0.29028467725444984 2.688993905604372e-19
    outer loop
      vertex 14.415703574175788 -13.496464758633277 0
      vertex 14.391009168343638 -13.57787130489411 0
      vertex 14.391009168343638 -13.57787130489411 5
    endloop
  endfacet
  facet normal -0.9738769792773321 0.22707626303437964 -2.3598931206626946e-19
    outer loop
      vertex 14.4350208645242 -13.413617418620968 0
      vertex 14.415703574175788 -13.496464758633277 0
      vertex 14.415703574175788 -13.496464758633277 5
    endloop
  endfacet
  facet normal -0.9866433320848802 0.1628954733945812 -1.4923385133231607e-19
    outer loop
      vertex 14.448878319785953 -13.329684049886067 0
      vertex 14.4350208645242 -13.413617418620968 0
      vertex 14.4350208645242 -13.413617418620968 5
    endloop
  endfacet
  facet normal -0.9951847266721964 0.0980171403295666 4.1697850619182765e-20
    outer loop
      vertex 14.457216600210185 -13.245024067999186 0
      vertex 14.448878319785953 -13.329684049886067 0
      vertex 14.448878319785953 -13.329684049886067 5
    endloop
  endfacet
  facet normal -0.9951847266721964 -0.0980171403295666 -4.1697850619182765e-20
    outer loop
      vertex 14.448878319785953 -12.990315950113933 0
      vertex 14.457216600210185 -13.074975932000815 0
      vertex 14.457216600210185 -13.074975932000815 5
    endloop
  endfacet
  facet normal -0.9994645874763652 0.03271908282178688 2.640412656066368e-20
    outer loop
      vertex 14.46 -13.16 0
      vertex 14.457216600210185 -13.245024067999186 0
      vertex 14.457216600210185 -13.245024067999186 5
    endloop
  endfacet
  facet normal -0.9994645874763652 -0.03271908282178688 -2.640412656066368e-20
    outer loop
      vertex 14.457216600210185 -13.074975932000815 0
      vertex 14.46 -13.16 0
      vertex 14.46 -13.16 5
    endloop
  endfacet
  facet normal 0.0980171403295666 -0.9951847266721964 0
    outer loop
      vertex 13.074975932000815 -11.862783399789816 0
      vertex 13.074975932000815 -11.862783399789816 5
      vertex 12.990315950113933 -11.871121680214047 0
    endloop
  endfacet
  facet normal 0.03271908282178688 -0.9994645874763652 0
    outer loop
      vertex 13.16 -11.86 0
      vertex 13.16 -11.86 5
      vertex 13.074975932000815 -11.862783399789816 0
    endloop
  endfacet
  facet normal -0.03271908282178688 -0.9994645874763652 0
    outer loop
      vertex 13.245024067999186 -11.862783399789816 0
      vertex 13.245024067999186 -11.862783399789816 5
      vertex 13.16 -11.86 0
    endloop
  endfacet
  facet normal -0.0980171403295666 -0.9951847266721964 0
    outer loop
      vertex 13.329684049886067 -11.871121680214047 0
      vertex 13.329684049886067 -11.871121680214047 5
      vertex 13.245024067999186 -11.862783399789816 0
    endloop
  endfacet
  facet normal -0.1628954733945812 -0.9866433320848802 0
    outer loop
      vertex 13.413617418620968 -11.8849791354758 0
      vertex 13.413617418620968 -11.8849791354758 5
      vertex 13.329684049886067 -11.871121680214047 0
    endloop
  endfacet
  facet normal -0.2270762630343786 -0.9738769792773324 -1.8363741479526466e-17
    outer loop
      vertex 13.496447299224823 -11.904292354861132 0
      vertex 13.496464758633277 -11.904296425824212 5
      vertex 13.413617418620968 -11.8849791354758 0
    endloop
  endfacet
  facet normal -0.22707626303936643 -0.9738769792761695 -6.420810156984629e-23
    outer loop
      vertex 13.496447299224823 -11.904292354861132 0
      vertex 13.496464758633277 -11.904296425824212 0
      vertex 13.496464758633277 -11.904296425824212 5
    endloop
  endfacet
  facet normal -0.29028467725444984 -0.9569403357322127 0
    outer loop
      vertex 13.57787130489411 -11.928990831656362 0
      vertex 13.57787130489411 -11.928990831656362 5
      vertex 13.496464758633277 -11.904296425824212 0
    endloop
  endfacet
  facet normal -0.35225004792123776 -0.9359059267573241 0
    outer loop
      vertex 13.657488462074618 -11.958956607735328 0
      vertex 13.657488462074618 -11.958956607735328 5
      vertex 13.57787130489411 -11.928990831656362 0
    endloop
  endfacet
  facet normal -0.471396736825994 -0.8819212643483569 0
    outer loop
      vertex 13.81 -12.03416697508023 0
      vertex 13.81 -12.03416697508023 5
      vertex 13.734975297284702 -11.994065436007507 0
    endloop
  endfacet
  facet normal -0.41270702980440604 -0.9108638249211707 0
    outer loop
      vertex 13.734975297284702 -11.994065436007507 0
      vertex 13.734975297284702 -11.994065436007507 5
      vertex 13.657488462074618 -11.958956607735328 0
    endloop
  endfacet
  facet normal -0.6835923020228711 -0.7298640726978358 0
    outer loop
      vertex 14.079238815542512 -12.240761184457488 0
      vertex 14.079238815542512 -12.240761184457488 5
      vertex 14.01714955963009 -12.18260825027733 0
    endloop
  endfacet
  facet normal -0.7298640726978358 -0.6835923020228711 4.334081955429196e-19
    outer loop
      vertex 14.079238815542512 -12.240761184457488 0
      vertex 14.13739174972267 -12.30285044036991 0
      vertex 14.13739174972267 -12.30285044036991 5
    endloop
  endfacet
  facet normal -0.7730104533627354 -0.6343932841636475 4.62095388483965e-19
    outer loop
      vertex 14.13739174972267 -12.30285044036991 0
      vertex 14.191359342378606 -12.368610142288663 0
      vertex 14.191359342378606 -12.368610142288663 5
    endloop
  endfacet
  facet normal -0.8128466845916223 -0.582477696867792 2.3324796402237442e-20
    outer loop
      vertex 14.191359342378606 -12.368610142288663 0
      vertex 14.240910495993308 -12.437758697074518 0
      vertex 14.240910495993308 -12.437758697074518 5
    endloop
  endfacet
  facet normal -0.9866433320848802 -0.1628954733945812 1.4923385133231607e-19
    outer loop
      vertex 14.4350208645242 -12.906382581379033 0
      vertex 14.448878319785953 -12.990315950113933 0
      vertex 14.448878319785953 -12.990315950113933 5
    endloop
  endfacet
  facet normal -0.9738769792773321 -0.22707626303437964 2.3598931206626946e-19
    outer loop
      vertex 14.415703574175788 -12.823535241366724 0
      vertex 14.4350208645242 -12.906382581379033 0
      vertex 14.4350208645242 -12.906382581379033 5
    endloop
  endfacet
  facet normal -0.9108638249211707 -0.41270702980440604 -3.369359564224459e-19
    outer loop
      vertex 14.325934563992494 -12.585024702715298 0
      vertex 14.361043392264673 -12.662511537925383 0
      vertex 14.361043392264673 -12.662511537925383 5
    endloop
  endfacet
  facet normal -0.9569403357322127 -0.29028467725444984 -2.688993905604372e-19
    outer loop
      vertex 14.391009168343638 -12.74212869510589 0
      vertex 14.415703574175788 -12.823535241366724 0
      vertex 14.415703574175788 -12.823535241366724 5
    endloop
  endfacet
  facet normal -0.9359059267573241 -0.35225004792123776 -3.171544806949219e-19
    outer loop
      vertex 14.361043392264673 -12.662511537925383 0
      vertex 14.391009168343638 -12.74212869510589 0
      vertex 14.391009168343638 -12.74212869510589 5
    endloop
  endfacet
  facet normal -0.8819212643483569 -0.471396736825994 8.98574376288528e-20
    outer loop
      vertex 14.28583302491977 -12.51 0
      vertex 14.325934563992494 -12.585024702715298 0
      vertex 14.325934563992494 -12.585024702715298 5
    endloop
  endfacet
  facet normal -0.8492021815265761 -0.5280678506503724 -1.4332368421815452e-19
    outer loop
      vertex 14.240910495993308 -12.437758697074518 0
      vertex 14.28583302491977 -12.51 0
      vertex 14.28583302491977 -12.51 5
    endloop
  endfacet
  facet normal -0.5280678506503724 -0.8492021815265761 0
    outer loop
      vertex 13.882241302925483 -12.079089504006692 0
      vertex 13.882241302925483 -12.079089504006692 5
      vertex 13.81 -12.03416697508023 0
    endloop
  endfacet
  facet normal -0.582477696867792 -0.8128466845916223 0
    outer loop
      vertex 13.951389857711337 -12.128640657621395 0
      vertex 13.951389857711337 -12.128640657621395 5
      vertex 13.882241302925483 -12.079089504006692 0
    endloop
  endfacet
  facet normal -0.6343932841636475 -0.7730104533627354 0
    outer loop
      vertex 14.01714955963009 -12.18260825027733 0
      vertex 14.01714955963009 -12.18260825027733 5
      vertex 13.951389857711337 -12.128640657621395 0
    endloop
  endfacet
  facet normal 0.8492021815265761 0.5280678506503724 0
    outer loop
      vertex 12.079089504006692 -13.882241302925483 0
      vertex 12.03416697508023 -13.81 5
      vertex 12.079089504006692 -13.882241302925483 5
    endloop
  endfacet
  facet normal 0.8128466845916223 0.582477696867792 0
    outer loop
      vertex 12.128640657621395 -13.951389857711337 0
      vertex 12.079089504006692 -13.882241302925483 5
      vertex 12.128640657621395 -13.951389857711337 5
    endloop
  endfacet
  facet normal 0.7730104533627354 0.6343932841636475 0
    outer loop
      vertex 12.18260825027733 -14.01714955963009 0
      vertex 12.128640657621395 -13.951389857711337 5
      vertex 12.18260825027733 -14.01714955963009 5
    endloop
  endfacet
  facet normal 0.9108638249211707 0.41270702980440604 0
    outer loop
      vertex 11.994065436007507 -13.734975297284702 0
      vertex 11.958956607735328 -13.657488462074618 5
      vertex 11.994065436007507 -13.734975297284702 5
    endloop
  endfacet
  facet normal 0.9738769792773321 0.22707626303437964 0
    outer loop
      vertex 11.904296425824212 -13.496464758633277 0
      vertex 11.8849791354758 -13.413617418620968 5
      vertex 11.904296425824212 -13.496464758633277 5
    endloop
  endfacet
  facet normal 0.9359059267573241 0.35225004792123776 0
    outer loop
      vertex 11.958956607735328 -13.657488462074618 0
      vertex 11.928990831656362 -13.57787130489411 5
      vertex 11.958956607735328 -13.657488462074618 5
    endloop
  endfacet
  facet normal 0.9569403357322127 0.29028467725444984 0
    outer loop
      vertex 11.928990831656362 -13.57787130489411 0
      vertex 11.904296425824212 -13.496464758633277 5
      vertex 11.928990831656362 -13.57787130489411 5
    endloop
  endfacet
  facet normal 0.8819212643483569 0.471396736825994 0
    outer loop
      vertex 12.03416697508023 -13.81 0
      vertex 11.994065436007507 -13.734975297284702 5
      vertex 12.03416697508023 -13.81 5
    endloop
  endfacet
  facet normal 0.9866433320848802 0.1628954733945812 0
    outer loop
      vertex 11.8849791354758 -13.413617418620968 0
      vertex 11.871121680214047 -13.329684049886067 5
      vertex 11.8849791354758 -13.413617418620968 5
    endloop
  endfacet
  facet normal 0.9951847266721964 0.0980171403295666 0
    outer loop
      vertex 11.871121680214047 -13.329684049886067 0
      vertex 11.862783399789816 -13.245024067999186 5
      vertex 11.871121680214047 -13.329684049886067 5
    endloop
  endfacet
  facet normal 0.9994645874763652 0.03271908282178688 0
    outer loop
      vertex 11.862783399789816 -13.245024067999186 0
      vertex 11.86 -13.16 5
      vertex 11.862783399789816 -13.245024067999186 5
    endloop
  endfacet
  facet normal 0.9994645874763652 -0.03271908282178688 0
    outer loop
      vertex 11.86 -13.16 0
      vertex 11.862783399789816 -13.074975932000815 5
      vertex 11.86 -13.16 5
    endloop
  endfacet
  facet normal 0.9951847266721964 -0.0980171403295666 0
    outer loop
      vertex 11.862783399789816 -13.074975932000815 0
      vertex 11.871121680214047 -12.990315950113933 5
      vertex 11.862783399789816 -13.074975932000815 5
    endloop
  endfacet
  facet normal 0.5280678506503724 0.8492021815265761 0
    outer loop
      vertex 12.51 -14.28583302491977 0
      vertex 12.437758697074518 -14.240910495993308 5
      vertex 12.51 -14.28583302491977 5
    endloop
  endfacet
  facet normal 0.471396736825994 0.8819212643483569 0
    outer loop
      vertex 12.585024702715298 -14.325934563992494 0
      vertex 12.51 -14.28583302491977 5
      vertex 12.585024702715298 -14.325934563992494 5
    endloop
  endfacet
  facet normal 0.7298640726978358 0.6835923020228711 1.6439035261926673e-17
    outer loop
      vertex 12.24076118445749 -14.079238815542514 0
      vertex 12.18260825027733 -14.01714955963009 5
      vertex 12.240761184457488 -14.079238815542512 5
    endloop
  endfacet
  facet normal 0.6835923020228711 0.7298640726978358 0
    outer loop
      vertex 12.30285044036991 -14.13739174972267 0
      vertex 12.240761184457488 -14.079238815542512 5
      vertex 12.30285044036991 -14.13739174972267 5
    endloop
  endfacet
  facet normal 0.6343932841636475 0.7730104533627354 0
    outer loop
      vertex 12.368610142288663 -14.191359342378606 0
      vertex 12.30285044036991 -14.13739174972267 5
      vertex 12.368610142288663 -14.191359342378606 5
    endloop
  endfacet
  facet normal 0.582477696867792 0.8128466845916223 0
    outer loop
      vertex 12.437758697074518 -14.240910495993308 0
      vertex 12.368610142288663 -14.191359342378606 5
      vertex 12.437758697074518 -14.240910495993308 5
    endloop
  endfacet
  facet normal 0.35225004792123776 0.9359059267573241 0
    outer loop
      vertex 12.74212869510589 -14.391009168343638 0
      vertex 12.662511537925383 -14.361043392264673 5
      vertex 12.74212869510589 -14.391009168343638 5
    endloop
  endfacet
  facet normal 0.41270702980440604 0.9108638249211707 0
    outer loop
      vertex 12.662511537925383 -14.361043392264673 0
      vertex 12.585024702715298 -14.325934563992494 5
      vertex 12.662511537925383 -14.361043392264673 5
    endloop
  endfacet
  facet normal 0.29028467725444984 0.9569403357322127 0
    outer loop
      vertex 12.823535241366724 -14.415703574175788 0
      vertex 12.74212869510589 -14.391009168343638 5
      vertex 12.823535241366724 -14.415703574175788 5
    endloop
  endfacet
  facet normal 0.22707626303437964 0.9738769792773321 0
    outer loop
      vertex 12.906382581379033 -14.4350208645242 0
      vertex 12.823535241366724 -14.415703574175788 5
      vertex 12.906382581379033 -14.4350208645242 5
    endloop
  endfacet
  facet normal 0.1628954733945812 0.9866433320848802 0
    outer loop
      vertex 12.990315950113933 -14.448878319785953 0
      vertex 12.906382581379033 -14.4350208645242 5
      vertex 12.990315950113933 -14.448878319785953 5
    endloop
  endfacet
  facet normal 0.9866433320848802 -0.1628954733945812 0
    outer loop
      vertex 11.871121680214047 -12.990315950113933 0
      vertex 11.8849791354758 -12.906382581379033 5
      vertex 11.871121680214047 -12.990315950113933 5
    endloop
  endfacet
  facet normal 0.9738769792773321 -0.22707626303437964 0
    outer loop
      vertex 11.8849791354758 -12.906382581379033 0
      vertex 11.904296425824212 -12.823535241366724 5
      vertex 11.8849791354758 -12.906382581379033 5
    endloop
  endfacet
  facet normal 0.9569403357322127 -0.29028467725444984 0
    outer loop
      vertex 11.904296425824212 -12.823535241366724 0
      vertex 11.928990831656362 -12.74212869510589 5
      vertex 11.904296425824212 -12.823535241366724 5
    endloop
  endfacet
  facet normal 0.9359059267573241 -0.35225004792123776 0
    outer loop
      vertex 11.928990831656362 -12.74212869510589 0
      vertex 11.958956607735328 -12.662511537925383 5
      vertex 11.928990831656362 -12.74212869510589 5
    endloop
  endfacet
  facet normal 0.9108638249211707 -0.41270702980440604 0
    outer loop
      vertex 11.958956607735328 -12.662511537925383 0
      vertex 11.994065436007507 -12.585024702715298 5
      vertex 11.958956607735328 -12.662511537925383 5
    endloop
  endfacet
  facet normal 0.8819212643483569 -0.471396736825994 0
    outer loop
      vertex 11.994065436007507 -12.585024702715298 0
      vertex 12.03416697508023 -12.51 5
      vertex 11.994065436007507 -12.585024702715298 5
    endloop
  endfacet
  facet normal 0.8492021815265761 -0.5280678506503724 0
    outer loop
      vertex 12.03416697508023 -12.51 0
      vertex 12.079089504006692 -12.437758697074518 5
      vertex 12.03416697508023 -12.51 5
    endloop
  endfacet
  facet normal 0.8128466845916223 -0.582477696867792 0
    outer loop
      vertex 12.079089504006692 -12.437758697074518 0
      vertex 12.128640657621395 -12.368610142288663 5
      vertex 12.079089504006692 -12.437758697074518 5
    endloop
  endfacet
  facet normal 0.7730104533627354 -0.6343932841636475 0
    outer loop
      vertex 12.128640657621395 -12.368610142288663 0
      vertex 12.18260825027733 -12.30285044036991 5
      vertex 12.128640657621395 -12.368610142288663 5
    endloop
  endfacet
  facet normal 0.7298640726978358 -0.6835923020228711 0
    outer loop
      vertex 12.18260825027733 -12.30285044036991 0
      vertex 12.240761184457488 -12.240761184457488 5
      vertex 12.18260825027733 -12.30285044036991 5
    endloop
  endfacet
  facet normal 0.6835923020228711 -0.7298640726978358 0
    outer loop
      vertex 12.240761184457488 -12.240761184457488 0
      vertex 12.30285044036991 -12.18260825027733 5
      vertex 12.240761184457488 -12.240761184457488 5
    endloop
  endfacet
  facet normal 0.6343932841636475 -0.7730104533627354 0
    outer loop
      vertex 12.30285044036991 -12.18260825027733 0
      vertex 12.368610142288663 -12.128640657621395 5
      vertex 12.30285044036991 -12.18260825027733 5
    endloop
  endfacet
  facet normal 0.582477696867792 -0.8128466845916223 0
    outer loop
      vertex 12.368610142288663 -12.128640657621395 0
      vertex 12.437758697074518 -12.079089504006692 5
      vertex 12.368610142288663 -12.128640657621395 5
    endloop
  endfacet
  facet normal 0.5280678506503724 -0.8492021815265761 0
    outer loop
      vertex 12.437758697074518 -12.079089504006692 0
      vertex 12.51 -12.03416697508023 5
      vertex 12.437758697074518 -12.079089504006692 5
    endloop
  endfacet
  facet normal 0.471396736825994 -0.8819212643483569 0
    outer loop
      vertex 12.51 -12.03416697508023 0
      vertex 12.585024702715298 -11.994065436007507 5
      vertex 12.51 -12.03416697508023 5
    endloop
  endfacet
  facet normal 0.41270702980440604 -0.9108638249211707 0
    outer loop
      vertex 12.585024702715298 -11.994065436007507 0
      vertex 12.662511537925383 -11.958956607735328 5
      vertex 12.585024702715298 -11.994065436007507 5
    endloop
  endfacet
  facet normal 0.35225004792123776 -0.9359059267573241 0
    outer loop
      vertex 12.662511537925383 -11.958956607735328 0
      vertex 12.74212869510589 -11.928990831656362 5
      vertex 12.662511537925383 -11.958956607735328 5
    endloop
  endfacet
  facet normal 0.29028467725444984 -0.9569403357322127 0
    outer loop
      vertex 12.74212869510589 -11.928990831656362 0
      vertex 12.823535241366724 -11.904296425824212 5
      vertex 12.74212869510589 -11.928990831656362 5
    endloop
  endfacet
  facet normal 0.22707626303437964 -0.9738769792773321 0
    outer loop
      vertex 12.823535241366724 -11.904296425824212 0
      vertex 12.906382581379033 -11.8849791354758 5
      vertex 12.823535241366724 -11.904296425824212 5
    endloop
  endfacet
  facet normal 0.1628954733945812 -0.9866433320848802 0
    outer loop
      vertex 12.906382581379033 -11.8849791354758 0
      vertex 12.990315950113933 -11.871121680214047 5
      vertex 12.906382581379033 -11.8849791354758 5
    endloop
  endfacet
  facet normal 0.0980171403295666 -0.9951847266721964 0
    outer loop
      vertex 12.990315950113933 -11.871121680214047 0
      vertex 13.074975932000815 -11.862783399789816 5
      vertex 12.990315950113933 -11.871121680214047 5
    endloop
  endfacet
  facet normal 0.03271908282178688 0.9994645874763652 0
    outer loop
      vertex 13.16 -14.46 0
      vertex 13.074975932000815 -14.457216600210185 5
      vertex 13.16 -14.46 5
    endloop
  endfacet
  facet normal -0.03271908282178688 0.9994645874763652 0
    outer loop
      vertex 13.245024067999186 -14.457216600210185 0
      vertex 13.16 -14.46 5
      vertex 13.245024067999186 -14.457216600210185 5
    endloop
  endfacet
  facet normal 0.0980171403295666 0.9951847266721964 0
    outer loop
      vertex 13.074975932000815 -14.457216600210185 0
      vertex 12.990315950113933 -14.448878319785953 5
      vertex 13.074975932000815 -14.457216600210185 5
    endloop
  endfacet
  facet normal -0.0980171403295666 0.9951847266721964 0
    outer loop
      vertex 13.329684049886067 -14.448878319785953 0
      vertex 13.245024067999186 -14.457216600210185 5
      vertex 13.329684049886067 -14.448878319785953 5
    endloop
  endfacet
  facet normal -0.1628954733945812 0.9866433320848802 0
    outer loop
      vertex 13.413617418620968 -14.4350208645242 0
      vertex 13.329684049886067 -14.448878319785953 5
      vertex 13.413617418620968 -14.4350208645242 5
    endloop
  endfacet
  facet normal -0.22707626303437964 0.9738769792773321 0
    outer loop
      vertex 13.496464758633277 -14.415703574175788 0
      vertex 13.413617418620968 -14.4350208645242 5
      vertex 13.496464758633277 -14.415703574175788 5
    endloop
  endfacet
  facet normal -0.29028467725444984 0.9569403357322127 0
    outer loop
      vertex 13.57787130489411 -14.391009168343638 0
      vertex 13.496464758633277 -14.415703574175788 5
      vertex 13.57787130489411 -14.391009168343638 5
    endloop
  endfacet
  facet normal -0.35225004792123776 0.9359059267573241 0
    outer loop
      vertex 13.657488462074618 -14.361043392264673 0
      vertex 13.57787130489411 -14.391009168343638 5
      vertex 13.657488462074618 -14.361043392264673 5
    endloop
  endfacet
  facet normal -0.41270702980440604 0.9108638249211707 0
    outer loop
      vertex 13.734975297284702 -14.325934563992494 0
      vertex 13.657488462074618 -14.361043392264673 5
      vertex 13.734975297284702 -14.325934563992494 5
    endloop
  endfacet
  facet normal -0.471396736825994 0.8819212643483569 0
    outer loop
      vertex 13.81 -14.28583302491977 0
      vertex 13.734975297284702 -14.325934563992494 5
      vertex 13.81 -14.28583302491977 5
    endloop
  endfacet
  facet normal -0.5280678506503724 0.8492021815265761 0
    outer loop
      vertex 13.882241302925483 -14.240910495993308 0
      vertex 13.81 -14.28583302491977 5
      vertex 13.882241302925483 -14.240910495993308 5
    endloop
  endfacet
  facet normal -0.582477696867792 0.8128466845916223 0
    outer loop
      vertex 13.951389857711337 -14.191359342378606 0
      vertex 13.882241302925483 -14.240910495993308 5
      vertex 13.951389857711337 -14.191359342378606 5
    endloop
  endfacet
  facet normal -0.6343932841636475 0.7730104533627354 0
    outer loop
      vertex 14.01714955963009 -14.13739174972267 0
      vertex 13.951389857711337 -14.191359342378606 5
      vertex 14.01714955963009 -14.13739174972267 5
    endloop
  endfacet
  facet normal -0.6835923020228711 0.7298640726978358 0
    outer loop
      vertex 14.079238815542512 -14.079238815542512 0
      vertex 14.01714955963009 -14.13739174972267 5
      vertex 14.079238815542512 -14.079238815542512 5
    endloop
  endfacet
  facet normal -0.7298640726978358 0.6835923020228711 0
    outer loop
      vertex 14.13739174972267 -14.01714955963009 0
      vertex 14.079238815542512 -14.079238815542512 5
      vertex 14.13739174972267 -14.01714955963009 5
    endloop
  endfacet
  facet normal -0.7730104533627354 0.6343932841636475 0
    outer loop
      vertex 14.191359342378606 -13.951389857711337 0
      vertex 14.13739174972267 -14.01714955963009 5
      vertex 14.191359342378606 -13.951389857711337 5
    endloop
  endfacet
  facet normal -0.8128466845916223 0.582477696867792 -2.3324796402237442e-20
    outer loop
      vertex 14.191359342378606 -13.951389857711337 5
      vertex 14.240910495993308 -13.882241302925483 5
      vertex 14.240910495993308 -13.882241302925483 0
    endloop
  endfacet
  facet normal -0.8492021815265761 0.5280678506503724 0
    outer loop
      vertex 14.28583302491977 -13.81 0
      vertex 14.240910495993308 -13.882241302925483 5
      vertex 14.28583302491977 -13.81 5
    endloop
  endfacet
  facet normal -0.8819212643483569 0.471396736825994 -8.98574376288528e-20
    outer loop
      vertex 14.28583302491977 -13.81 5
      vertex 14.325934563992494 -13.734975297284702 5
      vertex 14.325934563992494 -13.734975297284702 0
    endloop
  endfacet
  facet normal -0.9108638249211707 0.41270702980440604 0
    outer loop
      vertex 14.361043392264673 -13.657488462074618 0
      vertex 14.325934563992494 -13.734975297284702 5
      vertex 14.361043392264673 -13.657488462074618 5
    endloop
  endfacet
  facet normal -0.9359059267573241 0.35225004792123776 0
    outer loop
      vertex 14.391009168343638 -13.57787130489411 0
      vertex 14.361043392264673 -13.657488462074618 5
      vertex 14.391009168343638 -13.57787130489411 5
    endloop
  endfacet
  facet normal -0.9569403357322127 0.29028467725444984 0
    outer loop
      vertex 14.415703574175788 -13.496464758633277 0
      vertex 14.391009168343638 -13.57787130489411 5
      vertex 14.415703574175788 -13.496464758633277 5
    endloop
  endfacet
  facet normal -0.9738769792773321 0.22707626303437964 0
    outer loop
      vertex 14.4350208645242 -13.413617418620968 0
      vertex 14.415703574175788 -13.496464758633277 5
      vertex 14.4350208645242 -13.413617418620968 5
    endloop
  endfacet
  facet normal -0.9866433320848802 0.1628954733945812 0
    outer loop
      vertex 14.448878319785953 -13.329684049886067 0
      vertex 14.4350208645242 -13.413617418620968 5
      vertex 14.448878319785953 -13.329684049886067 5
    endloop
  endfacet
  facet normal -0.9951847266721964 0.0980171403295666 0
    outer loop
      vertex 14.457216600210185 -13.245024067999186 0
      vertex 14.448878319785953 -13.329684049886067 5
      vertex 14.457216600210185 -13.245024067999186 5
    endloop
  endfacet
  facet normal -0.9994645874763652 0.03271908282178688 0
    outer loop
      vertex 14.46 -13.16 0
      vertex 14.457216600210185 -13.245024067999186 5
      vertex 14.46 -13.16 5
    endloop
  endfacet
  facet normal -0.9994645874763652 -0.03271908282178688 0
    outer loop
      vertex 14.457216600210185 -13.074975932000815 0
      vertex 14.46 -13.16 5
      vertex 14.457216600210185 -13.074975932000815 5
    endloop
  endfacet
  facet normal 0.03271908282178688 -0.9994645874763652 0
    outer loop
      vertex 13.074975932000815 -11.862783399789816 0
      vertex 13.16 -11.86 5
      vertex 13.074975932000815 -11.862783399789816 5
    endloop
  endfacet
  facet normal -0.03271908282178688 -0.9994645874763652 0
    outer loop
      vertex 13.16 -11.86 0
      vertex 13.245024067999186 -11.862783399789816 5
      vertex 13.16 -11.86 5
    endloop
  endfacet
  facet normal -0.0980171403295666 -0.9951847266721964 0
    outer loop
      vertex 13.245024067999186 -11.862783399789816 0
      vertex 13.329684049886067 -11.871121680214047 5
      vertex 13.245024067999186 -11.862783399789816 5
    endloop
  endfacet
  facet normal -0.1628954733945812 -0.9866433320848802 0
    outer loop
      vertex 13.329684049886067 -11.871121680214047 0
      vertex 13.413617418620968 -11.8849791354758 5
      vertex 13.329684049886067 -11.871121680214047 5
    endloop
  endfacet
  facet normal -0.29028467725444984 -0.9569403357322127 0
    outer loop
      vertex 13.496464758633277 -11.904296425824212 0
      vertex 13.57787130489411 -11.928990831656362 5
      vertex 13.496464758633277 -11.904296425824212 5
    endloop
  endfacet
  facet normal -0.22707626303437964 -0.9738769792773321 0
    outer loop
      vertex 13.413617418620968 -11.8849791354758 0
      vertex 13.496464758633277 -11.904296425824212 5
      vertex 13.413617418620968 -11.8849791354758 5
    endloop
  endfacet
  facet normal -0.3522500479212508 -0.9359059267573192 0
    outer loop
      vertex 13.57787130489411 -11.928990831656362 0
      vertex 13.597186811453318 -11.936260673546004 5
      vertex 13.57787130489411 -11.928990831656362 5
    endloop
  endfacet
  facet normal -0.3522500479212336 -0.9359059267573255 -7.575998953555423e-17
    outer loop
      vertex 13.597186811453318 -11.936260673546004 5
      vertex 13.57787130489411 -11.928990831656362 0
      vertex 13.657488462074618 -11.958956607735328 5
    endloop
  endfacet
  facet normal -0.5280678506503724 -0.8492021815265761 0
    outer loop
      vertex 13.81 -12.03416697508023 0
      vertex 13.882241302925483 -12.079089504006692 5
      vertex 13.81 -12.03416697508023 5
    endloop
  endfacet
  facet normal -0.41270702980440604 -0.9108638249211707 0
    outer loop
      vertex 13.657488462074618 -11.958956607735328 0
      vertex 13.734975297284702 -11.994065436007507 5
      vertex 13.657488462074618 -11.958956607735328 5
    endloop
  endfacet
  facet normal -0.471396736825994 -0.8819212643483569 0
    outer loop
      vertex 13.734975297284702 -11.994065436007507 0
      vertex 13.81 -12.03416697508023 5
      vertex 13.734975297284702 -11.994065436007507 5
    endloop
  endfacet
  facet normal -0.7298640726978358 -0.6835923020228711 0
    outer loop
      vertex 14.079238815542512 -12.240761184457488 0
      vertex 14.13739174972267 -12.30285044036991 5
      vertex 14.079238815542512 -12.240761184457488 5
    endloop
  endfacet
  facet normal -0.7730104533627354 -0.6343932841636475 4.62095388483965e-19
    outer loop
      vertex 14.191359342378606 -12.368610142288663 5
      vertex 14.13739174972267 -12.30285044036991 5
      vertex 14.13739174972267 -12.30285044036991 0
    endloop
  endfacet
  facet normal -0.8128466845916223 -0.582477696867792 0
    outer loop
      vertex 14.191359342378606 -12.368610142288663 0
      vertex 14.240910495993308 -12.437758697074518 5
      vertex 14.191359342378606 -12.368610142288663 5
    endloop
  endfacet
  facet normal -0.9951847266721964 -0.0980171403295666 0
    outer loop
      vertex 14.448878319785953 -12.990315950113933 0
      vertex 14.457216600210185 -13.074975932000815 5
      vertex 14.448878319785953 -12.990315950113933 5
    endloop
  endfacet
  facet normal -0.9866433320848802 -0.1628954733945812 0
    outer loop
      vertex 14.4350208645242 -12.906382581379033 0
      vertex 14.448878319785953 -12.990315950113933 5
      vertex 14.4350208645242 -12.906382581379033 5
    endloop
  endfacet
  facet normal -0.9738769792773321 -0.22707626303437964 0
    outer loop
      vertex 14.415703574175788 -12.823535241366724 0
      vertex 14.4350208645242 -12.906382581379033 5
      vertex 14.415703574175788 -12.823535241366724 5
    endloop
  endfacet
  facet normal -0.9569403357322127 -0.29028467725444984 0
    outer loop
      vertex 14.391009168343638 -12.74212869510589 0
      vertex 14.415703574175788 -12.823535241366724 5
      vertex 14.391009168343638 -12.74212869510589 5
    endloop
  endfacet
  facet normal -0.9359059267573241 -0.35225004792123776 0
    outer loop
      vertex 14.361043392264673 -12.662511537925383 0
      vertex 14.391009168343638 -12.74212869510589 5
      vertex 14.361043392264673 -12.662511537925383 5
    endloop
  endfacet
  facet normal -0.8819212643483569 -0.471396736825994 0
    outer loop
      vertex 14.28583302491977 -12.51 0
      vertex 14.325934563992494 -12.585024702715298 5
      vertex 14.28583302491977 -12.51 5
    endloop
  endfacet
  facet normal -0.9108638249211707 -0.41270702980440604 0
    outer loop
      vertex 14.325934563992494 -12.585024702715298 0
      vertex 14.361043392264673 -12.662511537925383 5
      vertex 14.325934563992494 -12.585024702715298 5
    endloop
  endfacet
  facet normal -0.8492021815265761 -0.5280678506503724 0
    outer loop
      vertex 14.240910495993308 -12.437758697074518 0
      vertex 14.28583302491977 -12.51 5
      vertex 14.240910495993308 -12.437758697074518 5
    endloop
  endfacet
  facet normal -0.582477696867792 -0.8128466845916223 0
    outer loop
      vertex 13.882241302925483 -12.079089504006692 0
      vertex 13.951389857711337 -12.128640657621395 5
      vertex 13.882241302925483 -12.079089504006692 5
    endloop
  endfacet
  facet normal -0.6343932841636475 -0.7730104533627354 0
    outer loop
      vertex 13.951389857711337 -12.128640657621395 0
      vertex 14.01714955963009 -12.18260825027733 5
      vertex 13.951389857711337 -12.128640657621395 5
    endloop
  endfacet
  facet normal -0.6835923020228711 -0.7298640726978358 0
    outer loop
      vertex 14.01714955963009 -12.18260825027733 0
      vertex 14.079238815542512 -12.240761184457488 5
      vertex 14.01714955963009 -12.18260825027733 5
    endloop
  endfacet
  facet normal 0 0 1
    outer loop
      vertex -7.389332571111373 -1.9799656950342837 2.5
      vertex -7.389332571111373 1.9799656950342837 2.5
      vertex -7.503007395084713 -1.492440963423381 2.5
    endloop
  endfacet
  facet normal 0 0 1
    outer loop
      vertex -7.584553189509649 -0.9985253704833946 2.5
      vertex -7.584553189509649 0.9985253704833946 2.5
      vertex -7.633620762775317 -0.5003339386105945 2.5
    endloop
  endfacet
  facet normal 0 0 1
    outer loop
      vertex -7.503007395084713 -1.492440963423381 2.5
      vertex -7.503007395084713 1.492440963423381 2.5
      vertex -7.584553189509649 -0.9985253704833946 2.5
    endloop
  endfacet
  facet normal 0 0 1
    outer loop
      vertex -7.067678423711344 -2.927528257592937 2.5
      vertex -7.067678423711344 2.927528257592937 2.5
      vertex -7.244015490637559 -2.4590119095691865 2.5
    endloop
  endfacet
  facet normal 0 0 1
    outer loop
      vertex -7.067678423711344 -2.927528257592937 2.5
      vertex -6.861076472725065 -3.3835084801753603 2.5
      vertex -6.861076472725065 3.3835084801753603 2.5
    endloop
  endfacet
  facet normal 0 0 1
    outer loop
      vertex -6.625094338950956 -3.825 2.5
      vertex -6.625094338950956 3.825 2.5
      vertex -6.861076472725065 -3.3835084801753603 2.5
    endloop
  endfacet
  facet normal 0 0 1
    outer loop
      vertex -7.244015490637559 -2.4590119095691865 2.5
      vertex -7.244015490637559 2.4590119095691865 2.5
      vertex -7.389332571111373 -1.9799656950342837 2.5
    endloop
  endfacet
  facet normal 0.849202181526578 0.5280678506503692 9.233620024137521e-19
    outer loop
      vertex -6.360742534114471 -4.250112282599956 2.5
      vertex -6.625094338950956 -3.825 2.5
      vertex -6.625094338950956 -3.825 5
    endloop
  endfacet
  facet normal 0.8819212643483555 0.4713967368259966 -1.4813324199395894e-18
    outer loop
      vertex -6.625094338950956 -3.825 2.5
      vertex -6.861076472725065 -3.3835084801753603 2.5
      vertex -6.861076472725065 -3.3835084801753603 5
    endloop
  endfacet
  facet normal 0.956940335732209 0.29028467725446144 -1.4292579296447282e-18
    outer loop
      vertex -7.244015490637559 -2.4590119095691865 2.5
      vertex -7.389332571111373 -1.9799656950342837 2.5
      vertex -7.389332571111373 -1.9799656950342837 5
    endloop
  endfacet
  facet normal 0.9738769792773341 0.2270762630343719 -2.3517567031759946e-18
    outer loop
      vertex -7.389332571111373 -1.9799656950342837 2.5
      vertex -7.503007395084713 -1.492440963423381 2.5
      vertex -7.503007395084713 -1.492440963423381 5
    endloop
  endfacet
  facet normal 0.9108638249211753 0.41270702980439605 0
    outer loop
      vertex -7.067678423711344 -2.927528257592937 2.5
      vertex -7.067678423711344 -2.927528257592937 5
      vertex -6.861076472725065 -3.3835084801753603 2.5
    endloop
  endfacet
  facet normal 0.9359059267573254 0.35225004792123427 3.6723590381402474e-18
    outer loop
      vertex -7.067678423711344 -2.927528257592937 2.5
      vertex -7.244015490637559 -2.4590119095691865 2.5
      vertex -7.244015490637559 -2.4590119095691865 5
    endloop
  endfacet
  facet normal 0.9866433320848791 0.1628954733945888 1.3705556183352304e-18
    outer loop
      vertex -7.503007395084713 -1.492440963423381 2.5
      vertex -7.584553189509649 -0.9985253704833946 2.5
      vertex -7.584553189509649 -0.9985253704833946 5
    endloop
  endfacet
  facet normal 0.9951847266721967 0.09801714032956184 4.840211070357267e-19
    outer loop
      vertex -7.584553189509649 -0.9985253704833946 2.5
      vertex -7.633620762775317 -0.5003339386105945 2.5
      vertex -7.633620762775317 -0.5003339386105945 5
    endloop
  endfacet
  facet normal 0.9994645874763656 0.032719082821776095 2.777740802158452e-19
    outer loop
      vertex -7.633620762775317 -0.5003339386105945 2.5
      vertex -7.65 0 2.5
      vertex -7.65 0 5
    endloop
  endfacet
  facet normal 0.4713967368259966 0.8819212643483555 0
    outer loop
      vertex -3.825 -6.625094338950956 2.5
      vertex -3.825 -6.625094338950956 5
      vertex -3.3835084801753603 -6.861076472725065 2.5
    endloop
  endfacet
  facet normal 0.41270702980439605 0.9108638249211753 -4.089287302991439e-18
    outer loop
      vertex -2.927528257592937 -7.067678423711344 2.5
      vertex -3.3835084801753603 -6.861076472725065 2.5
      vertex -3.3835084801753603 -6.861076472725065 5
    endloop
  endfacet
  facet normal 0.35225004792123427 0.9359059267573254 0
    outer loop
      vertex -2.927528257592937 -7.067678423711344 2.5
      vertex -2.927528257592937 -7.067678423711344 5
      vertex -2.4590119095691865 -7.244015490637559 2.5
    endloop
  endfacet
  facet normal 0.2270762630343719 0.9738769792773341 0
    outer loop
      vertex -1.9799656950342837 -7.389332571111373 2.5
      vertex -1.9799656950342837 -7.389332571111373 5
      vertex -1.492440963423381 -7.503007395084713 2.5
    endloop
  endfacet
  facet normal 0.29028467725446144 0.956940335732209 0
    outer loop
      vertex -2.4590119095691865 -7.244015490637559 2.5
      vertex -2.4590119095691865 -7.244015490637559 5
      vertex -1.9799656950342837 -7.389332571111373 2.5
    endloop
  endfacet
  facet normal 0.1628954733945888 0.9866433320848791 0
    outer loop
      vertex -1.492440963423381 -7.503007395084713 2.5
      vertex -1.492440963423381 -7.503007395084713 5
      vertex -0.9985253704833946 -7.584553189509649 2.5
    endloop
  endfacet
  facet normal 0.09801714032956184 0.9951847266721967 0
    outer loop
      vertex -0.9985253704833946 -7.584553189509649 2.5
      vertex -0.9985253704833946 -7.584553189509649 5
      vertex -0.5003339386105945 -7.633620762775317 2.5
    endloop
  endfacet
  facet normal 0.032719082821776095 0.9994645874763656 0
    outer loop
      vertex -0.5003339386105945 -7.633620762775317 2.5
      vertex -0.5003339386105945 -7.633620762775317 5
      vertex 0 -7.65 2.5
    endloop
  endfacet
  facet normal 0 0 1
    outer loop
      vertex -5.751574527214178 -5.043995485515527 2.5
      vertex -5.409366876077089 -5.409366876077089 2.5
      vertex -5.409366876077089 5.409366876077089 2.5
    endloop
  endfacet
  facet normal 0 0 1
    outer loop
      vertex -5.043995485515527 -5.751574527214178 2.5
      vertex -5.043995485515527 5.751574527214178 2.5
      vertex -5.409366876077089 -5.409366876077089 2.5
    endloop
  endfacet
  facet normal 0 0 1
    outer loop
      vertex -6.360742534114471 -4.250112282599956 2.5
      vertex -6.360742534114471 4.250112282599956 2.5
      vertex -6.625094338950956 -3.825 2.5
    endloop
  endfacet
  facet normal 0 0 1
    outer loop
      vertex -6.360742534114471 -4.250112282599956 2.5
      vertex -6.069153053227949 -4.657024931916713 2.5
      vertex -6.069153053227949 4.657024931916713 2.5
    endloop
  endfacet
  facet normal 0 0 1
    outer loop
      vertex -5.751574527214178 -5.043995485515527 2.5
      vertex -5.751574527214178 5.043995485515527 2.5
      vertex -6.069153053227949 -4.657024931916713 2.5
    endloop
  endfacet
  facet normal 0 0 1
    outer loop
      vertex -5.043995485515527 -5.751574527214178 2.5
      vertex -4.657024931916713 -6.069153053227949 2.5
      vertex -4.657024931916713 6.069153053227949 2.5
    endloop
  endfacet
  facet normal 0 0 1
    outer loop
      vertex -4.250112282599956 -6.360742534114471 2.5
      vertex -4.250112282599956 6.360742534114471 2.5
      vertex -4.657024931916713 -6.069153053227949 2.5
    endloop
  endfacet
  facet normal 0 0 1
    outer loop
      vertex -4.250112282599956 -6.360742534114471 2.5
      vertex -3.825 -6.625094338950956 2.5
      vertex -3.825 6.625094338950956 2.5
    endloop
  endfacet
  facet normal 0 0 1
    outer loop
      vertex -3.825 -6.625094338950956 2.5
      vertex -3.3835084801753603 -6.861076472725065 2.5
      vertex -3.3835084801753603 6.861076472725065 2.5
    endloop
  endfacet
  facet normal 0 0 1
    outer loop
      vertex -2.927528257592937 -7.067678423711344 2.5
      vertex -2.927528257592937 7.067678423711344 2.5
      vertex -3.3835084801753603 -6.861076472725065 2.5
    endloop
  endfacet
  facet normal 0 0 1
    outer loop
      vertex -2.927528257592937 -7.067678423711344 2.5
      vertex -2.4590119095691865 -7.244015490637559 2.5
      vertex -2.4590119095691865 7.244015490637559 2.5
    endloop
  endfacet
  facet normal 0 0 1
    outer loop
      vertex -1.9799656950342837 -7.389332571111373 2.5
      vertex -1.492440963423381 -7.503007395084713 2.5
      vertex -1.492440963423381 7.503007395084713 2.5
    endloop
  endfacet
  facet normal 0 0 1
    outer loop
      vertex -2.4590119095691865 -7.244015490637559 2.5
      vertex -1.9799656950342837 -7.389332571111373 2.5
      vertex -1.9799656950342837 7.389332571111373 2.5
    endloop
  endfacet
  facet normal 0 0 1
    outer loop
      vertex -1.492440963423381 -7.503007395084713 2.5
      vertex -0.9985253704833946 -7.584553189509649 2.5
      vertex -0.9985253704833946 7.584553189509649 2.5
    endloop
  endfacet
  facet normal 0 0 1
    outer loop
      vertex -0.9985253704833946 -7.584553189509649 2.5
      vertex -0.5003339386105945 -7.633620762775317 2.5
      vertex -0.5003339386105945 7.633620762775317 2.5
    endloop
  endfacet
  facet normal 0 0 1
    outer loop
      vertex -0.5003339386105945 -7.633620762775317 2.5
      vertex 0 -7.65 2.5
      vertex 0 7.65 2.5
    endloop
  endfacet
  facet normal 0.634393284163645 0.7730104533627373 0
    outer loop
      vertex -5.043995485515527 -5.751574527214178 2.5
      vertex -5.043995485515527 -5.751574527214178 5
      vertex -4.657024931916713 -6.069153053227949 2.5
    endloop
  endfacet
  facet normal 0.7298640726978364 0.6835923020228706 0
    outer loop
      vertex -5.751574527214178 -5.043995485515527 2.5
      vertex -5.751574527214178 -5.043995485515527 5
      vertex -5.409366876077089 -5.409366876077089 2.5
    endloop
  endfacet
  facet normal 0.6835923020228706 0.7298640726978364 4.703998635373008e-19
    outer loop
      vertex -5.043995485515527 -5.751574527214178 2.5
      vertex -5.409366876077089 -5.409366876077089 2.5
      vertex -5.409366876077089 -5.409366876077089 5
    endloop
  endfacet
  facet normal 0.8128466845916162 0.5824776968678008 0
    outer loop
      vertex -6.360742534114471 -4.250112282599956 2.5
      vertex -6.360742534114471 -4.250112282599956 5
      vertex -6.069153053227949 -4.657024931916713 2.5
    endloop
  endfacet
  facet normal 0.7730104533627373 0.634393284163645 -3.980982499473962e-18
    outer loop
      vertex -5.751574527214178 -5.043995485515527 2.5
      vertex -6.069153053227949 -4.657024931916713 2.5
      vertex -6.069153053227949 -4.657024931916713 5
    endloop
  endfacet
  facet normal 0.5824776968678008 0.8128466845916162 -4.749491983816973e-18
    outer loop
      vertex -4.250112282599956 -6.360742534114471 2.5
      vertex -4.657024931916713 -6.069153053227949 2.5
      vertex -4.657024931916713 -6.069153053227949 5
    endloop
  endfacet
  facet normal 0.5280678506503692 0.849202181526578 0
    outer loop
      vertex -4.250112282599956 -6.360742534114471 2.5
      vertex -4.250112282599956 -6.360742534114471 5
      vertex -3.825 -6.625094338950956 2.5
    endloop
  endfacet
  facet normal 0.8819212643483555 0.4713967368259966 0
    outer loop
      vertex -6.625094338950956 -3.825 2.5
      vertex -6.861076472725065 -3.3835084801753603 5
      vertex -6.625094338950956 -3.825 5
    endloop
  endfacet
  facet normal 0.9738769792773341 0.2270762630343719 0
    outer loop
      vertex -7.389332571111373 -1.9799656950342837 2.5
      vertex -7.503007395084713 -1.492440963423381 5
      vertex -7.389332571111373 -1.9799656950342837 5
    endloop
  endfacet
  facet normal 0.9108638249211753 0.41270702980439605 0
    outer loop
      vertex -6.861076472725065 -3.3835084801753603 2.5
      vertex -7.067678423711344 -2.927528257592937 5
      vertex -6.861076472725065 -3.3835084801753603 5
    endloop
  endfacet
  facet normal 0.9359059267573254 0.35225004792123427 0
    outer loop
      vertex -7.067678423711344 -2.927528257592937 2.5
      vertex -7.244015490637559 -2.4590119095691865 5
      vertex -7.067678423711344 -2.927528257592937 5
    endloop
  endfacet
  facet normal 0.956940335732209 0.29028467725446144 0
    outer loop
      vertex -7.244015490637559 -2.4590119095691865 2.5
      vertex -7.389332571111373 -1.9799656950342837 5
      vertex -7.244015490637559 -2.4590119095691865 5
    endloop
  endfacet
  facet normal 0.9866433320848791 0.1628954733945888 0
    outer loop
      vertex -7.503007395084713 -1.492440963423381 2.5
      vertex -7.584553189509649 -0.9985253704833946 5
      vertex -7.503007395084713 -1.492440963423381 5
    endloop
  endfacet
  facet normal 0.9951847266721967 0.09801714032956184 0
    outer loop
      vertex -7.584553189509649 -0.9985253704833946 2.5
      vertex -7.633620762775317 -0.5003339386105945 5
      vertex -7.584553189509649 -0.9985253704833946 5
    endloop
  endfacet
  facet normal 0.9994645874763656 0.032719082821776095 0
    outer loop
      vertex -7.633620762775317 -0.5003339386105945 2.5
      vertex -7.65 0 5
      vertex -7.633620762775317 -0.5003339386105945 5
    endloop
  endfacet
  facet normal 0.5280678506503692 0.849202181526578 0
    outer loop
      vertex -3.825 -6.625094338950956 2.5
      vertex -4.250112282599956 -6.360742534114471 5
      vertex -3.825 -6.625094338950956 5
    endloop
  endfacet
  facet normal 0.4713967368259966 0.8819212643483555 0
    outer loop
      vertex -3.3835084801753603 -6.861076472725065 2.5
      vertex -3.825 -6.625094338950956 5
      vertex -3.3835084801753603 -6.861076472725065 5
    endloop
  endfacet
  facet normal 0.41270702980439605 0.9108638249211753 0
    outer loop
      vertex -2.927528257592937 -7.067678423711344 2.5
      vertex -3.3835084801753603 -6.861076472725065 5
      vertex -2.927528257592937 -7.067678423711344 5
    endloop
  endfacet
  facet normal 0.35225004792123427 0.9359059267573254 0
    outer loop
      vertex -2.4590119095691865 -7.244015490637559 2.5
      vertex -2.927528257592937 -7.067678423711344 5
      vertex -2.4590119095691865 -7.244015490637559 5
    endloop
  endfacet
  facet normal 0.29028467725446144 0.956940335732209 0
    outer loop
      vertex -1.9799656950342837 -7.389332571111373 2.5
      vertex -2.4590119095691865 -7.244015490637559 5
      vertex -1.9799656950342837 -7.389332571111373 5
    endloop
  endfacet
  facet normal 0.2270762630343719 0.9738769792773341 0
    outer loop
      vertex -1.492440963423381 -7.503007395084713 2.5
      vertex -1.9799656950342837 -7.389332571111373 5
      vertex -1.492440963423381 -7.503007395084713 5
    endloop
  endfacet
  facet normal 0.1628954733945888 0.9866433320848791 0
    outer loop
      vertex -0.9985253704833946 -7.584553189509649 2.5
      vertex -1.492440963423381 -7.503007395084713 5
      vertex -0.9985253704833946 -7.584553189509649 5
    endloop
  endfacet
  facet normal 0.09801714032956184 0.9951847266721967 0
    outer loop
      vertex -0.5003339386105945 -7.633620762775317 2.5
      vertex -0.9985253704833946 -7.584553189509649 5
      vertex -0.5003339386105945 -7.633620762775317 5
    endloop
  endfacet
  facet normal 0.032719082821776095 0.9994645874763656 0
    outer loop
      vertex 0 -7.65 2.5
      vertex -0.5003339386105945 -7.633620762775317 5
      vertex 0 -7.65 5
    endloop
  endfacet
  facet normal 0.7730104533627373 0.634393284163645 0
    outer loop
      vertex -5.751574527214178 -5.043995485515527 2.5
      vertex -6.069153053227949 -4.657024931916713 5
      vertex -5.751574527214178 -5.043995485515527 5
    endloop
  endfacet
  facet normal 0.7298640726978364 0.6835923020228706 0
    outer loop
      vertex -5.409366876077089 -5.409366876077089 2.5
      vertex -5.751574527214178 -5.043995485515527 5
      vertex -5.409366876077089 -5.409366876077089 5
    endloop
  endfacet
  facet normal 0.6835923020228706 0.7298640726978364 0
    outer loop
      vertex -5.043995485515527 -5.751574527214178 2.5
      vertex -5.409366876077089 -5.409366876077089 5
      vertex -5.043995485515527 -5.751574527214178 5
    endloop
  endfacet
  facet normal 0.8128466845916162 0.5824776968678008 0
    outer loop
      vertex -6.069153053227949 -4.657024931916713 2.5
      vertex -6.360742534114471 -4.250112282599956 5
      vertex -6.069153053227949 -4.657024931916713 5
    endloop
  endfacet
  facet normal 0.849202181526578 0.5280678506503692 0
    outer loop
      vertex -6.360742534114471 -4.250112282599956 2.5
      vertex -6.625094338950956 -3.825 5
      vertex -6.360742534114471 -4.250112282599956 5
    endloop
  endfacet
  facet normal 0.634393284163645 0.7730104533627373 0
    outer loop
      vertex -4.657024931916713 -6.069153053227949 2.5
      vertex -5.043995485515527 -5.751574527214178 5
      vertex -4.657024931916713 -6.069153053227949 5
    endloop
  endfacet
  facet normal 0.5824776968678008 0.8128466845916162 0
    outer loop
      vertex -4.250112282599956 -6.360742534114471 2.5
      vertex -4.657024931916713 -6.069153053227949 5
      vertex -4.250112282599956 -6.360742534114471 5
    endloop
  endfacet
  facet normal 0 0 1
    outer loop
      vertex -7.633620762775317 -0.5003339386105945 2.5
      vertex -7.633620762775317 0.5003339386105945 2.5
      vertex -7.65 0 2.5
    endloop
  endfacet
  facet normal 0 0 1
    outer loop
      vertex -7.633620762775317 -0.5003339386105945 2.5
      vertex -7.584553189509649 0.9985253704833946 2.5
      vertex -7.633620762775317 0.5003339386105945 2.5
    endloop
  endfacet
  facet normal 0 0 1
    outer loop
      vertex -7.584553189509649 -0.9985253704833946 2.5
      vertex -7.503007395084713 1.492440963423381 2.5
      vertex -7.584553189509649 0.9985253704833946 2.5
    endloop
  endfacet
  facet normal 0 0 1
    outer loop
      vertex -7.503007395084713 -1.492440963423381 2.5
      vertex -7.389332571111373 1.9799656950342837 2.5
      vertex -7.503007395084713 1.492440963423381 2.5
    endloop
  endfacet
  facet normal 0 0 1
    outer loop
      vertex -7.389332571111373 -1.9799656950342837 2.5
      vertex -7.244015490637559 2.4590119095691865 2.5
      vertex -7.389332571111373 1.9799656950342837 2.5
    endloop
  endfacet
  facet normal 0 0 1
    outer loop
      vertex -7.244015490637559 -2.4590119095691865 2.5
      vertex -7.067678423711344 2.927528257592937 2.5
      vertex -7.244015490637559 2.4590119095691865 2.5
    endloop
  endfacet
  facet normal 0 0 1
    outer loop
      vertex -7.067678423711344 -2.927528257592937 2.5
      vertex -6.861076472725065 3.3835084801753603 2.5
      vertex -7.067678423711344 2.927528257592937 2.5
    endloop
  endfacet
  facet normal 0 0 1
    outer loop
      vertex -6.861076472725065 -3.3835084801753603 2.5
      vertex -6.625094338950956 3.825 2.5
      vertex -6.861076472725065 3.3835084801753603 2.5
    endloop
  endfacet
  facet normal 0 0 1
    outer loop
      vertex -6.625094338950956 -3.825 2.5
      vertex -6.360742534114471 4.250112282599956 2.5
      vertex -6.625094338950956 3.825 2.5
    endloop
  endfacet
  facet normal 0.9994645874763656 -0.032719082821776095 -2.777740802158452e-19
    outer loop
      vertex -7.65 0 2.5
      vertex -7.633620762775317 0.5003339386105945 2.5
      vertex -7.633620762775317 0.5003339386105945 5
    endloop
  endfacet
  facet normal 0.9951847266721967 -0.09801714032956184 -4.840211070357267e-19
    outer loop
      vertex -7.633620762775317 0.5003339386105945 2.5
      vertex -7.584553189509649 0.9985253704833946 2.5
      vertex -7.584553189509649 0.9985253704833946 5
    endloop
  endfacet
  facet normal 0.9866433320848791 -0.1628954733945888 -1.3705556183352304e-18
    outer loop
      vertex -7.584553189509649 0.9985253704833946 2.5
      vertex -7.503007395084713 1.492440963423381 2.5
      vertex -7.503007395084713 1.492440963423381 5
    endloop
  endfacet
  facet normal 0.9738769792773341 -0.2270762630343719 2.3517567031759946e-18
    outer loop
      vertex -7.503007395084713 1.492440963423381 2.5
      vertex -7.389332571111373 1.9799656950342837 2.5
      vertex -7.389332571111373 1.9799656950342837 5
    endloop
  endfacet
  facet normal 0.956940335732209 -0.29028467725446144 1.4292579296447282e-18
    outer loop
      vertex -7.389332571111373 1.9799656950342837 2.5
      vertex -7.244015490637559 2.4590119095691865 2.5
      vertex -7.244015490637559 2.4590119095691865 5
    endloop
  endfacet
  facet normal 0.9359059267573254 -0.35225004792123427 -3.6723590381402474e-18
    outer loop
      vertex -7.244015490637559 2.4590119095691865 2.5
      vertex -7.067678423711344 2.927528257592937 2.5
      vertex -7.067678423711344 2.927528257592937 5
    endloop
  endfacet
  facet normal 0.9108638249211753 -0.41270702980439605 0
    outer loop
      vertex -7.067678423711344 2.927528257592937 2.5
      vertex -6.861076472725065 3.3835084801753603 2.5
      vertex -7.067678423711344 2.927528257592937 5
    endloop
  endfacet
  facet normal 0.8819212643483555 -0.4713967368259966 1.4813324199395894e-18
    outer loop
      vertex -6.861076472725065 3.3835084801753603 2.5
      vertex -6.625094338950956 3.825 2.5
      vertex -6.625094338950956 3.825 5
    endloop
  endfacet
  facet normal 0 0 1
    outer loop
      vertex -6.360742534114471 -4.250112282599956 2.5
      vertex -6.069153053227949 4.657024931916713 2.5
      vertex -6.360742534114471 4.250112282599956 2.5
    endloop
  endfacet
  facet normal 0 0 1
    outer loop
      vertex -6.069153053227949 -4.657024931916713 2.5
      vertex -5.751574527214178 5.043995485515527 2.5
      vertex -6.069153053227949 4.657024931916713 2.5
    endloop
  endfacet
  facet normal 0 0 1
    outer loop
      vertex -5.751574527214178 -5.043995485515527 2.5
      vertex -5.409366876077089 5.409366876077089 2.5
      vertex -5.751574527214178 5.043995485515527 2.5
    endloop
  endfacet
  facet normal 0 0 1
    outer loop
      vertex -5.409366876077089 -5.409366876077089 2.5
      vertex -5.043995485515527 5.751574527214178 2.5
      vertex -5.409366876077089 5.409366876077089 2.5
    endloop
  endfacet
  facet normal 0 0 1
    outer loop
      vertex -5.043995485515527 -5.751574527214178 2.5
      vertex -4.657024931916713 6.069153053227949 2.5
      vertex -5.043995485515527 5.751574527214178 2.5
    endloop
  endfacet
  facet normal 0 0 1
    outer loop
      vertex -4.657024931916713 -6.069153053227949 2.5
      vertex -4.250112282599956 6.360742534114471 2.5
      vertex -4.657024931916713 6.069153053227949 2.5
    endloop
  endfacet
  facet normal 0 0 1
    outer loop
      vertex -4.250112282599956 -6.360742534114471 2.5
      vertex -3.825 6.625094338950956 2.5
      vertex -4.250112282599956 6.360742534114471 2.5
    endloop
  endfacet
  facet normal 0 0 1
    outer loop
      vertex -3.825 -6.625094338950956 2.5
      vertex -3.3835084801753603 6.861076472725065 2.5
      vertex -3.825 6.625094338950956 2.5
    endloop
  endfacet
  facet normal 0 0 1
    outer loop
      vertex -3.3835084801753603 -6.861076472725065 2.5
      vertex -2.927528257592937 7.067678423711344 2.5
      vertex -3.3835084801753603 6.861076472725065 2.5
    endloop
  endfacet
  facet normal 0 0 1
    outer loop
      vertex -2.927528257592937 -7.067678423711344 2.5
      vertex -2.4590119095691865 7.244015490637559 2.5
      vertex -2.927528257592937 7.067678423711344 2.5
    endloop
  endfacet
  facet normal 0 0 1
    outer loop
      vertex -2.4590119095691865 -7.244015490637559 2.5
      vertex -1.9799656950342837 7.389332571111373 2.5
      vertex -2.4590119095691865 7.244015490637559 2.5
    endloop
  endfacet
  facet normal 0 0 1
    outer loop
      vertex -1.9799656950342837 -7.389332571111373 2.5
      vertex -1.492440963423381 7.503007395084713 2.5
      vertex -1.9799656950342837 7.389332571111373 2.5
    endloop
  endfacet
  facet normal 0 0 1
    outer loop
      vertex -1.492440963423381 -7.503007395084713 2.5
      vertex -0.9985253704833946 7.584553189509649 2.5
      vertex -1.492440963423381 7.503007395084713 2.5
    endloop
  endfacet
  facet normal 0 0 1
    outer loop
      vertex -0.9985253704833946 -7.584553189509649 2.5
      vertex -0.5003339386105945 7.633620762775317 2.5
      vertex -0.9985253704833946 7.584553189509649 2.5
    endloop
  endfacet
  facet normal 0 0 1
    outer loop
      vertex -0.5003339386105945 -7.633620762775317 2.5
      vertex 0 7.65 2.5
      vertex -0.5003339386105945 7.633620762775317 2.5
    endloop
  endfacet
  facet normal 0.849202181526578 -0.5280678506503692 -9.233620024137521e-19
    outer loop
      vertex -6.625094338950956 3.825 2.5
      vertex -6.360742534114471 4.250112282599956 2.5
      vertex -6.360742534114471 4.250112282599956 5
    endloop
  endfacet
  facet normal 0.8128466845916162 -0.5824776968678008 4.749491983816973e-18
    outer loop
      vertex -6.360742534114471 4.250112282599956 2.5
      vertex -6.069153053227949 4.657024931916713 2.5
      vertex -6.069153053227949 4.657024931916713 5
    endloop
  endfacet
  facet normal 0.7730104533627373 -0.634393284163645 3.980982499473962e-18
    outer loop
      vertex -6.069153053227949 4.657024931916713 2.5
      vertex -5.751574527214178 5.043995485515527 2.5
      vertex -5.751574527214178 5.043995485515527 5
    endloop
  endfacet
  facet normal 0.7298640726978364 -0.6835923020228706 -4.703998635373008e-19
    outer loop
      vertex -5.751574527214178 5.043995485515527 2.5
      vertex -5.409366876077089 5.409366876077089 2.5
      vertex -5.409366876077089 5.409366876077089 5
    endloop
  endfacet
  facet normal 0.6835923020228706 -0.7298640726978364 -4.703998635373008e-19
    outer loop
      vertex -5.409366876077089 5.409366876077089 2.5
      vertex -5.043995485515527 5.751574527214178 2.5
      vertex -5.043995485515527 5.751574527214178 5
    endloop
  endfacet
  facet normal 0.634393284163645 -0.7730104533627373 3.980982499473962e-18
    outer loop
      vertex -5.043995485515527 5.751574527214178 2.5
      vertex -4.657024931916713 6.069153053227949 2.5
      vertex -4.657024931916713 6.069153053227949 5
    endloop
  endfacet
  facet normal 0.5824776968678008 -0.8128466845916162 4.749491983816973e-18
    outer loop
      vertex -4.657024931916713 6.069153053227949 2.5
      vertex -4.250112282599956 6.360742534114471 2.5
      vertex -4.250112282599956 6.360742534114471 5
    endloop
  endfacet
  facet normal 0.5280678506503692 -0.849202181526578 -9.233620024137521e-19
    outer loop
      vertex -4.250112282599956 6.360742534114471 2.5
      vertex -3.825 6.625094338950956 2.5
      vertex -3.825 6.625094338950956 5
    endloop
  endfacet
  facet normal 0.4713967368259966 -0.8819212643483555 1.4813324199395894e-18
    outer loop
      vertex -3.825 6.625094338950956 2.5
      vertex -3.3835084801753603 6.861076472725065 2.5
      vertex -3.3835084801753603 6.861076472725065 5
    endloop
  endfacet
  facet normal 0.41270702980439605 -0.9108638249211753 4.089287302991439e-18
    outer loop
      vertex -3.3835084801753603 6.861076472725065 2.5
      vertex -2.927528257592937 7.067678423711344 2.5
      vertex -2.927528257592937 7.067678423711344 5
    endloop
  endfacet
  facet normal 0.35225004792123427 -0.9359059267573254 -3.6723590381402474e-18
    outer loop
      vertex -2.927528257592937 7.067678423711344 2.5
      vertex -2.4590119095691865 7.244015490637559 2.5
      vertex -2.4590119095691865 7.244015490637559 5
    endloop
  endfacet
  facet normal 0.29028467725446144 -0.956940335732209 1.4292579296447282e-18
    outer loop
      vertex -2.4590119095691865 7.244015490637559 2.5
      vertex -1.9799656950342837 7.389332571111373 2.5
      vertex -1.9799656950342837 7.389332571111373 5
    endloop
  endfacet
  facet normal 0.2270762630343719 -0.9738769792773341 2.3517567031759946e-18
    outer loop
      vertex -1.9799656950342837 7.389332571111373 2.5
      vertex -1.492440963423381 7.503007395084713 2.5
      vertex -1.492440963423381 7.503007395084713 5
    endloop
  endfacet
  facet normal 0.1628954733945888 -0.9866433320848791 -1.3705556183352304e-18
    outer loop
      vertex -1.492440963423381 7.503007395084713 2.5
      vertex -0.9985253704833946 7.584553189509649 2.5
      vertex -0.9985253704833946 7.584553189509649 5
    endloop
  endfacet
  facet normal 0.09801714032956184 -0.9951847266721967 -4.840211070357267e-19
    outer loop
      vertex -0.9985253704833946 7.584553189509649 2.5
      vertex -0.5003339386105945 7.633620762775317 2.5
      vertex -0.5003339386105945 7.633620762775317 5
    endloop
  endfacet
  facet normal 0.032719082821776095 -0.9994645874763656 -2.777740802158452e-19
    outer loop
      vertex -0.5003339386105945 7.633620762775317 2.5
      vertex 0 7.65 2.5
      vertex 0 7.65 5
    endloop
  endfacet
  facet normal 0.9994645874763656 -0.032719082821776095 0
    outer loop
      vertex -7.65 0 2.5
      vertex -7.633620762775317 0.5003339386105945 5
      vertex -7.65 0 5
    endloop
  endfacet
  facet normal 0.9951847266721967 -0.09801714032956184 0
    outer loop
      vertex -7.633620762775317 0.5003339386105945 2.5
      vertex -7.584553189509649 0.9985253704833946 5
      vertex -7.633620762775317 0.5003339386105945 5
    endloop
  endfacet
  facet normal 0.9866433320848791 -0.1628954733945888 0
    outer loop
      vertex -7.584553189509649 0.9985253704833946 2.5
      vertex -7.503007395084713 1.492440963423381 5
      vertex -7.584553189509649 0.9985253704833946 5
    endloop
  endfacet
  facet normal 0.9738769792773341 -0.2270762630343719 0
    outer loop
      vertex -7.503007395084713 1.492440963423381 2.5
      vertex -7.389332571111373 1.9799656950342837 5
      vertex -7.503007395084713 1.492440963423381 5
    endloop
  endfacet
  facet normal 0.956940335732209 -0.29028467725446144 0
    outer loop
      vertex -7.389332571111373 1.9799656950342837 2.5
      vertex -7.244015490637559 2.4590119095691865 5
      vertex -7.389332571111373 1.9799656950342837 5
    endloop
  endfacet
  facet normal 0.9359059267573254 -0.35225004792123427 0
    outer loop
      vertex -7.244015490637559 2.4590119095691865 2.5
      vertex -7.067678423711344 2.927528257592937 5
      vertex -7.244015490637559 2.4590119095691865 5
    endloop
  endfacet
  facet normal 0.9108638249211753 -0.41270702980439605 0
    outer loop
      vertex -6.861076472725065 3.3835084801753603 2.5
      vertex -6.861076472725065 3.3835084801753603 5
      vertex -7.067678423711344 2.927528257592937 5
    endloop
  endfacet
  facet normal 0.8819212643483555 -0.4713967368259966 0
    outer loop
      vertex -6.861076472725065 3.3835084801753603 2.5
      vertex -6.625094338950956 3.825 5
      vertex -6.861076472725065 3.3835084801753603 5
    endloop
  endfacet
  facet normal 0.849202181526578 -0.5280678506503692 0
    outer loop
      vertex -6.625094338950956 3.825 2.5
      vertex -6.360742534114471 4.250112282599956 5
      vertex -6.625094338950956 3.825 5
    endloop
  endfacet
  facet normal 0.8128466845916162 -0.5824776968678008 0
    outer loop
      vertex -6.360742534114471 4.250112282599956 2.5
      vertex -6.069153053227949 4.657024931916713 5
      vertex -6.360742534114471 4.250112282599956 5
    endloop
  endfacet
  facet normal 0.7730104533627373 -0.634393284163645 0
    outer loop
      vertex -6.069153053227949 4.657024931916713 2.5
      vertex -5.751574527214178 5.043995485515527 5
      vertex -6.069153053227949 4.657024931916713 5
    endloop
  endfacet
  facet normal 0.7298640726978364 -0.6835923020228706 0
    outer loop
      vertex -5.751574527214178 5.043995485515527 2.5
      vertex -5.409366876077089 5.409366876077089 5
      vertex -5.751574527214178 5.043995485515527 5
    endloop
  endfacet
  facet normal 0.6835923020228706 -0.7298640726978364 0
    outer loop
      vertex -5.409366876077089 5.409366876077089 2.5
      vertex -5.043995485515527 5.751574527214178 5
      vertex -5.409366876077089 5.409366876077089 5
    endloop
  endfacet
  facet normal 0.634393284163645 -0.7730104533627373 0
    outer loop
      vertex -5.043995485515527 5.751574527214178 2.5
      vertex -4.657024931916713 6.069153053227949 5
      vertex -5.043995485515527 5.751574527214178 5
    endloop
  endfacet
  facet normal 0.5824776968678008 -0.8128466845916162 0
    outer loop
      vertex -4.657024931916713 6.069153053227949 2.5
      vertex -4.250112282599956 6.360742534114471 5
      vertex -4.657024931916713 6.069153053227949 5
    endloop
  endfacet
  facet normal 0.5280678506503692 -0.849202181526578 0
    outer loop
      vertex -4.250112282599956 6.360742534114471 2.5
      vertex -3.825 6.625094338950956 5
      vertex -4.250112282599956 6.360742534114471 5
    endloop
  endfacet
  facet normal 0.4713967368259966 -0.8819212643483555 0
    outer loop
      vertex -3.825 6.625094338950956 2.5
      vertex -3.3835084801753603 6.861076472725065 5
      vertex -3.825 6.625094338950956 5
    endloop
  endfacet
  facet normal 0.41270702980439605 -0.9108638249211753 0
    outer loop
      vertex -3.3835084801753603 6.861076472725065 2.5
      vertex -2.927528257592937 7.067678423711344 5
      vertex -3.3835084801753603 6.861076472725065 5
    endloop
  endfacet
  facet normal 0.35225004792123427 -0.9359059267573254 0
    outer loop
      vertex -2.927528257592937 7.067678423711344 2.5
      vertex -2.4590119095691865 7.244015490637559 5
      vertex -2.927528257592937 7.067678423711344 5
    endloop
  endfacet
  facet normal 0.29028467725446144 -0.956940335732209 0
    outer loop
      vertex -2.4590119095691865 7.244015490637559 2.5
      vertex -1.9799656950342837 7.389332571111373 5
      vertex -2.4590119095691865 7.244015490637559 5
    endloop
  endfacet
  facet normal 0.2270762630343719 -0.9738769792773341 0
    outer loop
      vertex -1.9799656950342837 7.389332571111373 2.5
      vertex -1.492440963423381 7.503007395084713 5
      vertex -1.9799656950342837 7.389332571111373 5
    endloop
  endfacet
  facet normal 0.1628954733945888 -0.9866433320848791 0
    outer loop
      vertex -1.492440963423381 7.503007395084713 2.5
      vertex -0.9985253704833946 7.584553189509649 5
      vertex -1.492440963423381 7.503007395084713 5
    endloop
  endfacet
  facet normal 0.09801714032956184 -0.9951847266721967 0
    outer loop
      vertex -0.9985253704833946 7.584553189509649 2.5
      vertex -0.5003339386105945 7.633620762775317 5
      vertex -0.9985253704833946 7.584553189509649 5
    endloop
  endfacet
  facet normal 0.032719082821776095 -0.9994645874763656 0
    outer loop
      vertex -0.5003339386105945 7.633620762775317 2.5
      vertex 0 7.65 5
      vertex -0.5003339386105945 7.633620762775317 5
    endloop
  endfacet
  facet normal -0.032719082821776095 0.9994645874763656 0
    outer loop
      vertex 0 -7.65 2.5
      vertex 0 -7.65 5
      vertex 0.5003339386105945 -7.633620762775317 2.5
    endloop
  endfacet
  facet normal -0.09801714032956184 0.9951847266721967 0
    outer loop
      vertex 0.5003339386105945 -7.633620762775317 2.5
      vertex 0.5003339386105945 -7.633620762775317 5
      vertex 0.9985253704833946 -7.584553189509649 2.5
    endloop
  endfacet
  facet normal -0.1628954733945888 0.9866433320848791 0
    outer loop
      vertex 0.9985253704833946 -7.584553189509649 2.5
      vertex 0.9985253704833946 -7.584553189509649 5
      vertex 1.492440963423381 -7.503007395084713 2.5
    endloop
  endfacet
  facet normal -0.2270762630343719 0.9738769792773341 0
    outer loop
      vertex 1.492440963423381 -7.503007395084713 2.5
      vertex 1.492440963423381 -7.503007395084713 5
      vertex 1.9799656950342837 -7.389332571111373 2.5
    endloop
  endfacet
  facet normal -0.29028467725446144 0.956940335732209 0
    outer loop
      vertex 1.9799656950342837 -7.389332571111373 2.5
      vertex 1.9799656950342837 -7.389332571111373 5
      vertex 2.4590119095691865 -7.244015490637559 2.5
    endloop
  endfacet
  facet normal -0.35225004792123427 0.9359059267573254 0
    outer loop
      vertex 2.4590119095691865 -7.244015490637559 2.5
      vertex 2.4590119095691865 -7.244015490637559 5
      vertex 2.927528257592937 -7.067678423711344 2.5
    endloop
  endfacet
  facet normal -0.41270702980439605 0.9108638249211753 0
    outer loop
      vertex 2.927528257592937 -7.067678423711344 2.5
      vertex 2.927528257592937 -7.067678423711344 5
      vertex 3.3835084801753603 -6.861076472725065 2.5
    endloop
  endfacet
  facet normal -0.4713967368259966 0.8819212643483555 0
    outer loop
      vertex 3.3835084801753603 -6.861076472725065 2.5
      vertex 3.3835084801753603 -6.861076472725065 5
      vertex 3.825 -6.625094338950956 2.5
    endloop
  endfacet
  facet normal -0.5280678506503692 0.849202181526578 0
    outer loop
      vertex 3.825 -6.625094338950956 2.5
      vertex 3.825 -6.625094338950956 5
      vertex 4.250112282599956 -6.360742534114471 2.5
    endloop
  endfacet
  facet normal 0 0 1
    outer loop
      vertex 0 -7.65 2.5
      vertex 0.5003339386105945 -7.633620762775317 2.5
      vertex 0.5003339386105945 7.633620762775317 2.5
    endloop
  endfacet
  facet normal 0 0 1
    outer loop
      vertex 0.5003339386105945 -7.633620762775317 2.5
      vertex 0.9985253704833946 -7.584553189509649 2.5
      vertex 0.9985253704833946 7.584553189509649 2.5
    endloop
  endfacet
  facet normal 0 0 1
    outer loop
      vertex 0.9985253704833946 -7.584553189509649 2.5
      vertex 1.492440963423381 -7.503007395084713 2.5
      vertex 1.492440963423381 7.503007395084713 2.5
    endloop
  endfacet
  facet normal 0 0 1
    outer loop
      vertex 1.492440963423381 -7.503007395084713 2.5
      vertex 1.9799656950342837 -7.389332571111373 2.5
      vertex 1.9799656950342837 7.389332571111373 2.5
    endloop
  endfacet
  facet normal 0 0 1
    outer loop
      vertex 1.9799656950342837 -7.389332571111373 2.5
      vertex 2.4590119095691865 -7.244015490637559 2.5
      vertex 2.4590119095691865 7.244015490637559 2.5
    endloop
  endfacet
  facet normal 0 0 1
    outer loop
      vertex 2.4590119095691865 -7.244015490637559 2.5
      vertex 2.927528257592937 -7.067678423711344 2.5
      vertex 2.927528257592937 7.067678423711344 2.5
    endloop
  endfacet
  facet normal 0 0 1
    outer loop
      vertex 2.927528257592937 -7.067678423711344 2.5
      vertex 3.3835084801753603 -6.861076472725065 2.5
      vertex 3.3835084801753603 6.861076472725065 2.5
    endloop
  endfacet
  facet normal 0 0 1
    outer loop
      vertex 3.3835084801753603 -6.861076472725065 2.5
      vertex 3.825 -6.625094338950956 2.5
      vertex 3.825 6.625094338950956 2.5
    endloop
  endfacet
  facet normal 0 0 1
    outer loop
      vertex 3.825 -6.625094338950956 2.5
      vertex 4.250112282599956 -6.360742534114471 2.5
      vertex 4.250112282599956 6.360742534114471 2.5
    endloop
  endfacet
  facet normal 0 0 1
    outer loop
      vertex 4.250112282599956 -6.360742534114471 2.5
      vertex 4.657024931916713 -6.069153053227949 2.5
      vertex 4.657024931916713 6.069153053227949 2.5
    endloop
  endfacet
  facet normal 0 0 1
    outer loop
      vertex 4.657024931916713 -6.069153053227949 2.5
      vertex 5.043995485515527 -5.751574527214178 2.5
      vertex 5.043995485515527 5.751574527214178 2.5
    endloop
  endfacet
  facet normal 0 0 1
    outer loop
      vertex 5.043995485515527 -5.751574527214178 2.5
      vertex 5.409366876077089 -5.409366876077089 2.5
      vertex 5.409366876077089 5.409366876077089 2.5
    endloop
  endfacet
  facet normal 0 0 1
    outer loop
      vertex 5.409366876077089 -5.409366876077089 2.5
      vertex 5.751574527214178 -5.043995485515527 2.5
      vertex 5.751574527214178 5.043995485515527 2.5
    endloop
  endfacet
  facet normal 0 0 1
    outer loop
      vertex 5.751574527214178 -5.043995485515527 2.5
      vertex 6.069153053227949 -4.657024931916713 2.5
      vertex 6.069153053227949 4.657024931916713 2.5
    endloop
  endfacet
  facet normal 0 0 1
    outer loop
      vertex 6.069153053227949 -4.657024931916713 2.5
      vertex 6.360742534114471 -4.250112282599956 2.5
      vertex 6.360742534114471 4.250112282599956 2.5
    endloop
  endfacet
  facet normal -0.5824776968678008 0.8128466845916162 0
    outer loop
      vertex 4.250112282599956 -6.360742534114471 2.5
      vertex 4.250112282599956 -6.360742534114471 5
      vertex 4.657024931916713 -6.069153053227949 2.5
    endloop
  endfacet
  facet normal -0.634393284163645 0.7730104533627373 0
    outer loop
      vertex 4.657024931916713 -6.069153053227949 2.5
      vertex 4.657024931916713 -6.069153053227949 5
      vertex 5.043995485515527 -5.751574527214178 2.5
    endloop
  endfacet
  facet normal -0.6835923020228706 0.7298640726978364 0
    outer loop
      vertex 5.043995485515527 -5.751574527214178 2.5
      vertex 5.043995485515527 -5.751574527214178 5
      vertex 5.409366876077089 -5.409366876077089 2.5
    endloop
  endfacet
  facet normal -0.7298640726978364 0.6835923020228706 -1.4399368500149896e-16
    outer loop
      vertex 5.409366876077089 -5.409366876077089 2.5
      vertex 5.485758856814102 -5.327803988348278 5
      vertex 5.751574527214178 -5.043995485515527 2.5
    endloop
  endfacet
  facet normal -0.7730104533627373 0.634393284163645 0
    outer loop
      vertex 5.751574527214178 -5.043995485515527 2.5
      vertex 5.751574527214178 -5.043995485515527 5
      vertex 6.069153053227949 -4.657024931916713 2.5
    endloop
  endfacet
  facet normal -0.8128466845916162 0.5824776968678008 0
    outer loop
      vertex 6.069153053227949 -4.657024931916713 2.5
      vertex 6.069153053227949 -4.657024931916713 5
      vertex 6.360742534114471 -4.250112282599956 2.5
    endloop
  endfacet
  facet normal -0.849202181526578 0.5280678506503692 0
    outer loop
      vertex 6.360742534114471 -4.250112282599956 2.5
      vertex 6.360742534114471 -4.250112282599956 5
      vertex 6.625094338950956 -3.825 2.5
    endloop
  endfacet
  facet normal 0 0 1
    outer loop
      vertex 6.360742534114471 -4.250112282599956 2.5
      vertex 6.625094338950956 -3.825 2.5
      vertex 6.625094338950956 3.825 2.5
    endloop
  endfacet
  facet normal 0 0 1
    outer loop
      vertex 6.625094338950956 -3.825 2.5
      vertex 6.861076472725065 -3.3835084801753603 2.5
      vertex 6.861076472725065 3.3835084801753603 2.5
    endloop
  endfacet
  facet normal 0 0 1
    outer loop
      vertex 6.861076472725065 -3.3835084801753603 2.5
      vertex 7.067678423711344 -2.927528257592937 2.5
      vertex 7.067678423711344 2.927528257592937 2.5
    endloop
  endfacet
  facet normal 0 0 1
    outer loop
      vertex 7.067678423711344 -2.927528257592937 2.5
      vertex 7.244015490637559 -2.4590119095691865 2.5
      vertex 7.244015490637559 2.4590119095691865 2.5
    endloop
  endfacet
  facet normal 0 0 1
    outer loop
      vertex 7.244015490637559 -2.4590119095691865 2.5
      vertex 7.389332571111373 -1.9799656950342837 2.5
      vertex 7.389332571111373 1.9799656950342837 2.5
    endloop
  endfacet
  facet normal 0 0 1
    outer loop
      vertex 7.389332571111373 -1.9799656950342837 2.5
      vertex 7.503007395084713 -1.492440963423381 2.5
      vertex 7.503007395084713 1.492440963423381 2.5
    endloop
  endfacet
  facet normal 0 0 1
    outer loop
      vertex 7.503007395084713 -1.492440963423381 2.5
      vertex 7.584553189509649 -0.9985253704833946 2.5
      vertex 7.584553189509649 0.9985253704833946 2.5
    endloop
  endfacet
  facet normal 0 0 1
    outer loop
      vertex 7.584553189509649 -0.9985253704833946 2.5
      vertex 7.633620762775317 -0.5003339386105945 2.5
      vertex 7.633620762775317 0.5003339386105945 2.5
    endloop
  endfacet
  facet normal -0.8819212643483555 0.4713967368259966 0
    outer loop
      vertex 6.625094338950956 -3.825 2.5
      vertex 6.625094338950956 -3.825 5
      vertex 6.861076472725065 -3.3835084801753603 2.5
    endloop
  endfacet
  facet normal -0.9108638249211753 0.41270702980439605 0
    outer loop
      vertex 6.861076472725065 -3.3835084801753603 2.5
      vertex 6.861076472725065 -3.3835084801753603 5
      vertex 7.067678423711344 -2.927528257592937 2.5
    endloop
  endfacet
  facet normal -0.9359059267573254 0.35225004792123427 0
    outer loop
      vertex 7.067678423711344 -2.927528257592937 2.5
      vertex 7.067678423711344 -2.927528257592937 5
      vertex 7.244015490637559 -2.4590119095691865 2.5
    endloop
  endfacet
  facet normal -0.956940335732209 0.29028467725446144 0
    outer loop
      vertex 7.244015490637559 -2.4590119095691865 2.5
      vertex 7.244015490637559 -2.4590119095691865 5
      vertex 7.389332571111373 -1.9799656950342837 2.5
    endloop
  endfacet
  facet normal -0.9738769792773341 0.2270762630343719 0
    outer loop
      vertex 7.389332571111373 -1.9799656950342837 2.5
      vertex 7.389332571111373 -1.9799656950342837 5
      vertex 7.503007395084713 -1.492440963423381 2.5
    endloop
  endfacet
  facet normal -0.9866433320848791 0.1628954733945888 0
    outer loop
      vertex 7.503007395084713 -1.492440963423381 2.5
      vertex 7.503007395084713 -1.492440963423381 5
      vertex 7.584553189509649 -0.9985253704833946 2.5
    endloop
  endfacet
  facet normal -0.9951847266721967 0.09801714032956184 0
    outer loop
      vertex 7.584553189509649 -0.9985253704833946 2.5
      vertex 7.584553189509649 -0.9985253704833946 5
      vertex 7.633620762775317 -0.5003339386105945 2.5
    endloop
  endfacet
  facet normal -0.9994645874763656 0.032719082821776095 0
    outer loop
      vertex 7.633620762775317 -0.5003339386105945 2.5
      vertex 7.633620762775317 -0.5003339386105945 5
      vertex 7.65 0 2.5
    endloop
  endfacet
  facet normal -0.032719082821776095 0.9994645874763656 0
    outer loop
      vertex 0.5003339386105945 -7.633620762775317 2.5
      vertex 0 -7.65 5
      vertex 0.5003339386105945 -7.633620762775317 5
    endloop
  endfacet
  facet normal -0.09801714032956184 0.9951847266721967 0
    outer loop
      vertex 0.9985253704833946 -7.584553189509649 2.5
      vertex 0.5003339386105945 -7.633620762775317 5
      vertex 0.9985253704833946 -7.584553189509649 5
    endloop
  endfacet
  facet normal -0.1628954733945888 0.9866433320848791 0
    outer loop
      vertex 1.492440963423381 -7.503007395084713 2.5
      vertex 0.9985253704833946 -7.584553189509649 5
      vertex 1.492440963423381 -7.503007395084713 5
    endloop
  endfacet
  facet normal -0.2270762630343719 0.9738769792773341 0
    outer loop
      vertex 1.9799656950342837 -7.389332571111373 2.5
      vertex 1.492440963423381 -7.503007395084713 5
      vertex 1.9799656950342837 -7.389332571111373 5
    endloop
  endfacet
  facet normal -0.29028467725446144 0.956940335732209 0
    outer loop
      vertex 2.4590119095691865 -7.244015490637559 2.5
      vertex 1.9799656950342837 -7.389332571111373 5
      vertex 2.4590119095691865 -7.244015490637559 5
    endloop
  endfacet
  facet normal -0.35225004792123427 0.9359059267573254 0
    outer loop
      vertex 2.927528257592937 -7.067678423711344 2.5
      vertex 2.4590119095691865 -7.244015490637559 5
      vertex 2.927528257592937 -7.067678423711344 5
    endloop
  endfacet
  facet normal -0.41270702980439605 0.9108638249211753 0
    outer loop
      vertex 3.3835084801753603 -6.861076472725065 2.5
      vertex 2.927528257592937 -7.067678423711344 5
      vertex 3.3835084801753603 -6.861076472725065 5
    endloop
  endfacet
  facet normal -0.4713967368259966 0.8819212643483555 0
    outer loop
      vertex 3.825 -6.625094338950956 2.5
      vertex 3.3835084801753603 -6.861076472725065 5
      vertex 3.825 -6.625094338950956 5
    endloop
  endfacet
  facet normal -0.5280678506503692 0.849202181526578 0
    outer loop
      vertex 4.250112282599956 -6.360742534114471 2.5
      vertex 3.825 -6.625094338950956 5
      vertex 4.250112282599956 -6.360742534114471 5
    endloop
  endfacet
  facet normal -0.5824776968678008 0.8128466845916162 0
    outer loop
      vertex 4.657024931916713 -6.069153053227949 2.5
      vertex 4.250112282599956 -6.360742534114471 5
      vertex 4.657024931916713 -6.069153053227949 5
    endloop
  endfacet
  facet normal -0.634393284163645 0.7730104533627373 0
    outer loop
      vertex 5.043995485515527 -5.751574527214178 2.5
      vertex 4.657024931916713 -6.069153053227949 5
      vertex 5.043995485515527 -5.751574527214178 5
    endloop
  endfacet
  facet normal -0.6835923020228706 0.7298640726978364 0
    outer loop
      vertex 5.409366876077089 -5.409366876077089 2.5
      vertex 5.043995485515527 -5.751574527214178 5
      vertex 5.409366876077089 -5.409366876077089 5
    endloop
  endfacet
  facet normal -0.7298640726978342 0.6835923020228729 0
    outer loop
      vertex 5.409366876077089 -5.409366876077089 2.5
      vertex 5.409366876077089 -5.409366876077089 5
      vertex 5.452321629789114 -5.363504552301329 5
    endloop
  endfacet
  facet normal -0.7298640726978443 0.6835923020228621 3.71741349591901e-16
    outer loop
      vertex 5.409366876077089 -5.409366876077089 2.5
      vertex 5.452321629789114 -5.363504552301329 5
      vertex 5.485758856814102 -5.327803988348278 5
    endloop
  endfacet
  facet normal -0.7298640726978357 0.6835923020228712 0
    outer loop
      vertex 5.751574527214178 -5.043995485515527 2.5
      vertex 5.485758856814102 -5.327803988348278 5
      vertex 5.751574527214178 -5.043995485515527 5
    endloop
  endfacet
  facet normal -0.7730104533627373 0.634393284163645 0
    outer loop
      vertex 6.069153053227949 -4.657024931916713 2.5
      vertex 5.751574527214178 -5.043995485515527 5
      vertex 6.069153053227949 -4.657024931916713 5
    endloop
  endfacet
  facet normal -0.8128466845916162 0.5824776968678008 0
    outer loop
      vertex 6.360742534114471 -4.250112282599956 2.5
      vertex 6.069153053227949 -4.657024931916713 5
      vertex 6.360742534114471 -4.250112282599956 5
    endloop
  endfacet
  facet normal -0.849202181526578 0.5280678506503692 0
    outer loop
      vertex 6.625094338950956 -3.825 2.5
      vertex 6.360742534114471 -4.250112282599956 5
      vertex 6.625094338950956 -3.825 5
    endloop
  endfacet
  facet normal -0.8819212643483555 0.4713967368259966 0
    outer loop
      vertex 6.861076472725065 -3.3835084801753603 2.5
      vertex 6.625094338950956 -3.825 5
      vertex 6.861076472725065 -3.3835084801753603 5
    endloop
  endfacet
  facet normal -0.9108638249211753 0.41270702980439605 0
    outer loop
      vertex 7.067678423711344 -2.927528257592937 2.5
      vertex 6.861076472725065 -3.3835084801753603 5
      vertex 7.067678423711344 -2.927528257592937 5
    endloop
  endfacet
  facet normal -0.9359059267573254 0.35225004792123427 0
    outer loop
      vertex 7.244015490637559 -2.4590119095691865 2.5
      vertex 7.067678423711344 -2.927528257592937 5
      vertex 7.244015490637559 -2.4590119095691865 5
    endloop
  endfacet
  facet normal -0.956940335732209 0.29028467725446144 0
    outer loop
      vertex 7.389332571111373 -1.9799656950342837 2.5
      vertex 7.244015490637559 -2.4590119095691865 5
      vertex 7.389332571111373 -1.9799656950342837 5
    endloop
  endfacet
  facet normal -0.9738769792773341 0.2270762630343719 0
    outer loop
      vertex 7.503007395084713 -1.492440963423381 2.5
      vertex 7.389332571111373 -1.9799656950342837 5
      vertex 7.503007395084713 -1.492440963423381 5
    endloop
  endfacet
  facet normal -0.9866433320848791 0.1628954733945888 0
    outer loop
      vertex 7.584553189509649 -0.9985253704833946 2.5
      vertex 7.503007395084713 -1.492440963423381 5
      vertex 7.584553189509649 -0.9985253704833946 5
    endloop
  endfacet
  facet normal -0.9951847266721967 0.09801714032956184 0
    outer loop
      vertex 7.633620762775317 -0.5003339386105945 2.5
      vertex 7.584553189509649 -0.9985253704833946 5
      vertex 7.633620762775317 -0.5003339386105945 5
    endloop
  endfacet
  facet normal -0.9994645874763656 0.032719082821776095 0
    outer loop
      vertex 7.65 0 2.5
      vertex 7.633620762775317 -0.5003339386105945 5
      vertex 7.65 0 5
    endloop
  endfacet
  facet normal 0 0 1
    outer loop
      vertex 0 -7.65 2.5
      vertex 0.5003339386105945 7.633620762775317 2.5
      vertex 0 7.65 2.5
    endloop
  endfacet
  facet normal 0 0 1
    outer loop
      vertex 0.5003339386105945 -7.633620762775317 2.5
      vertex 0.9985253704833946 7.584553189509649 2.5
      vertex 0.5003339386105945 7.633620762775317 2.5
    endloop
  endfacet
  facet normal 0 0 1
    outer loop
      vertex 0.9985253704833946 -7.584553189509649 2.5
      vertex 1.492440963423381 7.503007395084713 2.5
      vertex 0.9985253704833946 7.584553189509649 2.5
    endloop
  endfacet
  facet normal 0 0 1
    outer loop
      vertex 1.9799656950342837 -7.389332571111373 2.5
      vertex 2.4590119095691865 7.244015490637559 2.5
      vertex 1.9799656950342837 7.389332571111373 2.5
    endloop
  endfacet
  facet normal 0 0 1
    outer loop
      vertex 1.492440963423381 -7.503007395084713 2.5
      vertex 1.9799656950342837 7.389332571111373 2.5
      vertex 1.492440963423381 7.503007395084713 2.5
    endloop
  endfacet
  facet normal 0 0 1
    outer loop
      vertex 2.4590119095691865 -7.244015490637559 2.5
      vertex 2.927528257592937 7.067678423711344 2.5
      vertex 2.4590119095691865 7.244015490637559 2.5
    endloop
  endfacet
  facet normal 0 0 1
    outer loop
      vertex 2.927528257592937 -7.067678423711344 2.5
      vertex 3.3835084801753603 6.861076472725065 2.5
      vertex 2.927528257592937 7.067678423711344 2.5
    endloop
  endfacet
  facet normal 0 0 1
    outer loop
      vertex 3.3835084801753603 -6.861076472725065 2.5
      vertex 3.825 6.625094338950956 2.5
      vertex 3.3835084801753603 6.861076472725065 2.5
    endloop
  endfacet
  facet normal 0 0 1
    outer loop
      vertex 3.825 -6.625094338950956 2.5
      vertex 4.250112282599956 6.360742534114471 2.5
      vertex 3.825 6.625094338950956 2.5
    endloop
  endfacet
  facet normal 0 0 1
    outer loop
      vertex 4.250112282599956 -6.360742534114471 2.5
      vertex 4.657024931916713 6.069153053227949 2.5
      vertex 4.250112282599956 6.360742534114471 2.5
    endloop
  endfacet
  facet normal 0 0 1
    outer loop
      vertex 4.657024931916713 -6.069153053227949 2.5
      vertex 5.043995485515527 5.751574527214178 2.5
      vertex 4.657024931916713 6.069153053227949 2.5
    endloop
  endfacet
  facet normal 0 0 1
    outer loop
      vertex 5.751574527214178 -5.043995485515527 2.5
      vertex 6.069153053227949 4.657024931916713 2.5
      vertex 5.751574527214178 5.043995485515527 2.5
    endloop
  endfacet
  facet normal 0 0 1
    outer loop
      vertex 6.069153053227949 -4.657024931916713 2.5
      vertex 6.360742534114471 4.250112282599956 2.5
      vertex 6.069153053227949 4.657024931916713 2.5
    endloop
  endfacet
  facet normal 0 0 1
    outer loop
      vertex 6.360742534114471 -4.250112282599956 2.5
      vertex 6.625094338950956 3.825 2.5
      vertex 6.360742534114471 4.250112282599956 2.5
    endloop
  endfacet
  facet normal 0 0 1
    outer loop
      vertex 5.043995485515527 -5.751574527214178 2.5
      vertex 5.409366876077089 5.409366876077089 2.5
      vertex 5.043995485515527 5.751574527214178 2.5
    endloop
  endfacet
  facet normal 0 0 1
    outer loop
      vertex 5.409366876077089 -5.409366876077089 2.5
      vertex 5.751574527214178 5.043995485515527 2.5
      vertex 5.409366876077089 5.409366876077089 2.5
    endloop
  endfacet
  facet normal -0.5280678506503692 -0.849202181526578 9.233620024137521e-19
    outer loop
      vertex 3.825 6.625094338950956 2.5
      vertex 4.250112282599956 6.360742534114471 2.5
      vertex 4.250112282599956 6.360742534114471 5
    endloop
  endfacet
  facet normal -0.5824776968678008 -0.8128466845916162 0
    outer loop
      vertex 4.657024931916713 6.069153053227949 2.5
      vertex 4.657024931916713 6.069153053227949 5
      vertex 4.250112282599956 6.360742534114471 2.5
    endloop
  endfacet
  facet normal -0.7730104533627373 -0.634393284163645 0
    outer loop
      vertex 6.069153053227949 4.657024931916713 2.5
      vertex 6.069153053227949 4.657024931916713 5
      vertex 5.751574527214178 5.043995485515527 2.5
    endloop
  endfacet
  facet normal -0.8128466845916162 -0.5824776968678008 -4.749491983816973e-18
    outer loop
      vertex 6.069153053227949 4.657024931916713 2.5
      vertex 6.360742534114471 4.250112282599956 2.5
      vertex 6.360742534114471 4.250112282599956 5
    endloop
  endfacet
  facet normal -0.6835923020228706 -0.7298640726978364 0
    outer loop
      vertex 5.409366876077089 5.409366876077089 2.5
      vertex 5.409366876077089 5.409366876077089 5
      vertex 5.043995485515527 5.751574527214178 2.5
    endloop
  endfacet
  facet normal -0.7298640726978364 -0.6835923020228706 4.703998635373008e-19
    outer loop
      vertex 5.409366876077089 5.409366876077089 2.5
      vertex 5.751574527214178 5.043995485515527 2.5
      vertex 5.751574527214178 5.043995485515527 5
    endloop
  endfacet
  facet normal -0.634393284163645 -0.7730104533627373 -3.980982499473962e-18
    outer loop
      vertex 4.657024931916713 6.069153053227949 2.5
      vertex 5.043995485515527 5.751574527214178 2.5
      vertex 5.043995485515527 5.751574527214178 5
    endloop
  endfacet
  facet normal -0.032719082821776095 -0.9994645874763656 2.777740802158452e-19
    outer loop
      vertex 0 7.65 2.5
      vertex 0.5003339386105945 7.633620762775317 2.5
      vertex 0.5003339386105945 7.633620762775317 5
    endloop
  endfacet
  facet normal -0.09801714032956184 -0.9951847266721967 4.840211070357267e-19
    outer loop
      vertex 0.5003339386105945 7.633620762775317 2.5
      vertex 0.9985253704833946 7.584553189509649 2.5
      vertex 0.9985253704833946 7.584553189509649 5
    endloop
  endfacet
  facet normal -0.1628954733945888 -0.9866433320848791 1.3705556183352304e-18
    outer loop
      vertex 0.9985253704833946 7.584553189509649 2.5
      vertex 1.492440963423381 7.503007395084713 2.5
      vertex 1.492440963423381 7.503007395084713 5
    endloop
  endfacet
  facet normal -0.29028467725446144 -0.956940335732209 -1.4292579296447282e-18
    outer loop
      vertex 1.9799656950342837 7.389332571111373 2.5
      vertex 2.4590119095691865 7.244015490637559 2.5
      vertex 2.4590119095691865 7.244015490637559 5
    endloop
  endfacet
  facet normal -0.2270762630343719 -0.9738769792773341 -2.3517567031759946e-18
    outer loop
      vertex 1.492440963423381 7.503007395084713 2.5
      vertex 1.9799656950342837 7.389332571111373 2.5
      vertex 1.9799656950342837 7.389332571111373 5
    endloop
  endfacet
  facet normal -0.35225004792123427 -0.9359059267573254 3.6723590381402474e-18
    outer loop
      vertex 2.4590119095691865 7.244015490637559 2.5
      vertex 2.927528257592937 7.067678423711344 2.5
      vertex 2.927528257592937 7.067678423711344 5
    endloop
  endfacet
  facet normal -0.41270702980439605 -0.9108638249211753 0
    outer loop
      vertex 3.3835084801753603 6.861076472725065 2.5
      vertex 3.3835084801753603 6.861076472725065 5
      vertex 2.927528257592937 7.067678423711344 2.5
    endloop
  endfacet
  facet normal -0.4713967368259966 -0.8819212643483555 -1.4813324199395894e-18
    outer loop
      vertex 3.3835084801753603 6.861076472725065 2.5
      vertex 3.825 6.625094338950956 2.5
      vertex 3.825 6.625094338950956 5
    endloop
  endfacet
  facet normal 0 0 1
    outer loop
      vertex 7.244015490637559 -2.4590119095691865 2.5
      vertex 7.389332571111373 1.9799656950342837 2.5
      vertex 7.244015490637559 2.4590119095691865 2.5
    endloop
  endfacet
  facet normal 0 0 1
    outer loop
      vertex 6.625094338950956 -3.825 2.5
      vertex 6.861076472725065 3.3835084801753603 2.5
      vertex 6.625094338950956 3.825 2.5
    endloop
  endfacet
  facet normal 0 0 1
    outer loop
      vertex 6.861076472725065 -3.3835084801753603 2.5
      vertex 7.067678423711344 2.927528257592937 2.5
      vertex 6.861076472725065 3.3835084801753603 2.5
    endloop
  endfacet
  facet normal 0 0 1
    outer loop
      vertex 7.067678423711344 -2.927528257592937 2.5
      vertex 7.244015490637559 2.4590119095691865 2.5
      vertex 7.067678423711344 2.927528257592937 2.5
    endloop
  endfacet
  facet normal 0 0 1
    outer loop
      vertex 7.503007395084713 -1.492440963423381 2.5
      vertex 7.584553189509649 0.9985253704833946 2.5
      vertex 7.503007395084713 1.492440963423381 2.5
    endloop
  endfacet
  facet normal 0 0 1
    outer loop
      vertex 7.584553189509649 -0.9985253704833946 2.5
      vertex 7.633620762775317 0.5003339386105945 2.5
      vertex 7.584553189509649 0.9985253704833946 2.5
    endloop
  endfacet
  facet normal 0 0 1
    outer loop
      vertex 7.633620762775317 -0.5003339386105945 2.5
      vertex 7.65 0 2.5
      vertex 7.633620762775317 0.5003339386105945 2.5
    endloop
  endfacet
  facet normal 0 0 1
    outer loop
      vertex 7.389332571111373 -1.9799656950342837 2.5
      vertex 7.503007395084713 1.492440963423381 2.5
      vertex 7.389332571111373 1.9799656950342837 2.5
    endloop
  endfacet
  facet normal -0.9994645874763656 -0.032719082821776095 0
    outer loop
      vertex 7.65 0 2.5
      vertex 7.65 0 5
      vertex 7.633620762775317 0.5003339386105945 2.5
    endloop
  endfacet
  facet normal -0.9951847266721967 -0.09801714032956184 0
    outer loop
      vertex 7.633620762775317 0.5003339386105945 2.5
      vertex 7.633620762775317 0.5003339386105945 5
      vertex 7.584553189509649 0.9985253704833946 2.5
    endloop
  endfacet
  facet normal -0.9866433320848791 -0.1628954733945888 0
    outer loop
      vertex 7.584553189509649 0.9985253704833946 2.5
      vertex 7.584553189509649 0.9985253704833946 5
      vertex 7.503007395084713 1.492440963423381 2.5
    endloop
  endfacet
  facet normal -0.9359059267573254 -0.35225004792123427 0
    outer loop
      vertex 7.244015490637559 2.4590119095691865 2.5
      vertex 7.244015490637559 2.4590119095691865 5
      vertex 7.067678423711344 2.927528257592937 2.5
    endloop
  endfacet
  facet normal -0.9108638249211753 -0.41270702980439605 -4.089287302991439e-18
    outer loop
      vertex 6.861076472725065 3.3835084801753603 2.5
      vertex 7.067678423711344 2.927528257592937 2.5
      vertex 7.067678423711344 2.927528257592937 5
    endloop
  endfacet
  facet normal -0.9738769792773341 -0.2270762630343719 0
    outer loop
      vertex 7.503007395084713 1.492440963423381 2.5
      vertex 7.503007395084713 1.492440963423381 5
      vertex 7.389332571111373 1.9799656950342837 2.5
    endloop
  endfacet
  facet normal -0.956940335732209 -0.29028467725446144 0
    outer loop
      vertex 7.389332571111373 1.9799656950342837 2.5
      vertex 7.389332571111373 1.9799656950342837 5
      vertex 7.244015490637559 2.4590119095691865 2.5
    endloop
  endfacet
  facet normal -0.8819212643483555 -0.4713967368259966 0
    outer loop
      vertex 6.861076472725065 3.3835084801753603 2.5
      vertex 6.861076472725065 3.3835084801753603 5
      vertex 6.625094338950956 3.825 2.5
    endloop
  endfacet
  facet normal -0.849202181526578 -0.5280678506503692 0
    outer loop
      vertex 6.625094338950956 3.825 2.5
      vertex 6.625094338950956 3.825 5
      vertex 6.360742534114471 4.250112282599956 2.5
    endloop
  endfacet
  facet normal -0.5824776968678008 -0.8128466845916162 0
    outer loop
      vertex 4.250112282599956 6.360742534114471 2.5
      vertex 4.657024931916713 6.069153053227949 5
      vertex 4.250112282599956 6.360742534114471 5
    endloop
  endfacet
  facet normal -0.634393284163645 -0.7730104533627373 0
    outer loop
      vertex 4.657024931916713 6.069153053227949 2.5
      vertex 5.043995485515527 5.751574527214178 5
      vertex 4.657024931916713 6.069153053227949 5
    endloop
  endfacet
  facet normal -0.849202181526578 -0.5280678506503692 0
    outer loop
      vertex 6.360742534114471 4.250112282599956 2.5
      vertex 6.625094338950956 3.825 5
      vertex 6.360742534114471 4.250112282599956 5
    endloop
  endfacet
  facet normal -0.8128466845916162 -0.5824776968678008 0
    outer loop
      vertex 6.069153053227949 4.657024931916713 2.5
      vertex 6.360742534114471 4.250112282599956 5
      vertex 6.069153053227949 4.657024931916713 5
    endloop
  endfacet
  facet normal -0.6835923020228706 -0.7298640726978364 0
    outer loop
      vertex 5.043995485515527 5.751574527214178 2.5
      vertex 5.409366876077089 5.409366876077089 5
      vertex 5.043995485515527 5.751574527214178 5
    endloop
  endfacet
  facet normal -0.7298640726978364 -0.6835923020228706 0
    outer loop
      vertex 5.409366876077089 5.409366876077089 2.5
      vertex 5.751574527214178 5.043995485515527 5
      vertex 5.409366876077089 5.409366876077089 5
    endloop
  endfacet
  facet normal -0.7730104533627373 -0.634393284163645 0
    outer loop
      vertex 5.751574527214178 5.043995485515527 2.5
      vertex 6.069153053227949 4.657024931916713 5
      vertex 5.751574527214178 5.043995485515527 5
    endloop
  endfacet
  facet normal -0.032719082821776095 -0.9994645874763656 0
    outer loop
      vertex 0 7.65 2.5
      vertex 0.5003339386105945 7.633620762775317 5
      vertex 0 7.65 5
    endloop
  endfacet
  facet normal -0.09801714032956184 -0.9951847266721967 0
    outer loop
      vertex 0.5003339386105945 7.633620762775317 2.5
      vertex 0.9985253704833946 7.584553189509649 5
      vertex 0.5003339386105945 7.633620762775317 5
    endloop
  endfacet
  facet normal -0.1628954733945888 -0.9866433320848791 0
    outer loop
      vertex 0.9985253704833946 7.584553189509649 2.5
      vertex 1.492440963423381 7.503007395084713 5
      vertex 0.9985253704833946 7.584553189509649 5
    endloop
  endfacet
  facet normal -0.2270762630343719 -0.9738769792773341 0
    outer loop
      vertex 1.492440963423381 7.503007395084713 2.5
      vertex 1.9799656950342837 7.389332571111373 5
      vertex 1.492440963423381 7.503007395084713 5
    endloop
  endfacet
  facet normal -0.29028467725446144 -0.956940335732209 0
    outer loop
      vertex 1.9799656950342837 7.389332571111373 2.5
      vertex 2.4590119095691865 7.244015490637559 5
      vertex 1.9799656950342837 7.389332571111373 5
    endloop
  endfacet
  facet normal -0.35225004792123427 -0.9359059267573254 0
    outer loop
      vertex 2.4590119095691865 7.244015490637559 2.5
      vertex 2.927528257592937 7.067678423711344 5
      vertex 2.4590119095691865 7.244015490637559 5
    endloop
  endfacet
  facet normal -0.41270702980439605 -0.9108638249211753 0
    outer loop
      vertex 2.927528257592937 7.067678423711344 2.5
      vertex 3.3835084801753603 6.861076472725065 5
      vertex 2.927528257592937 7.067678423711344 5
    endloop
  endfacet
  facet normal -0.4713967368259966 -0.8819212643483555 0
    outer loop
      vertex 3.3835084801753603 6.861076472725065 2.5
      vertex 3.825 6.625094338950956 5
      vertex 3.3835084801753603 6.861076472725065 5
    endloop
  endfacet
  facet normal -0.5280678506503692 -0.849202181526578 0
    outer loop
      vertex 3.825 6.625094338950956 2.5
      vertex 4.250112282599956 6.360742534114471 5
      vertex 3.825 6.625094338950956 5
    endloop
  endfacet
  facet normal -0.9994645874763656 -0.032719082821776095 0
    outer loop
      vertex 7.633620762775317 0.5003339386105945 2.5
      vertex 7.65 0 5
      vertex 7.633620762775317 0.5003339386105945 5
    endloop
  endfacet
  facet normal -0.9951847266721967 -0.09801714032956184 0
    outer loop
      vertex 7.584553189509649 0.9985253704833946 2.5
      vertex 7.633620762775317 0.5003339386105945 5
      vertex 7.584553189509649 0.9985253704833946 5
    endloop
  endfacet
  facet normal -0.9866433320848791 -0.1628954733945888 0
    outer loop
      vertex 7.503007395084713 1.492440963423381 2.5
      vertex 7.584553189509649 0.9985253704833946 5
      vertex 7.503007395084713 1.492440963423381 5
    endloop
  endfacet
  facet normal -0.956940335732209 -0.29028467725446144 0
    outer loop
      vertex 7.244015490637559 2.4590119095691865 2.5
      vertex 7.389332571111373 1.9799656950342837 5
      vertex 7.244015490637559 2.4590119095691865 5
    endloop
  endfacet
  facet normal -0.9359059267573254 -0.35225004792123427 0
    outer loop
      vertex 7.067678423711344 2.927528257592937 2.5
      vertex 7.244015490637559 2.4590119095691865 5
      vertex 7.067678423711344 2.927528257592937 5
    endloop
  endfacet
  facet normal -0.9108638249211753 -0.41270702980439605 0
    outer loop
      vertex 6.861076472725065 3.3835084801753603 2.5
      vertex 7.067678423711344 2.927528257592937 5
      vertex 6.861076472725065 3.3835084801753603 5
    endloop
  endfacet
  facet normal -0.9738769792773341 -0.2270762630343719 0
    outer loop
      vertex 7.389332571111373 1.9799656950342837 2.5
      vertex 7.503007395084713 1.492440963423381 5
      vertex 7.389332571111373 1.9799656950342837 5
    endloop
  endfacet
  facet normal -0.8819212643483555 -0.4713967368259966 0
    outer loop
      vertex 6.625094338950956 3.825 2.5
      vertex 6.861076472725065 3.3835084801753603 5
      vertex 6.625094338950956 3.825 5
    endloop
  endfacet
  facet normal 0.7298640726978364 0.6835923020228705 2.6872610859188097e-19
    outer loop
      vertex 19.382539674441617 19.382539674441617 0
      vertex 19.306493529744486 19.46373331678863 0
      vertex 19.306493529744486 19.46373331678863 5
    endloop
  endfacet
  facet normal 0.7730104533627484 0.6343932841636315 -1.2259787905994329e-19
    outer loop
      vertex 19.306493529744486 19.46373331678863 0
      vertex 19.23592052396365 19.549726773143924 0
      vertex 19.23592052396365 19.549726773143924 5
    endloop
  endfacet
  facet normal 0.6343932841636315 0.7730104533627484 0
    outer loop
      vertex 19.46373331678863 19.306493529744486 0
      vertex 19.46373331678863 19.306493529744486 5
      vertex 19.549726773143924 19.23592052396365 0
    endloop
  endfacet
  facet normal 0.6835923020228705 0.7298640726978364 0
    outer loop
      vertex 19.382539674441617 19.382539674441617 5
      vertex 19.46373331678863 19.306493529744486 0
      vertex 19.382539674441617 19.382539674441617 0
    endloop
  endfacet
  facet normal 0.8492021815265812 0.5280678506503641 6.809047037629824e-19
    outer loop
      vertex 19.171122861544422 19.640151806325424 0
      vertex 19.112378016025204 19.734621202458747 0
      vertex 19.112378016025204 19.734621202458747 5
    endloop
  endfacet
  facet normal 0.9108638249211868 0.41270702980437046 -6.493401579365863e-19
    outer loop
      vertex 19.059937541853177 19.832730429086446 0
      vertex 19.014025997189563 19.934059367438095 0
      vertex 19.014025997189563 19.934059367438095 5
    endloop
  endfacet
  facet normal 0.8819212643483482 0.4713967368260105 1.8682571808568947e-19
    outer loop
      vertex 19.112378016025204 19.734621202458747 0
      vertex 19.059937541853177 19.832730429086446 0
      vertex 19.059937541853177 19.832730429086446 5
    endloop
  endfacet
  facet normal 0.9738769792773317 0.22707626303438147 -3.8982062863452633e-19
    outer loop
      vertex 18.942547297767334 20.144628825784462 0
      vertex 18.917286225773257 20.25296765503133 0
      vertex 18.917286225773257 20.25296765503133 5
    endloop
  endfacet
  facet normal 0.9866433320848789 0.16289547339458998 -3.4821114436190174e-19
    outer loop
      vertex 18.917286225773257 20.25296765503133 0
      vertex 18.89916493812327 20.362726675684662 0
      vertex 18.89916493812327 20.362726675684662 5
    endloop
  endfacet
  facet normal 0.9359059267573187 0.3522500479212523 5.594712983871339e-19
    outer loop
      vertex 19.014025997189563 19.934059367438095 0
      vertex 18.974839982317068 20.038174111443375 0
      vertex 18.974839982317068 20.038174111443375 5
    endloop
  endfacet
  facet normal 0.9569403357322127 0.2902846772544499 1.5779365271703425e-19
    outer loop
      vertex 18.974839982317068 20.038174111443375 0
      vertex 18.942547297767334 20.144628825784462 0
      vertex 18.942547297767334 20.144628825784462 5
    endloop
  endfacet
  facet normal 0.8128466845916097 0.5824776968678098 2.6882384351667463e-19
    outer loop
      vertex 19.23592052396365 19.549726773143924 0
      vertex 19.171122861544422 19.640151806325424 0
      vertex 19.171122861544422 19.640151806325424 5
    endloop
  endfacet
  facet normal 0.9951847266721988 0.09801714032954162 -3.70550664129064e-20
    outer loop
      vertex 18.89916493812327 20.362726675684662 0
      vertex 18.888261032953125 20.473435882767504 0
      vertex 18.888261032953125 20.473435882767504 5
    endloop
  endfacet
  facet normal 0.9994645874763654 0.03271908282178624 -3.3463239300897195e-20
    outer loop
      vertex 18.888261032953125 20.473435882767504 0
      vertex 18.88462120245875 20.58462120245875 0
      vertex 18.88462120245875 20.58462120245875 5
    endloop
  endfacet
  facet normal 0.9994645874763654 -0.03271908282178624 3.3463239300897195e-20
    outer loop
      vertex 18.88462120245875 20.58462120245875 0
      vertex 18.888261032953125 20.695806522149994 0
      vertex 18.888261032953125 20.695806522149994 5
    endloop
  endfacet
  facet normal 0.9951847266721988 -0.09801714032954162 3.70550664129064e-20
    outer loop
      vertex 18.888261032953125 20.695806522149994 0
      vertex 18.89916493812327 20.806515729232835 0
      vertex 18.89916493812327 20.806515729232835 5
    endloop
  endfacet
  facet normal 0.9866433320848789 -0.16289547339458998 3.4821114436190174e-19
    outer loop
      vertex 18.89916493812327 20.806515729232835 0
      vertex 18.917286225773257 20.916274749886167 0
      vertex 18.917286225773257 20.916274749886167 5
    endloop
  endfacet
  facet normal 0.9738769792773317 -0.22707626303438147 3.8982062863452633e-19
    outer loop
      vertex 18.917286225773257 20.916274749886167 0
      vertex 18.942547297767334 21.024613579133035 0
      vertex 18.942547297767334 21.024613579133035 5
    endloop
  endfacet
  facet normal 0.9569403357322127 -0.2902846772544499 -1.5779365271703425e-19
    outer loop
      vertex 18.942547297767334 21.024613579133035 0
      vertex 18.974839982317068 21.131068293474122 0
      vertex 18.974839982317068 21.131068293474122 5
    endloop
  endfacet
  facet normal 0.9359059267573187 -0.3522500479212523 -5.594712983871339e-19
    outer loop
      vertex 18.974839982317068 21.131068293474122 0
      vertex 19.014025997189563 21.235183037479402 0
      vertex 19.014025997189563 21.235183037479402 5
    endloop
  endfacet
  facet normal 0.9108638249211868 -0.41270702980437046 6.493401579365863e-19
    outer loop
      vertex 19.014025997189563 21.235183037479402 0
      vertex 19.059937541853177 21.33651197583105 0
      vertex 19.059937541853177 21.33651197583105 5
    endloop
  endfacet
  facet normal 0.8819212643483482 -0.4713967368260105 -1.8682571808568947e-19
    outer loop
      vertex 19.059937541853177 21.33651197583105 0
      vertex 19.112378016025204 21.43462120245875 0
      vertex 19.112378016025204 21.43462120245875 5
    endloop
  endfacet
  facet normal 0.8492021815265812 -0.5280678506503641 -6.809047037629824e-19
    outer loop
      vertex 19.112378016025204 21.43462120245875 0
      vertex 19.171122861544422 21.529090598592074 0
      vertex 19.171122861544422 21.529090598592074 5
    endloop
  endfacet
  facet normal 0.8128466845916097 -0.5824776968678098 -2.6882384351667463e-19
    outer loop
      vertex 19.171122861544422 21.529090598592074 0
      vertex 19.23592052396365 21.619515631773574 0
      vertex 19.23592052396365 21.619515631773574 5
    endloop
  endfacet
  facet normal 0.7730104533627484 -0.6343932841636315 1.2259787905994329e-19
    outer loop
      vertex 19.23592052396365 21.619515631773574 0
      vertex 19.306493529744486 21.705509088128867 0
      vertex 19.306493529744486 21.705509088128867 5
    endloop
  endfacet
  facet normal 0.7298640726978364 -0.6835923020228705 -2.6872610859188097e-19
    outer loop
      vertex 19.306493529744486 21.705509088128867 0
      vertex 19.382539674441617 21.78670273047588 0
      vertex 19.382539674441617 21.78670273047588 5
    endloop
  endfacet
  facet normal 0.6835923020228705 -0.7298640726978364 0
    outer loop
      vertex 19.46373331678863 21.86274887517301 0
      vertex 19.46373331678863 21.86274887517301 5
      vertex 19.382539674441617 21.78670273047588 0
    endloop
  endfacet
  facet normal 0.6343932841636315 -0.7730104533627484 0
    outer loop
      vertex 19.549726773143924 21.933321880953848 0
      vertex 19.549726773143924 21.933321880953848 5
      vertex 19.46373331678863 21.86274887517301 0
    endloop
  endfacet
  facet normal 0.4713967368260105 0.8819212643483482 0
    outer loop
      vertex 19.734621202458747 19.112378016025204 0
      vertex 19.734621202458747 19.112378016025204 5
      vertex 19.832730429086446 19.059937541853177 0
    endloop
  endfacet
  facet normal 0.41270702980437046 0.9108638249211868 0
    outer loop
      vertex 19.832730429086446 19.059937541853177 0
      vertex 19.832730429086446 19.059937541853177 5
      vertex 19.934059367438095 19.014025997189563 0
    endloop
  endfacet
  facet normal 0.5824776968678098 0.8128466845916097 0
    outer loop
      vertex 19.549726773143924 19.23592052396365 0
      vertex 19.549726773143924 19.23592052396365 5
      vertex 19.640151806325424 19.171122861544422 0
    endloop
  endfacet
  facet normal 0.5280678506503641 0.8492021815265812 0
    outer loop
      vertex 19.640151806325424 19.171122861544422 0
      vertex 19.640151806325424 19.171122861544422 5
      vertex 19.734621202458747 19.112378016025204 0
    endloop
  endfacet
  facet normal 0.3522500479212523 0.9359059267573187 0
    outer loop
      vertex 19.934059367438095 19.014025997189563 0
      vertex 19.934059367438095 19.014025997189563 5
      vertex 20.038174111443375 18.974839982317068 0
    endloop
  endfacet
  facet normal 0.2902846772544499 0.9569403357322127 0
    outer loop
      vertex 20.038174111443375 18.974839982317068 0
      vertex 20.038174111443375 18.974839982317068 5
      vertex 20.144628825784462 18.942547297767334 0
    endloop
  endfacet
  facet normal 0.22707626303438147 0.9738769792773317 0
    outer loop
      vertex 20.144628825784462 18.942547297767334 0
      vertex 20.144628825784462 18.942547297767334 5
      vertex 20.25296765503133 18.917286225773257 0
    endloop
  endfacet
  facet normal 0.16289547339458998 0.9866433320848789 0
    outer loop
      vertex 20.25296765503133 18.917286225773257 0
      vertex 20.25296765503133 18.917286225773257 5
      vertex 20.362726675684662 18.89916493812327 0
    endloop
  endfacet
  facet normal 0.09801714032954162 0.9951847266721988 0
    outer loop
      vertex 20.362726675684662 18.89916493812327 0
      vertex 20.362726675684662 18.89916493812327 5
      vertex 20.473435882767504 18.888261032953125 0
    endloop
  endfacet
  facet normal 0.03271908282178624 0.9994645874763654 0
    outer loop
      vertex 20.473435882767504 18.888261032953125 0
      vertex 20.473435882767504 18.888261032953125 5
      vertex 20.58462120245875 18.88462120245875 0
    endloop
  endfacet
  facet normal -0.03271908282178624 0.9994645874763654 0
    outer loop
      vertex 20.58462120245875 18.88462120245875 0
      vertex 20.58462120245875 18.88462120245875 5
      vertex 20.695806522149994 18.888261032953125 0
    endloop
  endfacet
  facet normal -0.09801714032954162 0.9951847266721988 0
    outer loop
      vertex 20.695806522149994 18.888261032953125 0
      vertex 20.695806522149994 18.888261032953125 5
      vertex 20.806515729232835 18.89916493812327 0
    endloop
  endfacet
  facet normal -0.16289547339458998 0.9866433320848789 0
    outer loop
      vertex 20.806515729232835 18.89916493812327 0
      vertex 20.806515729232835 18.89916493812327 5
      vertex 20.916274749886167 18.917286225773257 0
    endloop
  endfacet
  facet normal -0.22707626303438147 0.9738769792773317 0
    outer loop
      vertex 20.916274749886167 18.917286225773257 0
      vertex 20.916274749886167 18.917286225773257 5
      vertex 21.024613579133035 18.942547297767334 0
    endloop
  endfacet
  facet normal -0.2902846772544499 0.9569403357322127 0
    outer loop
      vertex 21.024613579133035 18.942547297767334 0
      vertex 21.024613579133035 18.942547297767334 5
      vertex 21.131068293474122 18.974839982317068 0
    endloop
  endfacet
  facet normal -0.3522500479212523 0.9359059267573187 0
    outer loop
      vertex 21.131068293474122 18.974839982317068 0
      vertex 21.131068293474122 18.974839982317068 5
      vertex 21.235183037479402 19.014025997189563 0
    endloop
  endfacet
  facet normal -0.41270702980437046 0.9108638249211868 0
    outer loop
      vertex 21.235183037479402 19.014025997189563 0
      vertex 21.235183037479402 19.014025997189563 5
      vertex 21.33651197583105 19.059937541853177 0
    endloop
  endfacet
  facet normal -0.4713967368260105 0.8819212643483482 0
    outer loop
      vertex 21.33651197583105 19.059937541853177 0
      vertex 21.33651197583105 19.059937541853177 5
      vertex 21.43462120245875 19.112378016025204 0
    endloop
  endfacet
  facet normal -0.5280678506503641 0.8492021815265812 0
    outer loop
      vertex 21.43462120245875 19.112378016025204 0
      vertex 21.43462120245875 19.112378016025204 5
      vertex 21.529090598592074 19.171122861544422 0
    endloop
  endfacet
  facet normal -0.5824776968678098 0.8128466845916097 0
    outer loop
      vertex 21.529090598592074 19.171122861544422 0
      vertex 21.529090598592074 19.171122861544422 5
      vertex 21.619515631773574 19.23592052396365 0
    endloop
  endfacet
  facet normal -0.6343932841636315 0.7730104533627484 0
    outer loop
      vertex 21.619515631773574 19.23592052396365 0
      vertex 21.619515631773574 19.23592052396365 5
      vertex 21.705509088128867 19.306493529744486 0
    endloop
  endfacet
  facet normal -0.6835923020228705 0.7298640726978364 0
    outer loop
      vertex 21.705509088128867 19.306493529744486 0
      vertex 21.705509088128867 19.306493529744486 5
      vertex 21.78670273047588 19.382539674441617 0
    endloop
  endfacet
  facet normal -0.7298640726978364 0.6835923020228705 0
    outer loop
      vertex 21.78670273047588 19.382539674441617 0
      vertex 21.78670273047588 19.382539674441617 5
      vertex 21.86274887517301 19.46373331678863 0
    endloop
  endfacet
  facet normal -0.7730104533627484 0.6343932841636315 1.2259787905994329e-19
    outer loop
      vertex 21.933321880953848 19.549726773143924 0
      vertex 21.86274887517301 19.46373331678863 0
      vertex 21.86274887517301 19.46373331678863 5
    endloop
  endfacet
  facet normal 0.5824776968678098 -0.8128466845916097 0
    outer loop
      vertex 19.640151806325424 21.998119543373075 0
      vertex 19.640151806325424 21.998119543373075 5
      vertex 19.549726773143924 21.933321880953848 0
    endloop
  endfacet
  facet normal 0.5280678506503641 -0.8492021815265812 0
    outer loop
      vertex 19.734621202458747 22.056864388892294 0
      vertex 19.734621202458747 22.056864388892294 5
      vertex 19.640151806325424 21.998119543373075 0
    endloop
  endfacet
  facet normal 0.4713967368260105 -0.8819212643483482 0
    outer loop
      vertex 19.832730429086446 22.10930486306432 0
      vertex 19.832730429086446 22.10930486306432 5
      vertex 19.734621202458747 22.056864388892294 0
    endloop
  endfacet
  facet normal 0.41270702980437046 -0.9108638249211868 0
    outer loop
      vertex 19.934059367438095 22.155216407727934 0
      vertex 19.934059367438095 22.155216407727934 5
      vertex 19.832730429086446 22.10930486306432 0
    endloop
  endfacet
  facet normal 0.3522500479212523 -0.9359059267573187 0
    outer loop
      vertex 20.038174111443375 22.19440242260043 0
      vertex 20.038174111443375 22.19440242260043 5
      vertex 19.934059367438095 22.155216407727934 0
    endloop
  endfacet
  facet normal 0.2902846772544499 -0.9569403357322127 0
    outer loop
      vertex 20.144628825784462 22.226695107150164 0
      vertex 20.144628825784462 22.226695107150164 5
      vertex 20.038174111443375 22.19440242260043 0
    endloop
  endfacet
  facet normal 0.22707626303438147 -0.9738769792773317 0
    outer loop
      vertex 20.25296765503133 22.25195617914424 0
      vertex 20.25296765503133 22.25195617914424 5
      vertex 20.144628825784462 22.226695107150164 0
    endloop
  endfacet
  facet normal 0.16289547339458998 -0.9866433320848789 0
    outer loop
      vertex 20.362726675684662 22.270077466794227 0
      vertex 20.362726675684662 22.270077466794227 5
      vertex 20.25296765503133 22.25195617914424 0
    endloop
  endfacet
  facet normal 0.09801714032954162 -0.9951847266721988 0
    outer loop
      vertex 20.473435882767504 22.280981371964373 0
      vertex 20.473435882767504 22.280981371964373 5
      vertex 20.362726675684662 22.270077466794227 0
    endloop
  endfacet
  facet normal 0.03271908282178624 -0.9994645874763654 0
    outer loop
      vertex 20.58462120245875 22.284621202458748 0
      vertex 20.58462120245875 22.284621202458748 5
      vertex 20.473435882767504 22.280981371964373 0
    endloop
  endfacet
  facet normal -0.03271908282178624 -0.9994645874763654 0
    outer loop
      vertex 20.695806522149994 22.280981371964373 0
      vertex 20.695806522149994 22.280981371964373 5
      vertex 20.58462120245875 22.284621202458748 0
    endloop
  endfacet
  facet normal -0.09801714032954162 -0.9951847266721988 0
    outer loop
      vertex 20.806515729232835 22.270077466794227 0
      vertex 20.806515729232835 22.270077466794227 5
      vertex 20.695806522149994 22.280981371964373 0
    endloop
  endfacet
  facet normal -0.16289547339458998 -0.9866433320848789 0
    outer loop
      vertex 20.916274749886167 22.25195617914424 0
      vertex 20.916274749886167 22.25195617914424 5
      vertex 20.806515729232835 22.270077466794227 0
    endloop
  endfacet
  facet normal -0.22707626303438147 -0.9738769792773317 0
    outer loop
      vertex 21.024613579133035 22.226695107150164 0
      vertex 21.024613579133035 22.226695107150164 5
      vertex 20.916274749886167 22.25195617914424 0
    endloop
  endfacet
  facet normal -0.2902846772544499 -0.9569403357322127 0
    outer loop
      vertex 21.131068293474122 22.19440242260043 0
      vertex 21.131068293474122 22.19440242260043 5
      vertex 21.024613579133035 22.226695107150164 0
    endloop
  endfacet
  facet normal -0.8128466845916097 0.5824776968678098 -2.6882384351667463e-19
    outer loop
      vertex 21.998119543373075 19.640151806325424 0
      vertex 21.933321880953848 19.549726773143924 0
      vertex 21.933321880953848 19.549726773143924 5
    endloop
  endfacet
  facet normal -0.8492021815265812 0.5280678506503641 -6.809047037629824e-19
    outer loop
      vertex 22.056864388892294 19.734621202458747 0
      vertex 21.998119543373075 19.640151806325424 0
      vertex 21.998119543373075 19.640151806325424 5
    endloop
  endfacet
  facet normal -0.8819212643483482 0.4713967368260105 -1.8682571808568947e-19
    outer loop
      vertex 22.10930486306432 19.832730429086446 0
      vertex 22.056864388892294 19.734621202458747 0
      vertex 22.056864388892294 19.734621202458747 5
    endloop
  endfacet
  facet normal -0.9108638249211868 0.41270702980437046 6.493401579365863e-19
    outer loop
      vertex 22.155216407727934 19.934059367438095 0
      vertex 22.10930486306432 19.832730429086446 0
      vertex 22.10930486306432 19.832730429086446 5
    endloop
  endfacet
  facet normal -0.9359059267573187 0.3522500479212523 -5.594712983871339e-19
    outer loop
      vertex 22.19440242260043 20.038174111443375 0
      vertex 22.155216407727934 19.934059367438095 0
      vertex 22.155216407727934 19.934059367438095 5
    endloop
  endfacet
  facet normal -0.9569403357322127 0.2902846772544499 -1.5779365271703425e-19
    outer loop
      vertex 22.226695107150164 20.144628825784462 0
      vertex 22.19440242260043 20.038174111443375 0
      vertex 22.19440242260043 20.038174111443375 5
    endloop
  endfacet
  facet normal -0.9738769792773317 0.22707626303438147 3.8982062863452633e-19
    outer loop
      vertex 22.25195617914424 20.25296765503133 0
      vertex 22.226695107150164 20.144628825784462 0
      vertex 22.226695107150164 20.144628825784462 5
    endloop
  endfacet
  facet normal -0.9866433320848789 0.16289547339458998 3.4821114436190174e-19
    outer loop
      vertex 22.270077466794227 20.362726675684662 0
      vertex 22.25195617914424 20.25296765503133 0
      vertex 22.25195617914424 20.25296765503133 5
    endloop
  endfacet
  facet normal -0.9951847266721988 0.09801714032954162 3.70550664129064e-20
    outer loop
      vertex 22.280981371964373 20.473435882767504 0
      vertex 22.270077466794227 20.362726675684662 0
      vertex 22.270077466794227 20.362726675684662 5
    endloop
  endfacet
  facet normal -0.9994645874763654 0.03271908282178624 3.3463239300897195e-20
    outer loop
      vertex 22.284621202458748 20.58462120245875 0
      vertex 22.280981371964373 20.473435882767504 0
      vertex 22.280981371964373 20.473435882767504 5
    endloop
  endfacet
  facet normal -0.9994645874763654 -0.03271908282178624 -3.3463239300897195e-20
    outer loop
      vertex 22.280981371964373 20.695806522149994 0
      vertex 22.284621202458748 20.58462120245875 0
      vertex 22.284621202458748 20.58462120245875 5
    endloop
  endfacet
  facet normal -0.9951847266721988 -0.09801714032954162 -3.70550664129064e-20
    outer loop
      vertex 22.270077466794227 20.806515729232835 0
      vertex 22.280981371964373 20.695806522149994 0
      vertex 22.280981371964373 20.695806522149994 5
    endloop
  endfacet
  facet normal -0.9359059267573187 -0.3522500479212523 5.594712983871339e-19
    outer loop
      vertex 22.155216407727934 21.235183037479402 0
      vertex 22.19440242260043 21.131068293474122 0
      vertex 22.19440242260043 21.131068293474122 5
    endloop
  endfacet
  facet normal -0.9866433320848789 -0.16289547339458998 -3.4821114436190174e-19
    outer loop
      vertex 22.25195617914424 20.916274749886167 0
      vertex 22.270077466794227 20.806515729232835 0
      vertex 22.270077466794227 20.806515729232835 5
    endloop
  endfacet
  facet normal -0.9738769792773317 -0.22707626303438147 -3.8982062863452633e-19
    outer loop
      vertex 22.226695107150164 21.024613579133035 0
      vertex 22.25195617914424 20.916274749886167 0
      vertex 22.25195617914424 20.916274749886167 5
    endloop
  endfacet
  facet normal -0.9569403357322127 -0.2902846772544499 1.5779365271703425e-19
    outer loop
      vertex 22.19440242260043 21.131068293474122 0
      vertex 22.226695107150164 21.024613579133035 0
      vertex 22.226695107150164 21.024613579133035 5
    endloop
  endfacet
  facet normal -0.8128466845916097 -0.5824776968678098 2.6882384351667463e-19
    outer loop
      vertex 21.933321880953848 21.619515631773574 0
      vertex 21.998119543373075 21.529090598592074 0
      vertex 21.998119543373075 21.529090598592074 5
    endloop
  endfacet
  facet normal -0.6343932841636315 -0.7730104533627484 0
    outer loop
      vertex 21.705509088128867 21.86274887517301 0
      vertex 21.705509088128867 21.86274887517301 5
      vertex 21.619515631773574 21.933321880953848 0
    endloop
  endfacet
  facet normal -0.5824776968678098 -0.8128466845916097 0
    outer loop
      vertex 21.619515631773574 21.933321880953848 0
      vertex 21.619515631773574 21.933321880953848 5
      vertex 21.529090598592074 21.998119543373075 0
    endloop
  endfacet
  facet normal -0.6835923020228705 -0.7298640726978364 2.6872610859188097e-19
    outer loop
      vertex 21.705509088128867 21.86274887517301 0
      vertex 21.78670273047588 21.78670273047588 0
      vertex 21.78670273047588 21.78670273047588 5
    endloop
  endfacet
  facet normal -0.7298640726978364 -0.6835923020228705 2.6872610859188097e-19
    outer loop
      vertex 21.78670273047588 21.78670273047588 0
      vertex 21.86274887517301 21.705509088128867 0
      vertex 21.86274887517301 21.705509088128867 5
    endloop
  endfacet
  facet normal -0.7730104533627484 -0.6343932841636315 -1.2259787905994329e-19
    outer loop
      vertex 21.86274887517301 21.705509088128867 0
      vertex 21.933321880953848 21.619515631773574 0
      vertex 21.933321880953848 21.619515631773574 5
    endloop
  endfacet
  facet normal -0.3522500479212523 -0.9359059267573187 0
    outer loop
      vertex 21.235183037479402 22.155216407727934 0
      vertex 21.235183037479402 22.155216407727934 5
      vertex 21.131068293474122 22.19440242260043 0
    endloop
  endfacet
  facet normal -0.41270702980437046 -0.9108638249211868 0
    outer loop
      vertex 21.33651197583105 22.10930486306432 0
      vertex 21.33651197583105 22.10930486306432 5
      vertex 21.235183037479402 22.155216407727934 0
    endloop
  endfacet
  facet normal -0.4713967368260105 -0.8819212643483482 0
    outer loop
      vertex 21.43462120245875 22.056864388892294 0
      vertex 21.43462120245875 22.056864388892294 5
      vertex 21.33651197583105 22.10930486306432 0
    endloop
  endfacet
  facet normal -0.5280678506503641 -0.8492021815265812 0
    outer loop
      vertex 21.529090598592074 21.998119543373075 0
      vertex 21.529090598592074 21.998119543373075 5
      vertex 21.43462120245875 22.056864388892294 0
    endloop
  endfacet
  facet normal -0.8819212643483482 -0.4713967368260105 1.8682571808568947e-19
    outer loop
      vertex 22.056864388892294 21.43462120245875 0
      vertex 22.10930486306432 21.33651197583105 0
      vertex 22.10930486306432 21.33651197583105 5
    endloop
  endfacet
  facet normal -0.9108638249211868 -0.41270702980437046 -6.493401579365863e-19
    outer loop
      vertex 22.10930486306432 21.33651197583105 0
      vertex 22.155216407727934 21.235183037479402 0
      vertex 22.155216407727934 21.235183037479402 5
    endloop
  endfacet
  facet normal -0.8492021815265812 -0.5280678506503641 6.809047037629824e-19
    outer loop
      vertex 21.998119543373075 21.529090598592074 0
      vertex 22.056864388892294 21.43462120245875 0
      vertex 22.056864388892294 21.43462120245875 5
    endloop
  endfacet
  facet normal 0.7730104533627484 0.6343932841636315 0
    outer loop
      vertex 19.306493529744486 19.46373331678863 0
      vertex 19.23592052396365 19.549726773143924 5
      vertex 19.306493529744486 19.46373331678863 5
    endloop
  endfacet
  facet normal 0.6835923020228705 0.7298640726978364 0
    outer loop
      vertex 19.46373331678863 19.306493529744486 0
      vertex 19.382539674441617 19.382539674441617 5
      vertex 19.46373331678863 19.306493529744486 5
    endloop
  endfacet
  facet normal 0.6343932841636315 0.7730104533627484 0
    outer loop
      vertex 19.549726773143924 19.23592052396365 0
      vertex 19.46373331678863 19.306493529744486 5
      vertex 19.549726773143924 19.23592052396365 5
    endloop
  endfacet
  facet normal 0.7298640726978364 0.6835923020228705 0
    outer loop
      vertex 19.382539674441617 19.382539674441617 0
      vertex 19.306493529744486 19.46373331678863 5
      vertex 19.382539674441617 19.382539674441617 5
    endloop
  endfacet
  facet normal 0.8819212643483482 0.4713967368260105 0
    outer loop
      vertex 19.112378016025204 19.734621202458747 0
      vertex 19.059937541853177 19.832730429086446 5
      vertex 19.112378016025204 19.734621202458747 5
    endloop
  endfacet
  facet normal 0.9108638249211868 0.41270702980437046 0
    outer loop
      vertex 19.059937541853177 19.832730429086446 0
      vertex 19.014025997189563 19.934059367438095 5
      vertex 19.059937541853177 19.832730429086446 5
    endloop
  endfacet
  facet normal 0.9738769792773317 0.22707626303438147 0
    outer loop
      vertex 18.942547297767334 20.144628825784462 0
      vertex 18.917286225773257 20.25296765503133 5
      vertex 18.942547297767334 20.144628825784462 5
    endloop
  endfacet
  facet normal 0.9866433320848789 0.16289547339458998 0
    outer loop
      vertex 18.917286225773257 20.25296765503133 0
      vertex 18.89916493812327 20.362726675684662 5
      vertex 18.917286225773257 20.25296765503133 5
    endloop
  endfacet
  facet normal 0.9359059267573187 0.3522500479212523 0
    outer loop
      vertex 19.014025997189563 19.934059367438095 0
      vertex 18.974839982317068 20.038174111443375 5
      vertex 19.014025997189563 19.934059367438095 5
    endloop
  endfacet
  facet normal 0.9569403357322127 0.2902846772544499 0
    outer loop
      vertex 18.974839982317068 20.038174111443375 0
      vertex 18.942547297767334 20.144628825784462 5
      vertex 18.974839982317068 20.038174111443375 5
    endloop
  endfacet
  facet normal 0.8128466845916097 0.5824776968678098 0
    outer loop
      vertex 19.23592052396365 19.549726773143924 0
      vertex 19.171122861544422 19.640151806325424 5
      vertex 19.23592052396365 19.549726773143924 5
    endloop
  endfacet
  facet normal 0.8492021815265812 0.5280678506503641 0
    outer loop
      vertex 19.171122861544422 19.640151806325424 0
      vertex 19.112378016025204 19.734621202458747 5
      vertex 19.171122861544422 19.640151806325424 5
    endloop
  endfacet
  facet normal 0.9951847266721988 0.09801714032954162 0
    outer loop
      vertex 18.89916493812327 20.362726675684662 0
      vertex 18.888261032953125 20.473435882767504 5
      vertex 18.89916493812327 20.362726675684662 5
    endloop
  endfacet
  facet normal 0.9994645874763654 0.03271908282178624 0
    outer loop
      vertex 18.888261032953125 20.473435882767504 0
      vertex 18.88462120245875 20.58462120245875 5
      vertex 18.888261032953125 20.473435882767504 5
    endloop
  endfacet
  facet normal 0.9994645874763654 -0.03271908282178624 0
    outer loop
      vertex 18.88462120245875 20.58462120245875 0
      vertex 18.888261032953125 20.695806522149994 5
      vertex 18.88462120245875 20.58462120245875 5
    endloop
  endfacet
  facet normal 0.9951847266721988 -0.09801714032954162 0
    outer loop
      vertex 18.888261032953125 20.695806522149994 0
      vertex 18.89916493812327 20.806515729232835 5
      vertex 18.888261032953125 20.695806522149994 5
    endloop
  endfacet
  facet normal 0.9866433320848789 -0.16289547339458998 0
    outer loop
      vertex 18.89916493812327 20.806515729232835 0
      vertex 18.917286225773257 20.916274749886167 5
      vertex 18.89916493812327 20.806515729232835 5
    endloop
  endfacet
  facet normal 0.9738769792773317 -0.22707626303438147 0
    outer loop
      vertex 18.917286225773257 20.916274749886167 0
      vertex 18.942547297767334 21.024613579133035 5
      vertex 18.917286225773257 20.916274749886167 5
    endloop
  endfacet
  facet normal 0.9569403357322127 -0.2902846772544499 0
    outer loop
      vertex 18.942547297767334 21.024613579133035 0
      vertex 18.974839982317068 21.131068293474122 5
      vertex 18.942547297767334 21.024613579133035 5
    endloop
  endfacet
  facet normal 0.9359059267573187 -0.3522500479212523 0
    outer loop
      vertex 18.974839982317068 21.131068293474122 0
      vertex 19.014025997189563 21.235183037479402 5
      vertex 18.974839982317068 21.131068293474122 5
    endloop
  endfacet
  facet normal 0.9108638249211868 -0.41270702980437046 0
    outer loop
      vertex 19.014025997189563 21.235183037479402 0
      vertex 19.059937541853177 21.33651197583105 5
      vertex 19.014025997189563 21.235183037479402 5
    endloop
  endfacet
  facet normal 0.8819212643483482 -0.4713967368260105 0
    outer loop
      vertex 19.059937541853177 21.33651197583105 0
      vertex 19.112378016025204 21.43462120245875 5
      vertex 19.059937541853177 21.33651197583105 5
    endloop
  endfacet
  facet normal 0.8492021815265812 -0.5280678506503641 0
    outer loop
      vertex 19.112378016025204 21.43462120245875 0
      vertex 19.171122861544422 21.529090598592074 5
      vertex 19.112378016025204 21.43462120245875 5
    endloop
  endfacet
  facet normal 0.8128466845916097 -0.5824776968678098 0
    outer loop
      vertex 19.171122861544422 21.529090598592074 0
      vertex 19.23592052396365 21.619515631773574 5
      vertex 19.171122861544422 21.529090598592074 5
    endloop
  endfacet
  facet normal 0.7730104533627484 -0.6343932841636315 0
    outer loop
      vertex 19.23592052396365 21.619515631773574 0
      vertex 19.306493529744486 21.705509088128867 5
      vertex 19.23592052396365 21.619515631773574 5
    endloop
  endfacet
  facet normal 0.7298640726978364 -0.6835923020228705 0
    outer loop
      vertex 19.306493529744486 21.705509088128867 0
      vertex 19.382539674441617 21.78670273047588 5
      vertex 19.306493529744486 21.705509088128867 5
    endloop
  endfacet
  facet normal 0.6835923020228705 -0.7298640726978364 0
    outer loop
      vertex 19.382539674441617 21.78670273047588 0
      vertex 19.46373331678863 21.86274887517301 5
      vertex 19.382539674441617 21.78670273047588 5
    endloop
  endfacet
  facet normal 0.6343932841636315 -0.7730104533627484 0
    outer loop
      vertex 19.46373331678863 21.86274887517301 0
      vertex 19.549726773143924 21.933321880953848 5
      vertex 19.46373331678863 21.86274887517301 5
    endloop
  endfacet
  facet normal 0.5280678506503641 0.8492021815265812 0
    outer loop
      vertex 19.734621202458747 19.112378016025204 0
      vertex 19.640151806325424 19.171122861544422 5
      vertex 19.734621202458747 19.112378016025204 5
    endloop
  endfacet
  facet normal 0.4713967368260105 0.8819212643483482 0
    outer loop
      vertex 19.832730429086446 19.059937541853177 0
      vertex 19.734621202458747 19.112378016025204 5
      vertex 19.832730429086446 19.059937541853177 5
    endloop
  endfacet
  facet normal 0.41270702980437046 0.9108638249211868 0
    outer loop
      vertex 19.934059367438095 19.014025997189563 0
      vertex 19.832730429086446 19.059937541853177 5
      vertex 19.934059367438095 19.014025997189563 5
    endloop
  endfacet
  facet normal 0.5824776968678098 0.8128466845916097 0
    outer loop
      vertex 19.640151806325424 19.171122861544422 0
      vertex 19.549726773143924 19.23592052396365 5
      vertex 19.640151806325424 19.171122861544422 5
    endloop
  endfacet
  facet normal 0.3522500479212523 0.9359059267573187 0
    outer loop
      vertex 20.038174111443375 18.974839982317068 0
      vertex 19.934059367438095 19.014025997189563 5
      vertex 20.038174111443375 18.974839982317068 5
    endloop
  endfacet
  facet normal 0.2902846772544499 0.9569403357322127 0
    outer loop
      vertex 20.144628825784462 18.942547297767334 0
      vertex 20.038174111443375 18.974839982317068 5
      vertex 20.144628825784462 18.942547297767334 5
    endloop
  endfacet
  facet normal 0.22707626303438147 0.9738769792773317 0
    outer loop
      vertex 20.25296765503133 18.917286225773257 0
      vertex 20.144628825784462 18.942547297767334 5
      vertex 20.25296765503133 18.917286225773257 5
    endloop
  endfacet
  facet normal 0.16289547339458998 0.9866433320848789 0
    outer loop
      vertex 20.362726675684662 18.89916493812327 0
      vertex 20.25296765503133 18.917286225773257 5
      vertex 20.362726675684662 18.89916493812327 5
    endloop
  endfacet
  facet normal 0.09801714032954162 0.9951847266721988 0
    outer loop
      vertex 20.473435882767504 18.888261032953125 0
      vertex 20.362726675684662 18.89916493812327 5
      vertex 20.473435882767504 18.888261032953125 5
    endloop
  endfacet
  facet normal 0.03271908282178624 0.9994645874763654 0
    outer loop
      vertex 20.58462120245875 18.88462120245875 0
      vertex 20.473435882767504 18.888261032953125 5
      vertex 20.58462120245875 18.88462120245875 5
    endloop
  endfacet
  facet normal -0.03271908282178624 0.9994645874763654 0
    outer loop
      vertex 20.695806522149994 18.888261032953125 0
      vertex 20.58462120245875 18.88462120245875 5
      vertex 20.695806522149994 18.888261032953125 5
    endloop
  endfacet
  facet normal -0.09801714032954162 0.9951847266721988 0
    outer loop
      vertex 20.806515729232835 18.89916493812327 0
      vertex 20.695806522149994 18.888261032953125 5
      vertex 20.806515729232835 18.89916493812327 5
    endloop
  endfacet
  facet normal -0.16289547339458998 0.9866433320848789 0
    outer loop
      vertex 20.916274749886167 18.917286225773257 0
      vertex 20.806515729232835 18.89916493812327 5
      vertex 20.916274749886167 18.917286225773257 5
    endloop
  endfacet
  facet normal -0.22707626303438147 0.9738769792773317 0
    outer loop
      vertex 21.024613579133035 18.942547297767334 0
      vertex 20.916274749886167 18.917286225773257 5
      vertex 21.024613579133035 18.942547297767334 5
    endloop
  endfacet
  facet normal -0.2902846772544499 0.9569403357322127 0
    outer loop
      vertex 21.131068293474122 18.974839982317068 0
      vertex 21.024613579133035 18.942547297767334 5
      vertex 21.131068293474122 18.974839982317068 5
    endloop
  endfacet
  facet normal -0.3522500479212523 0.9359059267573187 0
    outer loop
      vertex 21.235183037479402 19.014025997189563 0
      vertex 21.131068293474122 18.974839982317068 5
      vertex 21.235183037479402 19.014025997189563 5
    endloop
  endfacet
  facet normal -0.41270702980437046 0.9108638249211868 0
    outer loop
      vertex 21.33651197583105 19.059937541853177 0
      vertex 21.235183037479402 19.014025997189563 5
      vertex 21.33651197583105 19.059937541853177 5
    endloop
  endfacet
  facet normal -0.4713967368260105 0.8819212643483482 0
    outer loop
      vertex 21.43462120245875 19.112378016025204 0
      vertex 21.33651197583105 19.059937541853177 5
      vertex 21.43462120245875 19.112378016025204 5
    endloop
  endfacet
  facet normal -0.5280678506503641 0.8492021815265812 0
    outer loop
      vertex 21.529090598592074 19.171122861544422 0
      vertex 21.43462120245875 19.112378016025204 5
      vertex 21.529090598592074 19.171122861544422 5
    endloop
  endfacet
  facet normal -0.5824776968678098 0.8128466845916097 0
    outer loop
      vertex 21.619515631773574 19.23592052396365 0
      vertex 21.529090598592074 19.171122861544422 5
      vertex 21.619515631773574 19.23592052396365 5
    endloop
  endfacet
  facet normal -0.6343932841636315 0.7730104533627484 0
    outer loop
      vertex 21.705509088128867 19.306493529744486 0
      vertex 21.619515631773574 19.23592052396365 5
      vertex 21.705509088128867 19.306493529744486 5
    endloop
  endfacet
  facet normal -0.6835923020228705 0.7298640726978364 0
    outer loop
      vertex 21.78670273047588 19.382539674441617 0
      vertex 21.705509088128867 19.306493529744486 5
      vertex 21.78670273047588 19.382539674441617 5
    endloop
  endfacet
  facet normal -0.7298640726978364 0.6835923020228705 0
    outer loop
      vertex 21.86274887517301 19.46373331678863 0
      vertex 21.78670273047588 19.382539674441617 5
      vertex 21.86274887517301 19.46373331678863 5
    endloop
  endfacet
  facet normal -0.7730104533627484 0.6343932841636315 0
    outer loop
      vertex 21.933321880953848 19.549726773143924 0
      vertex 21.86274887517301 19.46373331678863 5
      vertex 21.933321880953848 19.549726773143924 5
    endloop
  endfacet
  facet normal 0.5824776968678098 -0.8128466845916097 0
    outer loop
      vertex 19.549726773143924 21.933321880953848 0
      vertex 19.640151806325424 21.998119543373075 5
      vertex 19.549726773143924 21.933321880953848 5
    endloop
  endfacet
  facet normal 0.5280678506503641 -0.8492021815265812 0
    outer loop
      vertex 19.640151806325424 21.998119543373075 0
      vertex 19.734621202458747 22.056864388892294 5
      vertex 19.640151806325424 21.998119543373075 5
    endloop
  endfacet
  facet normal 0.4713967368260105 -0.8819212643483482 0
    outer loop
      vertex 19.734621202458747 22.056864388892294 0
      vertex 19.832730429086446 22.10930486306432 5
      vertex 19.734621202458747 22.056864388892294 5
    endloop
  endfacet
  facet normal 0.41270702980437046 -0.9108638249211868 0
    outer loop
      vertex 19.832730429086446 22.10930486306432 0
      vertex 19.934059367438095 22.155216407727934 5
      vertex 19.832730429086446 22.10930486306432 5
    endloop
  endfacet
  facet normal 0.3522500479212523 -0.9359059267573187 0
    outer loop
      vertex 19.934059367438095 22.155216407727934 0
      vertex 20.038174111443375 22.19440242260043 5
      vertex 19.934059367438095 22.155216407727934 5
    endloop
  endfacet
  facet normal 0.2902846772544499 -0.9569403357322127 0
    outer loop
      vertex 20.038174111443375 22.19440242260043 0
      vertex 20.144628825784462 22.226695107150164 5
      vertex 20.038174111443375 22.19440242260043 5
    endloop
  endfacet
  facet normal 0.22707626303438147 -0.9738769792773317 0
    outer loop
      vertex 20.144628825784462 22.226695107150164 0
      vertex 20.25296765503133 22.25195617914424 5
      vertex 20.144628825784462 22.226695107150164 5
    endloop
  endfacet
  facet normal 0.16289547339458998 -0.9866433320848789 0
    outer loop
      vertex 20.25296765503133 22.25195617914424 0
      vertex 20.362726675684662 22.270077466794227 5
      vertex 20.25296765503133 22.25195617914424 5
    endloop
  endfacet
  facet normal 0.09801714032954162 -0.9951847266721988 0
    outer loop
      vertex 20.362726675684662 22.270077466794227 0
      vertex 20.473435882767504 22.280981371964373 5
      vertex 20.362726675684662 22.270077466794227 5
    endloop
  endfacet
  facet normal 0.03271908282178624 -0.9994645874763654 0
    outer loop
      vertex 20.473435882767504 22.280981371964373 0
      vertex 20.58462120245875 22.284621202458748 5
      vertex 20.473435882767504 22.280981371964373 5
    endloop
  endfacet
  facet normal -0.03271908282178624 -0.9994645874763654 0
    outer loop
      vertex 20.58462120245875 22.284621202458748 0
      vertex 20.695806522149994 22.280981371964373 5
      vertex 20.58462120245875 22.284621202458748 5
    endloop
  endfacet
  facet normal -0.09801714032954162 -0.9951847266721988 0
    outer loop
      vertex 20.695806522149994 22.280981371964373 0
      vertex 20.806515729232835 22.270077466794227 5
      vertex 20.695806522149994 22.280981371964373 5
    endloop
  endfacet
  facet normal -0.16289547339458998 -0.9866433320848789 0
    outer loop
      vertex 20.806515729232835 22.270077466794227 0
      vertex 20.916274749886167 22.25195617914424 5
      vertex 20.806515729232835 22.270077466794227 5
    endloop
  endfacet
  facet normal -0.22707626303438147 -0.9738769792773317 0
    outer loop
      vertex 20.916274749886167 22.25195617914424 0
      vertex 21.024613579133035 22.226695107150164 5
      vertex 20.916274749886167 22.25195617914424 5
    endloop
  endfacet
  facet normal -0.3522500479212523 -0.9359059267573187 0
    outer loop
      vertex 21.131068293474122 22.19440242260043 0
      vertex 21.235183037479402 22.155216407727934 5
      vertex 21.131068293474122 22.19440242260043 5
    endloop
  endfacet
  facet normal -0.2902846772544499 -0.9569403357322127 0
    outer loop
      vertex 21.024613579133035 22.226695107150164 0
      vertex 21.131068293474122 22.19440242260043 5
      vertex 21.024613579133035 22.226695107150164 5
    endloop
  endfacet
  facet normal -0.8128466845916097 0.5824776968678098 0
    outer loop
      vertex 21.998119543373075 19.640151806325424 0
      vertex 21.933321880953848 19.549726773143924 5
      vertex 21.998119543373075 19.640151806325424 5
    endloop
  endfacet
  facet normal -0.8492021815265812 0.5280678506503641 0
    outer loop
      vertex 22.056864388892294 19.734621202458747 0
      vertex 21.998119543373075 19.640151806325424 5
      vertex 22.056864388892294 19.734621202458747 5
    endloop
  endfacet
  facet normal -0.8819212643483482 0.4713967368260105 0
    outer loop
      vertex 22.10930486306432 19.832730429086446 0
      vertex 22.056864388892294 19.734621202458747 5
      vertex 22.10930486306432 19.832730429086446 5
    endloop
  endfacet
  facet normal -0.9108638249211868 0.41270702980437046 0
    outer loop
      vertex 22.155216407727934 19.934059367438095 0
      vertex 22.10930486306432 19.832730429086446 5
      vertex 22.155216407727934 19.934059367438095 5
    endloop
  endfacet
  facet normal -0.9359059267573187 0.3522500479212523 -5.594712983871339e-19
    outer loop
      vertex 22.155216407727934 19.934059367438095 5
      vertex 22.19440242260043 20.038174111443375 5
      vertex 22.19440242260043 20.038174111443375 0
    endloop
  endfacet
  facet normal -0.9569403357322127 0.2902846772544499 -1.5779365271703425e-19
    outer loop
      vertex 22.19440242260043 20.038174111443375 5
      vertex 22.226695107150164 20.144628825784462 5
      vertex 22.226695107150164 20.144628825784462 0
    endloop
  endfacet
  facet normal -0.9738769792773317 0.22707626303438147 0
    outer loop
      vertex 22.25195617914424 20.25296765503133 0
      vertex 22.226695107150164 20.144628825784462 5
      vertex 22.25195617914424 20.25296765503133 5
    endloop
  endfacet
  facet normal -0.9866433320848789 0.16289547339458998 0
    outer loop
      vertex 22.270077466794227 20.362726675684662 0
      vertex 22.25195617914424 20.25296765503133 5
      vertex 22.270077466794227 20.362726675684662 5
    endloop
  endfacet
  facet normal -0.9951847266721988 0.09801714032954162 0
    outer loop
      vertex 22.280981371964373 20.473435882767504 0
      vertex 22.270077466794227 20.362726675684662 5
      vertex 22.280981371964373 20.473435882767504 5
    endloop
  endfacet
  facet normal -0.9994645874763654 0.03271908282178624 0
    outer loop
      vertex 22.284621202458748 20.58462120245875 0
      vertex 22.280981371964373 20.473435882767504 5
      vertex 22.284621202458748 20.58462120245875 5
    endloop
  endfacet
  facet normal -0.9994645874763654 -0.03271908282178624 0
    outer loop
      vertex 22.280981371964373 20.695806522149994 0
      vertex 22.284621202458748 20.58462120245875 5
      vertex 22.280981371964373 20.695806522149994 5
    endloop
  endfacet
  facet normal -0.9951847266721988 -0.09801714032954162 0
    outer loop
      vertex 22.270077466794227 20.806515729232835 0
      vertex 22.280981371964373 20.695806522149994 5
      vertex 22.270077466794227 20.806515729232835 5
    endloop
  endfacet
  facet normal -0.9866433320848789 -0.16289547339458998 0
    outer loop
      vertex 22.25195617914424 20.916274749886167 0
      vertex 22.270077466794227 20.806515729232835 5
      vertex 22.25195617914424 20.916274749886167 5
    endloop
  endfacet
  facet normal -0.9738769792773317 -0.22707626303438147 0
    outer loop
      vertex 22.226695107150164 21.024613579133035 0
      vertex 22.25195617914424 20.916274749886167 5
      vertex 22.226695107150164 21.024613579133035 5
    endloop
  endfacet
  facet normal -0.9569403357322127 -0.2902846772544499 0
    outer loop
      vertex 22.19440242260043 21.131068293474122 0
      vertex 22.226695107150164 21.024613579133035 5
      vertex 22.19440242260043 21.131068293474122 5
    endloop
  endfacet
  facet normal -0.5824776968678098 -0.8128466845916097 0
    outer loop
      vertex 21.529090598592074 21.998119543373075 0
      vertex 21.619515631773574 21.933321880953848 5
      vertex 21.529090598592074 21.998119543373075 5
    endloop
  endfacet
  facet normal -0.6343932841636315 -0.7730104533627484 0
    outer loop
      vertex 21.619515631773574 21.933321880953848 0
      vertex 21.705509088128867 21.86274887517301 5
      vertex 21.619515631773574 21.933321880953848 5
    endloop
  endfacet
  facet normal -0.6835923020228705 -0.7298640726978364 0
    outer loop
      vertex 21.705509088128867 21.86274887517301 0
      vertex 21.78670273047588 21.78670273047588 5
      vertex 21.705509088128867 21.86274887517301 5
    endloop
  endfacet
  facet normal -0.7730104533627484 -0.6343932841636315 0
    outer loop
      vertex 21.86274887517301 21.705509088128867 0
      vertex 21.933321880953848 21.619515631773574 5
      vertex 21.86274887517301 21.705509088128867 5
    endloop
  endfacet
  facet normal -0.7298640726978364 -0.6835923020228705 0
    outer loop
      vertex 21.78670273047588 21.78670273047588 0
      vertex 21.86274887517301 21.705509088128867 5
      vertex 21.78670273047588 21.78670273047588 5
    endloop
  endfacet
  facet normal -0.8128466845916097 -0.5824776968678098 0
    outer loop
      vertex 21.933321880953848 21.619515631773574 0
      vertex 21.998119543373075 21.529090598592074 5
      vertex 21.933321880953848 21.619515631773574 5
    endloop
  endfacet
  facet normal -0.41270702980437046 -0.9108638249211868 0
    outer loop
      vertex 21.235183037479402 22.155216407727934 0
      vertex 21.33651197583105 22.10930486306432 5
      vertex 21.235183037479402 22.155216407727934 5
    endloop
  endfacet
  facet normal -0.4713967368260105 -0.8819212643483482 0
    outer loop
      vertex 21.33651197583105 22.10930486306432 0
      vertex 21.43462120245875 22.056864388892294 5
      vertex 21.33651197583105 22.10930486306432 5
    endloop
  endfacet
  facet normal -0.5280678506503641 -0.8492021815265812 0
    outer loop
      vertex 21.43462120245875 22.056864388892294 0
      vertex 21.529090598592074 21.998119543373075 5
      vertex 21.43462120245875 22.056864388892294 5
    endloop
  endfacet
  facet normal -0.9359059267573187 -0.3522500479212523 0
    outer loop
      vertex 22.155216407727934 21.235183037479402 0
      vertex 22.19440242260043 21.131068293474122 5
      vertex 22.155216407727934 21.235183037479402 5
    endloop
  endfacet
  facet normal -0.9108638249211868 -0.41270702980437046 0
    outer loop
      vertex 22.10930486306432 21.33651197583105 0
      vertex 22.155216407727934 21.235183037479402 5
      vertex 22.10930486306432 21.33651197583105 5
    endloop
  endfacet
  facet normal -0.8819212643483482 -0.4713967368260105 0
    outer loop
      vertex 22.056864388892294 21.43462120245875 0
      vertex 22.10930486306432 21.33651197583105 5
      vertex 22.056864388892294 21.43462120245875 5
    endloop
  endfacet
  facet normal -0.8492021815265812 -0.5280678506503641 0
    outer loop
      vertex 21.998119543373075 21.529090598592074 0
      vertex 22.056864388892294 21.43462120245875 5
      vertex 21.998119543373075 21.529090598592074 5
    endloop
  endfacet
  facet normal 0.8492021815265812 0.5280678506503641 6.809047037629824e-19
    outer loop
      vertex -21.998119543373075 -21.529090598592074 0
      vertex -22.056864388892294 -21.43462120245875 0
      vertex -22.056864388892294 -21.43462120245875 5
    endloop
  endfacet
  facet normal 0.9108638249211868 0.41270702980437046 -6.493401579365863e-19
    outer loop
      vertex -22.10930486306432 -21.33651197583105 0
      vertex -22.155216407727934 -21.235183037479402 0
      vertex -22.155216407727934 -21.235183037479402 5
    endloop
  endfacet
  facet normal 0.8819212643483482 0.4713967368260105 1.8682571808568947e-19
    outer loop
      vertex -22.056864388892294 -21.43462120245875 0
      vertex -22.10930486306432 -21.33651197583105 0
      vertex -22.10930486306432 -21.33651197583105 5
    endloop
  endfacet
  facet normal 0.5280678506503641 0.8492021815265812 0
    outer loop
      vertex -21.529090598592074 -21.998119543373075 0
      vertex -21.529090598592074 -21.998119543373075 5
      vertex -21.43462120245875 -22.056864388892294 0
    endloop
  endfacet
  facet normal 0.4713967368260105 0.8819212643483482 0
    outer loop
      vertex -21.43462120245875 -22.056864388892294 0
      vertex -21.43462120245875 -22.056864388892294 5
      vertex -21.33651197583105 -22.10930486306432 0
    endloop
  endfacet
  facet normal 0.41270702980437046 0.9108638249211868 0
    outer loop
      vertex -21.33651197583105 -22.10930486306432 0
      vertex -21.33651197583105 -22.10930486306432 5
      vertex -21.235183037479402 -22.155216407727934 0
    endloop
  endfacet
  facet normal 0.3522500479212523 0.9359059267573187 0
    outer loop
      vertex -21.235183037479402 -22.155216407727934 0
      vertex -21.235183037479402 -22.155216407727934 5
      vertex -21.131068293474122 -22.19440242260043 0
    endloop
  endfacet
  facet normal 0.7730104533627484 0.6343932841636315 -1.2259787905994329e-19
    outer loop
      vertex -21.86274887517301 -21.705509088128867 0
      vertex -21.933321880953848 -21.619515631773574 0
      vertex -21.933321880953848 -21.619515631773574 5
    endloop
  endfacet
  facet normal 0.7298640726978364 0.6835923020228705 2.6872610859188097e-19
    outer loop
      vertex -21.78670273047588 -21.78670273047588 0
      vertex -21.86274887517301 -21.705509088128867 0
      vertex -21.86274887517301 -21.705509088128867 5
    endloop
  endfacet
  facet normal 0.6835923020228705 0.7298640726978364 0
    outer loop
      vertex -21.78670273047588 -21.78670273047588 0
      vertex -21.78670273047588 -21.78670273047588 5
      vertex -21.705509088128867 -21.86274887517301 0
    endloop
  endfacet
  facet normal 0.5824776968678098 0.8128466845916097 0
    outer loop
      vertex -21.619515631773574 -21.933321880953848 0
      vertex -21.619515631773574 -21.933321880953848 5
      vertex -21.529090598592074 -21.998119543373075 0
    endloop
  endfacet
  facet normal 0.6343932841636315 0.7730104533627484 0
    outer loop
      vertex -21.705509088128867 -21.86274887517301 0
      vertex -21.705509088128867 -21.86274887517301 5
      vertex -21.619515631773574 -21.933321880953848 0
    endloop
  endfacet
  facet normal 0.8128466845916097 0.5824776968678098 2.6882384351667463e-19
    outer loop
      vertex -21.933321880953848 -21.619515631773574 0
      vertex -21.998119543373075 -21.529090598592074 0
      vertex -21.998119543373075 -21.529090598592074 5
    endloop
  endfacet
  facet normal 0.9569403357322127 0.2902846772544499 1.5779365271703425e-19
    outer loop
      vertex -22.19440242260043 -21.131068293474122 0
      vertex -22.226695107150164 -21.024613579133035 0
      vertex -22.226695107150164 -21.024613579133035 5
    endloop
  endfacet
  facet normal 0.9738769792773317 0.22707626303438147 -3.8982062863452633e-19
    outer loop
      vertex -22.226695107150164 -21.024613579133035 0
      vertex -22.25195617914424 -20.916274749886167 0
      vertex -22.25195617914424 -20.916274749886167 5
    endloop
  endfacet
  facet normal 0.9866433320848789 0.16289547339458998 -3.4821114436190174e-19
    outer loop
      vertex -22.25195617914424 -20.916274749886167 0
      vertex -22.270077466794227 -20.806515729232835 0
      vertex -22.270077466794227 -20.806515729232835 5
    endloop
  endfacet
  facet normal 0.9359059267573187 0.3522500479212523 5.594712983871339e-19
    outer loop
      vertex -22.155216407727934 -21.235183037479402 0
      vertex -22.19440242260043 -21.131068293474122 0
      vertex -22.19440242260043 -21.131068293474122 5
    endloop
  endfacet
  facet normal 0.9951847266721988 0.09801714032954162 -3.70550664129064e-20
    outer loop
      vertex -22.270077466794227 -20.806515729232835 0
      vertex -22.280981371964373 -20.695806522149994 0
      vertex -22.280981371964373 -20.695806522149994 5
    endloop
  endfacet
  facet normal 0.9994645874763654 0.03271908282178624 -3.3463239300897195e-20
    outer loop
      vertex -22.280981371964373 -20.695806522149994 0
      vertex -22.284621202458748 -20.58462120245875 0
      vertex -22.284621202458748 -20.58462120245875 5
    endloop
  endfacet
  facet normal 0.9994645874763654 -0.03271908282178624 3.3463239300897195e-20
    outer loop
      vertex -22.284621202458748 -20.58462120245875 0
      vertex -22.280981371964373 -20.473435882767504 0
      vertex -22.280981371964373 -20.473435882767504 5
    endloop
  endfacet
  facet normal 0.9951847266721988 -0.09801714032954162 3.70550664129064e-20
    outer loop
      vertex -22.280981371964373 -20.473435882767504 0
      vertex -22.270077466794227 -20.362726675684662 0
      vertex -22.270077466794227 -20.362726675684662 5
    endloop
  endfacet
  facet normal 0.9866433320848789 -0.16289547339458998 3.4821114436190174e-19
    outer loop
      vertex -22.270077466794227 -20.362726675684662 0
      vertex -22.25195617914424 -20.25296765503133 0
      vertex -22.25195617914424 -20.25296765503133 5
    endloop
  endfacet
  facet normal 0.9738769792773317 -0.22707626303438147 3.8982062863452633e-19
    outer loop
      vertex -22.25195617914424 -20.25296765503133 0
      vertex -22.226695107150164 -20.144628825784462 0
      vertex -22.226695107150164 -20.144628825784462 5
    endloop
  endfacet
  facet normal 0.9569403357322127 -0.2902846772544499 -1.5779365271703425e-19
    outer loop
      vertex -22.226695107150164 -20.144628825784462 0
      vertex -22.19440242260043 -20.038174111443375 0
      vertex -22.19440242260043 -20.038174111443375 5
    endloop
  endfacet
  facet normal 0.9359059267573187 -0.3522500479212523 -5.594712983871339e-19
    outer loop
      vertex -22.19440242260043 -20.038174111443375 0
      vertex -22.155216407727934 -19.934059367438095 0
      vertex -22.155216407727934 -19.934059367438095 5
    endloop
  endfacet
  facet normal 0.9108638249211868 -0.41270702980437046 6.493401579365863e-19
    outer loop
      vertex -22.155216407727934 -19.934059367438095 0
      vertex -22.10930486306432 -19.832730429086446 0
      vertex -22.10930486306432 -19.832730429086446 5
    endloop
  endfacet
  facet normal 0.8819212643483482 -0.4713967368260105 -1.8682571808568947e-19
    outer loop
      vertex -22.10930486306432 -19.832730429086446 0
      vertex -22.056864388892294 -19.734621202458747 0
      vertex -22.056864388892294 -19.734621202458747 5
    endloop
  endfacet
  facet normal 0.8492021815265812 -0.5280678506503641 -6.809047037629824e-19
    outer loop
      vertex -22.056864388892294 -19.734621202458747 0
      vertex -21.998119543373075 -19.640151806325424 0
      vertex -21.998119543373075 -19.640151806325424 5
    endloop
  endfacet
  facet normal 0.8128466845916097 -0.5824776968678098 -2.6882384351667463e-19
    outer loop
      vertex -21.998119543373075 -19.640151806325424 0
      vertex -21.933321880953848 -19.549726773143924 0
      vertex -21.933321880953848 -19.549726773143924 5
    endloop
  endfacet
  facet normal 0.2902846772544499 0.9569403357322127 0
    outer loop
      vertex -21.131068293474122 -22.19440242260043 0
      vertex -21.131068293474122 -22.19440242260043 5
      vertex -21.024613579133035 -22.226695107150164 0
    endloop
  endfacet
  facet normal 0.22707626303438147 0.9738769792773317 0
    outer loop
      vertex -21.024613579133035 -22.226695107150164 0
      vertex -21.024613579133035 -22.226695107150164 5
      vertex -20.916274749886167 -22.25195617914424 0
    endloop
  endfacet
  facet normal 0.16289547339458998 0.9866433320848789 0
    outer loop
      vertex -20.916274749886167 -22.25195617914424 0
      vertex -20.916274749886167 -22.25195617914424 5
      vertex -20.806515729232835 -22.270077466794227 0
    endloop
  endfacet
  facet normal 0.09801714032954162 0.9951847266721988 0
    outer loop
      vertex -20.806515729232835 -22.270077466794227 0
      vertex -20.806515729232835 -22.270077466794227 5
      vertex -20.695806522149994 -22.280981371964373 0
    endloop
  endfacet
  facet normal 0.03271908282178624 0.9994645874763654 0
    outer loop
      vertex -20.695806522149994 -22.280981371964373 0
      vertex -20.695806522149994 -22.280981371964373 5
      vertex -20.58462120245875 -22.284621202458748 0
    endloop
  endfacet
  facet normal -0.03271908282178624 0.9994645874763654 0
    outer loop
      vertex -20.58462120245875 -22.284621202458748 0
      vertex -20.58462120245875 -22.284621202458748 5
      vertex -20.473435882767504 -22.280981371964373 0
    endloop
  endfacet
  facet normal -0.09801714032954162 0.9951847266721988 0
    outer loop
      vertex -20.473435882767504 -22.280981371964373 0
      vertex -20.473435882767504 -22.280981371964373 5
      vertex -20.362726675684662 -22.270077466794227 0
    endloop
  endfacet
  facet normal -0.16289547339458998 0.9866433320848789 0
    outer loop
      vertex -20.362726675684662 -22.270077466794227 0
      vertex -20.362726675684662 -22.270077466794227 5
      vertex -20.25296765503133 -22.25195617914424 0
    endloop
  endfacet
  facet normal -0.22707626303438147 0.9738769792773317 0
    outer loop
      vertex -20.25296765503133 -22.25195617914424 0
      vertex -20.25296765503133 -22.25195617914424 5
      vertex -20.144628825784462 -22.226695107150164 0
    endloop
  endfacet
  facet normal -0.2902846772544499 0.9569403357322127 0
    outer loop
      vertex -20.144628825784462 -22.226695107150164 0
      vertex -20.144628825784462 -22.226695107150164 5
      vertex -20.038174111443375 -22.19440242260043 0
    endloop
  endfacet
  facet normal -0.3522500479212523 0.9359059267573187 0
    outer loop
      vertex -20.038174111443375 -22.19440242260043 0
      vertex -20.038174111443375 -22.19440242260043 5
      vertex -19.934059367438095 -22.155216407727934 0
    endloop
  endfacet
  facet normal -0.41270702980437046 0.9108638249211868 0
    outer loop
      vertex -19.934059367438095 -22.155216407727934 0
      vertex -19.934059367438095 -22.155216407727934 5
      vertex -19.832730429086446 -22.10930486306432 0
    endloop
  endfacet
  facet normal -0.4713967368260105 0.8819212643483482 0
    outer loop
      vertex -19.832730429086446 -22.10930486306432 0
      vertex -19.832730429086446 -22.10930486306432 5
      vertex -19.734621202458747 -22.056864388892294 0
    endloop
  endfacet
  facet normal -0.5280678506503641 0.8492021815265812 0
    outer loop
      vertex -19.734621202458747 -22.056864388892294 0
      vertex -19.734621202458747 -22.056864388892294 5
      vertex -19.640151806325424 -21.998119543373075 0
    endloop
  endfacet
  facet normal -0.5824776968678098 0.8128466845916097 0
    outer loop
      vertex -19.640151806325424 -21.998119543373075 0
      vertex -19.640151806325424 -21.998119543373075 5
      vertex -19.549726773143924 -21.933321880953848 0
    endloop
  endfacet
  facet normal 0.7730104533627484 -0.6343932841636315 1.2259787905994329e-19
    outer loop
      vertex -21.933321880953848 -19.549726773143924 0
      vertex -21.86274887517301 -19.46373331678863 0
      vertex -21.86274887517301 -19.46373331678863 5
    endloop
  endfacet
  facet normal 0.7298640726978364 -0.6835923020228705 -2.6872610859188097e-19
    outer loop
      vertex -21.86274887517301 -19.46373331678863 0
      vertex -21.78670273047588 -19.382539674441617 0
      vertex -21.78670273047588 -19.382539674441617 5
    endloop
  endfacet
  facet normal 0.6835923020228705 -0.7298640726978364 0
    outer loop
      vertex -21.705509088128867 -19.306493529744486 0
      vertex -21.705509088128867 -19.306493529744486 5
      vertex -21.78670273047588 -19.382539674441617 0
    endloop
  endfacet
  facet normal 0.6343932841636315 -0.7730104533627484 0
    outer loop
      vertex -21.619515631773574 -19.23592052396365 0
      vertex -21.619515631773574 -19.23592052396365 5
      vertex -21.705509088128867 -19.306493529744486 0
    endloop
  endfacet
  facet normal 0.5824776968678098 -0.8128466845916097 0
    outer loop
      vertex -21.529090598592074 -19.171122861544422 0
      vertex -21.529090598592074 -19.171122861544422 5
      vertex -21.619515631773574 -19.23592052396365 0
    endloop
  endfacet
  facet normal 0.5280678506503641 -0.8492021815265812 0
    outer loop
      vertex -21.43462120245875 -19.112378016025204 0
      vertex -21.43462120245875 -19.112378016025204 5
      vertex -21.529090598592074 -19.171122861544422 0
    endloop
  endfacet
  facet normal 0.4713967368260105 -0.8819212643483482 0
    outer loop
      vertex -21.33651197583105 -19.059937541853177 0
      vertex -21.33651197583105 -19.059937541853177 5
      vertex -21.43462120245875 -19.112378016025204 0
    endloop
  endfacet
  facet normal 0.41270702980437046 -0.9108638249211868 0
    outer loop
      vertex -21.235183037479402 -19.014025997189563 0
      vertex -21.235183037479402 -19.014025997189563 5
      vertex -21.33651197583105 -19.059937541853177 0
    endloop
  endfacet
  facet normal 0.3522500479212523 -0.9359059267573187 0
    outer loop
      vertex -21.131068293474122 -18.974839982317068 0
      vertex -21.131068293474122 -18.974839982317068 5
      vertex -21.235183037479402 -19.014025997189563 0
    endloop
  endfacet
  facet normal 0.2902846772544499 -0.9569403357322127 0
    outer loop
      vertex -21.024613579133035 -18.942547297767334 0
      vertex -21.024613579133035 -18.942547297767334 5
      vertex -21.131068293474122 -18.974839982317068 0
    endloop
  endfacet
  facet normal 0.22707626303438147 -0.9738769792773317 0
    outer loop
      vertex -20.916274749886167 -18.917286225773257 0
      vertex -20.916274749886167 -18.917286225773257 5
      vertex -21.024613579133035 -18.942547297767334 0
    endloop
  endfacet
  facet normal 0.16289547339458998 -0.9866433320848789 0
    outer loop
      vertex -20.806515729232835 -18.89916493812327 0
      vertex -20.806515729232835 -18.89916493812327 5
      vertex -20.916274749886167 -18.917286225773257 0
    endloop
  endfacet
  facet normal 0.09801714032954162 -0.9951847266721988 0
    outer loop
      vertex -20.695806522149994 -18.888261032953125 0
      vertex -20.695806522149994 -18.888261032953125 5
      vertex -20.806515729232835 -18.89916493812327 0
    endloop
  endfacet
  facet normal 0.03271908282178624 -0.9994645874763654 0
    outer loop
      vertex -20.58462120245875 -18.88462120245875 0
      vertex -20.58462120245875 -18.88462120245875 5
      vertex -20.695806522149994 -18.888261032953125 0
    endloop
  endfacet
  facet normal -0.03271908282178624 -0.9994645874763654 0
    outer loop
      vertex -20.473435882767504 -18.888261032953125 0
      vertex -20.473435882767504 -18.888261032953125 5
      vertex -20.58462120245875 -18.88462120245875 0
    endloop
  endfacet
  facet normal -0.09801714032954162 -0.9951847266721988 0
    outer loop
      vertex -20.362726675684662 -18.89916493812327 0
      vertex -20.362726675684662 -18.89916493812327 5
      vertex -20.473435882767504 -18.888261032953125 0
    endloop
  endfacet
  facet normal -0.16289547339458998 -0.9866433320848789 0
    outer loop
      vertex -20.25296765503133 -18.917286225773257 0
      vertex -20.25296765503133 -18.917286225773257 5
      vertex -20.362726675684662 -18.89916493812327 0
    endloop
  endfacet
  facet normal -0.22707626303438147 -0.9738769792773317 0
    outer loop
      vertex -20.144628825784462 -18.942547297767334 0
      vertex -20.144628825784462 -18.942547297767334 5
      vertex -20.25296765503133 -18.917286225773257 0
    endloop
  endfacet
  facet normal -0.2902846772544499 -0.9569403357322127 0
    outer loop
      vertex -20.038174111443375 -18.974839982317068 0
      vertex -20.038174111443375 -18.974839982317068 5
      vertex -20.144628825784462 -18.942547297767334 0
    endloop
  endfacet
  facet normal -0.3522500479212523 -0.9359059267573187 0
    outer loop
      vertex -19.934059367438095 -19.014025997189563 0
      vertex -19.934059367438095 -19.014025997189563 5
      vertex -20.038174111443375 -18.974839982317068 0
    endloop
  endfacet
  facet normal -0.5280678506503641 -0.8492021815265812 0
    outer loop
      vertex -19.640151806325424 -19.171122861544422 0
      vertex -19.640151806325424 -19.171122861544422 5
      vertex -19.734621202458747 -19.112378016025204 0
    endloop
  endfacet
  facet normal -0.5824776968678098 -0.8128466845916097 0
    outer loop
      vertex -19.549726773143924 -19.23592052396365 0
      vertex -19.549726773143924 -19.23592052396365 5
      vertex -19.640151806325424 -19.171122861544422 0
    endloop
  endfacet
  facet normal -0.41270702980437046 -0.9108638249211868 0
    outer loop
      vertex -19.832730429086446 -19.059937541853177 0
      vertex -19.832730429086446 -19.059937541853177 5
      vertex -19.934059367438095 -19.014025997189563 0
    endloop
  endfacet
  facet normal -0.4713967368260105 -0.8819212643483482 0
    outer loop
      vertex -19.734621202458747 -19.112378016025204 0
      vertex -19.734621202458747 -19.112378016025204 5
      vertex -19.832730429086446 -19.059937541853177 0
    endloop
  endfacet
  facet normal -0.6343932841636315 0.7730104533627484 0
    outer loop
      vertex -19.549726773143924 -21.933321880953848 0
      vertex -19.549726773143924 -21.933321880953848 5
      vertex -19.46373331678863 -21.86274887517301 0
    endloop
  endfacet
  facet normal -0.6835923020228705 0.7298640726978364 0
    outer loop
      vertex -19.46373331678863 -21.86274887517301 0
      vertex -19.46373331678863 -21.86274887517301 5
      vertex -19.382539674441617 -21.78670273047588 0
    endloop
  endfacet
  facet normal -0.7298640726978364 0.6835923020228705 0
    outer loop
      vertex -19.382539674441617 -21.78670273047588 0
      vertex -19.382539674441617 -21.78670273047588 5
      vertex -19.306493529744486 -21.705509088128867 0
    endloop
  endfacet
  facet normal -0.7730104533627484 0.6343932841636315 1.2259787905994329e-19
    outer loop
      vertex -19.23592052396365 -21.619515631773574 0
      vertex -19.306493529744486 -21.705509088128867 0
      vertex -19.306493529744486 -21.705509088128867 5
    endloop
  endfacet
  facet normal -0.8128466845916097 0.5824776968678098 -2.6882384351667463e-19
    outer loop
      vertex -19.171122861544422 -21.529090598592074 0
      vertex -19.23592052396365 -21.619515631773574 0
      vertex -19.23592052396365 -21.619515631773574 5
    endloop
  endfacet
  facet normal -0.8492021815265812 0.5280678506503641 -6.809047037629824e-19
    outer loop
      vertex -19.112378016025204 -21.43462120245875 0
      vertex -19.171122861544422 -21.529090598592074 0
      vertex -19.171122861544422 -21.529090598592074 5
    endloop
  endfacet
  facet normal -0.8819212643483482 0.4713967368260105 -1.8682571808568947e-19
    outer loop
      vertex -19.059937541853177 -21.33651197583105 0
      vertex -19.112378016025204 -21.43462120245875 0
      vertex -19.112378016025204 -21.43462120245875 5
    endloop
  endfacet
  facet normal -0.9108638249211868 0.41270702980437046 6.493401579365863e-19
    outer loop
      vertex -19.014025997189563 -21.235183037479402 0
      vertex -19.059937541853177 -21.33651197583105 0
      vertex -19.059937541853177 -21.33651197583105 5
    endloop
  endfacet
  facet normal -0.9359059267573187 0.3522500479212523 -5.594712983871339e-19
    outer loop
      vertex -18.974839982317068 -21.131068293474122 0
      vertex -19.014025997189563 -21.235183037479402 0
      vertex -19.014025997189563 -21.235183037479402 5
    endloop
  endfacet
  facet normal -0.9569403357322127 0.2902846772544499 -1.5779365271703425e-19
    outer loop
      vertex -18.942547297767334 -21.024613579133035 0
      vertex -18.974839982317068 -21.131068293474122 0
      vertex -18.974839982317068 -21.131068293474122 5
    endloop
  endfacet
  facet normal -0.9738769792773317 0.22707626303438147 3.8982062863452633e-19
    outer loop
      vertex -18.917286225773257 -20.916274749886167 0
      vertex -18.942547297767334 -21.024613579133035 0
      vertex -18.942547297767334 -21.024613579133035 5
    endloop
  endfacet
  facet normal -0.9866433320848789 0.16289547339458998 3.4821114436190174e-19
    outer loop
      vertex -18.89916493812327 -20.806515729232835 0
      vertex -18.917286225773257 -20.916274749886167 0
      vertex -18.917286225773257 -20.916274749886167 5
    endloop
  endfacet
  facet normal -0.9951847266721988 0.09801714032954162 3.70550664129064e-20
    outer loop
      vertex -18.888261032953125 -20.695806522149994 0
      vertex -18.89916493812327 -20.806515729232835 0
      vertex -18.89916493812327 -20.806515729232835 5
    endloop
  endfacet
  facet normal -0.9994645874763654 0.03271908282178624 3.3463239300897195e-20
    outer loop
      vertex -18.88462120245875 -20.58462120245875 0
      vertex -18.888261032953125 -20.695806522149994 0
      vertex -18.888261032953125 -20.695806522149994 5
    endloop
  endfacet
  facet normal -0.9994645874763654 -0.03271908282178624 -3.3463239300897195e-20
    outer loop
      vertex -18.888261032953125 -20.473435882767504 0
      vertex -18.88462120245875 -20.58462120245875 0
      vertex -18.88462120245875 -20.58462120245875 5
    endloop
  endfacet
  facet normal -0.9951847266721988 -0.09801714032954162 -3.70550664129064e-20
    outer loop
      vertex -18.89916493812327 -20.362726675684662 0
      vertex -18.888261032953125 -20.473435882767504 0
      vertex -18.888261032953125 -20.473435882767504 5
    endloop
  endfacet
  facet normal -0.8128466845916097 -0.5824776968678098 2.6882384351667463e-19
    outer loop
      vertex -19.23592052396365 -19.549726773143924 0
      vertex -19.171122861544422 -19.640151806325424 0
      vertex -19.171122861544422 -19.640151806325424 5
    endloop
  endfacet
  facet normal -0.9569403357322127 -0.2902846772544499 1.5779365271703425e-19
    outer loop
      vertex -18.974839982317068 -20.038174111443375 0
      vertex -18.942547297767334 -20.144628825784462 0
      vertex -18.942547297767334 -20.144628825784462 5
    endloop
  endfacet
  facet normal -0.9359059267573187 -0.3522500479212523 5.594712983871339e-19
    outer loop
      vertex -19.014025997189563 -19.934059367438095 0
      vertex -18.974839982317068 -20.038174111443375 0
      vertex -18.974839982317068 -20.038174111443375 5
    endloop
  endfacet
  facet normal -0.9866433320848789 -0.16289547339458998 -3.4821114436190174e-19
    outer loop
      vertex -18.917286225773257 -20.25296765503133 0
      vertex -18.89916493812327 -20.362726675684662 0
      vertex -18.89916493812327 -20.362726675684662 5
    endloop
  endfacet
  facet normal -0.9738769792773317 -0.22707626303438147 -3.8982062863452633e-19
    outer loop
      vertex -18.942547297767334 -20.144628825784462 0
      vertex -18.917286225773257 -20.25296765503133 0
      vertex -18.917286225773257 -20.25296765503133 5
    endloop
  endfacet
  facet normal -0.8819212643483482 -0.4713967368260105 1.8682571808568947e-19
    outer loop
      vertex -19.112378016025204 -19.734621202458747 0
      vertex -19.059937541853177 -19.832730429086446 0
      vertex -19.059937541853177 -19.832730429086446 5
    endloop
  endfacet
  facet normal -0.9108638249211868 -0.41270702980437046 -6.493401579365863e-19
    outer loop
      vertex -19.059937541853177 -19.832730429086446 0
      vertex -19.014025997189563 -19.934059367438095 0
      vertex -19.014025997189563 -19.934059367438095 5
    endloop
  endfacet
  facet normal -0.8492021815265812 -0.5280678506503641 6.809047037629824e-19
    outer loop
      vertex -19.171122861544422 -19.640151806325424 0
      vertex -19.112378016025204 -19.734621202458747 0
      vertex -19.112378016025204 -19.734621202458747 5
    endloop
  endfacet
  facet normal -0.6835923020228705 -0.7298640726978364 0
    outer loop
      vertex -19.382539674441617 -19.382539674441617 5
      vertex -19.46373331678863 -19.306493529744486 0
      vertex -19.382539674441617 -19.382539674441617 0
    endloop
  endfacet
  facet normal -0.6343932841636315 -0.7730104533627484 0
    outer loop
      vertex -19.46373331678863 -19.306493529744486 0
      vertex -19.46373331678863 -19.306493529744486 5
      vertex -19.549726773143924 -19.23592052396365 0
    endloop
  endfacet
  facet normal -0.7730104533627484 -0.6343932841636315 -1.2259787905994329e-19
    outer loop
      vertex -19.306493529744486 -19.46373331678863 0
      vertex -19.23592052396365 -19.549726773143924 0
      vertex -19.23592052396365 -19.549726773143924 5
    endloop
  endfacet
  facet normal -0.7298640726978364 -0.6835923020228705 2.6872610859188097e-19
    outer loop
      vertex -19.382539674441617 -19.382539674441617 0
      vertex -19.306493529744486 -19.46373331678863 0
      vertex -19.306493529744486 -19.46373331678863 5
    endloop
  endfacet
  facet normal 0.8492021815265812 0.5280678506503641 0
    outer loop
      vertex -21.998119543373075 -21.529090598592074 0
      vertex -22.056864388892294 -21.43462120245875 5
      vertex -21.998119543373075 -21.529090598592074 5
    endloop
  endfacet
  facet normal 0.8819212643483482 0.4713967368260105 0
    outer loop
      vertex -22.056864388892294 -21.43462120245875 0
      vertex -22.10930486306432 -21.33651197583105 5
      vertex -22.056864388892294 -21.43462120245875 5
    endloop
  endfacet
  facet normal 0.9108638249211868 0.41270702980437046 0
    outer loop
      vertex -22.10930486306432 -21.33651197583105 0
      vertex -22.155216407727934 -21.235183037479402 5
      vertex -22.10930486306432 -21.33651197583105 5
    endloop
  endfacet
  facet normal 0.9359059267573187 0.3522500479212523 0
    outer loop
      vertex -22.155216407727934 -21.235183037479402 0
      vertex -22.19440242260043 -21.131068293474122 5
      vertex -22.155216407727934 -21.235183037479402 5
    endloop
  endfacet
  facet normal 0.5280678506503641 0.8492021815265812 0
    outer loop
      vertex -21.43462120245875 -22.056864388892294 0
      vertex -21.529090598592074 -21.998119543373075 5
      vertex -21.43462120245875 -22.056864388892294 5
    endloop
  endfacet
  facet normal 0.4713967368260105 0.8819212643483482 0
    outer loop
      vertex -21.33651197583105 -22.10930486306432 0
      vertex -21.43462120245875 -22.056864388892294 5
      vertex -21.33651197583105 -22.10930486306432 5
    endloop
  endfacet
  facet normal 0.41270702980437046 0.9108638249211868 0
    outer loop
      vertex -21.235183037479402 -22.155216407727934 0
      vertex -21.33651197583105 -22.10930486306432 5
      vertex -21.235183037479402 -22.155216407727934 5
    endloop
  endfacet
  facet normal 0.8128466845916097 0.5824776968678098 0
    outer loop
      vertex -21.933321880953848 -21.619515631773574 0
      vertex -21.998119543373075 -21.529090598592074 5
      vertex -21.933321880953848 -21.619515631773574 5
    endloop
  endfacet
  facet normal 0.7298640726978364 0.6835923020228705 0
    outer loop
      vertex -21.78670273047588 -21.78670273047588 0
      vertex -21.86274887517301 -21.705509088128867 5
      vertex -21.78670273047588 -21.78670273047588 5
    endloop
  endfacet
  facet normal 0.7730104533627484 0.6343932841636315 0
    outer loop
      vertex -21.86274887517301 -21.705509088128867 0
      vertex -21.933321880953848 -21.619515631773574 5
      vertex -21.86274887517301 -21.705509088128867 5
    endloop
  endfacet
  facet normal 0.6835923020228705 0.7298640726978364 0
    outer loop
      vertex -21.705509088128867 -21.86274887517301 0
      vertex -21.78670273047588 -21.78670273047588 5
      vertex -21.705509088128867 -21.86274887517301 5
    endloop
  endfacet
  facet normal 0.6343932841636315 0.7730104533627484 0
    outer loop
      vertex -21.619515631773574 -21.933321880953848 0
      vertex -21.705509088128867 -21.86274887517301 5
      vertex -21.619515631773574 -21.933321880953848 5
    endloop
  endfacet
  facet normal 0.5824776968678098 0.8128466845916097 0
    outer loop
      vertex -21.529090598592074 -21.998119543373075 0
      vertex -21.619515631773574 -21.933321880953848 5
      vertex -21.529090598592074 -21.998119543373075 5
    endloop
  endfacet
  facet normal 0.9569403357322127 0.2902846772544499 0
    outer loop
      vertex -22.19440242260043 -21.131068293474122 0
      vertex -22.226695107150164 -21.024613579133035 5
      vertex -22.19440242260043 -21.131068293474122 5
    endloop
  endfacet
  facet normal 0.9738769792773317 0.22707626303438147 0
    outer loop
      vertex -22.226695107150164 -21.024613579133035 0
      vertex -22.25195617914424 -20.916274749886167 5
      vertex -22.226695107150164 -21.024613579133035 5
    endloop
  endfacet
  facet normal 0.9866433320848789 0.16289547339458998 0
    outer loop
      vertex -22.25195617914424 -20.916274749886167 0
      vertex -22.270077466794227 -20.806515729232835 5
      vertex -22.25195617914424 -20.916274749886167 5
    endloop
  endfacet
  facet normal 0.9951847266721988 0.09801714032954162 0
    outer loop
      vertex -22.270077466794227 -20.806515729232835 0
      vertex -22.280981371964373 -20.695806522149994 5
      vertex -22.270077466794227 -20.806515729232835 5
    endloop
  endfacet
  facet normal 0.9994645874763654 0.03271908282178624 0
    outer loop
      vertex -22.280981371964373 -20.695806522149994 0
      vertex -22.284621202458748 -20.58462120245875 5
      vertex -22.280981371964373 -20.695806522149994 5
    endloop
  endfacet
  facet normal 0.9994645874763654 -0.03271908282178624 0
    outer loop
      vertex -22.284621202458748 -20.58462120245875 0
      vertex -22.280981371964373 -20.473435882767504 5
      vertex -22.284621202458748 -20.58462120245875 5
    endloop
  endfacet
  facet normal 0.9951847266721988 -0.09801714032954162 0
    outer loop
      vertex -22.280981371964373 -20.473435882767504 0
      vertex -22.270077466794227 -20.362726675684662 5
      vertex -22.280981371964373 -20.473435882767504 5
    endloop
  endfacet
  facet normal 0.9866433320848789 -0.16289547339458998 0
    outer loop
      vertex -22.270077466794227 -20.362726675684662 0
      vertex -22.25195617914424 -20.25296765503133 5
      vertex -22.270077466794227 -20.362726675684662 5
    endloop
  endfacet
  facet normal 0.9738769792773317 -0.22707626303438147 0
    outer loop
      vertex -22.25195617914424 -20.25296765503133 0
      vertex -22.226695107150164 -20.144628825784462 5
      vertex -22.25195617914424 -20.25296765503133 5
    endloop
  endfacet
  facet normal 0.9569403357322127 -0.2902846772544499 -1.5779365271703425e-19
    outer loop
      vertex -22.19440242260043 -20.038174111443375 5
      vertex -22.226695107150164 -20.144628825784462 5
      vertex -22.226695107150164 -20.144628825784462 0
    endloop
  endfacet
  facet normal 0.9359059267573187 -0.3522500479212523 -5.594712983871339e-19
    outer loop
      vertex -22.155216407727934 -19.934059367438095 5
      vertex -22.19440242260043 -20.038174111443375 5
      vertex -22.19440242260043 -20.038174111443375 0
    endloop
  endfacet
  facet normal 0.9108638249211868 -0.41270702980437046 0
    outer loop
      vertex -22.155216407727934 -19.934059367438095 0
      vertex -22.10930486306432 -19.832730429086446 5
      vertex -22.155216407727934 -19.934059367438095 5
    endloop
  endfacet
  facet normal 0.8819212643483482 -0.4713967368260105 0
    outer loop
      vertex -22.10930486306432 -19.832730429086446 0
      vertex -22.056864388892294 -19.734621202458747 5
      vertex -22.10930486306432 -19.832730429086446 5
    endloop
  endfacet
  facet normal 0.8492021815265812 -0.5280678506503641 0
    outer loop
      vertex -22.056864388892294 -19.734621202458747 0
      vertex -21.998119543373075 -19.640151806325424 5
      vertex -22.056864388892294 -19.734621202458747 5
    endloop
  endfacet
  facet normal 0.8128466845916097 -0.5824776968678098 0
    outer loop
      vertex -21.998119543373075 -19.640151806325424 0
      vertex -21.933321880953848 -19.549726773143924 5
      vertex -21.998119543373075 -19.640151806325424 5
    endloop
  endfacet
  facet normal 0.2902846772544499 0.9569403357322127 0
    outer loop
      vertex -21.024613579133035 -22.226695107150164 0
      vertex -21.131068293474122 -22.19440242260043 5
      vertex -21.024613579133035 -22.226695107150164 5
    endloop
  endfacet
  facet normal 0.3522500479212523 0.9359059267573187 0
    outer loop
      vertex -21.131068293474122 -22.19440242260043 0
      vertex -21.235183037479402 -22.155216407727934 5
      vertex -21.131068293474122 -22.19440242260043 5
    endloop
  endfacet
  facet normal 0.22707626303438147 0.9738769792773317 0
    outer loop
      vertex -20.916274749886167 -22.25195617914424 0
      vertex -21.024613579133035 -22.226695107150164 5
      vertex -20.916274749886167 -22.25195617914424 5
    endloop
  endfacet
  facet normal 0.16289547339458998 0.9866433320848789 0
    outer loop
      vertex -20.806515729232835 -22.270077466794227 0
      vertex -20.916274749886167 -22.25195617914424 5
      vertex -20.806515729232835 -22.270077466794227 5
    endloop
  endfacet
  facet normal 0.09801714032954162 0.9951847266721988 0
    outer loop
      vertex -20.695806522149994 -22.280981371964373 0
      vertex -20.806515729232835 -22.270077466794227 5
      vertex -20.695806522149994 -22.280981371964373 5
    endloop
  endfacet
  facet normal 0.03271908282178624 0.9994645874763654 0
    outer loop
      vertex -20.58462120245875 -22.284621202458748 0
      vertex -20.695806522149994 -22.280981371964373 5
      vertex -20.58462120245875 -22.284621202458748 5
    endloop
  endfacet
  facet normal -0.03271908282178624 0.9994645874763654 0
    outer loop
      vertex -20.473435882767504 -22.280981371964373 0
      vertex -20.58462120245875 -22.284621202458748 5
      vertex -20.473435882767504 -22.280981371964373 5
    endloop
  endfacet
  facet normal -0.09801714032954162 0.9951847266721988 0
    outer loop
      vertex -20.362726675684662 -22.270077466794227 0
      vertex -20.473435882767504 -22.280981371964373 5
      vertex -20.362726675684662 -22.270077466794227 5
    endloop
  endfacet
  facet normal -0.16289547339458998 0.9866433320848789 0
    outer loop
      vertex -20.25296765503133 -22.25195617914424 0
      vertex -20.362726675684662 -22.270077466794227 5
      vertex -20.25296765503133 -22.25195617914424 5
    endloop
  endfacet
  facet normal -0.22707626303438147 0.9738769792773317 0
    outer loop
      vertex -20.144628825784462 -22.226695107150164 0
      vertex -20.25296765503133 -22.25195617914424 5
      vertex -20.144628825784462 -22.226695107150164 5
    endloop
  endfacet
  facet normal -0.2902846772544499 0.9569403357322127 0
    outer loop
      vertex -20.038174111443375 -22.19440242260043 0
      vertex -20.144628825784462 -22.226695107150164 5
      vertex -20.038174111443375 -22.19440242260043 5
    endloop
  endfacet
  facet normal -0.3522500479212523 0.9359059267573187 0
    outer loop
      vertex -19.934059367438095 -22.155216407727934 0
      vertex -20.038174111443375 -22.19440242260043 5
      vertex -19.934059367438095 -22.155216407727934 5
    endloop
  endfacet
  facet normal -0.41270702980437046 0.9108638249211868 0
    outer loop
      vertex -19.832730429086446 -22.10930486306432 0
      vertex -19.934059367438095 -22.155216407727934 5
      vertex -19.832730429086446 -22.10930486306432 5
    endloop
  endfacet
  facet normal -0.4713967368260105 0.8819212643483482 0
    outer loop
      vertex -19.734621202458747 -22.056864388892294 0
      vertex -19.832730429086446 -22.10930486306432 5
      vertex -19.734621202458747 -22.056864388892294 5
    endloop
  endfacet
  facet normal -0.5280678506503641 0.8492021815265812 0
    outer loop
      vertex -19.640151806325424 -21.998119543373075 0
      vertex -19.734621202458747 -22.056864388892294 5
      vertex -19.640151806325424 -21.998119543373075 5
    endloop
  endfacet
  facet normal -0.5824776968678098 0.8128466845916097 0
    outer loop
      vertex -19.549726773143924 -21.933321880953848 0
      vertex -19.640151806325424 -21.998119543373075 5
      vertex -19.549726773143924 -21.933321880953848 5
    endloop
  endfacet
  facet normal 0.7730104533627484 -0.6343932841636315 0
    outer loop
      vertex -21.933321880953848 -19.549726773143924 0
      vertex -21.86274887517301 -19.46373331678863 5
      vertex -21.933321880953848 -19.549726773143924 5
    endloop
  endfacet
  facet normal 0.7298640726978364 -0.6835923020228705 0
    outer loop
      vertex -21.86274887517301 -19.46373331678863 0
      vertex -21.78670273047588 -19.382539674441617 5
      vertex -21.86274887517301 -19.46373331678863 5
    endloop
  endfacet
  facet normal 0.6835923020228705 -0.7298640726978364 0
    outer loop
      vertex -21.78670273047588 -19.382539674441617 0
      vertex -21.705509088128867 -19.306493529744486 5
      vertex -21.78670273047588 -19.382539674441617 5
    endloop
  endfacet
  facet normal 0.6343932841636315 -0.7730104533627484 0
    outer loop
      vertex -21.705509088128867 -19.306493529744486 0
      vertex -21.619515631773574 -19.23592052396365 5
      vertex -21.705509088128867 -19.306493529744486 5
    endloop
  endfacet
  facet normal 0.5824776968678098 -0.8128466845916097 0
    outer loop
      vertex -21.619515631773574 -19.23592052396365 0
      vertex -21.529090598592074 -19.171122861544422 5
      vertex -21.619515631773574 -19.23592052396365 5
    endloop
  endfacet
  facet normal 0.5280678506503641 -0.8492021815265812 0
    outer loop
      vertex -21.529090598592074 -19.171122861544422 0
      vertex -21.43462120245875 -19.112378016025204 5
      vertex -21.529090598592074 -19.171122861544422 5
    endloop
  endfacet
  facet normal 0.4713967368260105 -0.8819212643483482 0
    outer loop
      vertex -21.43462120245875 -19.112378016025204 0
      vertex -21.33651197583105 -19.059937541853177 5
      vertex -21.43462120245875 -19.112378016025204 5
    endloop
  endfacet
  facet normal 0.41270702980437046 -0.9108638249211868 0
    outer loop
      vertex -21.33651197583105 -19.059937541853177 0
      vertex -21.235183037479402 -19.014025997189563 5
      vertex -21.33651197583105 -19.059937541853177 5
    endloop
  endfacet
  facet normal 0.3522500479212523 -0.9359059267573187 0
    outer loop
      vertex -21.235183037479402 -19.014025997189563 0
      vertex -21.131068293474122 -18.974839982317068 5
      vertex -21.235183037479402 -19.014025997189563 5
    endloop
  endfacet
  facet normal 0.2902846772544499 -0.9569403357322127 0
    outer loop
      vertex -21.131068293474122 -18.974839982317068 0
      vertex -21.024613579133035 -18.942547297767334 5
      vertex -21.131068293474122 -18.974839982317068 5
    endloop
  endfacet
  facet normal 0.22707626303438147 -0.9738769792773317 0
    outer loop
      vertex -21.024613579133035 -18.942547297767334 0
      vertex -20.916274749886167 -18.917286225773257 5
      vertex -21.024613579133035 -18.942547297767334 5
    endloop
  endfacet
  facet normal 0.16289547339458998 -0.9866433320848789 0
    outer loop
      vertex -20.916274749886167 -18.917286225773257 0
      vertex -20.806515729232835 -18.89916493812327 5
      vertex -20.916274749886167 -18.917286225773257 5
    endloop
  endfacet
  facet normal 0.09801714032954162 -0.9951847266721988 0
    outer loop
      vertex -20.806515729232835 -18.89916493812327 0
      vertex -20.695806522149994 -18.888261032953125 5
      vertex -20.806515729232835 -18.89916493812327 5
    endloop
  endfacet
  facet normal 0.03271908282178624 -0.9994645874763654 0
    outer loop
      vertex -20.695806522149994 -18.888261032953125 0
      vertex -20.58462120245875 -18.88462120245875 5
      vertex -20.695806522149994 -18.888261032953125 5
    endloop
  endfacet
  facet normal -0.03271908282178624 -0.9994645874763654 0
    outer loop
      vertex -20.58462120245875 -18.88462120245875 0
      vertex -20.473435882767504 -18.888261032953125 5
      vertex -20.58462120245875 -18.88462120245875 5
    endloop
  endfacet
  facet normal -0.09801714032954162 -0.9951847266721988 0
    outer loop
      vertex -20.473435882767504 -18.888261032953125 0
      vertex -20.362726675684662 -18.89916493812327 5
      vertex -20.473435882767504 -18.888261032953125 5
    endloop
  endfacet
  facet normal -0.16289547339458998 -0.9866433320848789 0
    outer loop
      vertex -20.362726675684662 -18.89916493812327 0
      vertex -20.25296765503133 -18.917286225773257 5
      vertex -20.362726675684662 -18.89916493812327 5
    endloop
  endfacet
  facet normal -0.22707626303438147 -0.9738769792773317 0
    outer loop
      vertex -20.25296765503133 -18.917286225773257 0
      vertex -20.144628825784462 -18.942547297767334 5
      vertex -20.25296765503133 -18.917286225773257 5
    endloop
  endfacet
  facet normal -0.2902846772544499 -0.9569403357322127 0
    outer loop
      vertex -20.144628825784462 -18.942547297767334 0
      vertex -20.038174111443375 -18.974839982317068 5
      vertex -20.144628825784462 -18.942547297767334 5
    endloop
  endfacet
  facet normal -0.3522500479212523 -0.9359059267573187 0
    outer loop
      vertex -20.038174111443375 -18.974839982317068 0
      vertex -19.934059367438095 -19.014025997189563 5
      vertex -20.038174111443375 -18.974839982317068 5
    endloop
  endfacet
  facet normal -0.5824776968678098 -0.8128466845916097 0
    outer loop
      vertex -19.640151806325424 -19.171122861544422 0
      vertex -19.549726773143924 -19.23592052396365 5
      vertex -19.640151806325424 -19.171122861544422 5
    endloop
  endfacet
  facet normal -0.41270702980437046 -0.9108638249211868 0
    outer loop
      vertex -19.934059367438095 -19.014025997189563 0
      vertex -19.832730429086446 -19.059937541853177 5
      vertex -19.934059367438095 -19.014025997189563 5
    endloop
  endfacet
  facet normal -0.4713967368260105 -0.8819212643483482 0
    outer loop
      vertex -19.832730429086446 -19.059937541853177 0
      vertex -19.734621202458747 -19.112378016025204 5
      vertex -19.832730429086446 -19.059937541853177 5
    endloop
  endfacet
  facet normal -0.5280678506503641 -0.8492021815265812 0
    outer loop
      vertex -19.734621202458747 -19.112378016025204 0
      vertex -19.640151806325424 -19.171122861544422 5
      vertex -19.734621202458747 -19.112378016025204 5
    endloop
  endfacet
  facet normal -0.6343932841636315 0.7730104533627484 0
    outer loop
      vertex -19.46373331678863 -21.86274887517301 0
      vertex -19.549726773143924 -21.933321880953848 5
      vertex -19.46373331678863 -21.86274887517301 5
    endloop
  endfacet
  facet normal -0.6835923020228705 0.7298640726978364 0
    outer loop
      vertex -19.382539674441617 -21.78670273047588 0
      vertex -19.46373331678863 -21.86274887517301 5
      vertex -19.382539674441617 -21.78670273047588 5
    endloop
  endfacet
  facet normal -0.7298640726978364 0.6835923020228705 0
    outer loop
      vertex -19.306493529744486 -21.705509088128867 0
      vertex -19.382539674441617 -21.78670273047588 5
      vertex -19.306493529744486 -21.705509088128867 5
    endloop
  endfacet
  facet normal -0.7730104533627484 0.6343932841636315 0
    outer loop
      vertex -19.23592052396365 -21.619515631773574 0
      vertex -19.306493529744486 -21.705509088128867 5
      vertex -19.23592052396365 -21.619515631773574 5
    endloop
  endfacet
  facet normal -0.8128466845916097 0.5824776968678098 0
    outer loop
      vertex -19.171122861544422 -21.529090598592074 0
      vertex -19.23592052396365 -21.619515631773574 5
      vertex -19.171122861544422 -21.529090598592074 5
    endloop
  endfacet
  facet normal -0.8492021815265812 0.5280678506503641 0
    outer loop
      vertex -19.112378016025204 -21.43462120245875 0
      vertex -19.171122861544422 -21.529090598592074 5
      vertex -19.112378016025204 -21.43462120245875 5
    endloop
  endfacet
  facet normal -0.8819212643483482 0.4713967368260105 0
    outer loop
      vertex -19.059937541853177 -21.33651197583105 0
      vertex -19.112378016025204 -21.43462120245875 5
      vertex -19.059937541853177 -21.33651197583105 5
    endloop
  endfacet
  facet normal -0.9108638249211868 0.41270702980437046 0
    outer loop
      vertex -19.014025997189563 -21.235183037479402 0
      vertex -19.059937541853177 -21.33651197583105 5
      vertex -19.014025997189563 -21.235183037479402 5
    endloop
  endfacet
  facet normal -0.9359059267573187 0.3522500479212523 0
    outer loop
      vertex -18.974839982317068 -21.131068293474122 0
      vertex -19.014025997189563 -21.235183037479402 5
      vertex -18.974839982317068 -21.131068293474122 5
    endloop
  endfacet
  facet normal -0.9569403357322127 0.2902846772544499 0
    outer loop
      vertex -18.942547297767334 -21.024613579133035 0
      vertex -18.974839982317068 -21.131068293474122 5
      vertex -18.942547297767334 -21.024613579133035 5
    endloop
  endfacet
  facet normal -0.9738769792773317 0.22707626303438147 0
    outer loop
      vertex -18.917286225773257 -20.916274749886167 0
      vertex -18.942547297767334 -21.024613579133035 5
      vertex -18.917286225773257 -20.916274749886167 5
    endloop
  endfacet
  facet normal -0.9866433320848789 0.16289547339458998 0
    outer loop
      vertex -18.89916493812327 -20.806515729232835 0
      vertex -18.917286225773257 -20.916274749886167 5
      vertex -18.89916493812327 -20.806515729232835 5
    endloop
  endfacet
  facet normal -0.9951847266721988 0.09801714032954162 0
    outer loop
      vertex -18.888261032953125 -20.695806522149994 0
      vertex -18.89916493812327 -20.806515729232835 5
      vertex -18.888261032953125 -20.695806522149994 5
    endloop
  endfacet
  facet normal -0.9994645874763654 0.03271908282178624 0
    outer loop
      vertex -18.88462120245875 -20.58462120245875 0
      vertex -18.888261032953125 -20.695806522149994 5
      vertex -18.88462120245875 -20.58462120245875 5
    endloop
  endfacet
  facet normal -0.9994645874763654 -0.03271908282178624 0
    outer loop
      vertex -18.888261032953125 -20.473435882767504 0
      vertex -18.88462120245875 -20.58462120245875 5
      vertex -18.888261032953125 -20.473435882767504 5
    endloop
  endfacet
  facet normal -0.9951847266721988 -0.09801714032954162 0
    outer loop
      vertex -18.89916493812327 -20.362726675684662 0
      vertex -18.888261032953125 -20.473435882767504 5
      vertex -18.89916493812327 -20.362726675684662 5
    endloop
  endfacet
  facet normal -0.8492021815265812 -0.5280678506503641 0
    outer loop
      vertex -19.171122861544422 -19.640151806325424 0
      vertex -19.112378016025204 -19.734621202458747 5
      vertex -19.171122861544422 -19.640151806325424 5
    endloop
  endfacet
  facet normal -0.8128466845916097 -0.5824776968678098 0
    outer loop
      vertex -19.23592052396365 -19.549726773143924 0
      vertex -19.171122861544422 -19.640151806325424 5
      vertex -19.23592052396365 -19.549726773143924 5
    endloop
  endfacet
  facet normal -0.9569403357322127 -0.2902846772544499 0
    outer loop
      vertex -18.974839982317068 -20.038174111443375 0
      vertex -18.942547297767334 -20.144628825784462 5
      vertex -18.974839982317068 -20.038174111443375 5
    endloop
  endfacet
  facet normal -0.9359059267573187 -0.3522500479212523 0
    outer loop
      vertex -19.014025997189563 -19.934059367438095 0
      vertex -18.974839982317068 -20.038174111443375 5
      vertex -19.014025997189563 -19.934059367438095 5
    endloop
  endfacet
  facet normal -0.9866433320848789 -0.16289547339458998 0
    outer loop
      vertex -18.917286225773257 -20.25296765503133 0
      vertex -18.89916493812327 -20.362726675684662 5
      vertex -18.917286225773257 -20.25296765503133 5
    endloop
  endfacet
  facet normal -0.9738769792773317 -0.22707626303438147 0
    outer loop
      vertex -18.942547297767334 -20.144628825784462 0
      vertex -18.917286225773257 -20.25296765503133 5
      vertex -18.942547297767334 -20.144628825784462 5
    endloop
  endfacet
  facet normal -0.9108638249211868 -0.41270702980437046 0
    outer loop
      vertex -19.059937541853177 -19.832730429086446 0
      vertex -19.014025997189563 -19.934059367438095 5
      vertex -19.059937541853177 -19.832730429086446 5
    endloop
  endfacet
  facet normal -0.8819212643483482 -0.4713967368260105 0
    outer loop
      vertex -19.112378016025204 -19.734621202458747 0
      vertex -19.059937541853177 -19.832730429086446 5
      vertex -19.112378016025204 -19.734621202458747 5
    endloop
  endfacet
  facet normal -0.7298640726978364 -0.6835923020228705 0
    outer loop
      vertex -19.382539674441617 -19.382539674441617 0
      vertex -19.306493529744486 -19.46373331678863 5
      vertex -19.382539674441617 -19.382539674441617 5
    endloop
  endfacet
  facet normal -0.6343932841636315 -0.7730104533627484 0
    outer loop
      vertex -19.549726773143924 -19.23592052396365 0
      vertex -19.46373331678863 -19.306493529744486 5
      vertex -19.549726773143924 -19.23592052396365 5
    endloop
  endfacet
  facet normal -0.6835923020228705 -0.7298640726978364 0
    outer loop
      vertex -19.46373331678863 -19.306493529744486 0
      vertex -19.382539674441617 -19.382539674441617 5
      vertex -19.46373331678863 -19.306493529744486 5
    endloop
  endfacet
  facet normal -0.7730104533627484 -0.6343932841636315 0
    outer loop
      vertex -19.306493529744486 -19.46373331678863 0
      vertex -19.23592052396365 -19.549726773143924 5
      vertex -19.306493529744486 -19.46373331678863 5
    endloop
  endfacet
endsolid OpenSCAD_Model
