solid OpenSCAD_Model
  facet normal 0 0 -1
    outer loop
      vertex -100 -55 -8
      vertex -100 55 -8
      vertex -97.3 -52.3 -8
    endloop
  endfacet
  facet normal 0 0 -1
    outer loop
      vertex -100 -55 -8
      vertex -97.3 -52.3 -8
      vertex 97.3 -52.3 -8
    endloop
  endfacet
  facet normal -1 0 0
    outer loop
      vertex -100 -55 -8
      vertex -100 -55 3
      vertex -100 55 3
    endloop
  endfacet
  facet normal 0 -1 0
    outer loop
      vertex -100 -55 -8
      vertex 100 -55 3
      vertex -100 -55 3
    endloop
  endfacet
  facet normal 0 0 -1
    outer loop
      vertex -97.3 -52.3 -8
      vertex -100 55 -8
      vertex -97.3 52.3 -8
    endloop
  endfacet
  facet normal -1 0 0
    outer loop
      vertex -100 -55 -8
      vertex -100 55 3
      vertex -100 55 -8
    endloop
  endfacet
  facet normal 0 0 -1
    outer loop
      vertex -97.3 52.3 -8
      vertex -100 55 -8
      vertex 100 55 -8
    endloop
  endfacet
  facet normal 0 1 0
    outer loop
      vertex -100 55 -8
      vertex -100 55 3
      vertex 100 55 -8
    endloop
  endfacet
  facet normal 0 0 -1
    outer loop
      vertex -100 -55 -8
      vertex 97.3 -52.3 -8
      vertex 100 -55 -8
    endloop
  endfacet
  facet normal 0 -1 0
    outer loop
      vertex -100 -55 -8
      vertex 100 -55 -8
      vertex 100 -55 3
    endloop
  endfacet
  facet normal 0 0 -1
    outer loop
      vertex 100 -55 -8
      vertex 97.3 -52.3 -8
      vertex 97.3 52.3 -8
    endloop
  endfacet
  facet normal 1 0 0
    outer loop
      vertex 100 -55 -8
      vertex 100 55 -8
      vertex 100 -55 3
    endloop
  endfacet
  facet normal 0 0 -1
    outer loop
      vertex -97.3 52.3 -8
      vertex 100 55 -8
      vertex 97.3 52.3 -8
    endloop
  endfacet
  facet normal 0 0 -1
    outer loop
      vertex 100 -55 -8
      vertex 97.3 52.3 -8
      vertex 100 55 -8
    endloop
  endfacet
  facet normal 0 1 0
    outer loop
      vertex -100 55 3
      vertex 100 55 3
      vertex 100 55 -8
    endloop
  endfacet
  facet normal 1 0 0
    outer loop
      vertex 100 -55 3
      vertex 100 55 -8
      vertex 100 55 3
    endloop
  endfacet
  facet normal 1 0 0
    outer loop
      vertex -97.3 -52.3 -8
      vertex -97.3 52.3 0
      vertex -97.3 -52.3 0
    endloop
  endfacet
  facet normal 0 1 0
    outer loop
      vertex -97.3 -52.3 -8
      vertex -97.3 -52.3 0
      vertex 97.3 -52.3 -8
    endloop
  endfacet
  facet normal 1 0 0
    outer loop
      vertex -97.3 -52.3 -8
      vertex -97.3 52.3 -8
      vertex -97.3 52.3 0
    endloop
  endfacet
  facet normal 0 -1 0
    outer loop
      vertex -97.3 52.3 -8
      vertex 97.3 52.3 0
      vertex -97.3 52.3 0
    endloop
  endfacet
  facet normal 0 1 0
    outer loop
      vertex -97.3 -52.3 0
      vertex 97.3 -52.3 0
      vertex 97.3 -52.3 -8
    endloop
  endfacet
  facet normal -1 0 0
    outer loop
      vertex 97.3 -52.3 -8
      vertex 97.3 -52.3 0
      vertex 97.3 52.3 -8
    endloop
  endfacet
  facet normal 0 -1 0
    outer loop
      vertex -97.3 52.3 -8
      vertex 97.3 52.3 -8
      vertex 97.3 52.3 0
    endloop
  endfacet
  facet normal -1 0 0
    outer loop
      vertex 97.3 -52.3 0
      vertex 97.3 52.3 0
      vertex 97.3 52.3 -8
    endloop
  endfacet
  facet normal 0 0 -1
    outer loop
      vertex -97.3 -52.3 0
      vertex -91.07846858307819 -46.314117770716656 0
      vertex -90.94446939613333 -46.41349834091433 0
    endloop
  endfacet
  facet normal 0 0 -1
    outer loop
      vertex -97.3 -52.3 0
      vertex -90.94446939613333 -46.41349834091433 0
      vertex -90.8013744526042 -46.499266149392206 0
    endloop
  endfacet
  facet normal 0 0 -1
    outer loop
      vertex -97.3 -52.3 0
      vertex -91.20208152801713 -46.20208152801713 0
      vertex -91.07846858307819 -46.314117770716656 0
    endloop
  endfacet
  facet normal 0 0 -1
    outer loop
      vertex -97.3 -52.3 0
      vertex -91.31411777071665 -46.0784685830782 0
      vertex -91.20208152801713 -46.20208152801713 0
    endloop
  endfacet
  facet normal 0 0 -1
    outer loop
      vertex -97.3 -52.3 0
      vertex -90.16662913856025 -46.69181403534274 0
      vertex -90 -46.7 0
    endloop
  endfacet
  facet normal 0 0 -1
    outer loop
      vertex -97.3 -52.3 0
      vertex -90 -46.7 0
      vertex -89.83337086143975 -46.69181403534274 0
    endloop
  endfacet
  facet normal 0 0 -1
    outer loop
      vertex -97.3 -52.3 0
      vertex -90.8013744526042 -46.499266149392206 0
      vertex -90.65056183502065 -46.570595205269186 0
    endloop
  endfacet
  facet normal 0 0 -1
    outer loop
      vertex -97.3 -52.3 0
      vertex -90.65056183502065 -46.570595205269186 0
      vertex -90.49348395133259 -46.626798570744754 0
    endloop
  endfacet
  facet normal 0 0 -1
    outer loop
      vertex -97.3 -52.3 0
      vertex -90.49348395133259 -46.626798570744754 0
      vertex -90.33165354742742 -46.66733497668549 0
    endloop
  endfacet
  facet normal 0 0 -1
    outer loop
      vertex -97.3 -52.3 0
      vertex -90.33165354742742 -46.66733497668549 0
      vertex -90.16662913856025 -46.69181403534274 0
    endloop
  endfacet
  facet normal 0 0 -1
    outer loop
      vertex -97.3 -52.3 0
      vertex -89.83337086143975 -46.69181403534274 0
      vertex -89.66834645257258 -46.66733497668549 0
    endloop
  endfacet
  facet normal 0 0 -1
    outer loop
      vertex -97.3 -52.3 0
      vertex -89.66834645257258 -46.66733497668549 0
      vertex -89.50651604866741 -46.626798570744754 0
    endloop
  endfacet
  facet normal 0 0 -1
    outer loop
      vertex -97.3 -52.3 0
      vertex -89.50651604866741 -46.626798570744754 0
      vertex -89.34943816497935 -46.570595205269186 0
    endloop
  endfacet
  facet normal 0 0 -1
    outer loop
      vertex -97.3 -52.3 0
      vertex -89.34943816497935 -46.570595205269186 0
      vertex -89.1986255473958 -46.499266149392206 0
    endloop
  endfacet
  facet normal 0 0 -1
    outer loop
      vertex -97.3 -52.3 0
      vertex -91.57059520526919 -45.65056183502065 0
      vertex -91.4992661493922 -45.80137445260419 0
    endloop
  endfacet
  facet normal 0 0 -1
    outer loop
      vertex -97.3 -52.3 0
      vertex -91.4992661493922 -45.80137445260419 0
      vertex -91.41349834091433 -45.94446939613332 0
    endloop
  endfacet
  facet normal 0 0 -1
    outer loop
      vertex -97.3 -52.3 0
      vertex -91.62679857074475 -45.493483951332585 0
      vertex -91.57059520526919 -45.65056183502065 0
    endloop
  endfacet
  facet normal 0 0 -1
    outer loop
      vertex -97.3 -52.3 0
      vertex -91.6673349766855 -45.331653547427415 0
      vertex -91.62679857074475 -45.493483951332585 0
    endloop
  endfacet
  facet normal 0 0 -1
    outer loop
      vertex -97.3 -52.3 0
      vertex -91.41349834091433 -45.94446939613332 0
      vertex -91.31411777071665 -46.0784685830782 0
    endloop
  endfacet
  facet normal 0 0 -1
    outer loop
      vertex -97.3 -52.3 0
      vertex -91.7 -45 0
      vertex -91.69181403534273 -45.16662913856025 0
    endloop
  endfacet
  facet normal 0 0 -1
    outer loop
      vertex -97.3 -52.3 0
      vertex -91.69181403534273 -45.16662913856025 0
      vertex -91.6673349766855 -45.331653547427415 0
    endloop
  endfacet
  facet normal 0 0 1
    outer loop
      vertex -100 -55 3
      vertex -91.20208152801713 -46.20208152801713 3
      vertex -91.31411777071665 -46.0784685830782 3
    endloop
  endfacet
  facet normal 0 0 1
    outer loop
      vertex -100 -55 3
      vertex -91.31411777071665 -46.0784685830782 3
      vertex -91.41349834091433 -45.94446939613332 3
    endloop
  endfacet
  facet normal 0 0 1
    outer loop
      vertex -100 -55 3
      vertex -90.94446939613333 -46.41349834091433 3
      vertex -91.07846858307819 -46.314117770716656 3
    endloop
  endfacet
  facet normal 0 0 1
    outer loop
      vertex -100 -55 3
      vertex -90.65056183502065 -46.570595205269186 3
      vertex -90.8013744526042 -46.499266149392206 3
    endloop
  endfacet
  facet normal 0 0 1
    outer loop
      vertex -100 -55 3
      vertex -90.8013744526042 -46.499266149392206 3
      vertex -90.94446939613333 -46.41349834091433 3
    endloop
  endfacet
  facet normal 0 0 1
    outer loop
      vertex -100 -55 3
      vertex -91.07846858307819 -46.314117770716656 3
      vertex -91.20208152801713 -46.20208152801713 3
    endloop
  endfacet
  facet normal 0 0 1
    outer loop
      vertex -100 -55 3
      vertex -91.4992661493922 -45.80137445260419 3
      vertex -91.57059520526919 -45.65056183502065 3
    endloop
  endfacet
  facet normal 0 0 1
    outer loop
      vertex -100 -55 3
      vertex -91.41349834091433 -45.94446939613332 3
      vertex -91.4992661493922 -45.80137445260419 3
    endloop
  endfacet
  facet normal 0 0 1
    outer loop
      vertex -100 -55 3
      vertex -91.57059520526919 -45.65056183502065 3
      vertex -91.62679857074475 -45.493483951332585 3
    endloop
  endfacet
  facet normal 0 0 1
    outer loop
      vertex -100 -55 3
      vertex -91.62679857074475 -45.493483951332585 3
      vertex -91.6673349766855 -45.331653547427415 3
    endloop
  endfacet
  facet normal 0 0 1
    outer loop
      vertex -100 -55 3
      vertex -91.6673349766855 -45.331653547427415 3
      vertex -91.69181403534273 -45.16662913856025 3
    endloop
  endfacet
  facet normal 0 0 1
    outer loop
      vertex -100 -55 3
      vertex -90.33165354742742 -46.66733497668549 3
      vertex -90.49348395133259 -46.626798570744754 3
    endloop
  endfacet
  facet normal 0 0 1
    outer loop
      vertex -100 -55 3
      vertex -90 -46.7 3
      vertex -90.16662913856025 -46.69181403534274 3
    endloop
  endfacet
  facet normal 0 0 1
    outer loop
      vertex -100 -55 3
      vertex -90.16662913856025 -46.69181403534274 3
      vertex -90.33165354742742 -46.66733497668549 3
    endloop
  endfacet
  facet normal 0 0 1
    outer loop
      vertex -100 -55 3
      vertex -89.66834645257258 -46.66733497668549 3
      vertex -89.83337086143975 -46.69181403534274 3
    endloop
  endfacet
  facet normal 0 0 1
    outer loop
      vertex -100 -55 3
      vertex -89.83337086143975 -46.69181403534274 3
      vertex -90 -46.7 3
    endloop
  endfacet
  facet normal 0 0 1
    outer loop
      vertex -100 -55 3
      vertex -89.50651604866741 -46.626798570744754 3
      vertex -89.66834645257258 -46.66733497668549 3
    endloop
  endfacet
  facet normal 0 0 1
    outer loop
      vertex -100 -55 3
      vertex -90.49348395133259 -46.626798570744754 3
      vertex -90.65056183502065 -46.570595205269186 3
    endloop
  endfacet
  facet normal 0 0 1
    outer loop
      vertex -100 -55 3
      vertex -89.1986255473958 -46.499266149392206 3
      vertex -89.34943816497935 -46.570595205269186 3
    endloop
  endfacet
  facet normal 0 0 1
    outer loop
      vertex -100 -55 3
      vertex -89.34943816497935 -46.570595205269186 3
      vertex -89.50651604866741 -46.626798570744754 3
    endloop
  endfacet
  facet normal 0 0 1
    outer loop
      vertex -100 -55 3
      vertex -88.92153141692181 -46.314117770716656 3
      vertex -89.05553060386667 -46.41349834091433 3
    endloop
  endfacet
  facet normal 0 0 1
    outer loop
      vertex -100 -55 3
      vertex -89.05553060386667 -46.41349834091433 3
      vertex -89.1986255473958 -46.499266149392206 3
    endloop
  endfacet
  facet normal 0 0 -1
    outer loop
      vertex -97.3 -52.3 0
      vertex -97.3 52.3 0
      vertex -91.7 -45 0
    endloop
  endfacet
  facet normal 0 0 -1
    outer loop
      vertex -91.7 -45 0
      vertex -91.69181403534273 44.83337086143975 0
      vertex -91.69181403534273 -44.83337086143975 0
    endloop
  endfacet
  facet normal 0 0 -1
    outer loop
      vertex -91.69181403534273 -44.83337086143975 0
      vertex -91.6673349766855 44.668346452572585 0
      vertex -91.6673349766855 -44.668346452572585 0
    endloop
  endfacet
  facet normal 0 0 -1
    outer loop
      vertex -91.6673349766855 -44.668346452572585 0
      vertex -91.62679857074475 44.506516048667415 0
      vertex -91.62679857074475 -44.506516048667415 0
    endloop
  endfacet
  facet normal 0 0 -1
    outer loop
      vertex -91.62679857074475 -44.506516048667415 0
      vertex -91.57059520526919 44.34943816497935 0
      vertex -91.57059520526919 -44.34943816497935 0
    endloop
  endfacet
  facet normal 0 0 -1
    outer loop
      vertex -91.57059520526919 -44.34943816497935 0
      vertex -91.4992661493922 44.19862554739581 0
      vertex -91.4992661493922 -44.19862554739581 0
    endloop
  endfacet
  facet normal 0 0 -1
    outer loop
      vertex -91.4992661493922 -44.19862554739581 0
      vertex -91.41349834091433 44.05553060386668 0
      vertex -91.41349834091433 -44.05553060386668 0
    endloop
  endfacet
  facet normal 0 0 -1
    outer loop
      vertex -91.41349834091433 -44.05553060386668 0
      vertex -91.31411777071665 43.9215314169218 0
      vertex -91.31411777071665 -43.9215314169218 0
    endloop
  endfacet
  facet normal 0 0 -1
    outer loop
      vertex -91.31411777071665 -43.9215314169218 0
      vertex -91.20208152801713 43.79791847198287 0
      vertex -91.20208152801713 -43.79791847198287 0
    endloop
  endfacet
  facet normal 0 0 -1
    outer loop
      vertex -91.07846858307819 -43.685882229283344 0
      vertex -91.20208152801713 -43.79791847198287 0
      vertex -91.07846858307819 43.685882229283344 0
    endloop
  endfacet
  facet normal 0 0 -1
    outer loop
      vertex -90.94446939613333 -43.58650165908567 0
      vertex -91.07846858307819 -43.685882229283344 0
      vertex -90.94446939613333 43.58650165908567 0
    endloop
  endfacet
  facet normal 0 0 -1
    outer loop
      vertex -90.8013744526042 -43.500733850607794 0
      vertex -90.94446939613333 -43.58650165908567 0
      vertex -90.8013744526042 43.500733850607794 0
    endloop
  endfacet
  facet normal 0 0 -1
    outer loop
      vertex -90.65056183502065 -43.429404794730814 0
      vertex -90.8013744526042 -43.500733850607794 0
      vertex -90.65056183502065 43.429404794730814 0
    endloop
  endfacet
  facet normal 0 0 -1
    outer loop
      vertex -90.49348395133259 -43.373201429255246 0
      vertex -90.65056183502065 -43.429404794730814 0
      vertex -90.49348395133259 43.373201429255246 0
    endloop
  endfacet
  facet normal 0 0 -1
    outer loop
      vertex -90.33165354742742 -43.33266502331451 0
      vertex -90.49348395133259 -43.373201429255246 0
      vertex -90.33165354742742 43.33266502331451 0
    endloop
  endfacet
  facet normal 0 0 -1
    outer loop
      vertex -90.16662913856025 -43.30818596465726 0
      vertex -90.33165354742742 -43.33266502331451 0
      vertex -90.16662913856025 43.30818596465726 0
    endloop
  endfacet
  facet normal 0 0 -1
    outer loop
      vertex -90 -43.3 0
      vertex -90.16662913856025 -43.30818596465726 0
      vertex -90 43.3 0
    endloop
  endfacet
  facet normal 0 0 -1
    outer loop
      vertex -89.83337086143975 -43.30818596465726 0
      vertex -90 -43.3 0
      vertex -89.83337086143975 43.30818596465726 0
    endloop
  endfacet
  facet normal 0 0 -1
    outer loop
      vertex -89.66834645257258 -43.33266502331451 0
      vertex -89.83337086143975 -43.30818596465726 0
      vertex -89.66834645257258 43.33266502331451 0
    endloop
  endfacet
  facet normal 0 0 -1
    outer loop
      vertex -89.50651604866741 -43.373201429255246 0
      vertex -89.66834645257258 -43.33266502331451 0
      vertex -89.50651604866741 43.373201429255246 0
    endloop
  endfacet
  facet normal 0 0 -1
    outer loop
      vertex -89.34943816497935 -43.429404794730814 0
      vertex -89.50651604866741 -43.373201429255246 0
      vertex -89.34943816497935 43.429404794730814 0
    endloop
  endfacet
  facet normal 0 0 -1
    outer loop
      vertex -89.1986255473958 -43.500733850607794 0
      vertex -89.34943816497935 -43.429404794730814 0
      vertex -89.1986255473958 43.500733850607794 0
    endloop
  endfacet
  facet normal 0 0 -1
    outer loop
      vertex -89.05553060386667 -43.58650165908567 0
      vertex -89.1986255473958 -43.500733850607794 0
      vertex -89.05553060386667 43.58650165908567 0
    endloop
  endfacet
  facet normal 0 0 -1
    outer loop
      vertex -88.92153141692181 -43.685882229283344 0
      vertex -89.05553060386667 -43.58650165908567 0
      vertex -88.92153141692181 43.685882229283344 0
    endloop
  endfacet
  facet normal 0 0 -1
    outer loop
      vertex -88.79791847198287 -43.79791847198287 0
      vertex -88.92153141692181 -43.685882229283344 0
      vertex -88.79791847198287 43.79791847198287 0
    endloop
  endfacet
  facet normal 0 0 -1
    outer loop
      vertex -88.79791847198287 -43.79791847198287 0
      vertex -88.68588222928335 43.9215314169218 0
      vertex -88.68588222928335 -43.9215314169218 0
    endloop
  endfacet
  facet normal 0 0 1
    outer loop
      vertex -100 -55 3
      vertex -91.69181403534273 -45.16662913856025 3
      vertex -100 55 3
    endloop
  endfacet
  facet normal 0 0 1
    outer loop
      vertex -91.07846858307819 -43.685882229283344 3
      vertex -90.94446939613333 -43.58650165908567 3
      vertex -91.07846858307819 43.685882229283344 3
    endloop
  endfacet
  facet normal 0 0 1
    outer loop
      vertex -91.20208152801713 -43.79791847198287 3
      vertex -91.07846858307819 -43.685882229283344 3
      vertex -91.20208152801713 43.79791847198287 3
    endloop
  endfacet
  facet normal 0 0 1
    outer loop
      vertex -90.94446939613333 -43.58650165908567 3
      vertex -90.8013744526042 -43.500733850607794 3
      vertex -90.94446939613333 43.58650165908567 3
    endloop
  endfacet
  facet normal 0 0 1
    outer loop
      vertex -90.8013744526042 -43.500733850607794 3
      vertex -90.65056183502065 -43.429404794730814 3
      vertex -90.8013744526042 43.500733850607794 3
    endloop
  endfacet
  facet normal 0 0 1
    outer loop
      vertex -90.49348395133259 -43.373201429255246 3
      vertex -90.33165354742742 -43.33266502331451 3
      vertex -90.49348395133259 43.373201429255246 3
    endloop
  endfacet
  facet normal 0 0 1
    outer loop
      vertex -90.65056183502065 -43.429404794730814 3
      vertex -90.49348395133259 -43.373201429255246 3
      vertex -90.65056183502065 43.429404794730814 3
    endloop
  endfacet
  facet normal 0 0 1
    outer loop
      vertex -90.33165354742742 -43.33266502331451 3
      vertex -90.16662913856025 -43.30818596465726 3
      vertex -90.33165354742742 43.33266502331451 3
    endloop
  endfacet
  facet normal 0 0 1
    outer loop
      vertex -90.16662913856025 -43.30818596465726 3
      vertex -90 -43.3 3
      vertex -90.16662913856025 43.30818596465726 3
    endloop
  endfacet
  facet normal 0 0 1
    outer loop
      vertex -90 -43.3 3
      vertex -89.83337086143975 -43.30818596465726 3
      vertex -90 43.3 3
    endloop
  endfacet
  facet normal 0 0 1
    outer loop
      vertex -89.83337086143975 -43.30818596465726 3
      vertex -89.66834645257258 -43.33266502331451 3
      vertex -89.83337086143975 43.30818596465726 3
    endloop
  endfacet
  facet normal 0 0 1
    outer loop
      vertex -89.50651604866741 -43.373201429255246 3
      vertex -89.34943816497935 -43.429404794730814 3
      vertex -89.50651604866741 43.373201429255246 3
    endloop
  endfacet
  facet normal 0 0 1
    outer loop
      vertex -89.66834645257258 -43.33266502331451 3
      vertex -89.50651604866741 -43.373201429255246 3
      vertex -89.66834645257258 43.33266502331451 3
    endloop
  endfacet
  facet normal 0 0 1
    outer loop
      vertex -89.34943816497935 -43.429404794730814 3
      vertex -89.1986255473958 -43.500733850607794 3
      vertex -89.34943816497935 43.429404794730814 3
    endloop
  endfacet
  facet normal 0 0 1
    outer loop
      vertex -89.1986255473958 -43.500733850607794 3
      vertex -89.05553060386667 -43.58650165908567 3
      vertex -89.1986255473958 43.500733850607794 3
    endloop
  endfacet
  facet normal 0 0 1
    outer loop
      vertex -88.68588222928335 -43.9215314169218 3
      vertex -88.79791847198287 43.79791847198287 3
      vertex -88.79791847198287 -43.79791847198287 3
    endloop
  endfacet
  facet normal 0 0 1
    outer loop
      vertex -88.3 -45 3
      vertex -88.30818596465727 44.83337086143975 3
      vertex -88.30818596465727 -44.83337086143975 3
    endloop
  endfacet
  facet normal 0 0 1
    outer loop
      vertex -88.30818596465727 -44.83337086143975 3
      vertex -88.3326650233145 44.668346452572585 3
      vertex -88.3326650233145 -44.668346452572585 3
    endloop
  endfacet
  facet normal 0 0 1
    outer loop
      vertex -88.3326650233145 -44.668346452572585 3
      vertex -88.37320142925525 44.506516048667415 3
      vertex -88.37320142925525 -44.506516048667415 3
    endloop
  endfacet
  facet normal 0 0 1
    outer loop
      vertex -88.37320142925525 -44.506516048667415 3
      vertex -88.42940479473081 44.34943816497935 3
      vertex -88.42940479473081 -44.34943816497935 3
    endloop
  endfacet
  facet normal 0 0 1
    outer loop
      vertex -88.42940479473081 -44.34943816497935 3
      vertex -88.5007338506078 44.19862554739581 3
      vertex -88.5007338506078 -44.19862554739581 3
    endloop
  endfacet
  facet normal 0 0 1
    outer loop
      vertex -88.5007338506078 -44.19862554739581 3
      vertex -88.58650165908567 44.05553060386668 3
      vertex -88.58650165908567 -44.05553060386668 3
    endloop
  endfacet
  facet normal 0 0 1
    outer loop
      vertex -88.58650165908567 -44.05553060386668 3
      vertex -88.68588222928335 43.9215314169218 3
      vertex -88.68588222928335 -43.9215314169218 3
    endloop
  endfacet
  facet normal 0 0 1
    outer loop
      vertex -88.92153141692181 -43.685882229283344 3
      vertex -88.79791847198287 -43.79791847198287 3
      vertex -88.92153141692181 43.685882229283344 3
    endloop
  endfacet
  facet normal 0 0 1
    outer loop
      vertex -89.05553060386667 -43.58650165908567 3
      vertex -88.92153141692181 -43.685882229283344 3
      vertex -89.05553060386667 43.58650165908567 3
    endloop
  endfacet
  facet normal 0 0 1
    outer loop
      vertex -100 55 3
      vertex -91.69181403534273 -45.16662913856025 3
      vertex -91.7 -45 3
    endloop
  endfacet
  facet normal 0 0 1
    outer loop
      vertex -100 55 3
      vertex -91.7 -45 3
      vertex -91.69181403534273 -44.83337086143975 3
    endloop
  endfacet
  facet normal 0 0 1
    outer loop
      vertex -100 55 3
      vertex -91.69181403534273 -44.83337086143975 3
      vertex -91.6673349766855 -44.668346452572585 3
    endloop
  endfacet
  facet normal 0 0 1
    outer loop
      vertex -100 55 3
      vertex -91.6673349766855 -44.668346452572585 3
      vertex -91.62679857074475 -44.506516048667415 3
    endloop
  endfacet
  facet normal 0 0 1
    outer loop
      vertex -100 55 3
      vertex -91.62679857074475 -44.506516048667415 3
      vertex -91.57059520526919 -44.34943816497935 3
    endloop
  endfacet
  facet normal 0 0 1
    outer loop
      vertex -100 55 3
      vertex -91.57059520526919 -44.34943816497935 3
      vertex -91.4992661493922 -44.19862554739581 3
    endloop
  endfacet
  facet normal 0 0 1
    outer loop
      vertex -100 55 3
      vertex -91.4992661493922 -44.19862554739581 3
      vertex -91.41349834091433 -44.05553060386668 3
    endloop
  endfacet
  facet normal 0 0 1
    outer loop
      vertex -100 55 3
      vertex -91.41349834091433 -44.05553060386668 3
      vertex -91.31411777071665 -43.9215314169218 3
    endloop
  endfacet
  facet normal 0 0 1
    outer loop
      vertex -100 55 3
      vertex -91.31411777071665 -43.9215314169218 3
      vertex -91.20208152801713 -43.79791847198287 3
    endloop
  endfacet
  facet normal 0 0 1
    outer loop
      vertex -100 -55 3
      vertex 100 -55 3
      vertex -88.92153141692181 -46.314117770716656 3
    endloop
  endfacet
  facet normal 0 0 1
    outer loop
      vertex 100 -55 3
      vertex -88.68588222928335 -46.0784685830782 3
      vertex -88.79791847198287 -46.20208152801713 3
    endloop
  endfacet
  facet normal 0 0 1
    outer loop
      vertex 100 -55 3
      vertex -88.79791847198287 -46.20208152801713 3
      vertex -88.92153141692181 -46.314117770716656 3
    endloop
  endfacet
  facet normal 0 0 1
    outer loop
      vertex 100 -55 3
      vertex -88.58650165908567 -45.94446939613332 3
      vertex -88.68588222928335 -46.0784685830782 3
    endloop
  endfacet
  facet normal 0 0 1
    outer loop
      vertex 100 -55 3
      vertex -88.5007338506078 -45.80137445260419 3
      vertex -88.58650165908567 -45.94446939613332 3
    endloop
  endfacet
  facet normal 0 0 1
    outer loop
      vertex 100 -55 3
      vertex -88.42940479473081 -45.65056183502065 3
      vertex -88.5007338506078 -45.80137445260419 3
    endloop
  endfacet
  facet normal 0 0 1
    outer loop
      vertex 100 -55 3
      vertex -88.37320142925525 -45.493483951332585 3
      vertex -88.42940479473081 -45.65056183502065 3
    endloop
  endfacet
  facet normal 0 0 1
    outer loop
      vertex 100 -55 3
      vertex -88.3326650233145 -45.331653547427415 3
      vertex -88.37320142925525 -45.493483951332585 3
    endloop
  endfacet
  facet normal 0 0 1
    outer loop
      vertex 100 -55 3
      vertex -88.30818596465727 -45.16662913856025 3
      vertex -88.3326650233145 -45.331653547427415 3
    endloop
  endfacet
  facet normal 0 0 1
    outer loop
      vertex 100 -55 3
      vertex -88.3 -45 3
      vertex -88.30818596465727 -45.16662913856025 3
    endloop
  endfacet
  facet normal 0 0 -1
    outer loop
      vertex -97.3 -52.3 0
      vertex -89.1986255473958 -46.499266149392206 0
      vertex 97.3 52.3 0
    endloop
  endfacet
  facet normal 0 0 -1
    outer loop
      vertex 97.3 52.3 0
      vertex -89.1986255473958 -46.499266149392206 0
      vertex -89.05553060386667 -46.41349834091433 0
    endloop
  endfacet
  facet normal 0 0 -1
    outer loop
      vertex 97.3 52.3 0
      vertex -89.05553060386667 -46.41349834091433 0
      vertex -88.92153141692181 -46.314117770716656 0
    endloop
  endfacet
  facet normal 0 0 -1
    outer loop
      vertex 97.3 52.3 0
      vertex -88.92153141692181 -46.314117770716656 0
      vertex -88.79791847198287 -46.20208152801713 0
    endloop
  endfacet
  facet normal 0 0 -1
    outer loop
      vertex 97.3 52.3 0
      vertex -88.79791847198287 -46.20208152801713 0
      vertex -88.68588222928335 -46.0784685830782 0
    endloop
  endfacet
  facet normal 0 0 -1
    outer loop
      vertex 97.3 52.3 0
      vertex -88.68588222928335 -46.0784685830782 0
      vertex -88.58650165908567 -45.94446939613332 0
    endloop
  endfacet
  facet normal 0 0 -1
    outer loop
      vertex 97.3 52.3 0
      vertex -88.58650165908567 -45.94446939613332 0
      vertex -88.5007338506078 -45.80137445260419 0
    endloop
  endfacet
  facet normal 0 0 -1
    outer loop
      vertex 97.3 52.3 0
      vertex -88.5007338506078 -45.80137445260419 0
      vertex -88.42940479473081 -45.65056183502065 0
    endloop
  endfacet
  facet normal 0 0 -1
    outer loop
      vertex 97.3 52.3 0
      vertex -88.42940479473081 -45.65056183502065 0
      vertex -88.37320142925525 -45.493483951332585 0
    endloop
  endfacet
  facet normal 0 0 -1
    outer loop
      vertex 97.3 52.3 0
      vertex -88.37320142925525 -45.493483951332585 0
      vertex -88.3326650233145 -45.331653547427415 0
    endloop
  endfacet
  facet normal 0 0 -1
    outer loop
      vertex 97.3 52.3 0
      vertex -88.3326650233145 -45.331653547427415 0
      vertex -88.30818596465727 -45.16662913856025 0
    endloop
  endfacet
  facet normal 0 0 -1
    outer loop
      vertex 97.3 52.3 0
      vertex -88.30818596465727 -45.16662913856025 0
      vertex -88.3 -45 0
    endloop
  endfacet
  facet normal 0 0 -1
    outer loop
      vertex 97.3 52.3 0
      vertex -88.3 -45 0
      vertex -88.30818596465727 -44.83337086143975 0
    endloop
  endfacet
  facet normal 0 0 -1
    outer loop
      vertex 97.3 52.3 0
      vertex -88.30818596465727 -44.83337086143975 0
      vertex -88.3326650233145 -44.668346452572585 0
    endloop
  endfacet
  facet normal 0 0 -1
    outer loop
      vertex 97.3 52.3 0
      vertex -88.3326650233145 -44.668346452572585 0
      vertex -88.37320142925525 -44.506516048667415 0
    endloop
  endfacet
  facet normal 0 0 -1
    outer loop
      vertex 97.3 52.3 0
      vertex -88.37320142925525 -44.506516048667415 0
      vertex -88.42940479473081 -44.34943816497935 0
    endloop
  endfacet
  facet normal 0 0 -1
    outer loop
      vertex 97.3 52.3 0
      vertex -88.42940479473081 -44.34943816497935 0
      vertex -88.5007338506078 -44.19862554739581 0
    endloop
  endfacet
  facet normal 0 0 -1
    outer loop
      vertex 97.3 52.3 0
      vertex -88.5007338506078 -44.19862554739581 0
      vertex -88.58650165908567 -44.05553060386668 0
    endloop
  endfacet
  facet normal 0 0 -1
    outer loop
      vertex 97.3 52.3 0
      vertex -88.58650165908567 -44.05553060386668 0
      vertex -88.68588222928335 -43.9215314169218 0
    endloop
  endfacet
  facet normal 0 0 1
    outer loop
      vertex 100 -55 3
      vertex -88.3 45 3
      vertex -88.3 -45 3
    endloop
  endfacet
  facet normal 0 0 -1
    outer loop
      vertex -91.31411777071665 -43.9215314169218 0
      vertex -91.31411777071665 43.9215314169218 0
      vertex -91.20208152801713 43.79791847198287 0
    endloop
  endfacet
  facet normal 0 0 -1
    outer loop
      vertex -91.20208152801713 -43.79791847198287 0
      vertex -91.20208152801713 43.79791847198287 0
      vertex -91.07846858307819 43.685882229283344 0
    endloop
  endfacet
  facet normal 0 0 -1
    outer loop
      vertex -91.07846858307819 -43.685882229283344 0
      vertex -91.07846858307819 43.685882229283344 0
      vertex -90.94446939613333 43.58650165908567 0
    endloop
  endfacet
  facet normal 0 0 -1
    outer loop
      vertex -90.94446939613333 -43.58650165908567 0
      vertex -90.94446939613333 43.58650165908567 0
      vertex -90.8013744526042 43.500733850607794 0
    endloop
  endfacet
  facet normal 0 0 -1
    outer loop
      vertex -90.8013744526042 -43.500733850607794 0
      vertex -90.8013744526042 43.500733850607794 0
      vertex -90.65056183502065 43.429404794730814 0
    endloop
  endfacet
  facet normal 0 0 -1
    outer loop
      vertex -91.62679857074475 -44.506516048667415 0
      vertex -91.62679857074475 44.506516048667415 0
      vertex -91.57059520526919 44.34943816497935 0
    endloop
  endfacet
  facet normal 0 0 -1
    outer loop
      vertex -91.4992661493922 -44.19862554739581 0
      vertex -91.4992661493922 44.19862554739581 0
      vertex -91.41349834091433 44.05553060386668 0
    endloop
  endfacet
  facet normal 0 0 -1
    outer loop
      vertex -91.57059520526919 -44.34943816497935 0
      vertex -91.57059520526919 44.34943816497935 0
      vertex -91.4992661493922 44.19862554739581 0
    endloop
  endfacet
  facet normal 0 0 -1
    outer loop
      vertex -91.69181403534273 -44.83337086143975 0
      vertex -91.69181403534273 44.83337086143975 0
      vertex -91.6673349766855 44.668346452572585 0
    endloop
  endfacet
  facet normal 0 0 -1
    outer loop
      vertex -91.6673349766855 -44.668346452572585 0
      vertex -91.6673349766855 44.668346452572585 0
      vertex -91.62679857074475 44.506516048667415 0
    endloop
  endfacet
  facet normal 0 0 -1
    outer loop
      vertex -91.7 -45 0
      vertex -91.7 45 0
      vertex -91.69181403534273 44.83337086143975 0
    endloop
  endfacet
  facet normal 0 0 -1
    outer loop
      vertex -91.41349834091433 -44.05553060386668 0
      vertex -91.41349834091433 44.05553060386668 0
      vertex -91.31411777071665 43.9215314169218 0
    endloop
  endfacet
  facet normal 0 0 -1
    outer loop
      vertex -90.65056183502065 -43.429404794730814 0
      vertex -90.65056183502065 43.429404794730814 0
      vertex -90.49348395133259 43.373201429255246 0
    endloop
  endfacet
  facet normal 0 0 -1
    outer loop
      vertex -90.49348395133259 -43.373201429255246 0
      vertex -90.49348395133259 43.373201429255246 0
      vertex -90.33165354742742 43.33266502331451 0
    endloop
  endfacet
  facet normal 0 0 -1
    outer loop
      vertex -90.33165354742742 -43.33266502331451 0
      vertex -90.33165354742742 43.33266502331451 0
      vertex -90.16662913856025 43.30818596465726 0
    endloop
  endfacet
  facet normal 0 0 -1
    outer loop
      vertex -90.16662913856025 -43.30818596465726 0
      vertex -90.16662913856025 43.30818596465726 0
      vertex -90 43.3 0
    endloop
  endfacet
  facet normal 0 0 -1
    outer loop
      vertex -90 -43.3 0
      vertex -90 43.3 0
      vertex -89.83337086143975 43.30818596465726 0
    endloop
  endfacet
  facet normal 0 0 -1
    outer loop
      vertex -89.83337086143975 -43.30818596465726 0
      vertex -89.83337086143975 43.30818596465726 0
      vertex -89.66834645257258 43.33266502331451 0
    endloop
  endfacet
  facet normal 0 0 -1
    outer loop
      vertex -89.66834645257258 -43.33266502331451 0
      vertex -89.66834645257258 43.33266502331451 0
      vertex -89.50651604866741 43.373201429255246 0
    endloop
  endfacet
  facet normal 0 0 -1
    outer loop
      vertex -89.50651604866741 -43.373201429255246 0
      vertex -89.50651604866741 43.373201429255246 0
      vertex -89.34943816497935 43.429404794730814 0
    endloop
  endfacet
  facet normal 0 0 -1
    outer loop
      vertex -89.34943816497935 -43.429404794730814 0
      vertex -89.34943816497935 43.429404794730814 0
      vertex -89.1986255473958 43.500733850607794 0
    endloop
  endfacet
  facet normal 0 0 -1
    outer loop
      vertex -89.1986255473958 -43.500733850607794 0
      vertex -89.1986255473958 43.500733850607794 0
      vertex -89.05553060386667 43.58650165908567 0
    endloop
  endfacet
  facet normal 0 0 -1
    outer loop
      vertex -89.05553060386667 -43.58650165908567 0
      vertex -89.05553060386667 43.58650165908567 0
      vertex -88.92153141692181 43.685882229283344 0
    endloop
  endfacet
  facet normal 0 0 -1
    outer loop
      vertex -88.92153141692181 -43.685882229283344 0
      vertex -88.92153141692181 43.685882229283344 0
      vertex -88.79791847198287 43.79791847198287 0
    endloop
  endfacet
  facet normal 0 0 -1
    outer loop
      vertex -88.79791847198287 -43.79791847198287 0
      vertex -88.79791847198287 43.79791847198287 0
      vertex -88.68588222928335 43.9215314169218 0
    endloop
  endfacet
  facet normal 0 0 -1
    outer loop
      vertex -97.3 52.3 0
      vertex -91.7 45 0
      vertex -91.7 -45 0
    endloop
  endfacet
  facet normal 0 0 1
    outer loop
      vertex -100 55 3
      vertex -91.20208152801713 -43.79791847198287 3
      vertex -91.31411777071665 43.9215314169218 3
    endloop
  endfacet
  facet normal 0 0 1
    outer loop
      vertex -91.07846858307819 -43.685882229283344 3
      vertex -91.07846858307819 43.685882229283344 3
      vertex -91.20208152801713 43.79791847198287 3
    endloop
  endfacet
  facet normal 0 0 1
    outer loop
      vertex -90.8013744526042 -43.500733850607794 3
      vertex -90.8013744526042 43.500733850607794 3
      vertex -90.94446939613333 43.58650165908567 3
    endloop
  endfacet
  facet normal 0 0 1
    outer loop
      vertex -90.94446939613333 -43.58650165908567 3
      vertex -90.94446939613333 43.58650165908567 3
      vertex -91.07846858307819 43.685882229283344 3
    endloop
  endfacet
  facet normal 0 0 1
    outer loop
      vertex -90.65056183502065 -43.429404794730814 3
      vertex -90.65056183502065 43.429404794730814 3
      vertex -90.8013744526042 43.500733850607794 3
    endloop
  endfacet
  facet normal 0 0 1
    outer loop
      vertex -91.20208152801713 -43.79791847198287 3
      vertex -91.20208152801713 43.79791847198287 3
      vertex -91.31411777071665 43.9215314169218 3
    endloop
  endfacet
  facet normal 0 0 1
    outer loop
      vertex -90.49348395133259 -43.373201429255246 3
      vertex -90.49348395133259 43.373201429255246 3
      vertex -90.65056183502065 43.429404794730814 3
    endloop
  endfacet
  facet normal 0 0 1
    outer loop
      vertex -90.33165354742742 -43.33266502331451 3
      vertex -90.33165354742742 43.33266502331451 3
      vertex -90.49348395133259 43.373201429255246 3
    endloop
  endfacet
  facet normal 0 0 1
    outer loop
      vertex -90 -43.3 3
      vertex -90 43.3 3
      vertex -90.16662913856025 43.30818596465726 3
    endloop
  endfacet
  facet normal 0 0 1
    outer loop
      vertex -90.16662913856025 -43.30818596465726 3
      vertex -90.16662913856025 43.30818596465726 3
      vertex -90.33165354742742 43.33266502331451 3
    endloop
  endfacet
  facet normal 0 0 1
    outer loop
      vertex -89.83337086143975 -43.30818596465726 3
      vertex -89.83337086143975 43.30818596465726 3
      vertex -90 43.3 3
    endloop
  endfacet
  facet normal 0 0 1
    outer loop
      vertex -89.66834645257258 -43.33266502331451 3
      vertex -89.66834645257258 43.33266502331451 3
      vertex -89.83337086143975 43.30818596465726 3
    endloop
  endfacet
  facet normal 0 0 1
    outer loop
      vertex -89.50651604866741 -43.373201429255246 3
      vertex -89.50651604866741 43.373201429255246 3
      vertex -89.66834645257258 43.33266502331451 3
    endloop
  endfacet
  facet normal 0 0 1
    outer loop
      vertex -89.34943816497935 -43.429404794730814 3
      vertex -89.34943816497935 43.429404794730814 3
      vertex -89.50651604866741 43.373201429255246 3
    endloop
  endfacet
  facet normal 0 0 1
    outer loop
      vertex -89.05553060386667 -43.58650165908567 3
      vertex -89.05553060386667 43.58650165908567 3
      vertex -89.1986255473958 43.500733850607794 3
    endloop
  endfacet
  facet normal 0 0 1
    outer loop
      vertex -89.1986255473958 -43.500733850607794 3
      vertex -89.1986255473958 43.500733850607794 3
      vertex -89.34943816497935 43.429404794730814 3
    endloop
  endfacet
  facet normal 0 0 1
    outer loop
      vertex -88.92153141692181 -43.685882229283344 3
      vertex -88.92153141692181 43.685882229283344 3
      vertex -89.05553060386667 43.58650165908567 3
    endloop
  endfacet
  facet normal 0 0 1
    outer loop
      vertex -88.68588222928335 -43.9215314169218 3
      vertex -88.68588222928335 43.9215314169218 3
      vertex -88.79791847198287 43.79791847198287 3
    endloop
  endfacet
  facet normal 0 0 1
    outer loop
      vertex -88.79791847198287 -43.79791847198287 3
      vertex -88.79791847198287 43.79791847198287 3
      vertex -88.92153141692181 43.685882229283344 3
    endloop
  endfacet
  facet normal 0 0 1
    outer loop
      vertex -88.5007338506078 -44.19862554739581 3
      vertex -88.5007338506078 44.19862554739581 3
      vertex -88.58650165908567 44.05553060386668 3
    endloop
  endfacet
  facet normal 0 0 1
    outer loop
      vertex -88.58650165908567 -44.05553060386668 3
      vertex -88.58650165908567 44.05553060386668 3
      vertex -88.68588222928335 43.9215314169218 3
    endloop
  endfacet
  facet normal 0 0 1
    outer loop
      vertex -88.37320142925525 -44.506516048667415 3
      vertex -88.37320142925525 44.506516048667415 3
      vertex -88.42940479473081 44.34943816497935 3
    endloop
  endfacet
  facet normal 0 0 1
    outer loop
      vertex -88.42940479473081 -44.34943816497935 3
      vertex -88.42940479473081 44.34943816497935 3
      vertex -88.5007338506078 44.19862554739581 3
    endloop
  endfacet
  facet normal 0 0 1
    outer loop
      vertex -88.30818596465727 -44.83337086143975 3
      vertex -88.30818596465727 44.83337086143975 3
      vertex -88.3326650233145 44.668346452572585 3
    endloop
  endfacet
  facet normal 0 0 1
    outer loop
      vertex -88.3326650233145 -44.668346452572585 3
      vertex -88.3326650233145 44.668346452572585 3
      vertex -88.37320142925525 44.506516048667415 3
    endloop
  endfacet
  facet normal 0 0 1
    outer loop
      vertex -88.3 -45 3
      vertex -88.3 45 3
      vertex -88.30818596465727 44.83337086143975 3
    endloop
  endfacet
  facet normal 0 0 -1
    outer loop
      vertex -97.3 52.3 0
      vertex -91.69181403534273 45.16662913856025 0
      vertex -91.7 45 0
    endloop
  endfacet
  facet normal 0 0 -1
    outer loop
      vertex -97.3 52.3 0
      vertex -91.6673349766855 45.331653547427415 0
      vertex -91.69181403534273 45.16662913856025 0
    endloop
  endfacet
  facet normal 0 0 -1
    outer loop
      vertex -97.3 52.3 0
      vertex -91.62679857074475 45.493483951332585 0
      vertex -91.6673349766855 45.331653547427415 0
    endloop
  endfacet
  facet normal 0 0 -1
    outer loop
      vertex -97.3 52.3 0
      vertex -91.57059520526919 45.65056183502065 0
      vertex -91.62679857074475 45.493483951332585 0
    endloop
  endfacet
  facet normal 0 0 -1
    outer loop
      vertex -97.3 52.3 0
      vertex -91.4992661493922 45.80137445260419 0
      vertex -91.57059520526919 45.65056183502065 0
    endloop
  endfacet
  facet normal 0 0 -1
    outer loop
      vertex -97.3 52.3 0
      vertex -91.41349834091433 45.94446939613332 0
      vertex -91.4992661493922 45.80137445260419 0
    endloop
  endfacet
  facet normal 0 0 -1
    outer loop
      vertex -97.3 52.3 0
      vertex -91.31411777071665 46.0784685830782 0
      vertex -91.41349834091433 45.94446939613332 0
    endloop
  endfacet
  facet normal 0 0 -1
    outer loop
      vertex -97.3 52.3 0
      vertex -91.20208152801713 46.20208152801713 0
      vertex -91.31411777071665 46.0784685830782 0
    endloop
  endfacet
  facet normal 0 0 -1
    outer loop
      vertex -97.3 52.3 0
      vertex -91.07846858307819 46.314117770716656 0
      vertex -91.20208152801713 46.20208152801713 0
    endloop
  endfacet
  facet normal 0 0 -1
    outer loop
      vertex -97.3 52.3 0
      vertex -90.94446939613333 46.41349834091433 0
      vertex -91.07846858307819 46.314117770716656 0
    endloop
  endfacet
  facet normal 0 0 -1
    outer loop
      vertex -97.3 52.3 0
      vertex -90.8013744526042 46.499266149392206 0
      vertex -90.94446939613333 46.41349834091433 0
    endloop
  endfacet
  facet normal 0 0 -1
    outer loop
      vertex -97.3 52.3 0
      vertex -90.65056183502065 46.570595205269186 0
      vertex -90.8013744526042 46.499266149392206 0
    endloop
  endfacet
  facet normal 0 0 -1
    outer loop
      vertex -97.3 52.3 0
      vertex -90.49348395133259 46.626798570744754 0
      vertex -90.65056183502065 46.570595205269186 0
    endloop
  endfacet
  facet normal 0 0 -1
    outer loop
      vertex -97.3 52.3 0
      vertex -90.33165354742742 46.66733497668549 0
      vertex -90.49348395133259 46.626798570744754 0
    endloop
  endfacet
  facet normal 0 0 -1
    outer loop
      vertex -97.3 52.3 0
      vertex -90.16662913856025 46.69181403534274 0
      vertex -90.33165354742742 46.66733497668549 0
    endloop
  endfacet
  facet normal 0 0 -1
    outer loop
      vertex -97.3 52.3 0
      vertex -90 46.7 0
      vertex -90.16662913856025 46.69181403534274 0
    endloop
  endfacet
  facet normal 0 0 1
    outer loop
      vertex -100 55 3
      vertex -91.31411777071665 43.9215314169218 3
      vertex -91.41349834091433 44.05553060386668 3
    endloop
  endfacet
  facet normal 0 0 1
    outer loop
      vertex -100 55 3
      vertex -91.4992661493922 44.19862554739581 3
      vertex -91.57059520526919 44.34943816497935 3
    endloop
  endfacet
  facet normal 0 0 1
    outer loop
      vertex -100 55 3
      vertex -91.41349834091433 44.05553060386668 3
      vertex -91.4992661493922 44.19862554739581 3
    endloop
  endfacet
  facet normal 0 0 1
    outer loop
      vertex -100 55 3
      vertex -91.57059520526919 44.34943816497935 3
      vertex -91.62679857074475 44.506516048667415 3
    endloop
  endfacet
  facet normal 0 0 1
    outer loop
      vertex -100 55 3
      vertex -91.62679857074475 44.506516048667415 3
      vertex -91.6673349766855 44.668346452572585 3
    endloop
  endfacet
  facet normal 0 0 1
    outer loop
      vertex -100 55 3
      vertex -91.6673349766855 44.668346452572585 3
      vertex -91.69181403534273 44.83337086143975 3
    endloop
  endfacet
  facet normal 0 0 1
    outer loop
      vertex -100 55 3
      vertex -91.69181403534273 44.83337086143975 3
      vertex -91.7 45 3
    endloop
  endfacet
  facet normal 0 0 1
    outer loop
      vertex -100 55 3
      vertex -91.7 45 3
      vertex -91.69181403534273 45.16662913856025 3
    endloop
  endfacet
  facet normal 0 0 1
    outer loop
      vertex -100 55 3
      vertex -91.69181403534273 45.16662913856025 3
      vertex -91.6673349766855 45.331653547427415 3
    endloop
  endfacet
  facet normal 0 0 1
    outer loop
      vertex -100 55 3
      vertex -91.6673349766855 45.331653547427415 3
      vertex -91.62679857074475 45.493483951332585 3
    endloop
  endfacet
  facet normal 0 0 1
    outer loop
      vertex -100 55 3
      vertex -91.62679857074475 45.493483951332585 3
      vertex -91.57059520526919 45.65056183502065 3
    endloop
  endfacet
  facet normal 0 0 1
    outer loop
      vertex -100 55 3
      vertex -91.57059520526919 45.65056183502065 3
      vertex -91.4992661493922 45.80137445260419 3
    endloop
  endfacet
  facet normal 0 0 1
    outer loop
      vertex -100 55 3
      vertex -91.4992661493922 45.80137445260419 3
      vertex -91.41349834091433 45.94446939613332 3
    endloop
  endfacet
  facet normal 0 0 1
    outer loop
      vertex -100 55 3
      vertex -91.41349834091433 45.94446939613332 3
      vertex -91.31411777071665 46.0784685830782 3
    endloop
  endfacet
  facet normal 0 0 1
    outer loop
      vertex -100 55 3
      vertex -91.31411777071665 46.0784685830782 3
      vertex -91.20208152801713 46.20208152801713 3
    endloop
  endfacet
  facet normal 0 0 1
    outer loop
      vertex -100 55 3
      vertex -91.20208152801713 46.20208152801713 3
      vertex -91.07846858307819 46.314117770716656 3
    endloop
  endfacet
  facet normal 0 0 1
    outer loop
      vertex -100 55 3
      vertex -91.07846858307819 46.314117770716656 3
      vertex -90.94446939613333 46.41349834091433 3
    endloop
  endfacet
  facet normal 0 0 1
    outer loop
      vertex -100 55 3
      vertex -90.94446939613333 46.41349834091433 3
      vertex -90.8013744526042 46.499266149392206 3
    endloop
  endfacet
  facet normal 0 0 1
    outer loop
      vertex -100 55 3
      vertex -90.8013744526042 46.499266149392206 3
      vertex -90.65056183502065 46.570595205269186 3
    endloop
  endfacet
  facet normal 0 0 1
    outer loop
      vertex -100 55 3
      vertex -90.65056183502065 46.570595205269186 3
      vertex -90.49348395133259 46.626798570744754 3
    endloop
  endfacet
  facet normal 0 0 1
    outer loop
      vertex -100 55 3
      vertex -90.49348395133259 46.626798570744754 3
      vertex -90.33165354742742 46.66733497668549 3
    endloop
  endfacet
  facet normal 0 0 1
    outer loop
      vertex -100 55 3
      vertex -90.33165354742742 46.66733497668549 3
      vertex -90.16662913856025 46.69181403534274 3
    endloop
  endfacet
  facet normal 0 0 1
    outer loop
      vertex -100 55 3
      vertex -90.16662913856025 46.69181403534274 3
      vertex -90 46.7 3
    endloop
  endfacet
  facet normal 0 0 1
    outer loop
      vertex -100 55 3
      vertex -90 46.7 3
      vertex -89.83337086143975 46.69181403534274 3
    endloop
  endfacet
  facet normal 0 0 1
    outer loop
      vertex -100 55 3
      vertex -89.83337086143975 46.69181403534274 3
      vertex -89.66834645257258 46.66733497668549 3
    endloop
  endfacet
  facet normal 0 0 1
    outer loop
      vertex -100 55 3
      vertex -89.66834645257258 46.66733497668549 3
      vertex -89.50651604866741 46.626798570744754 3
    endloop
  endfacet
  facet normal 0 0 1
    outer loop
      vertex -100 55 3
      vertex -89.50651604866741 46.626798570744754 3
      vertex -89.34943816497935 46.570595205269186 3
    endloop
  endfacet
  facet normal 0 0 1
    outer loop
      vertex -100 55 3
      vertex -89.34943816497935 46.570595205269186 3
      vertex -89.1986255473958 46.499266149392206 3
    endloop
  endfacet
  facet normal 0 0 1
    outer loop
      vertex -100 55 3
      vertex -89.05553060386667 46.41349834091433 3
      vertex -88.92153141692181 46.314117770716656 3
    endloop
  endfacet
  facet normal 0 0 1
    outer loop
      vertex -100 55 3
      vertex -89.1986255473958 46.499266149392206 3
      vertex -89.05553060386667 46.41349834091433 3
    endloop
  endfacet
  facet normal 0 0 -1
    outer loop
      vertex 97.3 52.3 0
      vertex -88.68588222928335 -43.9215314169218 0
      vertex -88.68588222928335 43.9215314169218 0
    endloop
  endfacet
  facet normal 0 0 1
    outer loop
      vertex 100 -55 3
      vertex -88.30818596465727 45.16662913856025 3
      vertex -88.3 45 3
    endloop
  endfacet
  facet normal 0 0 1
    outer loop
      vertex 100 -55 3
      vertex -88.3326650233145 45.331653547427415 3
      vertex -88.30818596465727 45.16662913856025 3
    endloop
  endfacet
  facet normal 0 0 1
    outer loop
      vertex 100 -55 3
      vertex -88.37320142925525 45.493483951332585 3
      vertex -88.3326650233145 45.331653547427415 3
    endloop
  endfacet
  facet normal 0 0 1
    outer loop
      vertex 100 -55 3
      vertex -88.79791847198287 46.20208152801713 3
      vertex -88.68588222928335 46.0784685830782 3
    endloop
  endfacet
  facet normal 0 0 1
    outer loop
      vertex 100 -55 3
      vertex -88.92153141692181 46.314117770716656 3
      vertex -88.79791847198287 46.20208152801713 3
    endloop
  endfacet
  facet normal 0 0 1
    outer loop
      vertex 100 -55 3
      vertex -88.42940479473081 45.65056183502065 3
      vertex -88.37320142925525 45.493483951332585 3
    endloop
  endfacet
  facet normal 0 0 1
    outer loop
      vertex 100 -55 3
      vertex -88.5007338506078 45.80137445260419 3
      vertex -88.42940479473081 45.65056183502065 3
    endloop
  endfacet
  facet normal 0 0 1
    outer loop
      vertex 100 -55 3
      vertex -88.58650165908567 45.94446939613332 3
      vertex -88.5007338506078 45.80137445260419 3
    endloop
  endfacet
  facet normal 0 0 1
    outer loop
      vertex 100 -55 3
      vertex -88.68588222928335 46.0784685830782 3
      vertex -88.58650165908567 45.94446939613332 3
    endloop
  endfacet
  facet normal 0 0 1
    outer loop
      vertex -100 55 3
      vertex -88.92153141692181 46.314117770716656 3
      vertex 100 -55 3
    endloop
  endfacet
  facet normal 0 0 -1
    outer loop
      vertex 97.3 52.3 0
      vertex -88.68588222928335 43.9215314169218 0
      vertex -88.58650165908567 44.05553060386668 0
    endloop
  endfacet
  facet normal 0 0 -1
    outer loop
      vertex 97.3 52.3 0
      vertex -88.58650165908567 44.05553060386668 0
      vertex -88.5007338506078 44.19862554739581 0
    endloop
  endfacet
  facet normal 0 0 -1
    outer loop
      vertex 97.3 52.3 0
      vertex -88.5007338506078 45.80137445260419 0
      vertex -88.58650165908567 45.94446939613332 0
    endloop
  endfacet
  facet normal 0 0 -1
    outer loop
      vertex 97.3 52.3 0
      vertex -88.58650165908567 45.94446939613332 0
      vertex -88.68588222928335 46.0784685830782 0
    endloop
  endfacet
  facet normal 0 0 -1
    outer loop
      vertex 97.3 52.3 0
      vertex -88.5007338506078 44.19862554739581 0
      vertex -88.42940479473081 44.34943816497935 0
    endloop
  endfacet
  facet normal 0 0 -1
    outer loop
      vertex 97.3 52.3 0
      vertex -88.42940479473081 44.34943816497935 0
      vertex -88.37320142925525 44.506516048667415 0
    endloop
  endfacet
  facet normal 0 0 -1
    outer loop
      vertex 97.3 52.3 0
      vertex -88.37320142925525 44.506516048667415 0
      vertex -88.3326650233145 44.668346452572585 0
    endloop
  endfacet
  facet normal 0 0 -1
    outer loop
      vertex 97.3 52.3 0
      vertex -88.3326650233145 44.668346452572585 0
      vertex -88.30818596465727 44.83337086143975 0
    endloop
  endfacet
  facet normal 0 0 -1
    outer loop
      vertex 97.3 52.3 0
      vertex -88.30818596465727 44.83337086143975 0
      vertex -88.3 45 0
    endloop
  endfacet
  facet normal 0 0 -1
    outer loop
      vertex 97.3 52.3 0
      vertex -88.3 45 0
      vertex -88.30818596465727 45.16662913856025 0
    endloop
  endfacet
  facet normal 0 0 -1
    outer loop
      vertex 97.3 52.3 0
      vertex -88.30818596465727 45.16662913856025 0
      vertex -88.3326650233145 45.331653547427415 0
    endloop
  endfacet
  facet normal 0 0 -1
    outer loop
      vertex 97.3 52.3 0
      vertex -88.3326650233145 45.331653547427415 0
      vertex -88.37320142925525 45.493483951332585 0
    endloop
  endfacet
  facet normal 0 0 -1
    outer loop
      vertex 97.3 52.3 0
      vertex -88.37320142925525 45.493483951332585 0
      vertex -88.42940479473081 45.65056183502065 0
    endloop
  endfacet
  facet normal 0 0 -1
    outer loop
      vertex 97.3 52.3 0
      vertex -88.42940479473081 45.65056183502065 0
      vertex -88.5007338506078 45.80137445260419 0
    endloop
  endfacet
  facet normal 0 0 -1
    outer loop
      vertex -97.3 52.3 0
      vertex 97.3 52.3 0
      vertex -90 46.7 0
    endloop
  endfacet
  facet normal 0 0 -1
    outer loop
      vertex 97.3 52.3 0
      vertex -89.66834645257258 46.66733497668549 0
      vertex -89.83337086143975 46.69181403534274 0
    endloop
  endfacet
  facet normal 0 0 -1
    outer loop
      vertex 97.3 52.3 0
      vertex -89.83337086143975 46.69181403534274 0
      vertex -90 46.7 0
    endloop
  endfacet
  facet normal 0 0 -1
    outer loop
      vertex 97.3 52.3 0
      vertex -89.50651604866741 46.626798570744754 0
      vertex -89.66834645257258 46.66733497668549 0
    endloop
  endfacet
  facet normal 0 0 -1
    outer loop
      vertex 97.3 52.3 0
      vertex -89.34943816497935 46.570595205269186 0
      vertex -89.50651604866741 46.626798570744754 0
    endloop
  endfacet
  facet normal 0 0 -1
    outer loop
      vertex 97.3 52.3 0
      vertex -89.05553060386667 46.41349834091433 0
      vertex -89.1986255473958 46.499266149392206 0
    endloop
  endfacet
  facet normal 0 0 -1
    outer loop
      vertex 97.3 52.3 0
      vertex -89.1986255473958 46.499266149392206 0
      vertex -89.34943816497935 46.570595205269186 0
    endloop
  endfacet
  facet normal 0 0 -1
    outer loop
      vertex 97.3 52.3 0
      vertex -88.79791847198287 46.20208152801713 0
      vertex -88.92153141692181 46.314117770716656 0
    endloop
  endfacet
  facet normal 0 0 -1
    outer loop
      vertex 97.3 52.3 0
      vertex -88.68588222928335 46.0784685830782 0
      vertex -88.79791847198287 46.20208152801713 0
    endloop
  endfacet
  facet normal 0 0 -1
    outer loop
      vertex 97.3 52.3 0
      vertex -88.92153141692181 46.314117770716656 0
      vertex -89.05553060386667 46.41349834091433 0
    endloop
  endfacet
  facet normal 0 0 -1
    outer loop
      vertex -97.3 -52.3 0
      vertex 88.92153141692181 -46.314117770716656 0
      vertex 89.05553060386667 -46.41349834091433 0
    endloop
  endfacet
  facet normal 0 0 -1
    outer loop
      vertex -97.3 -52.3 0
      vertex 88.68588222928335 -46.0784685830782 0
      vertex 88.79791847198287 -46.20208152801713 0
    endloop
  endfacet
  facet normal 0 0 -1
    outer loop
      vertex -97.3 -52.3 0
      vertex 88.79791847198287 -46.20208152801713 0
      vertex 88.92153141692181 -46.314117770716656 0
    endloop
  endfacet
  facet normal 0 0 -1
    outer loop
      vertex -97.3 -52.3 0
      vertex 89.05553060386667 -46.41349834091433 0
      vertex 97.3 -52.3 0
    endloop
  endfacet
  facet normal 0 0 -1
    outer loop
      vertex -97.3 -52.3 0
      vertex 88.42940479473081 -45.65056183502065 0
      vertex 88.5007338506078 -45.80137445260419 0
    endloop
  endfacet
  facet normal 0 0 -1
    outer loop
      vertex -97.3 -52.3 0
      vertex 88.37320142925525 -45.493483951332585 0
      vertex 88.42940479473081 -45.65056183502065 0
    endloop
  endfacet
  facet normal 0 0 -1
    outer loop
      vertex -97.3 -52.3 0
      vertex 88.3326650233145 -45.331653547427415 0
      vertex 88.37320142925525 -45.493483951332585 0
    endloop
  endfacet
  facet normal 0 0 -1
    outer loop
      vertex -97.3 -52.3 0
      vertex 88.30818596465727 -45.16662913856025 0
      vertex 88.3326650233145 -45.331653547427415 0
    endloop
  endfacet
  facet normal 0 0 -1
    outer loop
      vertex -97.3 -52.3 0
      vertex 88.3 -45 0
      vertex 88.30818596465727 -45.16662913856025 0
    endloop
  endfacet
  facet normal 0 0 -1
    outer loop
      vertex -97.3 -52.3 0
      vertex 88.58650165908567 -45.94446939613332 0
      vertex 88.68588222928335 -46.0784685830782 0
    endloop
  endfacet
  facet normal 0 0 -1
    outer loop
      vertex -97.3 -52.3 0
      vertex 88.5007338506078 -45.80137445260419 0
      vertex 88.58650165908567 -45.94446939613332 0
    endloop
  endfacet
  facet normal 0 0 -1
    outer loop
      vertex -97.3 -52.3 0
      vertex 88.58650165908567 44.05553060386668 0
      vertex 88.3 -45 0
    endloop
  endfacet
  facet normal 0 0 1
    outer loop
      vertex -100 55 3
      vertex 100 -55 3
      vertex 88.92153141692181 -46.314117770716656 3
    endloop
  endfacet
  facet normal 0 0 1
    outer loop
      vertex -100 55 3
      vertex 88.58650165908567 -45.94446939613332 3
      vertex 88.5007338506078 -45.80137445260419 3
    endloop
  endfacet
  facet normal 0 0 1
    outer loop
      vertex -100 55 3
      vertex 88.68588222928335 -46.0784685830782 3
      vertex 88.58650165908567 -45.94446939613332 3
    endloop
  endfacet
  facet normal 0 0 1
    outer loop
      vertex -100 55 3
      vertex 88.5007338506078 -45.80137445260419 3
      vertex 88.42940479473081 -45.65056183502065 3
    endloop
  endfacet
  facet normal 0 0 1
    outer loop
      vertex -100 55 3
      vertex 88.42940479473081 -45.65056183502065 3
      vertex 88.37320142925525 -45.493483951332585 3
    endloop
  endfacet
  facet normal 0 0 1
    outer loop
      vertex -100 55 3
      vertex 88.92153141692181 -46.314117770716656 3
      vertex 88.79791847198287 -46.20208152801713 3
    endloop
  endfacet
  facet normal 0 0 1
    outer loop
      vertex -100 55 3
      vertex 88.79791847198287 -46.20208152801713 3
      vertex 88.68588222928335 -46.0784685830782 3
    endloop
  endfacet
  facet normal 0 0 1
    outer loop
      vertex -100 55 3
      vertex 88.37320142925525 -45.493483951332585 3
      vertex 88.3326650233145 -45.331653547427415 3
    endloop
  endfacet
  facet normal 0 0 1
    outer loop
      vertex -100 55 3
      vertex 88.3326650233145 -45.331653547427415 3
      vertex 88.30818596465727 -45.16662913856025 3
    endloop
  endfacet
  facet normal 0 0 1
    outer loop
      vertex -100 55 3
      vertex 88.30818596465727 -45.16662913856025 3
      vertex 88.3 -45 3
    endloop
  endfacet
  facet normal 0 0 1
    outer loop
      vertex -100 55 3
      vertex 88.3 -45 3
      vertex 88.30818596465727 -44.83337086143975 3
    endloop
  endfacet
  facet normal 0 0 1
    outer loop
      vertex -100 55 3
      vertex 88.30818596465727 -44.83337086143975 3
      vertex 88.3326650233145 -44.668346452572585 3
    endloop
  endfacet
  facet normal 0 0 1
    outer loop
      vertex -100 55 3
      vertex 88.3326650233145 -44.668346452572585 3
      vertex 88.37320142925525 -44.506516048667415 3
    endloop
  endfacet
  facet normal 0 0 1
    outer loop
      vertex -100 55 3
      vertex 88.37320142925525 -44.506516048667415 3
      vertex 88.42940479473081 -44.34943816497935 3
    endloop
  endfacet
  facet normal 0 0 1
    outer loop
      vertex -100 55 3
      vertex 88.42940479473081 -44.34943816497935 3
      vertex 88.5007338506078 -44.19862554739581 3
    endloop
  endfacet
  facet normal 0 0 1
    outer loop
      vertex -100 55 3
      vertex 88.5007338506078 -44.19862554739581 3
      vertex 88.58650165908567 -44.05553060386668 3
    endloop
  endfacet
  facet normal 0 0 1
    outer loop
      vertex -100 55 3
      vertex 88.58650165908567 -44.05553060386668 3
      vertex 88.68588222928335 -43.9215314169218 3
    endloop
  endfacet
  facet normal 0 0 1
    outer loop
      vertex -100 55 3
      vertex 88.68588222928335 -43.9215314169218 3
      vertex 88.79791847198287 -43.79791847198287 3
    endloop
  endfacet
  facet normal 0 0 -1
    outer loop
      vertex 97.3 -52.3 0
      vertex 89.1986255473958 -46.499266149392206 0
      vertex 89.34943816497935 -46.570595205269186 0
    endloop
  endfacet
  facet normal 0 0 -1
    outer loop
      vertex 97.3 -52.3 0
      vertex 89.05553060386667 -46.41349834091433 0
      vertex 89.1986255473958 -46.499266149392206 0
    endloop
  endfacet
  facet normal 0 0 -1
    outer loop
      vertex 97.3 -52.3 0
      vertex 89.34943816497935 -46.570595205269186 0
      vertex 89.50651604866741 -46.626798570744754 0
    endloop
  endfacet
  facet normal 0 0 -1
    outer loop
      vertex 97.3 -52.3 0
      vertex 89.50651604866741 -46.626798570744754 0
      vertex 89.66834645257258 -46.66733497668549 0
    endloop
  endfacet
  facet normal 0 0 -1
    outer loop
      vertex 97.3 -52.3 0
      vertex 89.83337086143975 -46.69181403534274 0
      vertex 90 -46.7 0
    endloop
  endfacet
  facet normal 0 0 -1
    outer loop
      vertex 97.3 -52.3 0
      vertex 90 -46.7 0
      vertex 90.16662913856025 -46.69181403534274 0
    endloop
  endfacet
  facet normal 0 0 -1
    outer loop
      vertex 97.3 -52.3 0
      vertex 89.66834645257258 -46.66733497668549 0
      vertex 89.83337086143975 -46.69181403534274 0
    endloop
  endfacet
  facet normal 0 0 -1
    outer loop
      vertex 97.3 -52.3 0
      vertex 90.16662913856025 -46.69181403534274 0
      vertex 90.33165354742742 -46.66733497668549 0
    endloop
  endfacet
  facet normal 0 0 -1
    outer loop
      vertex 97.3 -52.3 0
      vertex 90.33165354742742 -46.66733497668549 0
      vertex 90.49348395133259 -46.626798570744754 0
    endloop
  endfacet
  facet normal 0 0 -1
    outer loop
      vertex 97.3 -52.3 0
      vertex 90.49348395133259 -46.626798570744754 0
      vertex 90.65056183502065 -46.570595205269186 0
    endloop
  endfacet
  facet normal 0 0 -1
    outer loop
      vertex 97.3 -52.3 0
      vertex 90.65056183502065 -46.570595205269186 0
      vertex 90.8013744526042 -46.499266149392206 0
    endloop
  endfacet
  facet normal 0 0 -1
    outer loop
      vertex 97.3 -52.3 0
      vertex 90.8013744526042 -46.499266149392206 0
      vertex 90.94446939613333 -46.41349834091433 0
    endloop
  endfacet
  facet normal 0 0 -1
    outer loop
      vertex 97.3 -52.3 0
      vertex 90.94446939613333 -46.41349834091433 0
      vertex 91.07846858307819 -46.314117770716656 0
    endloop
  endfacet
  facet normal 0 0 -1
    outer loop
      vertex 97.3 -52.3 0
      vertex 91.07846858307819 -46.314117770716656 0
      vertex 91.20208152801713 -46.20208152801713 0
    endloop
  endfacet
  facet normal 0 0 -1
    outer loop
      vertex 97.3 -52.3 0
      vertex 91.20208152801713 -46.20208152801713 0
      vertex 91.31411777071665 -46.0784685830782 0
    endloop
  endfacet
  facet normal 0 0 -1
    outer loop
      vertex 97.3 -52.3 0
      vertex 91.31411777071665 -46.0784685830782 0
      vertex 91.41349834091433 -45.94446939613332 0
    endloop
  endfacet
  facet normal 0 0 -1
    outer loop
      vertex 97.3 -52.3 0
      vertex 91.41349834091433 -45.94446939613332 0
      vertex 91.4992661493922 -45.80137445260419 0
    endloop
  endfacet
  facet normal 0 0 -1
    outer loop
      vertex 97.3 -52.3 0
      vertex 91.4992661493922 -45.80137445260419 0
      vertex 91.57059520526919 -45.65056183502065 0
    endloop
  endfacet
  facet normal 0 0 -1
    outer loop
      vertex 97.3 -52.3 0
      vertex 91.57059520526919 -45.65056183502065 0
      vertex 91.62679857074475 -45.493483951332585 0
    endloop
  endfacet
  facet normal 0 0 -1
    outer loop
      vertex 97.3 -52.3 0
      vertex 91.62679857074475 -45.493483951332585 0
      vertex 91.6673349766855 -45.331653547427415 0
    endloop
  endfacet
  facet normal 0 0 -1
    outer loop
      vertex 97.3 -52.3 0
      vertex 91.6673349766855 -45.331653547427415 0
      vertex 91.69181403534273 -45.16662913856025 0
    endloop
  endfacet
  facet normal 0 0 1
    outer loop
      vertex 100 -55 3
      vertex 89.05553060386667 -46.41349834091433 3
      vertex 88.92153141692181 -46.314117770716656 3
    endloop
  endfacet
  facet normal 0 0 1
    outer loop
      vertex 100 -55 3
      vertex 89.1986255473958 -46.499266149392206 3
      vertex 89.05553060386667 -46.41349834091433 3
    endloop
  endfacet
  facet normal 0 0 1
    outer loop
      vertex 100 -55 3
      vertex 89.50651604866741 -46.626798570744754 3
      vertex 89.34943816497935 -46.570595205269186 3
    endloop
  endfacet
  facet normal 0 0 1
    outer loop
      vertex 100 -55 3
      vertex 89.34943816497935 -46.570595205269186 3
      vertex 89.1986255473958 -46.499266149392206 3
    endloop
  endfacet
  facet normal 0 0 1
    outer loop
      vertex 100 -55 3
      vertex 89.66834645257258 -46.66733497668549 3
      vertex 89.50651604866741 -46.626798570744754 3
    endloop
  endfacet
  facet normal 0 0 1
    outer loop
      vertex 100 -55 3
      vertex 90 -46.7 3
      vertex 89.83337086143975 -46.69181403534274 3
    endloop
  endfacet
  facet normal 0 0 1
    outer loop
      vertex 100 -55 3
      vertex 89.83337086143975 -46.69181403534274 3
      vertex 89.66834645257258 -46.66733497668549 3
    endloop
  endfacet
  facet normal 0 0 1
    outer loop
      vertex 100 -55 3
      vertex 90.33165354742742 -46.66733497668549 3
      vertex 90.16662913856025 -46.69181403534274 3
    endloop
  endfacet
  facet normal 0 0 1
    outer loop
      vertex 100 -55 3
      vertex 90.16662913856025 -46.69181403534274 3
      vertex 90 -46.7 3
    endloop
  endfacet
  facet normal 0 0 1
    outer loop
      vertex 100 -55 3
      vertex 90.49348395133259 -46.626798570744754 3
      vertex 90.33165354742742 -46.66733497668549 3
    endloop
  endfacet
  facet normal 0 0 1
    outer loop
      vertex 100 -55 3
      vertex 90.65056183502065 -46.570595205269186 3
      vertex 90.49348395133259 -46.626798570744754 3
    endloop
  endfacet
  facet normal 0 0 1
    outer loop
      vertex 100 -55 3
      vertex 90.8013744526042 -46.499266149392206 3
      vertex 90.65056183502065 -46.570595205269186 3
    endloop
  endfacet
  facet normal 0 0 1
    outer loop
      vertex 100 -55 3
      vertex 90.94446939613333 -46.41349834091433 3
      vertex 90.8013744526042 -46.499266149392206 3
    endloop
  endfacet
  facet normal 0 0 1
    outer loop
      vertex 100 -55 3
      vertex 91.07846858307819 -46.314117770716656 3
      vertex 90.94446939613333 -46.41349834091433 3
    endloop
  endfacet
  facet normal 0 0 1
    outer loop
      vertex 100 -55 3
      vertex 91.20208152801713 -46.20208152801713 3
      vertex 91.07846858307819 -46.314117770716656 3
    endloop
  endfacet
  facet normal 0 0 1
    outer loop
      vertex 100 -55 3
      vertex 91.31411777071665 -46.0784685830782 3
      vertex 91.20208152801713 -46.20208152801713 3
    endloop
  endfacet
  facet normal 0 0 1
    outer loop
      vertex 100 -55 3
      vertex 91.41349834091433 -45.94446939613332 3
      vertex 91.31411777071665 -46.0784685830782 3
    endloop
  endfacet
  facet normal 0 0 1
    outer loop
      vertex 100 -55 3
      vertex 91.4992661493922 -45.80137445260419 3
      vertex 91.41349834091433 -45.94446939613332 3
    endloop
  endfacet
  facet normal 0 0 1
    outer loop
      vertex 100 -55 3
      vertex 91.57059520526919 -45.65056183502065 3
      vertex 91.4992661493922 -45.80137445260419 3
    endloop
  endfacet
  facet normal 0 0 1
    outer loop
      vertex 100 -55 3
      vertex 91.62679857074475 -45.493483951332585 3
      vertex 91.57059520526919 -45.65056183502065 3
    endloop
  endfacet
  facet normal 0 0 1
    outer loop
      vertex 100 -55 3
      vertex 91.6673349766855 -45.331653547427415 3
      vertex 91.62679857074475 -45.493483951332585 3
    endloop
  endfacet
  facet normal 0 0 1
    outer loop
      vertex 100 -55 3
      vertex 91.69181403534273 -45.16662913856025 3
      vertex 91.6673349766855 -45.331653547427415 3
    endloop
  endfacet
  facet normal 0 0 1
    outer loop
      vertex 100 -55 3
      vertex 91.7 -45 3
      vertex 91.69181403534273 -45.16662913856025 3
    endloop
  endfacet
  facet normal 0 0 -1
    outer loop
      vertex 88.3 -45 0
      vertex 88.58650165908567 44.05553060386668 0
      vertex 88.30818596465727 -44.83337086143975 0
    endloop
  endfacet
  facet normal 0 0 -1
    outer loop
      vertex 88.30818596465727 -44.83337086143975 0
      vertex 88.58650165908567 44.05553060386668 0
      vertex 88.3326650233145 -44.668346452572585 0
    endloop
  endfacet
  facet normal 0 0 -1
    outer loop
      vertex 88.3326650233145 -44.668346452572585 0
      vertex 88.58650165908567 44.05553060386668 0
      vertex 88.37320142925525 -44.506516048667415 0
    endloop
  endfacet
  facet normal 0 0 -1
    outer loop
      vertex 88.37320142925525 -44.506516048667415 0
      vertex 88.58650165908567 44.05553060386668 0
      vertex 88.42940479473081 -44.34943816497935 0
    endloop
  endfacet
  facet normal 0 0 -1
    outer loop
      vertex 88.42940479473081 -44.34943816497935 0
      vertex 88.58650165908567 44.05553060386668 0
      vertex 88.5007338506078 -44.19862554739581 0
    endloop
  endfacet
  facet normal 0 0 -1
    outer loop
      vertex 88.5007338506078 -44.19862554739581 0
      vertex 88.58650165908567 44.05553060386668 0
      vertex 88.58650165908567 -44.05553060386668 0
    endloop
  endfacet
  facet normal 0 0 -1
    outer loop
      vertex 88.58650165908567 -44.05553060386668 0
      vertex 88.68588222928335 43.9215314169218 0
      vertex 88.68588222928335 -43.9215314169218 0
    endloop
  endfacet
  facet normal 0 0 -1
    outer loop
      vertex 88.68588222928335 -43.9215314169218 0
      vertex 88.79791847198287 43.79791847198287 0
      vertex 88.79791847198287 -43.79791847198287 0
    endloop
  endfacet
  facet normal 0 0 -1
    outer loop
      vertex 88.92153141692181 -43.685882229283344 0
      vertex 88.79791847198287 -43.79791847198287 0
      vertex 88.92153141692181 43.685882229283344 0
    endloop
  endfacet
  facet normal 0 0 -1
    outer loop
      vertex 89.05553060386667 -43.58650165908567 0
      vertex 88.92153141692181 -43.685882229283344 0
      vertex 89.05553060386667 43.58650165908567 0
    endloop
  endfacet
  facet normal 0 0 -1
    outer loop
      vertex 89.1986255473958 -43.500733850607794 0
      vertex 89.05553060386667 -43.58650165908567 0
      vertex 89.1986255473958 43.500733850607794 0
    endloop
  endfacet
  facet normal 0 0 -1
    outer loop
      vertex 89.34943816497935 -43.429404794730814 0
      vertex 89.1986255473958 -43.500733850607794 0
      vertex 89.34943816497935 43.429404794730814 0
    endloop
  endfacet
  facet normal 0 0 -1
    outer loop
      vertex 89.50651604866741 -43.373201429255246 0
      vertex 89.34943816497935 -43.429404794730814 0
      vertex 89.50651604866741 43.373201429255246 0
    endloop
  endfacet
  facet normal 0 0 -1
    outer loop
      vertex 89.66834645257258 -43.33266502331451 0
      vertex 89.50651604866741 -43.373201429255246 0
      vertex 89.66834645257258 43.33266502331451 0
    endloop
  endfacet
  facet normal 0 0 -1
    outer loop
      vertex 89.83337086143975 -43.30818596465726 0
      vertex 89.66834645257258 -43.33266502331451 0
      vertex 89.83337086143975 43.30818596465726 0
    endloop
  endfacet
  facet normal 0 0 -1
    outer loop
      vertex 90 -43.3 0
      vertex 89.83337086143975 -43.30818596465726 0
      vertex 90 43.3 0
    endloop
  endfacet
  facet normal 0 0 -1
    outer loop
      vertex 90.16662913856025 -43.30818596465726 0
      vertex 90 -43.3 0
      vertex 90.16662913856025 43.30818596465726 0
    endloop
  endfacet
  facet normal 0 0 -1
    outer loop
      vertex 90.33165354742742 -43.33266502331451 0
      vertex 90.16662913856025 -43.30818596465726 0
      vertex 90.33165354742742 43.33266502331451 0
    endloop
  endfacet
  facet normal 0 0 -1
    outer loop
      vertex 90.49348395133259 -43.373201429255246 0
      vertex 90.33165354742742 -43.33266502331451 0
      vertex 90.49348395133259 43.373201429255246 0
    endloop
  endfacet
  facet normal 0 0 -1
    outer loop
      vertex 90.65056183502065 -43.429404794730814 0
      vertex 90.49348395133259 -43.373201429255246 0
      vertex 90.65056183502065 43.429404794730814 0
    endloop
  endfacet
  facet normal 0 0 -1
    outer loop
      vertex 90.8013744526042 -43.500733850607794 0
      vertex 90.65056183502065 -43.429404794730814 0
      vertex 90.8013744526042 43.500733850607794 0
    endloop
  endfacet
  facet normal 0 0 -1
    outer loop
      vertex 90.94446939613333 -43.58650165908567 0
      vertex 90.8013744526042 -43.500733850607794 0
      vertex 90.94446939613333 43.58650165908567 0
    endloop
  endfacet
  facet normal 0 0 -1
    outer loop
      vertex 91.07846858307819 -43.685882229283344 0
      vertex 90.94446939613333 -43.58650165908567 0
      vertex 91.07846858307819 43.685882229283344 0
    endloop
  endfacet
  facet normal 0 0 -1
    outer loop
      vertex 91.20208152801713 -43.79791847198287 0
      vertex 91.07846858307819 -43.685882229283344 0
      vertex 91.20208152801713 43.79791847198287 0
    endloop
  endfacet
  facet normal 0 0 -1
    outer loop
      vertex 91.20208152801713 -43.79791847198287 0
      vertex 91.31411777071665 43.9215314169218 0
      vertex 91.31411777071665 -43.9215314169218 0
    endloop
  endfacet
  facet normal 0 0 -1
    outer loop
      vertex 97.3 -52.3 0
      vertex 91.69181403534273 -45.16662913856025 0
      vertex 97.3 52.3 0
    endloop
  endfacet
  facet normal 0 0 -1
    outer loop
      vertex 97.3 52.3 0
      vertex 91.69181403534273 -45.16662913856025 0
      vertex 91.7 -45 0
    endloop
  endfacet
  facet normal 0 0 -1
    outer loop
      vertex 97.3 52.3 0
      vertex 91.7 -45 0
      vertex 91.69181403534273 -44.83337086143975 0
    endloop
  endfacet
  facet normal 0 0 -1
    outer loop
      vertex 97.3 52.3 0
      vertex 91.69181403534273 -44.83337086143975 0
      vertex 91.6673349766855 -44.668346452572585 0
    endloop
  endfacet
  facet normal 0 0 -1
    outer loop
      vertex 97.3 52.3 0
      vertex 91.6673349766855 -44.668346452572585 0
      vertex 91.62679857074475 -44.506516048667415 0
    endloop
  endfacet
  facet normal 0 0 -1
    outer loop
      vertex 97.3 52.3 0
      vertex 91.62679857074475 -44.506516048667415 0
      vertex 91.57059520526919 -44.34943816497935 0
    endloop
  endfacet
  facet normal 0 0 -1
    outer loop
      vertex 97.3 52.3 0
      vertex 91.57059520526919 -44.34943816497935 0
      vertex 91.4992661493922 -44.19862554739581 0
    endloop
  endfacet
  facet normal 0 0 -1
    outer loop
      vertex 97.3 52.3 0
      vertex 91.41349834091433 -44.05553060386668 0
      vertex 91.31411777071665 -43.9215314169218 0
    endloop
  endfacet
  facet normal 0 0 -1
    outer loop
      vertex 97.3 52.3 0
      vertex 91.4992661493922 -44.19862554739581 0
      vertex 91.41349834091433 -44.05553060386668 0
    endloop
  endfacet
  facet normal 0 0 1
    outer loop
      vertex 88.79791847198287 -43.79791847198287 3
      vertex 88.92153141692181 -43.685882229283344 3
      vertex 88.79791847198287 43.79791847198287 3
    endloop
  endfacet
  facet normal 0 0 1
    outer loop
      vertex 88.92153141692181 -43.685882229283344 3
      vertex 89.05553060386667 -43.58650165908567 3
      vertex 88.92153141692181 43.685882229283344 3
    endloop
  endfacet
  facet normal 0 0 1
    outer loop
      vertex 89.1986255473958 -43.500733850607794 3
      vertex 89.34943816497935 -43.429404794730814 3
      vertex 89.1986255473958 43.500733850607794 3
    endloop
  endfacet
  facet normal 0 0 1
    outer loop
      vertex 89.05553060386667 -43.58650165908567 3
      vertex 89.1986255473958 -43.500733850607794 3
      vertex 89.05553060386667 43.58650165908567 3
    endloop
  endfacet
  facet normal 0 0 1
    outer loop
      vertex 89.34943816497935 -43.429404794730814 3
      vertex 89.50651604866741 -43.373201429255246 3
      vertex 89.34943816497935 43.429404794730814 3
    endloop
  endfacet
  facet normal 0 0 1
    outer loop
      vertex 89.50651604866741 -43.373201429255246 3
      vertex 89.66834645257258 -43.33266502331451 3
      vertex 89.50651604866741 43.373201429255246 3
    endloop
  endfacet
  facet normal 0 0 1
    outer loop
      vertex 89.66834645257258 -43.33266502331451 3
      vertex 89.83337086143975 -43.30818596465726 3
      vertex 89.66834645257258 43.33266502331451 3
    endloop
  endfacet
  facet normal 0 0 1
    outer loop
      vertex 89.83337086143975 -43.30818596465726 3
      vertex 90 -43.3 3
      vertex 89.83337086143975 43.30818596465726 3
    endloop
  endfacet
  facet normal 0 0 1
    outer loop
      vertex 90.16662913856025 -43.30818596465726 3
      vertex 90.33165354742742 -43.33266502331451 3
      vertex 90.16662913856025 43.30818596465726 3
    endloop
  endfacet
  facet normal 0 0 1
    outer loop
      vertex 90 -43.3 3
      vertex 90.16662913856025 -43.30818596465726 3
      vertex 90 43.3 3
    endloop
  endfacet
  facet normal 0 0 1
    outer loop
      vertex 90.33165354742742 -43.33266502331451 3
      vertex 90.49348395133259 -43.373201429255246 3
      vertex 90.33165354742742 43.33266502331451 3
    endloop
  endfacet
  facet normal 0 0 1
    outer loop
      vertex 90.49348395133259 -43.373201429255246 3
      vertex 90.65056183502065 -43.429404794730814 3
      vertex 90.49348395133259 43.373201429255246 3
    endloop
  endfacet
  facet normal 0 0 1
    outer loop
      vertex 91.41349834091433 -44.05553060386668 3
      vertex 91.31411777071665 43.9215314169218 3
      vertex 91.31411777071665 -43.9215314169218 3
    endloop
  endfacet
  facet normal 0 0 1
    outer loop
      vertex 91.31411777071665 -43.9215314169218 3
      vertex 91.20208152801713 43.79791847198287 3
      vertex 91.20208152801713 -43.79791847198287 3
    endloop
  endfacet
  facet normal 0 0 1
    outer loop
      vertex 91.62679857074475 -44.506516048667415 3
      vertex 91.57059520526919 44.34943816497935 3
      vertex 91.57059520526919 -44.34943816497935 3
    endloop
  endfacet
  facet normal 0 0 1
    outer loop
      vertex 91.7 -45 3
      vertex 91.69181403534273 44.83337086143975 3
      vertex 91.69181403534273 -44.83337086143975 3
    endloop
  endfacet
  facet normal 0 0 1
    outer loop
      vertex 91.69181403534273 -44.83337086143975 3
      vertex 91.6673349766855 44.668346452572585 3
      vertex 91.6673349766855 -44.668346452572585 3
    endloop
  endfacet
  facet normal 0 0 1
    outer loop
      vertex 91.6673349766855 -44.668346452572585 3
      vertex 91.62679857074475 44.506516048667415 3
      vertex 91.62679857074475 -44.506516048667415 3
    endloop
  endfacet
  facet normal 0 0 1
    outer loop
      vertex 91.57059520526919 -44.34943816497935 3
      vertex 91.4992661493922 44.19862554739581 3
      vertex 91.4992661493922 -44.19862554739581 3
    endloop
  endfacet
  facet normal 0 0 1
    outer loop
      vertex 91.4992661493922 -44.19862554739581 3
      vertex 91.41349834091433 44.05553060386668 3
      vertex 91.41349834091433 -44.05553060386668 3
    endloop
  endfacet
  facet normal 0 0 1
    outer loop
      vertex 90.65056183502065 -43.429404794730814 3
      vertex 90.8013744526042 -43.500733850607794 3
      vertex 90.65056183502065 43.429404794730814 3
    endloop
  endfacet
  facet normal 0 0 1
    outer loop
      vertex 90.94446939613333 -43.58650165908567 3
      vertex 91.07846858307819 -43.685882229283344 3
      vertex 90.94446939613333 43.58650165908567 3
    endloop
  endfacet
  facet normal 0 0 1
    outer loop
      vertex 90.8013744526042 -43.500733850607794 3
      vertex 90.94446939613333 -43.58650165908567 3
      vertex 90.8013744526042 43.500733850607794 3
    endloop
  endfacet
  facet normal 0 0 1
    outer loop
      vertex 91.07846858307819 -43.685882229283344 3
      vertex 91.20208152801713 -43.79791847198287 3
      vertex 91.07846858307819 43.685882229283344 3
    endloop
  endfacet
  facet normal 0 0 1
    outer loop
      vertex 100 -55 3
      vertex 100 55 3
      vertex 91.7 -45 3
    endloop
  endfacet
  facet normal 0 0 -1
    outer loop
      vertex -97.3 -52.3 0
      vertex 88.5007338506078 44.19862554739581 0
      vertex 88.58650165908567 44.05553060386668 0
    endloop
  endfacet
  facet normal 0 0 -1
    outer loop
      vertex -97.3 -52.3 0
      vertex 88.42940479473081 44.34943816497935 0
      vertex 88.5007338506078 44.19862554739581 0
    endloop
  endfacet
  facet normal 0 0 -1
    outer loop
      vertex -97.3 -52.3 0
      vertex 88.37320142925525 44.506516048667415 0
      vertex 88.42940479473081 44.34943816497935 0
    endloop
  endfacet
  facet normal 0 0 -1
    outer loop
      vertex -97.3 -52.3 0
      vertex 88.3326650233145 44.668346452572585 0
      vertex 88.37320142925525 44.506516048667415 0
    endloop
  endfacet
  facet normal 0 0 -1
    outer loop
      vertex -97.3 -52.3 0
      vertex 88.30818596465727 44.83337086143975 0
      vertex 88.3326650233145 44.668346452572585 0
    endloop
  endfacet
  facet normal 0 0 -1
    outer loop
      vertex -97.3 -52.3 0
      vertex 88.3 45 0
      vertex 88.30818596465727 44.83337086143975 0
    endloop
  endfacet
  facet normal 0 0 -1
    outer loop
      vertex -97.3 -52.3 0
      vertex 88.30818596465727 45.16662913856025 0
      vertex 88.3 45 0
    endloop
  endfacet
  facet normal 0 0 -1
    outer loop
      vertex -97.3 -52.3 0
      vertex 88.3326650233145 45.331653547427415 0
      vertex 88.30818596465727 45.16662913856025 0
    endloop
  endfacet
  facet normal 0 0 -1
    outer loop
      vertex -97.3 -52.3 0
      vertex 88.37320142925525 45.493483951332585 0
      vertex 88.3326650233145 45.331653547427415 0
    endloop
  endfacet
  facet normal 0 0 -1
    outer loop
      vertex -97.3 -52.3 0
      vertex 88.42940479473081 45.65056183502065 0
      vertex 88.37320142925525 45.493483951332585 0
    endloop
  endfacet
  facet normal 0 0 -1
    outer loop
      vertex -97.3 -52.3 0
      vertex 88.5007338506078 45.80137445260419 0
      vertex 88.42940479473081 45.65056183502065 0
    endloop
  endfacet
  facet normal 0 0 -1
    outer loop
      vertex -97.3 -52.3 0
      vertex 88.58650165908567 45.94446939613332 0
      vertex 88.5007338506078 45.80137445260419 0
    endloop
  endfacet
  facet normal 0 0 -1
    outer loop
      vertex -97.3 -52.3 0
      vertex 88.68588222928335 46.0784685830782 0
      vertex 88.58650165908567 45.94446939613332 0
    endloop
  endfacet
  facet normal 0 0 -1
    outer loop
      vertex -97.3 -52.3 0
      vertex 88.79791847198287 46.20208152801713 0
      vertex 88.68588222928335 46.0784685830782 0
    endloop
  endfacet
  facet normal 0 0 -1
    outer loop
      vertex -97.3 -52.3 0
      vertex 88.92153141692181 46.314117770716656 0
      vertex 88.79791847198287 46.20208152801713 0
    endloop
  endfacet
  facet normal 0 0 -1
    outer loop
      vertex -97.3 -52.3 0
      vertex 89.05553060386667 46.41349834091433 0
      vertex 88.92153141692181 46.314117770716656 0
    endloop
  endfacet
  facet normal 0 0 -1
    outer loop
      vertex -97.3 -52.3 0
      vertex 89.1986255473958 46.499266149392206 0
      vertex 89.05553060386667 46.41349834091433 0
    endloop
  endfacet
  facet normal 0 0 -1
    outer loop
      vertex -97.3 -52.3 0
      vertex 97.3 52.3 0
      vertex 89.1986255473958 46.499266149392206 0
    endloop
  endfacet
  facet normal 0 0 1
    outer loop
      vertex -100 55 3
      vertex 88.79791847198287 -43.79791847198287 3
      vertex 88.79791847198287 43.79791847198287 3
    endloop
  endfacet
  facet normal 0 0 1
    outer loop
      vertex -100 55 3
      vertex 88.68588222928335 43.9215314169218 3
      vertex 88.58650165908567 44.05553060386668 3
    endloop
  endfacet
  facet normal 0 0 1
    outer loop
      vertex -100 55 3
      vertex 88.58650165908567 44.05553060386668 3
      vertex 88.5007338506078 44.19862554739581 3
    endloop
  endfacet
  facet normal 0 0 1
    outer loop
      vertex -100 55 3
      vertex 88.5007338506078 44.19862554739581 3
      vertex 88.42940479473081 44.34943816497935 3
    endloop
  endfacet
  facet normal 0 0 1
    outer loop
      vertex -100 55 3
      vertex 88.37320142925525 44.506516048667415 3
      vertex 88.3326650233145 44.668346452572585 3
    endloop
  endfacet
  facet normal 0 0 1
    outer loop
      vertex -100 55 3
      vertex 88.42940479473081 44.34943816497935 3
      vertex 88.37320142925525 44.506516048667415 3
    endloop
  endfacet
  facet normal 0 0 1
    outer loop
      vertex -100 55 3
      vertex 88.79791847198287 43.79791847198287 3
      vertex 88.68588222928335 43.9215314169218 3
    endloop
  endfacet
  facet normal 0 0 1
    outer loop
      vertex -100 55 3
      vertex 88.3326650233145 44.668346452572585 3
      vertex 88.30818596465727 44.83337086143975 3
    endloop
  endfacet
  facet normal 0 0 1
    outer loop
      vertex -100 55 3
      vertex 88.30818596465727 44.83337086143975 3
      vertex 88.3 45 3
    endloop
  endfacet
  facet normal 0 0 1
    outer loop
      vertex -100 55 3
      vertex 88.3 45 3
      vertex 88.30818596465727 45.16662913856025 3
    endloop
  endfacet
  facet normal 0 0 1
    outer loop
      vertex -100 55 3
      vertex 88.30818596465727 45.16662913856025 3
      vertex 88.3326650233145 45.331653547427415 3
    endloop
  endfacet
  facet normal 0 0 1
    outer loop
      vertex -100 55 3
      vertex 88.3326650233145 45.331653547427415 3
      vertex 88.37320142925525 45.493483951332585 3
    endloop
  endfacet
  facet normal 0 0 1
    outer loop
      vertex -100 55 3
      vertex 88.37320142925525 45.493483951332585 3
      vertex 88.42940479473081 45.65056183502065 3
    endloop
  endfacet
  facet normal 0 0 1
    outer loop
      vertex -100 55 3
      vertex 88.42940479473081 45.65056183502065 3
      vertex 88.5007338506078 45.80137445260419 3
    endloop
  endfacet
  facet normal 0 0 1
    outer loop
      vertex -100 55 3
      vertex 88.5007338506078 45.80137445260419 3
      vertex 88.58650165908567 45.94446939613332 3
    endloop
  endfacet
  facet normal 0 0 1
    outer loop
      vertex -100 55 3
      vertex 88.58650165908567 45.94446939613332 3
      vertex 88.68588222928335 46.0784685830782 3
    endloop
  endfacet
  facet normal 0 0 1
    outer loop
      vertex -100 55 3
      vertex 88.79791847198287 46.20208152801713 3
      vertex 88.92153141692181 46.314117770716656 3
    endloop
  endfacet
  facet normal 0 0 1
    outer loop
      vertex -100 55 3
      vertex 88.68588222928335 46.0784685830782 3
      vertex 88.79791847198287 46.20208152801713 3
    endloop
  endfacet
  facet normal 0 0 1
    outer loop
      vertex -100 55 3
      vertex 89.05553060386667 46.41349834091433 3
      vertex 89.1986255473958 46.499266149392206 3
    endloop
  endfacet
  facet normal 0 0 1
    outer loop
      vertex -100 55 3
      vertex 88.92153141692181 46.314117770716656 3
      vertex 89.05553060386667 46.41349834091433 3
    endloop
  endfacet
  facet normal 0 0 1
    outer loop
      vertex -100 55 3
      vertex 89.34943816497935 46.570595205269186 3
      vertex 89.50651604866741 46.626798570744754 3
    endloop
  endfacet
  facet normal 0 0 1
    outer loop
      vertex -100 55 3
      vertex 89.1986255473958 46.499266149392206 3
      vertex 89.34943816497935 46.570595205269186 3
    endloop
  endfacet
  facet normal 0 0 1
    outer loop
      vertex -100 55 3
      vertex 89.66834645257258 46.66733497668549 3
      vertex 89.83337086143975 46.69181403534274 3
    endloop
  endfacet
  facet normal 0 0 1
    outer loop
      vertex -100 55 3
      vertex 89.50651604866741 46.626798570744754 3
      vertex 89.66834645257258 46.66733497668549 3
    endloop
  endfacet
  facet normal 0 0 1
    outer loop
      vertex -100 55 3
      vertex 89.83337086143975 46.69181403534274 3
      vertex 90 46.7 3
    endloop
  endfacet
  facet normal 0 0 1
    outer loop
      vertex -100 55 3
      vertex 90 46.7 3
      vertex 100 55 3
    endloop
  endfacet
  facet normal 0 0 -1
    outer loop
      vertex 88.68588222928335 -43.9215314169218 0
      vertex 88.68588222928335 43.9215314169218 0
      vertex 88.79791847198287 43.79791847198287 0
    endloop
  endfacet
  facet normal 0 0 -1
    outer loop
      vertex 88.79791847198287 -43.79791847198287 0
      vertex 88.79791847198287 43.79791847198287 0
      vertex 88.92153141692181 43.685882229283344 0
    endloop
  endfacet
  facet normal 0 0 -1
    outer loop
      vertex 88.92153141692181 -43.685882229283344 0
      vertex 88.92153141692181 43.685882229283344 0
      vertex 89.05553060386667 43.58650165908567 0
    endloop
  endfacet
  facet normal 0 0 -1
    outer loop
      vertex 88.58650165908567 -44.05553060386668 0
      vertex 88.58650165908567 44.05553060386668 0
      vertex 88.68588222928335 43.9215314169218 0
    endloop
  endfacet
  facet normal 0 0 -1
    outer loop
      vertex 89.05553060386667 -43.58650165908567 0
      vertex 89.05553060386667 43.58650165908567 0
      vertex 89.1986255473958 43.500733850607794 0
    endloop
  endfacet
  facet normal 0 0 -1
    outer loop
      vertex 89.1986255473958 -43.500733850607794 0
      vertex 89.1986255473958 43.500733850607794 0
      vertex 89.34943816497935 43.429404794730814 0
    endloop
  endfacet
  facet normal 0 0 -1
    outer loop
      vertex 89.34943816497935 -43.429404794730814 0
      vertex 89.34943816497935 43.429404794730814 0
      vertex 89.50651604866741 43.373201429255246 0
    endloop
  endfacet
  facet normal 0 0 -1
    outer loop
      vertex 89.50651604866741 -43.373201429255246 0
      vertex 89.50651604866741 43.373201429255246 0
      vertex 89.66834645257258 43.33266502331451 0
    endloop
  endfacet
  facet normal 0 0 -1
    outer loop
      vertex 89.66834645257258 -43.33266502331451 0
      vertex 89.66834645257258 43.33266502331451 0
      vertex 89.83337086143975 43.30818596465726 0
    endloop
  endfacet
  facet normal 0 0 -1
    outer loop
      vertex 89.83337086143975 -43.30818596465726 0
      vertex 89.83337086143975 43.30818596465726 0
      vertex 90 43.3 0
    endloop
  endfacet
  facet normal 0 0 -1
    outer loop
      vertex 90 -43.3 0
      vertex 90 43.3 0
      vertex 90.16662913856025 43.30818596465726 0
    endloop
  endfacet
  facet normal 0 0 -1
    outer loop
      vertex 90.16662913856025 -43.30818596465726 0
      vertex 90.16662913856025 43.30818596465726 0
      vertex 90.33165354742742 43.33266502331451 0
    endloop
  endfacet
  facet normal 0 0 -1
    outer loop
      vertex 90.33165354742742 -43.33266502331451 0
      vertex 90.33165354742742 43.33266502331451 0
      vertex 90.49348395133259 43.373201429255246 0
    endloop
  endfacet
  facet normal 0 0 -1
    outer loop
      vertex 90.49348395133259 -43.373201429255246 0
      vertex 90.49348395133259 43.373201429255246 0
      vertex 90.65056183502065 43.429404794730814 0
    endloop
  endfacet
  facet normal 0 0 -1
    outer loop
      vertex 90.65056183502065 -43.429404794730814 0
      vertex 90.65056183502065 43.429404794730814 0
      vertex 90.8013744526042 43.500733850607794 0
    endloop
  endfacet
  facet normal 0 0 -1
    outer loop
      vertex 90.8013744526042 -43.500733850607794 0
      vertex 90.8013744526042 43.500733850607794 0
      vertex 90.94446939613333 43.58650165908567 0
    endloop
  endfacet
  facet normal 0 0 -1
    outer loop
      vertex 90.94446939613333 -43.58650165908567 0
      vertex 90.94446939613333 43.58650165908567 0
      vertex 91.07846858307819 43.685882229283344 0
    endloop
  endfacet
  facet normal 0 0 -1
    outer loop
      vertex 91.07846858307819 -43.685882229283344 0
      vertex 91.07846858307819 43.685882229283344 0
      vertex 91.20208152801713 43.79791847198287 0
    endloop
  endfacet
  facet normal 0 0 -1
    outer loop
      vertex 91.20208152801713 -43.79791847198287 0
      vertex 91.20208152801713 43.79791847198287 0
      vertex 91.31411777071665 43.9215314169218 0
    endloop
  endfacet
  facet normal 0 0 -1
    outer loop
      vertex 91.31411777071665 -43.9215314169218 0
      vertex 91.31411777071665 43.9215314169218 0
      vertex 91.41349834091433 44.05553060386668 0
    endloop
  endfacet
  facet normal 0 0 -1
    outer loop
      vertex 97.3 52.3 0
      vertex 91.31411777071665 -43.9215314169218 0
      vertex 91.41349834091433 44.05553060386668 0
    endloop
  endfacet
  facet normal 0 0 1
    outer loop
      vertex 89.05553060386667 -43.58650165908567 3
      vertex 89.05553060386667 43.58650165908567 3
      vertex 88.92153141692181 43.685882229283344 3
    endloop
  endfacet
  facet normal 0 0 1
    outer loop
      vertex 88.92153141692181 -43.685882229283344 3
      vertex 88.92153141692181 43.685882229283344 3
      vertex 88.79791847198287 43.79791847198287 3
    endloop
  endfacet
  facet normal 0 0 1
    outer loop
      vertex 89.1986255473958 -43.500733850607794 3
      vertex 89.1986255473958 43.500733850607794 3
      vertex 89.05553060386667 43.58650165908567 3
    endloop
  endfacet
  facet normal 0 0 1
    outer loop
      vertex 89.34943816497935 -43.429404794730814 3
      vertex 89.34943816497935 43.429404794730814 3
      vertex 89.1986255473958 43.500733850607794 3
    endloop
  endfacet
  facet normal 0 0 1
    outer loop
      vertex 89.66834645257258 -43.33266502331451 3
      vertex 89.66834645257258 43.33266502331451 3
      vertex 89.50651604866741 43.373201429255246 3
    endloop
  endfacet
  facet normal 0 0 1
    outer loop
      vertex 89.50651604866741 -43.373201429255246 3
      vertex 89.50651604866741 43.373201429255246 3
      vertex 89.34943816497935 43.429404794730814 3
    endloop
  endfacet
  facet normal 0 0 1
    outer loop
      vertex 89.83337086143975 -43.30818596465726 3
      vertex 89.83337086143975 43.30818596465726 3
      vertex 89.66834645257258 43.33266502331451 3
    endloop
  endfacet
  facet normal 0 0 1
    outer loop
      vertex 90 -43.3 3
      vertex 90 43.3 3
      vertex 89.83337086143975 43.30818596465726 3
    endloop
  endfacet
  facet normal 0 0 1
    outer loop
      vertex 90.16662913856025 -43.30818596465726 3
      vertex 90.16662913856025 43.30818596465726 3
      vertex 90 43.3 3
    endloop
  endfacet
  facet normal 0 0 1
    outer loop
      vertex 90.33165354742742 -43.33266502331451 3
      vertex 90.33165354742742 43.33266502331451 3
      vertex 90.16662913856025 43.30818596465726 3
    endloop
  endfacet
  facet normal 0 0 1
    outer loop
      vertex 90.65056183502065 -43.429404794730814 3
      vertex 90.65056183502065 43.429404794730814 3
      vertex 90.49348395133259 43.373201429255246 3
    endloop
  endfacet
  facet normal 0 0 1
    outer loop
      vertex 90.49348395133259 -43.373201429255246 3
      vertex 90.49348395133259 43.373201429255246 3
      vertex 90.33165354742742 43.33266502331451 3
    endloop
  endfacet
  facet normal 0 0 1
    outer loop
      vertex 90.8013744526042 -43.500733850607794 3
      vertex 90.8013744526042 43.500733850607794 3
      vertex 90.65056183502065 43.429404794730814 3
    endloop
  endfacet
  facet normal 0 0 1
    outer loop
      vertex 90.94446939613333 -43.58650165908567 3
      vertex 90.94446939613333 43.58650165908567 3
      vertex 90.8013744526042 43.500733850607794 3
    endloop
  endfacet
  facet normal 0 0 1
    outer loop
      vertex 91.20208152801713 -43.79791847198287 3
      vertex 91.20208152801713 43.79791847198287 3
      vertex 91.07846858307819 43.685882229283344 3
    endloop
  endfacet
  facet normal 0 0 1
    outer loop
      vertex 91.07846858307819 -43.685882229283344 3
      vertex 91.07846858307819 43.685882229283344 3
      vertex 90.94446939613333 43.58650165908567 3
    endloop
  endfacet
  facet normal 0 0 1
    outer loop
      vertex 91.31411777071665 -43.9215314169218 3
      vertex 91.31411777071665 43.9215314169218 3
      vertex 91.20208152801713 43.79791847198287 3
    endloop
  endfacet
  facet normal 0 0 1
    outer loop
      vertex 91.41349834091433 -44.05553060386668 3
      vertex 91.41349834091433 44.05553060386668 3
      vertex 91.31411777071665 43.9215314169218 3
    endloop
  endfacet
  facet normal 0 0 1
    outer loop
      vertex 91.4992661493922 -44.19862554739581 3
      vertex 91.4992661493922 44.19862554739581 3
      vertex 91.41349834091433 44.05553060386668 3
    endloop
  endfacet
  facet normal 0 0 1
    outer loop
      vertex 91.57059520526919 -44.34943816497935 3
      vertex 91.57059520526919 44.34943816497935 3
      vertex 91.4992661493922 44.19862554739581 3
    endloop
  endfacet
  facet normal 0 0 1
    outer loop
      vertex 91.62679857074475 -44.506516048667415 3
      vertex 91.62679857074475 44.506516048667415 3
      vertex 91.57059520526919 44.34943816497935 3
    endloop
  endfacet
  facet normal 0 0 1
    outer loop
      vertex 91.69181403534273 -44.83337086143975 3
      vertex 91.69181403534273 44.83337086143975 3
      vertex 91.6673349766855 44.668346452572585 3
    endloop
  endfacet
  facet normal 0 0 1
    outer loop
      vertex 91.6673349766855 -44.668346452572585 3
      vertex 91.6673349766855 44.668346452572585 3
      vertex 91.62679857074475 44.506516048667415 3
    endloop
  endfacet
  facet normal 0 0 1
    outer loop
      vertex 91.7 -45 3
      vertex 91.7 45 3
      vertex 91.69181403534273 44.83337086143975 3
    endloop
  endfacet
  facet normal 0 0 1
    outer loop
      vertex 100 55 3
      vertex 91.7 45 3
      vertex 91.7 -45 3
    endloop
  endfacet
  facet normal 0 0 -1
    outer loop
      vertex 97.3 52.3 0
      vertex 91.41349834091433 44.05553060386668 0
      vertex 91.4992661493922 44.19862554739581 0
    endloop
  endfacet
  facet normal 0 0 -1
    outer loop
      vertex 97.3 52.3 0
      vertex 91.4992661493922 44.19862554739581 0
      vertex 91.57059520526919 44.34943816497935 0
    endloop
  endfacet
  facet normal 0 0 -1
    outer loop
      vertex 97.3 52.3 0
      vertex 91.57059520526919 44.34943816497935 0
      vertex 91.62679857074475 44.506516048667415 0
    endloop
  endfacet
  facet normal 0 0 -1
    outer loop
      vertex 97.3 52.3 0
      vertex 91.62679857074475 44.506516048667415 0
      vertex 91.6673349766855 44.668346452572585 0
    endloop
  endfacet
  facet normal 0 0 -1
    outer loop
      vertex 97.3 52.3 0
      vertex 91.6673349766855 44.668346452572585 0
      vertex 91.69181403534273 44.83337086143975 0
    endloop
  endfacet
  facet normal 0 0 -1
    outer loop
      vertex 97.3 52.3 0
      vertex 91.69181403534273 44.83337086143975 0
      vertex 91.7 45 0
    endloop
  endfacet
  facet normal 0 0 -1
    outer loop
      vertex 97.3 52.3 0
      vertex 91.69181403534273 45.16662913856025 0
      vertex 91.6673349766855 45.331653547427415 0
    endloop
  endfacet
  facet normal 0 0 -1
    outer loop
      vertex 97.3 52.3 0
      vertex 91.7 45 0
      vertex 91.69181403534273 45.16662913856025 0
    endloop
  endfacet
  facet normal 0 0 -1
    outer loop
      vertex 97.3 52.3 0
      vertex 91.41349834091433 45.94446939613332 0
      vertex 91.31411777071665 46.0784685830782 0
    endloop
  endfacet
  facet normal 0 0 -1
    outer loop
      vertex 97.3 52.3 0
      vertex 91.6673349766855 45.331653547427415 0
      vertex 91.62679857074475 45.493483951332585 0
    endloop
  endfacet
  facet normal 0 0 -1
    outer loop
      vertex 97.3 52.3 0
      vertex 91.62679857074475 45.493483951332585 0
      vertex 91.57059520526919 45.65056183502065 0
    endloop
  endfacet
  facet normal 0 0 -1
    outer loop
      vertex 97.3 52.3 0
      vertex 91.57059520526919 45.65056183502065 0
      vertex 91.4992661493922 45.80137445260419 0
    endloop
  endfacet
  facet normal 0 0 -1
    outer loop
      vertex 97.3 52.3 0
      vertex 91.4992661493922 45.80137445260419 0
      vertex 91.41349834091433 45.94446939613332 0
    endloop
  endfacet
  facet normal 0 0 -1
    outer loop
      vertex 97.3 52.3 0
      vertex 89.34943816497935 46.570595205269186 0
      vertex 89.1986255473958 46.499266149392206 0
    endloop
  endfacet
  facet normal 0 0 -1
    outer loop
      vertex 97.3 52.3 0
      vertex 89.66834645257258 46.66733497668549 0
      vertex 89.50651604866741 46.626798570744754 0
    endloop
  endfacet
  facet normal 0 0 -1
    outer loop
      vertex 97.3 52.3 0
      vertex 89.50651604866741 46.626798570744754 0
      vertex 89.34943816497935 46.570595205269186 0
    endloop
  endfacet
  facet normal 0 0 -1
    outer loop
      vertex 97.3 52.3 0
      vertex 89.83337086143975 46.69181403534274 0
      vertex 89.66834645257258 46.66733497668549 0
    endloop
  endfacet
  facet normal 0 0 -1
    outer loop
      vertex 97.3 52.3 0
      vertex 90.49348395133259 46.626798570744754 0
      vertex 90.33165354742742 46.66733497668549 0
    endloop
  endfacet
  facet normal 0 0 -1
    outer loop
      vertex 97.3 52.3 0
      vertex 90.33165354742742 46.66733497668549 0
      vertex 90.16662913856025 46.69181403534274 0
    endloop
  endfacet
  facet normal 0 0 -1
    outer loop
      vertex 97.3 52.3 0
      vertex 90.8013744526042 46.499266149392206 0
      vertex 90.65056183502065 46.570595205269186 0
    endloop
  endfacet
  facet normal 0 0 -1
    outer loop
      vertex 97.3 52.3 0
      vertex 90.65056183502065 46.570595205269186 0
      vertex 90.49348395133259 46.626798570744754 0
    endloop
  endfacet
  facet normal 0 0 -1
    outer loop
      vertex 97.3 52.3 0
      vertex 90 46.7 0
      vertex 89.83337086143975 46.69181403534274 0
    endloop
  endfacet
  facet normal 0 0 -1
    outer loop
      vertex 97.3 52.3 0
      vertex 90.16662913856025 46.69181403534274 0
      vertex 90 46.7 0
    endloop
  endfacet
  facet normal 0 0 -1
    outer loop
      vertex 97.3 52.3 0
      vertex 91.31411777071665 46.0784685830782 0
      vertex 91.20208152801713 46.20208152801713 0
    endloop
  endfacet
  facet normal 0 0 -1
    outer loop
      vertex 97.3 52.3 0
      vertex 91.20208152801713 46.20208152801713 0
      vertex 91.07846858307819 46.314117770716656 0
    endloop
  endfacet
  facet normal 0 0 -1
    outer loop
      vertex 97.3 52.3 0
      vertex 91.07846858307819 46.314117770716656 0
      vertex 90.94446939613333 46.41349834091433 0
    endloop
  endfacet
  facet normal 0 0 -1
    outer loop
      vertex 97.3 52.3 0
      vertex 90.94446939613333 46.41349834091433 0
      vertex 90.8013744526042 46.499266149392206 0
    endloop
  endfacet
  facet normal 0 0 1
    outer loop
      vertex 100 55 3
      vertex 90.49348395133259 46.626798570744754 3
      vertex 90.65056183502065 46.570595205269186 3
    endloop
  endfacet
  facet normal 0 0 1
    outer loop
      vertex 100 55 3
      vertex 90.16662913856025 46.69181403534274 3
      vertex 90.33165354742742 46.66733497668549 3
    endloop
  endfacet
  facet normal 0 0 1
    outer loop
      vertex 100 55 3
      vertex 90 46.7 3
      vertex 90.16662913856025 46.69181403534274 3
    endloop
  endfacet
  facet normal 0 0 1
    outer loop
      vertex 100 55 3
      vertex 90.33165354742742 46.66733497668549 3
      vertex 90.49348395133259 46.626798570744754 3
    endloop
  endfacet
  facet normal 0 0 1
    outer loop
      vertex 100 55 3
      vertex 91.69181403534273 45.16662913856025 3
      vertex 91.7 45 3
    endloop
  endfacet
  facet normal 0 0 1
    outer loop
      vertex 100 55 3
      vertex 91.6673349766855 45.331653547427415 3
      vertex 91.69181403534273 45.16662913856025 3
    endloop
  endfacet
  facet normal 0 0 1
    outer loop
      vertex 100 55 3
      vertex 91.62679857074475 45.493483951332585 3
      vertex 91.6673349766855 45.331653547427415 3
    endloop
  endfacet
  facet normal 0 0 1
    outer loop
      vertex 100 55 3
      vertex 91.57059520526919 45.65056183502065 3
      vertex 91.62679857074475 45.493483951332585 3
    endloop
  endfacet
  facet normal 0 0 1
    outer loop
      vertex 100 55 3
      vertex 91.41349834091433 45.94446939613332 3
      vertex 91.4992661493922 45.80137445260419 3
    endloop
  endfacet
  facet normal 0 0 1
    outer loop
      vertex 100 55 3
      vertex 91.4992661493922 45.80137445260419 3
      vertex 91.57059520526919 45.65056183502065 3
    endloop
  endfacet
  facet normal 0 0 1
    outer loop
      vertex 100 55 3
      vertex 91.07846858307819 46.314117770716656 3
      vertex 91.20208152801713 46.20208152801713 3
    endloop
  endfacet
  facet normal 0 0 1
    outer loop
      vertex 100 55 3
      vertex 90.8013744526042 46.499266149392206 3
      vertex 90.94446939613333 46.41349834091433 3
    endloop
  endfacet
  facet normal 0 0 1
    outer loop
      vertex 100 55 3
      vertex 90.65056183502065 46.570595205269186 3
      vertex 90.8013744526042 46.499266149392206 3
    endloop
  endfacet
  facet normal 0 0 1
    outer loop
      vertex 100 55 3
      vertex 90.94446939613333 46.41349834091433 3
      vertex 91.07846858307819 46.314117770716656 3
    endloop
  endfacet
  facet normal 0 0 1
    outer loop
      vertex 100 55 3
      vertex 91.31411777071665 46.0784685830782 3
      vertex 91.41349834091433 45.94446939613332 3
    endloop
  endfacet
  facet normal 0 0 1
    outer loop
      vertex 100 55 3
      vertex 91.20208152801713 46.20208152801713 3
      vertex 91.31411777071665 46.0784685830782 3
    endloop
  endfacet
  facet normal 0.5141027441931966 0.8577286100002872 0
    outer loop
      vertex -90.94446939613333 -46.41349834091433 3
      vertex -90.8013744526042 -46.499266149392206 0
      vertex -90.94446939613333 -46.41349834091433 0
    endloop
  endfacet
  facet normal 0.4275550934302701 0.9039892931234489 0
    outer loop
      vertex -90.8013744526042 -46.499266149392206 3
      vertex -90.65056183502065 -46.570595205269186 0
      vertex -90.8013744526042 -46.499266149392206 0
    endloop
  endfacet
  facet normal 0.8577286100002947 0.514102744193184 0
    outer loop
      vertex -91.4992661493922 -45.80137445260419 3
      vertex -91.41349834091433 -45.94446939613332 0
      vertex -91.4992661493922 -45.80137445260419 0
    endloop
  endfacet
  facet normal 0.9039892931234327 0.427555093430305 0
    outer loop
      vertex -91.57059520526919 -45.65056183502065 3
      vertex -91.4992661493922 -45.80137445260419 0
      vertex -91.57059520526919 -45.65056183502065 0
    endloop
  endfacet
  facet normal 0.5956993044924649 0.8032075314806215 0
    outer loop
      vertex -91.07846858307819 -46.314117770716656 3
      vertex -90.94446939613333 -46.41349834091433 0
      vertex -91.07846858307819 -46.314117770716656 0
    endloop
  endfacet
  facet normal 0.6715589548470033 0.7409511253549725 0
    outer loop
      vertex -91.20208152801713 -46.20208152801713 3
      vertex -91.07846858307819 -46.314117770716656 0
      vertex -91.20208152801713 -46.20208152801713 0
    endloop
  endfacet
  facet normal 0.7409511253549746 0.6715589548470013 0
    outer loop
      vertex -91.31411777071665 -46.0784685830782 3
      vertex -91.20208152801713 -46.20208152801713 0
      vertex -91.31411777071665 -46.0784685830782 0
    endloop
  endfacet
  facet normal 0.8032075314806315 0.5956993044924517 0
    outer loop
      vertex -91.41349834091433 -45.94446939613332 3
      vertex -91.31411777071665 -46.0784685830782 0
      vertex -91.41349834091433 -45.94446939613332 0
    endloop
  endfacet
  facet normal 0.9415440651830208 0.3368898533922203 0
    outer loop
      vertex -91.62679857074475 -45.493483951332585 3
      vertex -91.57059520526919 -45.65056183502065 0
      vertex -91.62679857074475 -45.493483951332585 0
    endloop
  endfacet
  facet normal 0.9700312531945379 0.24298017990328882 0
    outer loop
      vertex -91.6673349766855 -45.331653547427415 3
      vertex -91.62679857074475 -45.493483951332585 0
      vertex -91.6673349766855 -45.331653547427415 0
    endloop
  endfacet
  facet normal 0.9891765099647873 0.14673047445531834 0
    outer loop
      vertex -91.69181403534273 -45.16662913856025 3
      vertex -91.6673349766855 -45.331653547427415 0
      vertex -91.69181403534273 -45.16662913856025 0
    endloop
  endfacet
  facet normal 0.9987954562051703 0.049067674327460356 0
    outer loop
      vertex -91.7 -45 3
      vertex -91.69181403534273 -45.16662913856025 0
      vertex -91.7 -45 0
    endloop
  endfacet
  facet normal 0.9987954562051703 -0.049067674327460356 0
    outer loop
      vertex -91.69181403534273 -44.83337086143975 3
      vertex -91.7 -45 0
      vertex -91.69181403534273 -44.83337086143975 0
    endloop
  endfacet
  facet normal 0.9891765099647873 -0.14673047445531834 0
    outer loop
      vertex -91.6673349766855 -44.668346452572585 3
      vertex -91.69181403534273 -44.83337086143975 0
      vertex -91.6673349766855 -44.668346452572585 0
    endloop
  endfacet
  facet normal 0.24298017990324872 0.9700312531945477 0
    outer loop
      vertex -90.49348395133259 -46.626798570744754 3
      vertex -90.33165354742742 -46.66733497668549 0
      vertex -90.49348395133259 -46.626798570744754 0
    endloop
  endfacet
  facet normal 0.1467304744553955 0.989176509964776 0
    outer loop
      vertex -90.33165354742742 -46.66733497668549 3
      vertex -90.16662913856025 -46.69181403534274 0
      vertex -90.33165354742742 -46.66733497668549 0
    endloop
  endfacet
  facet normal 0.33688985339223376 0.9415440651830158 0
    outer loop
      vertex -90.65056183502065 -46.570595205269186 3
      vertex -90.49348395133259 -46.626798570744754 0
      vertex -90.65056183502065 -46.570595205269186 0
    endloop
  endfacet
  facet normal 0.049067674327417876 0.9987954562051725 0
    outer loop
      vertex -90.16662913856025 -46.69181403534274 3
      vertex -90 -46.7 0
      vertex -90.16662913856025 -46.69181403534274 0
    endloop
  endfacet
  facet normal -0.049067674327417876 0.9987954562051725 0
    outer loop
      vertex -90 -46.7 3
      vertex -89.83337086143975 -46.69181403534274 0
      vertex -90 -46.7 0
    endloop
  endfacet
  facet normal -0.1467304744553955 0.989176509964776 0
    outer loop
      vertex -89.83337086143975 -46.69181403534274 3
      vertex -89.66834645257258 -46.66733497668549 0
      vertex -89.83337086143975 -46.69181403534274 0
    endloop
  endfacet
  facet normal -0.24298017990324872 0.9700312531945477 0
    outer loop
      vertex -89.66834645257258 -46.66733497668549 3
      vertex -89.50651604866741 -46.626798570744754 0
      vertex -89.66834645257258 -46.66733497668549 0
    endloop
  endfacet
  facet normal -0.33688985339223376 0.9415440651830158 0
    outer loop
      vertex -89.50651604866741 -46.626798570744754 3
      vertex -89.34943816497935 -46.570595205269186 0
      vertex -89.50651604866741 -46.626798570744754 0
    endloop
  endfacet
  facet normal -0.4275550934302701 0.9039892931234489 0
    outer loop
      vertex -89.34943816497935 -46.570595205269186 3
      vertex -89.1986255473958 -46.499266149392206 0
      vertex -89.34943816497935 -46.570595205269186 0
    endloop
  endfacet
  facet normal -0.5141027441931966 0.8577286100002872 0
    outer loop
      vertex -89.1986255473958 -46.499266149392206 3
      vertex -89.05553060386667 -46.41349834091433 0
      vertex -89.1986255473958 -46.499266149392206 0
    endloop
  endfacet
  facet normal -0.5956993044924649 0.8032075314806215 0
    outer loop
      vertex -89.05553060386667 -46.41349834091433 3
      vertex -88.92153141692181 -46.314117770716656 0
      vertex -89.05553060386667 -46.41349834091433 0
    endloop
  endfacet
  facet normal -0.6715589548470033 0.7409511253549725 0
    outer loop
      vertex -88.92153141692181 -46.314117770716656 3
      vertex -88.79791847198287 -46.20208152801713 0
      vertex -88.92153141692181 -46.314117770716656 0
    endloop
  endfacet
  facet normal -0.7409511253549746 0.6715589548470013 0
    outer loop
      vertex -88.79791847198287 -46.20208152801713 0
      vertex -88.79791847198287 -46.20208152801713 3
      vertex -88.68588222928335 -46.0784685830782 0
    endloop
  endfacet
  facet normal -0.8032075314806315 0.5956993044924517 0
    outer loop
      vertex -88.68588222928335 -46.0784685830782 3
      vertex -88.58650165908567 -45.94446939613332 0
      vertex -88.68588222928335 -46.0784685830782 0
    endloop
  endfacet
  facet normal -0.8577286100002947 0.514102744193184 0
    outer loop
      vertex -88.58650165908567 -45.94446939613332 3
      vertex -88.5007338506078 -45.80137445260419 0
      vertex -88.58650165908567 -45.94446939613332 0
    endloop
  endfacet
  facet normal -0.9039892931234327 0.427555093430305 0
    outer loop
      vertex -88.5007338506078 -45.80137445260419 3
      vertex -88.42940479473081 -45.65056183502065 0
      vertex -88.5007338506078 -45.80137445260419 0
    endloop
  endfacet
  facet normal -0.9415440651830208 0.3368898533922203 0
    outer loop
      vertex -88.42940479473081 -45.65056183502065 3
      vertex -88.37320142925525 -45.493483951332585 0
      vertex -88.42940479473081 -45.65056183502065 0
    endloop
  endfacet
  facet normal -0.9700312531945379 0.24298017990328882 0
    outer loop
      vertex -88.37320142925525 -45.493483951332585 3
      vertex -88.3326650233145 -45.331653547427415 0
      vertex -88.37320142925525 -45.493483951332585 0
    endloop
  endfacet
  facet normal -0.9891765099647873 0.14673047445531834 0
    outer loop
      vertex -88.3326650233145 -45.331653547427415 3
      vertex -88.30818596465727 -45.16662913856025 0
      vertex -88.3326650233145 -45.331653547427415 0
    endloop
  endfacet
  facet normal -0.9987954562051703 0.049067674327460356 0
    outer loop
      vertex -88.30818596465727 -45.16662913856025 3
      vertex -88.3 -45 0
      vertex -88.30818596465727 -45.16662913856025 0
    endloop
  endfacet
  facet normal -0.9987954562051703 -0.049067674327460356 0
    outer loop
      vertex -88.3 -45 3
      vertex -88.30818596465727 -44.83337086143975 0
      vertex -88.3 -45 0
    endloop
  endfacet
  facet normal -0.9891765099647873 -0.14673047445531834 0
    outer loop
      vertex -88.30818596465727 -44.83337086143975 3
      vertex -88.3326650233145 -44.668346452572585 0
      vertex -88.30818596465727 -44.83337086143975 0
    endloop
  endfacet
  facet normal 0.9700312531945379 -0.24298017990328882 0
    outer loop
      vertex -91.62679857074475 -44.506516048667415 3
      vertex -91.6673349766855 -44.668346452572585 0
      vertex -91.62679857074475 -44.506516048667415 0
    endloop
  endfacet
  facet normal 0.9415440651830208 -0.3368898533922203 0
    outer loop
      vertex -91.57059520526919 -44.34943816497935 3
      vertex -91.62679857074475 -44.506516048667415 0
      vertex -91.57059520526919 -44.34943816497935 0
    endloop
  endfacet
  facet normal 0.9039892931234327 -0.427555093430305 0
    outer loop
      vertex -91.4992661493922 -44.19862554739581 3
      vertex -91.57059520526919 -44.34943816497935 0
      vertex -91.4992661493922 -44.19862554739581 0
    endloop
  endfacet
  facet normal 0.8577286100002947 -0.514102744193184 0
    outer loop
      vertex -91.41349834091433 -44.05553060386668 3
      vertex -91.4992661493922 -44.19862554739581 0
      vertex -91.41349834091433 -44.05553060386668 0
    endloop
  endfacet
  facet normal 0.8032075314806315 -0.5956993044924517 0
    outer loop
      vertex -91.31411777071665 -43.9215314169218 3
      vertex -91.41349834091433 -44.05553060386668 0
      vertex -91.31411777071665 -43.9215314169218 0
    endloop
  endfacet
  facet normal 0.7409511253549746 -0.6715589548470013 0
    outer loop
      vertex -91.20208152801713 -43.79791847198287 3
      vertex -91.31411777071665 -43.9215314169218 0
      vertex -91.20208152801713 -43.79791847198287 0
    endloop
  endfacet
  facet normal 0.6715589548470033 -0.7409511253549725 0
    outer loop
      vertex -91.07846858307819 -43.685882229283344 3
      vertex -91.20208152801713 -43.79791847198287 0
      vertex -91.07846858307819 -43.685882229283344 0
    endloop
  endfacet
  facet normal 0.5956993044924649 -0.8032075314806215 0
    outer loop
      vertex -90.94446939613333 -43.58650165908567 3
      vertex -91.07846858307819 -43.685882229283344 0
      vertex -90.94446939613333 -43.58650165908567 0
    endloop
  endfacet
  facet normal 0.5141027441931966 -0.8577286100002872 0
    outer loop
      vertex -90.8013744526042 -43.500733850607794 3
      vertex -90.94446939613333 -43.58650165908567 0
      vertex -90.8013744526042 -43.500733850607794 0
    endloop
  endfacet
  facet normal 0.4275550934302701 -0.9039892931234489 0
    outer loop
      vertex -90.65056183502065 -43.429404794730814 3
      vertex -90.8013744526042 -43.500733850607794 0
      vertex -90.65056183502065 -43.429404794730814 0
    endloop
  endfacet
  facet normal 0.33688985339223376 -0.9415440651830158 0
    outer loop
      vertex -90.49348395133259 -43.373201429255246 3
      vertex -90.65056183502065 -43.429404794730814 0
      vertex -90.49348395133259 -43.373201429255246 0
    endloop
  endfacet
  facet normal 0.24298017990324872 -0.9700312531945477 0
    outer loop
      vertex -90.33165354742742 -43.33266502331451 3
      vertex -90.49348395133259 -43.373201429255246 0
      vertex -90.33165354742742 -43.33266502331451 0
    endloop
  endfacet
  facet normal 0.1467304744553955 -0.989176509964776 0
    outer loop
      vertex -90.16662913856025 -43.30818596465726 3
      vertex -90.33165354742742 -43.33266502331451 0
      vertex -90.16662913856025 -43.30818596465726 0
    endloop
  endfacet
  facet normal 0.049067674327417876 -0.9987954562051725 0
    outer loop
      vertex -90 -43.3 3
      vertex -90.16662913856025 -43.30818596465726 0
      vertex -90 -43.3 0
    endloop
  endfacet
  facet normal -0.049067674327417876 -0.9987954562051725 0
    outer loop
      vertex -89.83337086143975 -43.30818596465726 3
      vertex -90 -43.3 0
      vertex -89.83337086143975 -43.30818596465726 0
    endloop
  endfacet
  facet normal -0.33688985339223376 -0.9415440651830158 0
    outer loop
      vertex -89.34943816497935 -43.429404794730814 3
      vertex -89.50651604866741 -43.373201429255246 0
      vertex -89.34943816497935 -43.429404794730814 0
    endloop
  endfacet
  facet normal -0.5141027441931966 -0.8577286100002872 0
    outer loop
      vertex -89.05553060386667 -43.58650165908567 3
      vertex -89.1986255473958 -43.500733850607794 0
      vertex -89.05553060386667 -43.58650165908567 0
    endloop
  endfacet
  facet normal -0.4275550934302701 -0.9039892931234489 0
    outer loop
      vertex -89.1986255473958 -43.500733850607794 3
      vertex -89.34943816497935 -43.429404794730814 0
      vertex -89.1986255473958 -43.500733850607794 0
    endloop
  endfacet
  facet normal -0.1467304744553955 -0.989176509964776 0
    outer loop
      vertex -89.66834645257258 -43.33266502331451 3
      vertex -89.83337086143975 -43.30818596465726 0
      vertex -89.66834645257258 -43.33266502331451 0
    endloop
  endfacet
  facet normal -0.24298017990324872 -0.9700312531945477 0
    outer loop
      vertex -89.50651604866741 -43.373201429255246 3
      vertex -89.66834645257258 -43.33266502331451 0
      vertex -89.50651604866741 -43.373201429255246 0
    endloop
  endfacet
  facet normal -0.9700312531945379 -0.24298017990328882 0
    outer loop
      vertex -88.3326650233145 -44.668346452572585 3
      vertex -88.37320142925525 -44.506516048667415 0
      vertex -88.3326650233145 -44.668346452572585 0
    endloop
  endfacet
  facet normal -0.9415440651830208 -0.3368898533922203 0
    outer loop
      vertex -88.37320142925525 -44.506516048667415 3
      vertex -88.42940479473081 -44.34943816497935 0
      vertex -88.37320142925525 -44.506516048667415 0
    endloop
  endfacet
  facet normal -0.9039892931234327 -0.427555093430305 0
    outer loop
      vertex -88.42940479473081 -44.34943816497935 3
      vertex -88.5007338506078 -44.19862554739581 0
      vertex -88.42940479473081 -44.34943816497935 0
    endloop
  endfacet
  facet normal -0.7409511253549746 -0.6715589548470013 0
    outer loop
      vertex -88.68588222928335 -43.9215314169218 3
      vertex -88.79791847198287 -43.79791847198287 0
      vertex -88.68588222928335 -43.9215314169218 0
    endloop
  endfacet
  facet normal -0.8577286100002947 -0.514102744193184 0
    outer loop
      vertex -88.5007338506078 -44.19862554739581 3
      vertex -88.58650165908567 -44.05553060386668 0
      vertex -88.5007338506078 -44.19862554739581 0
    endloop
  endfacet
  facet normal -0.8032075314806315 -0.5956993044924517 0
    outer loop
      vertex -88.58650165908567 -44.05553060386668 3
      vertex -88.68588222928335 -43.9215314169218 0
      vertex -88.58650165908567 -44.05553060386668 0
    endloop
  endfacet
  facet normal -0.5956993044924649 -0.8032075314806215 0
    outer loop
      vertex -88.92153141692181 -43.685882229283344 3
      vertex -89.05553060386667 -43.58650165908567 0
      vertex -88.92153141692181 -43.685882229283344 0
    endloop
  endfacet
  facet normal -0.6715589548470033 -0.7409511253549725 0
    outer loop
      vertex -88.79791847198287 -43.79791847198287 3
      vertex -88.92153141692181 -43.685882229283344 0
      vertex -88.79791847198287 -43.79791847198287 0
    endloop
  endfacet
  facet normal 0.5141027441931966 0.8577286100002872 0
    outer loop
      vertex -90.8013744526042 -46.499266149392206 3
      vertex -90.8013744526042 -46.499266149392206 0
      vertex -90.94446939613333 -46.41349834091433 3
    endloop
  endfacet
  facet normal 0.4275550934302701 0.9039892931234489 0
    outer loop
      vertex -90.65056183502065 -46.570595205269186 3
      vertex -90.65056183502065 -46.570595205269186 0
      vertex -90.8013744526042 -46.499266149392206 3
    endloop
  endfacet
  facet normal 0.8577286100002947 0.514102744193184 -1.6657108913064952e-18
    outer loop
      vertex -91.4992661493922 -45.80137445260419 3
      vertex -91.41349834091433 -45.94446939613332 3
      vertex -91.41349834091433 -45.94446939613332 0
    endloop
  endfacet
  facet normal 0.9039892931234327 0.427555093430305 -1.7288035878002656e-18
    outer loop
      vertex -91.57059520526919 -45.65056183502065 3
      vertex -91.4992661493922 -45.80137445260419 3
      vertex -91.4992661493922 -45.80137445260419 0
    endloop
  endfacet
  facet normal 0.9415440651830208 0.3368898533922203 -7.003320056386203e-19
    outer loop
      vertex -91.62679857074475 -45.493483951332585 3
      vertex -91.57059520526919 -45.65056183502065 3
      vertex -91.57059520526919 -45.65056183502065 0
    endloop
  endfacet
  facet normal 0.6715589548470033 0.7409511253549725 0
    outer loop
      vertex -91.07846858307819 -46.314117770716656 3
      vertex -91.07846858307819 -46.314117770716656 0
      vertex -91.20208152801713 -46.20208152801713 3
    endloop
  endfacet
  facet normal 0.7409511253549746 0.6715589548470013 -6.435454279346174e-19
    outer loop
      vertex -91.31411777071665 -46.0784685830782 3
      vertex -91.20208152801713 -46.20208152801713 3
      vertex -91.20208152801713 -46.20208152801713 0
    endloop
  endfacet
  facet normal 0.8032075314806315 0.5956993044924517 1.0265976486793666e-18
    outer loop
      vertex -91.41349834091433 -45.94446939613332 3
      vertex -91.31411777071665 -46.0784685830782 3
      vertex -91.31411777071665 -46.0784685830782 0
    endloop
  endfacet
  facet normal 0.5956993044924649 0.8032075314806215 0
    outer loop
      vertex -90.94446939613333 -46.41349834091433 3
      vertex -90.94446939613333 -46.41349834091433 0
      vertex -91.07846858307819 -46.314117770716656 3
    endloop
  endfacet
  facet normal 0.9700312531945379 0.24298017990328882 2.9760857652355154e-19
    outer loop
      vertex -91.6673349766855 -45.331653547427415 3
      vertex -91.62679857074475 -45.493483951332585 3
      vertex -91.62679857074475 -45.493483951332585 0
    endloop
  endfacet
  facet normal 0.9891765099647873 0.14673047445531834 -3.9190667451270666e-19
    outer loop
      vertex -91.69181403534273 -45.16662913856025 3
      vertex -91.6673349766855 -45.331653547427415 3
      vertex -91.6673349766855 -45.331653547427415 0
    endloop
  endfacet
  facet normal 0.9987954562051703 0.049067674327460356 -1.1272802633064568e-19
    outer loop
      vertex -91.7 -45 3
      vertex -91.69181403534273 -45.16662913856025 3
      vertex -91.69181403534273 -45.16662913856025 0
    endloop
  endfacet
  facet normal 0.9987954562051703 -0.049067674327460356 1.1272802633064568e-19
    outer loop
      vertex -91.69181403534273 -44.83337086143975 3
      vertex -91.7 -45 3
      vertex -91.7 -45 0
    endloop
  endfacet
  facet normal 0.9891765099647873 -0.14673047445531834 3.9190667451270666e-19
    outer loop
      vertex -91.6673349766855 -44.668346452572585 3
      vertex -91.69181403534273 -44.83337086143975 3
      vertex -91.69181403534273 -44.83337086143975 0
    endloop
  endfacet
  facet normal 0.24298017990324872 0.9700312531945477 0
    outer loop
      vertex -90.33165354742742 -46.66733497668549 3
      vertex -90.33165354742742 -46.66733497668549 0
      vertex -90.49348395133259 -46.626798570744754 3
    endloop
  endfacet
  facet normal 0.33688985339223376 0.9415440651830158 0
    outer loop
      vertex -90.49348395133259 -46.626798570744754 3
      vertex -90.49348395133259 -46.626798570744754 0
      vertex -90.65056183502065 -46.570595205269186 3
    endloop
  endfacet
  facet normal 0.1467304744553955 0.989176509964776 0
    outer loop
      vertex -90.16662913856025 -46.69181403534274 3
      vertex -90.16662913856025 -46.69181403534274 0
      vertex -90.33165354742742 -46.66733497668549 3
    endloop
  endfacet
  facet normal 0.049067674327417876 0.9987954562051725 0
    outer loop
      vertex -90 -46.7 3
      vertex -90 -46.7 0
      vertex -90.16662913856025 -46.69181403534274 3
    endloop
  endfacet
  facet normal -0.049067674327417876 0.9987954562051725 0
    outer loop
      vertex -89.83337086143975 -46.69181403534274 3
      vertex -89.83337086143975 -46.69181403534274 0
      vertex -90 -46.7 3
    endloop
  endfacet
  facet normal -0.1467304744553955 0.989176509964776 0
    outer loop
      vertex -89.66834645257258 -46.66733497668549 3
      vertex -89.66834645257258 -46.66733497668549 0
      vertex -89.83337086143975 -46.69181403534274 3
    endloop
  endfacet
  facet normal -0.24298017990324872 0.9700312531945477 0
    outer loop
      vertex -89.50651604866741 -46.626798570744754 3
      vertex -89.50651604866741 -46.626798570744754 0
      vertex -89.66834645257258 -46.66733497668549 3
    endloop
  endfacet
  facet normal -0.33688985339223376 0.9415440651830158 0
    outer loop
      vertex -89.34943816497935 -46.570595205269186 3
      vertex -89.34943816497935 -46.570595205269186 0
      vertex -89.50651604866741 -46.626798570744754 3
    endloop
  endfacet
  facet normal -0.4275550934302701 0.9039892931234489 0
    outer loop
      vertex -89.1986255473958 -46.499266149392206 3
      vertex -89.1986255473958 -46.499266149392206 0
      vertex -89.34943816497935 -46.570595205269186 3
    endloop
  endfacet
  facet normal -0.5141027441931966 0.8577286100002872 0
    outer loop
      vertex -89.05553060386667 -46.41349834091433 3
      vertex -89.05553060386667 -46.41349834091433 0
      vertex -89.1986255473958 -46.499266149392206 3
    endloop
  endfacet
  facet normal -0.5956993044924649 0.8032075314806215 0
    outer loop
      vertex -88.92153141692181 -46.314117770716656 3
      vertex -88.92153141692181 -46.314117770716656 0
      vertex -89.05553060386667 -46.41349834091433 3
    endloop
  endfacet
  facet normal -0.6715589548470033 0.7409511253549725 0
    outer loop
      vertex -88.79791847198287 -46.20208152801713 3
      vertex -88.79791847198287 -46.20208152801713 0
      vertex -88.92153141692181 -46.314117770716656 3
    endloop
  endfacet
  facet normal -0.7409511253549746 0.6715589548470013 6.435454279346174e-19
    outer loop
      vertex -88.79791847198287 -46.20208152801713 3
      vertex -88.68588222928335 -46.0784685830782 3
      vertex -88.68588222928335 -46.0784685830782 0
    endloop
  endfacet
  facet normal -0.8032075314806315 0.5956993044924517 -1.0265976486793666e-18
    outer loop
      vertex -88.68588222928335 -46.0784685830782 3
      vertex -88.58650165908567 -45.94446939613332 3
      vertex -88.58650165908567 -45.94446939613332 0
    endloop
  endfacet
  facet normal -0.8577286100002947 0.514102744193184 1.6657108913064952e-18
    outer loop
      vertex -88.58650165908567 -45.94446939613332 3
      vertex -88.5007338506078 -45.80137445260419 3
      vertex -88.5007338506078 -45.80137445260419 0
    endloop
  endfacet
  facet normal -0.9039892931234327 0.427555093430305 1.7288035878002656e-18
    outer loop
      vertex -88.5007338506078 -45.80137445260419 3
      vertex -88.42940479473081 -45.65056183502065 3
      vertex -88.42940479473081 -45.65056183502065 0
    endloop
  endfacet
  facet normal -0.9415440651830208 0.3368898533922203 7.003320056386203e-19
    outer loop
      vertex -88.42940479473081 -45.65056183502065 3
      vertex -88.37320142925525 -45.493483951332585 3
      vertex -88.37320142925525 -45.493483951332585 0
    endloop
  endfacet
  facet normal -0.9700312531945379 0.24298017990328882 -2.9760857652355154e-19
    outer loop
      vertex -88.37320142925525 -45.493483951332585 3
      vertex -88.3326650233145 -45.331653547427415 3
      vertex -88.3326650233145 -45.331653547427415 0
    endloop
  endfacet
  facet normal -0.9891765099647873 0.14673047445531834 3.9190667451270666e-19
    outer loop
      vertex -88.3326650233145 -45.331653547427415 3
      vertex -88.30818596465727 -45.16662913856025 3
      vertex -88.30818596465727 -45.16662913856025 0
    endloop
  endfacet
  facet normal -0.9987954562051703 0.049067674327460356 1.1272802633064568e-19
    outer loop
      vertex -88.30818596465727 -45.16662913856025 3
      vertex -88.3 -45 3
      vertex -88.3 -45 0
    endloop
  endfacet
  facet normal -0.9987954562051703 -0.049067674327460356 -1.1272802633064568e-19
    outer loop
      vertex -88.3 -45 3
      vertex -88.30818596465727 -44.83337086143975 3
      vertex -88.30818596465727 -44.83337086143975 0
    endloop
  endfacet
  facet normal -0.9891765099647873 -0.14673047445531834 -3.9190667451270666e-19
    outer loop
      vertex -88.30818596465727 -44.83337086143975 3
      vertex -88.3326650233145 -44.668346452572585 3
      vertex -88.3326650233145 -44.668346452572585 0
    endloop
  endfacet
  facet normal 0.9700312531945379 -0.24298017990328882 -2.9760857652355154e-19
    outer loop
      vertex -91.62679857074475 -44.506516048667415 3
      vertex -91.6673349766855 -44.668346452572585 3
      vertex -91.6673349766855 -44.668346452572585 0
    endloop
  endfacet
  facet normal 0.9415440651830208 -0.3368898533922203 7.003320056386203e-19
    outer loop
      vertex -91.57059520526919 -44.34943816497935 3
      vertex -91.62679857074475 -44.506516048667415 3
      vertex -91.62679857074475 -44.506516048667415 0
    endloop
  endfacet
  facet normal 0.9039892931234327 -0.427555093430305 1.7288035878002656e-18
    outer loop
      vertex -91.4992661493922 -44.19862554739581 3
      vertex -91.57059520526919 -44.34943816497935 3
      vertex -91.57059520526919 -44.34943816497935 0
    endloop
  endfacet
  facet normal 0.8577286100002947 -0.514102744193184 1.6657108913064952e-18
    outer loop
      vertex -91.41349834091433 -44.05553060386668 3
      vertex -91.4992661493922 -44.19862554739581 3
      vertex -91.4992661493922 -44.19862554739581 0
    endloop
  endfacet
  facet normal 0.8032075314806315 -0.5956993044924517 -1.0265976486793666e-18
    outer loop
      vertex -91.31411777071665 -43.9215314169218 3
      vertex -91.41349834091433 -44.05553060386668 3
      vertex -91.41349834091433 -44.05553060386668 0
    endloop
  endfacet
  facet normal 0.7409511253549746 -0.6715589548470013 6.435454279346174e-19
    outer loop
      vertex -91.20208152801713 -43.79791847198287 3
      vertex -91.31411777071665 -43.9215314169218 3
      vertex -91.31411777071665 -43.9215314169218 0
    endloop
  endfacet
  facet normal 0.6715589548470033 -0.7409511253549725 0
    outer loop
      vertex -91.20208152801713 -43.79791847198287 3
      vertex -91.20208152801713 -43.79791847198287 0
      vertex -91.07846858307819 -43.685882229283344 3
    endloop
  endfacet
  facet normal 0.5956993044924649 -0.8032075314806215 0
    outer loop
      vertex -91.07846858307819 -43.685882229283344 3
      vertex -91.07846858307819 -43.685882229283344 0
      vertex -90.94446939613333 -43.58650165908567 3
    endloop
  endfacet
  facet normal 0.5141027441931966 -0.8577286100002872 0
    outer loop
      vertex -90.94446939613333 -43.58650165908567 3
      vertex -90.94446939613333 -43.58650165908567 0
      vertex -90.8013744526042 -43.500733850607794 3
    endloop
  endfacet
  facet normal 0.4275550934302701 -0.9039892931234489 0
    outer loop
      vertex -90.8013744526042 -43.500733850607794 3
      vertex -90.8013744526042 -43.500733850607794 0
      vertex -90.65056183502065 -43.429404794730814 3
    endloop
  endfacet
  facet normal 0.33688985339223376 -0.9415440651830158 0
    outer loop
      vertex -90.65056183502065 -43.429404794730814 3
      vertex -90.65056183502065 -43.429404794730814 0
      vertex -90.49348395133259 -43.373201429255246 3
    endloop
  endfacet
  facet normal 0.24298017990324872 -0.9700312531945477 0
    outer loop
      vertex -90.49348395133259 -43.373201429255246 3
      vertex -90.49348395133259 -43.373201429255246 0
      vertex -90.33165354742742 -43.33266502331451 3
    endloop
  endfacet
  facet normal 0.1467304744553955 -0.989176509964776 0
    outer loop
      vertex -90.33165354742742 -43.33266502331451 3
      vertex -90.33165354742742 -43.33266502331451 0
      vertex -90.16662913856025 -43.30818596465726 3
    endloop
  endfacet
  facet normal 0.049067674327417876 -0.9987954562051725 0
    outer loop
      vertex -90.16662913856025 -43.30818596465726 3
      vertex -90.16662913856025 -43.30818596465726 0
      vertex -90 -43.3 3
    endloop
  endfacet
  facet normal -0.049067674327417876 -0.9987954562051725 0
    outer loop
      vertex -90 -43.3 3
      vertex -90 -43.3 0
      vertex -89.83337086143975 -43.30818596465726 3
    endloop
  endfacet
  facet normal -0.4275550934302701 -0.9039892931234489 0
    outer loop
      vertex -89.34943816497935 -43.429404794730814 3
      vertex -89.34943816497935 -43.429404794730814 0
      vertex -89.1986255473958 -43.500733850607794 3
    endloop
  endfacet
  facet normal -0.5141027441931966 -0.8577286100002872 0
    outer loop
      vertex -89.1986255473958 -43.500733850607794 3
      vertex -89.1986255473958 -43.500733850607794 0
      vertex -89.05553060386667 -43.58650165908567 3
    endloop
  endfacet
  facet normal -0.1467304744553955 -0.989176509964776 0
    outer loop
      vertex -89.83337086143975 -43.30818596465726 3
      vertex -89.83337086143975 -43.30818596465726 0
      vertex -89.66834645257258 -43.33266502331451 3
    endloop
  endfacet
  facet normal -0.24298017990324872 -0.9700312531945477 0
    outer loop
      vertex -89.66834645257258 -43.33266502331451 3
      vertex -89.66834645257258 -43.33266502331451 0
      vertex -89.50651604866741 -43.373201429255246 3
    endloop
  endfacet
  facet normal -0.33688985339223376 -0.9415440651830158 0
    outer loop
      vertex -89.50651604866741 -43.373201429255246 3
      vertex -89.50651604866741 -43.373201429255246 0
      vertex -89.34943816497935 -43.429404794730814 3
    endloop
  endfacet
  facet normal -0.9700312531945379 -0.24298017990328882 2.9760857652355154e-19
    outer loop
      vertex -88.3326650233145 -44.668346452572585 3
      vertex -88.37320142925525 -44.506516048667415 3
      vertex -88.37320142925525 -44.506516048667415 0
    endloop
  endfacet
  facet normal -0.9415440651830208 -0.3368898533922203 -7.003320056386203e-19
    outer loop
      vertex -88.37320142925525 -44.506516048667415 3
      vertex -88.42940479473081 -44.34943816497935 3
      vertex -88.42940479473081 -44.34943816497935 0
    endloop
  endfacet
  facet normal -0.7409511253549746 -0.6715589548470013 -6.435454279346174e-19
    outer loop
      vertex -88.68588222928335 -43.9215314169218 3
      vertex -88.79791847198287 -43.79791847198287 3
      vertex -88.79791847198287 -43.79791847198287 0
    endloop
  endfacet
  facet normal -0.9039892931234327 -0.427555093430305 -1.7288035878002656e-18
    outer loop
      vertex -88.42940479473081 -44.34943816497935 3
      vertex -88.5007338506078 -44.19862554739581 3
      vertex -88.5007338506078 -44.19862554739581 0
    endloop
  endfacet
  facet normal -0.8577286100002947 -0.514102744193184 -1.6657108913064952e-18
    outer loop
      vertex -88.5007338506078 -44.19862554739581 3
      vertex -88.58650165908567 -44.05553060386668 3
      vertex -88.58650165908567 -44.05553060386668 0
    endloop
  endfacet
  facet normal -0.8032075314806315 -0.5956993044924517 1.0265976486793666e-18
    outer loop
      vertex -88.58650165908567 -44.05553060386668 3
      vertex -88.68588222928335 -43.9215314169218 3
      vertex -88.68588222928335 -43.9215314169218 0
    endloop
  endfacet
  facet normal -0.6715589548470033 -0.7409511253549725 0
    outer loop
      vertex -88.92153141692181 -43.685882229283344 3
      vertex -88.92153141692181 -43.685882229283344 0
      vertex -88.79791847198287 -43.79791847198287 3
    endloop
  endfacet
  facet normal -0.5956993044924649 -0.8032075314806215 0
    outer loop
      vertex -89.05553060386667 -43.58650165908567 3
      vertex -89.05553060386667 -43.58650165908567 0
      vertex -88.92153141692181 -43.685882229283344 3
    endloop
  endfacet
  facet normal 0.5956993044924649 0.8032075314806215 0
    outer loop
      vertex -91.07846858307819 43.685882229283344 3
      vertex -90.94446939613333 43.58650165908567 0
      vertex -91.07846858307819 43.685882229283344 0
    endloop
  endfacet
  facet normal 0.6715589548470033 0.7409511253549725 -1.402861526032914e-18
    outer loop
      vertex -91.07846858307819 43.685882229283344 0
      vertex -91.20208152801713 43.79791847198287 0
      vertex -91.20208152801713 43.79791847198287 3
    endloop
  endfacet
  facet normal 0.5141027441931966 0.8577286100002872 0
    outer loop
      vertex -90.94446939613333 43.58650165908567 3
      vertex -90.8013744526042 43.500733850607794 0
      vertex -90.94446939613333 43.58650165908567 0
    endloop
  endfacet
  facet normal 0.4275550934302701 0.9039892931234489 0
    outer loop
      vertex -90.8013744526042 43.500733850607794 3
      vertex -90.65056183502065 43.429404794730814 0
      vertex -90.8013744526042 43.500733850607794 0
    endloop
  endfacet
  facet normal 0.8577286100002947 0.514102744193184 0
    outer loop
      vertex -91.4992661493922 44.19862554739581 3
      vertex -91.41349834091433 44.05553060386668 0
      vertex -91.4992661493922 44.19862554739581 0
    endloop
  endfacet
  facet normal 0.9415440651830208 0.3368898533922203 0
    outer loop
      vertex -91.62679857074475 44.506516048667415 3
      vertex -91.57059520526919 44.34943816497935 0
      vertex -91.62679857074475 44.506516048667415 0
    endloop
  endfacet
  facet normal 0.9039892931234327 0.427555093430305 0
    outer loop
      vertex -91.57059520526919 44.34943816497935 3
      vertex -91.4992661493922 44.19862554739581 0
      vertex -91.57059520526919 44.34943816497935 0
    endloop
  endfacet
  facet normal 0.9700312531945379 0.24298017990328882 0
    outer loop
      vertex -91.6673349766855 44.668346452572585 3
      vertex -91.62679857074475 44.506516048667415 0
      vertex -91.6673349766855 44.668346452572585 0
    endloop
  endfacet
  facet normal 0.7409511253549746 0.6715589548470013 0
    outer loop
      vertex -91.31411777071665 43.9215314169218 3
      vertex -91.20208152801713 43.79791847198287 0
      vertex -91.31411777071665 43.9215314169218 0
    endloop
  endfacet
  facet normal 0.8032075314806315 0.5956993044924517 0
    outer loop
      vertex -91.41349834091433 44.05553060386668 3
      vertex -91.31411777071665 43.9215314169218 0
      vertex -91.41349834091433 44.05553060386668 0
    endloop
  endfacet
  facet normal 0.24298017990324872 0.9700312531945477 0
    outer loop
      vertex -90.49348395133259 43.373201429255246 3
      vertex -90.33165354742742 43.33266502331451 0
      vertex -90.49348395133259 43.373201429255246 0
    endloop
  endfacet
  facet normal 0.1467304744553955 0.989176509964776 0
    outer loop
      vertex -90.33165354742742 43.33266502331451 3
      vertex -90.16662913856025 43.30818596465726 0
      vertex -90.33165354742742 43.33266502331451 0
    endloop
  endfacet
  facet normal 0.049067674327417876 0.9987954562051725 0
    outer loop
      vertex -90.16662913856025 43.30818596465726 3
      vertex -90 43.3 0
      vertex -90.16662913856025 43.30818596465726 0
    endloop
  endfacet
  facet normal -0.049067674327417876 0.9987954562051725 0
    outer loop
      vertex -90 43.3 3
      vertex -89.83337086143975 43.30818596465726 0
      vertex -90 43.3 0
    endloop
  endfacet
  facet normal 0.33688985339223376 0.9415440651830158 0
    outer loop
      vertex -90.65056183502065 43.429404794730814 3
      vertex -90.49348395133259 43.373201429255246 0
      vertex -90.65056183502065 43.429404794730814 0
    endloop
  endfacet
  facet normal -0.1467304744553955 0.989176509964776 0
    outer loop
      vertex -89.83337086143975 43.30818596465726 3
      vertex -89.66834645257258 43.33266502331451 0
      vertex -89.83337086143975 43.30818596465726 0
    endloop
  endfacet
  facet normal -0.24298017990324872 0.9700312531945477 0
    outer loop
      vertex -89.66834645257258 43.33266502331451 3
      vertex -89.50651604866741 43.373201429255246 0
      vertex -89.66834645257258 43.33266502331451 0
    endloop
  endfacet
  facet normal -0.33688985339223376 0.9415440651830158 0
    outer loop
      vertex -89.50651604866741 43.373201429255246 3
      vertex -89.34943816497935 43.429404794730814 0
      vertex -89.50651604866741 43.373201429255246 0
    endloop
  endfacet
  facet normal -0.4275550934302701 0.9039892931234489 0
    outer loop
      vertex -89.34943816497935 43.429404794730814 3
      vertex -89.1986255473958 43.500733850607794 0
      vertex -89.34943816497935 43.429404794730814 0
    endloop
  endfacet
  facet normal -0.5141027441931966 0.8577286100002872 0
    outer loop
      vertex -89.1986255473958 43.500733850607794 3
      vertex -89.05553060386667 43.58650165908567 0
      vertex -89.1986255473958 43.500733850607794 0
    endloop
  endfacet
  facet normal -0.5956993044924649 0.8032075314806215 0
    outer loop
      vertex -89.05553060386667 43.58650165908567 3
      vertex -88.92153141692181 43.685882229283344 0
      vertex -89.05553060386667 43.58650165908567 0
    endloop
  endfacet
  facet normal -0.6715589548470033 0.7409511253549725 0
    outer loop
      vertex -88.92153141692181 43.685882229283344 3
      vertex -88.79791847198287 43.79791847198287 0
      vertex -88.92153141692181 43.685882229283344 0
    endloop
  endfacet
  facet normal -0.7409511253549746 0.6715589548470013 0
    outer loop
      vertex -88.79791847198287 43.79791847198287 0
      vertex -88.79791847198287 43.79791847198287 3
      vertex -88.68588222928335 43.9215314169218 0
    endloop
  endfacet
  facet normal -0.8032075314806315 0.5956993044924517 0
    outer loop
      vertex -88.68588222928335 43.9215314169218 3
      vertex -88.58650165908567 44.05553060386668 0
      vertex -88.68588222928335 43.9215314169218 0
    endloop
  endfacet
  facet normal -0.8577286100002947 0.514102744193184 0
    outer loop
      vertex -88.58650165908567 44.05553060386668 3
      vertex -88.5007338506078 44.19862554739581 0
      vertex -88.58650165908567 44.05553060386668 0
    endloop
  endfacet
  facet normal -0.9039892931234327 0.427555093430305 0
    outer loop
      vertex -88.5007338506078 44.19862554739581 3
      vertex -88.42940479473081 44.34943816497935 0
      vertex -88.5007338506078 44.19862554739581 0
    endloop
  endfacet
  facet normal -0.9415440651830208 0.3368898533922203 0
    outer loop
      vertex -88.42940479473081 44.34943816497935 3
      vertex -88.37320142925525 44.506516048667415 0
      vertex -88.42940479473081 44.34943816497935 0
    endloop
  endfacet
  facet normal -0.9700312531945379 0.24298017990328882 0
    outer loop
      vertex -88.37320142925525 44.506516048667415 3
      vertex -88.3326650233145 44.668346452572585 0
      vertex -88.37320142925525 44.506516048667415 0
    endloop
  endfacet
  facet normal 0.9891765099647873 0.14673047445531834 0
    outer loop
      vertex -91.69181403534273 44.83337086143975 3
      vertex -91.6673349766855 44.668346452572585 0
      vertex -91.69181403534273 44.83337086143975 0
    endloop
  endfacet
  facet normal 0.9987954562051703 0.049067674327460356 0
    outer loop
      vertex -91.7 45 3
      vertex -91.69181403534273 44.83337086143975 0
      vertex -91.7 45 0
    endloop
  endfacet
  facet normal 0.9987954562051703 -0.049067674327460356 0
    outer loop
      vertex -91.69181403534273 45.16662913856025 3
      vertex -91.7 45 0
      vertex -91.69181403534273 45.16662913856025 0
    endloop
  endfacet
  facet normal 0.9891765099647873 -0.14673047445531834 0
    outer loop
      vertex -91.6673349766855 45.331653547427415 3
      vertex -91.69181403534273 45.16662913856025 0
      vertex -91.6673349766855 45.331653547427415 0
    endloop
  endfacet
  facet normal 0.9700312531945379 -0.24298017990328882 0
    outer loop
      vertex -91.62679857074475 45.493483951332585 3
      vertex -91.6673349766855 45.331653547427415 0
      vertex -91.62679857074475 45.493483951332585 0
    endloop
  endfacet
  facet normal 0.9415440651830208 -0.3368898533922203 0
    outer loop
      vertex -91.57059520526919 45.65056183502065 3
      vertex -91.62679857074475 45.493483951332585 0
      vertex -91.57059520526919 45.65056183502065 0
    endloop
  endfacet
  facet normal 0.9039892931234327 -0.427555093430305 0
    outer loop
      vertex -91.4992661493922 45.80137445260419 3
      vertex -91.57059520526919 45.65056183502065 0
      vertex -91.4992661493922 45.80137445260419 0
    endloop
  endfacet
  facet normal 0.8577286100002947 -0.514102744193184 0
    outer loop
      vertex -91.41349834091433 45.94446939613332 3
      vertex -91.4992661493922 45.80137445260419 0
      vertex -91.41349834091433 45.94446939613332 0
    endloop
  endfacet
  facet normal 0.8032075314806315 -0.5956993044924517 0
    outer loop
      vertex -91.31411777071665 46.0784685830782 3
      vertex -91.41349834091433 45.94446939613332 0
      vertex -91.31411777071665 46.0784685830782 0
    endloop
  endfacet
  facet normal 0.7409511253549746 -0.6715589548470013 0
    outer loop
      vertex -91.20208152801713 46.20208152801713 3
      vertex -91.31411777071665 46.0784685830782 0
      vertex -91.20208152801713 46.20208152801713 0
    endloop
  endfacet
  facet normal 0.6715589548470033 -0.7409511253549725 0
    outer loop
      vertex -91.07846858307819 46.314117770716656 3
      vertex -91.20208152801713 46.20208152801713 0
      vertex -91.07846858307819 46.314117770716656 0
    endloop
  endfacet
  facet normal 0.5956993044924649 -0.8032075314806215 0
    outer loop
      vertex -90.94446939613333 46.41349834091433 3
      vertex -91.07846858307819 46.314117770716656 0
      vertex -90.94446939613333 46.41349834091433 0
    endloop
  endfacet
  facet normal 0.5141027441931966 -0.8577286100002872 0
    outer loop
      vertex -90.8013744526042 46.499266149392206 3
      vertex -90.94446939613333 46.41349834091433 0
      vertex -90.8013744526042 46.499266149392206 0
    endloop
  endfacet
  facet normal 0.4275550934302701 -0.9039892931234489 0
    outer loop
      vertex -90.65056183502065 46.570595205269186 3
      vertex -90.8013744526042 46.499266149392206 0
      vertex -90.65056183502065 46.570595205269186 0
    endloop
  endfacet
  facet normal -0.9891765099647873 0.14673047445531834 0
    outer loop
      vertex -88.3326650233145 44.668346452572585 3
      vertex -88.30818596465727 44.83337086143975 0
      vertex -88.3326650233145 44.668346452572585 0
    endloop
  endfacet
  facet normal -0.9987954562051703 0.049067674327460356 0
    outer loop
      vertex -88.30818596465727 44.83337086143975 3
      vertex -88.3 45 0
      vertex -88.30818596465727 44.83337086143975 0
    endloop
  endfacet
  facet normal -0.9987954562051703 -0.049067674327460356 0
    outer loop
      vertex -88.3 45 3
      vertex -88.30818596465727 45.16662913856025 0
      vertex -88.3 45 0
    endloop
  endfacet
  facet normal -0.9891765099647873 -0.14673047445531834 0
    outer loop
      vertex -88.30818596465727 45.16662913856025 3
      vertex -88.3326650233145 45.331653547427415 0
      vertex -88.30818596465727 45.16662913856025 0
    endloop
  endfacet
  facet normal -0.9700312531945379 -0.24298017990328882 0
    outer loop
      vertex -88.3326650233145 45.331653547427415 3
      vertex -88.37320142925525 45.493483951332585 0
      vertex -88.3326650233145 45.331653547427415 0
    endloop
  endfacet
  facet normal -0.9415440651830208 -0.3368898533922203 0
    outer loop
      vertex -88.37320142925525 45.493483951332585 3
      vertex -88.42940479473081 45.65056183502065 0
      vertex -88.37320142925525 45.493483951332585 0
    endloop
  endfacet
  facet normal -0.9039892931234327 -0.427555093430305 0
    outer loop
      vertex -88.42940479473081 45.65056183502065 3
      vertex -88.5007338506078 45.80137445260419 0
      vertex -88.42940479473081 45.65056183502065 0
    endloop
  endfacet
  facet normal -0.8577286100002947 -0.514102744193184 0
    outer loop
      vertex -88.5007338506078 45.80137445260419 3
      vertex -88.58650165908567 45.94446939613332 0
      vertex -88.5007338506078 45.80137445260419 0
    endloop
  endfacet
  facet normal -0.7409511253549746 -0.6715589548470013 0
    outer loop
      vertex -88.68588222928335 46.0784685830782 3
      vertex -88.79791847198287 46.20208152801713 0
      vertex -88.68588222928335 46.0784685830782 0
    endloop
  endfacet
  facet normal -0.5956993044924649 -0.8032075314806215 0
    outer loop
      vertex -88.92153141692181 46.314117770716656 3
      vertex -89.05553060386667 46.41349834091433 0
      vertex -88.92153141692181 46.314117770716656 0
    endloop
  endfacet
  facet normal -0.6715589548470033 -0.7409511253549725 -1.402861526032914e-18
    outer loop
      vertex -88.92153141692181 46.314117770716656 0
      vertex -88.79791847198287 46.20208152801713 0
      vertex -88.79791847198287 46.20208152801713 3
    endloop
  endfacet
  facet normal -0.8032075314806315 -0.5956993044924517 0
    outer loop
      vertex -88.58650165908567 45.94446939613332 3
      vertex -88.68588222928335 46.0784685830782 0
      vertex -88.58650165908567 45.94446939613332 0
    endloop
  endfacet
  facet normal 0.33688985339223376 -0.9415440651830158 0
    outer loop
      vertex -90.49348395133259 46.626798570744754 3
      vertex -90.65056183502065 46.570595205269186 0
      vertex -90.49348395133259 46.626798570744754 0
    endloop
  endfacet
  facet normal 0.24298017990324872 -0.9700312531945477 0
    outer loop
      vertex -90.33165354742742 46.66733497668549 3
      vertex -90.49348395133259 46.626798570744754 0
      vertex -90.33165354742742 46.66733497668549 0
    endloop
  endfacet
  facet normal 0.1467304744553955 -0.989176509964776 0
    outer loop
      vertex -90.16662913856025 46.69181403534274 3
      vertex -90.33165354742742 46.66733497668549 0
      vertex -90.16662913856025 46.69181403534274 0
    endloop
  endfacet
  facet normal 0.049067674327417876 -0.9987954562051725 0
    outer loop
      vertex -90 46.7 3
      vertex -90.16662913856025 46.69181403534274 0
      vertex -90 46.7 0
    endloop
  endfacet
  facet normal -0.049067674327417876 -0.9987954562051725 0
    outer loop
      vertex -89.83337086143975 46.69181403534274 3
      vertex -90 46.7 0
      vertex -89.83337086143975 46.69181403534274 0
    endloop
  endfacet
  facet normal -0.1467304744553955 -0.989176509964776 0
    outer loop
      vertex -89.66834645257258 46.66733497668549 3
      vertex -89.83337086143975 46.69181403534274 0
      vertex -89.66834645257258 46.66733497668549 0
    endloop
  endfacet
  facet normal -0.24298017990324872 -0.9700312531945477 0
    outer loop
      vertex -89.50651604866741 46.626798570744754 3
      vertex -89.66834645257258 46.66733497668549 0
      vertex -89.50651604866741 46.626798570744754 0
    endloop
  endfacet
  facet normal -0.33688985339223376 -0.9415440651830158 0
    outer loop
      vertex -89.34943816497935 46.570595205269186 3
      vertex -89.50651604866741 46.626798570744754 0
      vertex -89.34943816497935 46.570595205269186 0
    endloop
  endfacet
  facet normal -0.5141027441931966 -0.8577286100002872 0
    outer loop
      vertex -89.05553060386667 46.41349834091433 3
      vertex -89.1986255473958 46.499266149392206 0
      vertex -89.05553060386667 46.41349834091433 0
    endloop
  endfacet
  facet normal -0.4275550934302701 -0.9039892931234489 0
    outer loop
      vertex -89.1986255473958 46.499266149392206 3
      vertex -89.34943816497935 46.570595205269186 0
      vertex -89.1986255473958 46.499266149392206 0
    endloop
  endfacet
  facet normal 0.6715589548470033 0.7409511253549725 0
    outer loop
      vertex -91.07846858307819 43.685882229283344 3
      vertex -91.07846858307819 43.685882229283344 0
      vertex -91.20208152801713 43.79791847198287 3
    endloop
  endfacet
  facet normal 0.5141027441931966 0.8577286100002872 0
    outer loop
      vertex -90.8013744526042 43.500733850607794 3
      vertex -90.8013744526042 43.500733850607794 0
      vertex -90.94446939613333 43.58650165908567 3
    endloop
  endfacet
  facet normal 0.4275550934302701 0.9039892931234489 0
    outer loop
      vertex -90.65056183502065 43.429404794730814 3
      vertex -90.65056183502065 43.429404794730814 0
      vertex -90.8013744526042 43.500733850607794 3
    endloop
  endfacet
  facet normal 0.5956993044924649 0.8032075314806215 0
    outer loop
      vertex -90.94446939613333 43.58650165908567 3
      vertex -90.94446939613333 43.58650165908567 0
      vertex -91.07846858307819 43.685882229283344 3
    endloop
  endfacet
  facet normal 0.8577286100002947 0.514102744193184 -1.6657108913064952e-18
    outer loop
      vertex -91.4992661493922 44.19862554739581 3
      vertex -91.41349834091433 44.05553060386668 3
      vertex -91.41349834091433 44.05553060386668 0
    endloop
  endfacet
  facet normal 0.9039892931234327 0.427555093430305 -1.7288035878002656e-18
    outer loop
      vertex -91.57059520526919 44.34943816497935 3
      vertex -91.4992661493922 44.19862554739581 3
      vertex -91.4992661493922 44.19862554739581 0
    endloop
  endfacet
  facet normal 0.9415440651830208 0.3368898533922203 -7.003320056386203e-19
    outer loop
      vertex -91.62679857074475 44.506516048667415 3
      vertex -91.57059520526919 44.34943816497935 3
      vertex -91.57059520526919 44.34943816497935 0
    endloop
  endfacet
  facet normal 0.9700312531945379 0.24298017990328882 2.9760857652355154e-19
    outer loop
      vertex -91.6673349766855 44.668346452572585 3
      vertex -91.62679857074475 44.506516048667415 3
      vertex -91.62679857074475 44.506516048667415 0
    endloop
  endfacet
  facet normal 0.7409511253549746 0.6715589548470013 -6.435454279346174e-19
    outer loop
      vertex -91.31411777071665 43.9215314169218 3
      vertex -91.20208152801713 43.79791847198287 3
      vertex -91.20208152801713 43.79791847198287 0
    endloop
  endfacet
  facet normal 0.8032075314806315 0.5956993044924517 1.0265976486793666e-18
    outer loop
      vertex -91.41349834091433 44.05553060386668 3
      vertex -91.31411777071665 43.9215314169218 3
      vertex -91.31411777071665 43.9215314169218 0
    endloop
  endfacet
  facet normal 0.33688985339223376 0.9415440651830158 0
    outer loop
      vertex -90.49348395133259 43.373201429255246 3
      vertex -90.49348395133259 43.373201429255246 0
      vertex -90.65056183502065 43.429404794730814 3
    endloop
  endfacet
  facet normal 0.24298017990324872 0.9700312531945477 0
    outer loop
      vertex -90.33165354742742 43.33266502331451 3
      vertex -90.33165354742742 43.33266502331451 0
      vertex -90.49348395133259 43.373201429255246 3
    endloop
  endfacet
  facet normal 0.1467304744553955 0.989176509964776 0
    outer loop
      vertex -90.16662913856025 43.30818596465726 3
      vertex -90.16662913856025 43.30818596465726 0
      vertex -90.33165354742742 43.33266502331451 3
    endloop
  endfacet
  facet normal 0.049067674327417876 0.9987954562051725 0
    outer loop
      vertex -90 43.3 3
      vertex -90 43.3 0
      vertex -90.16662913856025 43.30818596465726 3
    endloop
  endfacet
  facet normal -0.049067674327417876 0.9987954562051725 0
    outer loop
      vertex -89.83337086143975 43.30818596465726 3
      vertex -89.83337086143975 43.30818596465726 0
      vertex -90 43.3 3
    endloop
  endfacet
  facet normal -0.1467304744553955 0.989176509964776 0
    outer loop
      vertex -89.66834645257258 43.33266502331451 3
      vertex -89.66834645257258 43.33266502331451 0
      vertex -89.83337086143975 43.30818596465726 3
    endloop
  endfacet
  facet normal -0.24298017990324872 0.9700312531945477 0
    outer loop
      vertex -89.50651604866741 43.373201429255246 3
      vertex -89.50651604866741 43.373201429255246 0
      vertex -89.66834645257258 43.33266502331451 3
    endloop
  endfacet
  facet normal -0.33688985339223376 0.9415440651830158 0
    outer loop
      vertex -89.34943816497935 43.429404794730814 3
      vertex -89.34943816497935 43.429404794730814 0
      vertex -89.50651604866741 43.373201429255246 3
    endloop
  endfacet
  facet normal -0.4275550934302701 0.9039892931234489 0
    outer loop
      vertex -89.1986255473958 43.500733850607794 3
      vertex -89.1986255473958 43.500733850607794 0
      vertex -89.34943816497935 43.429404794730814 3
    endloop
  endfacet
  facet normal -0.5141027441931966 0.8577286100002872 0
    outer loop
      vertex -89.05553060386667 43.58650165908567 3
      vertex -89.05553060386667 43.58650165908567 0
      vertex -89.1986255473958 43.500733850607794 3
    endloop
  endfacet
  facet normal -0.5956993044924649 0.8032075314806215 0
    outer loop
      vertex -88.92153141692181 43.685882229283344 3
      vertex -88.92153141692181 43.685882229283344 0
      vertex -89.05553060386667 43.58650165908567 3
    endloop
  endfacet
  facet normal -0.6715589548470033 0.7409511253549725 0
    outer loop
      vertex -88.79791847198287 43.79791847198287 3
      vertex -88.79791847198287 43.79791847198287 0
      vertex -88.92153141692181 43.685882229283344 3
    endloop
  endfacet
  facet normal -0.7409511253549746 0.6715589548470013 6.435454279346174e-19
    outer loop
      vertex -88.79791847198287 43.79791847198287 3
      vertex -88.68588222928335 43.9215314169218 3
      vertex -88.68588222928335 43.9215314169218 0
    endloop
  endfacet
  facet normal -0.8032075314806315 0.5956993044924517 -1.0265976486793666e-18
    outer loop
      vertex -88.68588222928335 43.9215314169218 3
      vertex -88.58650165908567 44.05553060386668 3
      vertex -88.58650165908567 44.05553060386668 0
    endloop
  endfacet
  facet normal -0.8577286100002947 0.514102744193184 1.6657108913064952e-18
    outer loop
      vertex -88.58650165908567 44.05553060386668 3
      vertex -88.5007338506078 44.19862554739581 3
      vertex -88.5007338506078 44.19862554739581 0
    endloop
  endfacet
  facet normal -0.9039892931234327 0.427555093430305 1.7288035878002656e-18
    outer loop
      vertex -88.5007338506078 44.19862554739581 3
      vertex -88.42940479473081 44.34943816497935 3
      vertex -88.42940479473081 44.34943816497935 0
    endloop
  endfacet
  facet normal -0.9415440651830208 0.3368898533922203 7.003320056386203e-19
    outer loop
      vertex -88.42940479473081 44.34943816497935 3
      vertex -88.37320142925525 44.506516048667415 3
      vertex -88.37320142925525 44.506516048667415 0
    endloop
  endfacet
  facet normal -0.9700312531945379 0.24298017990328882 -2.9760857652355154e-19
    outer loop
      vertex -88.37320142925525 44.506516048667415 3
      vertex -88.3326650233145 44.668346452572585 3
      vertex -88.3326650233145 44.668346452572585 0
    endloop
  endfacet
  facet normal 0.9891765099647873 0.14673047445531834 -3.9190667451270666e-19
    outer loop
      vertex -91.69181403534273 44.83337086143975 3
      vertex -91.6673349766855 44.668346452572585 3
      vertex -91.6673349766855 44.668346452572585 0
    endloop
  endfacet
  facet normal 0.9987954562051703 0.049067674327460356 -1.1272802633064568e-19
    outer loop
      vertex -91.7 45 3
      vertex -91.69181403534273 44.83337086143975 3
      vertex -91.69181403534273 44.83337086143975 0
    endloop
  endfacet
  facet normal 0.9987954562051703 -0.049067674327460356 1.1272802633064568e-19
    outer loop
      vertex -91.69181403534273 45.16662913856025 3
      vertex -91.7 45 3
      vertex -91.7 45 0
    endloop
  endfacet
  facet normal 0.9891765099647873 -0.14673047445531834 3.9190667451270666e-19
    outer loop
      vertex -91.6673349766855 45.331653547427415 3
      vertex -91.69181403534273 45.16662913856025 3
      vertex -91.69181403534273 45.16662913856025 0
    endloop
  endfacet
  facet normal 0.9700312531945379 -0.24298017990328882 -2.9760857652355154e-19
    outer loop
      vertex -91.62679857074475 45.493483951332585 3
      vertex -91.6673349766855 45.331653547427415 3
      vertex -91.6673349766855 45.331653547427415 0
    endloop
  endfacet
  facet normal 0.9415440651830208 -0.3368898533922203 7.003320056386203e-19
    outer loop
      vertex -91.57059520526919 45.65056183502065 3
      vertex -91.62679857074475 45.493483951332585 3
      vertex -91.62679857074475 45.493483951332585 0
    endloop
  endfacet
  facet normal 0.9039892931234327 -0.427555093430305 1.7288035878002656e-18
    outer loop
      vertex -91.4992661493922 45.80137445260419 3
      vertex -91.57059520526919 45.65056183502065 3
      vertex -91.57059520526919 45.65056183502065 0
    endloop
  endfacet
  facet normal 0.8577286100002947 -0.514102744193184 1.6657108913064952e-18
    outer loop
      vertex -91.41349834091433 45.94446939613332 3
      vertex -91.4992661493922 45.80137445260419 3
      vertex -91.4992661493922 45.80137445260419 0
    endloop
  endfacet
  facet normal 0.8032075314806315 -0.5956993044924517 -1.0265976486793666e-18
    outer loop
      vertex -91.31411777071665 46.0784685830782 3
      vertex -91.41349834091433 45.94446939613332 3
      vertex -91.41349834091433 45.94446939613332 0
    endloop
  endfacet
  facet normal 0.7409511253549746 -0.6715589548470013 6.435454279346174e-19
    outer loop
      vertex -91.20208152801713 46.20208152801713 3
      vertex -91.31411777071665 46.0784685830782 3
      vertex -91.31411777071665 46.0784685830782 0
    endloop
  endfacet
  facet normal 0.6715589548470033 -0.7409511253549725 0
    outer loop
      vertex -91.20208152801713 46.20208152801713 3
      vertex -91.20208152801713 46.20208152801713 0
      vertex -91.07846858307819 46.314117770716656 3
    endloop
  endfacet
  facet normal 0.5956993044924649 -0.8032075314806215 0
    outer loop
      vertex -91.07846858307819 46.314117770716656 3
      vertex -91.07846858307819 46.314117770716656 0
      vertex -90.94446939613333 46.41349834091433 3
    endloop
  endfacet
  facet normal 0.5141027441931966 -0.8577286100002872 0
    outer loop
      vertex -90.94446939613333 46.41349834091433 3
      vertex -90.94446939613333 46.41349834091433 0
      vertex -90.8013744526042 46.499266149392206 3
    endloop
  endfacet
  facet normal 0.4275550934302701 -0.9039892931234489 0
    outer loop
      vertex -90.8013744526042 46.499266149392206 3
      vertex -90.8013744526042 46.499266149392206 0
      vertex -90.65056183502065 46.570595205269186 3
    endloop
  endfacet
  facet normal -0.9891765099647873 0.14673047445531834 3.9190667451270666e-19
    outer loop
      vertex -88.3326650233145 44.668346452572585 3
      vertex -88.30818596465727 44.83337086143975 3
      vertex -88.30818596465727 44.83337086143975 0
    endloop
  endfacet
  facet normal -0.9987954562051703 0.049067674327460356 1.1272802633064568e-19
    outer loop
      vertex -88.30818596465727 44.83337086143975 3
      vertex -88.3 45 3
      vertex -88.3 45 0
    endloop
  endfacet
  facet normal -0.9987954562051703 -0.049067674327460356 -1.1272802633064568e-19
    outer loop
      vertex -88.3 45 3
      vertex -88.30818596465727 45.16662913856025 3
      vertex -88.30818596465727 45.16662913856025 0
    endloop
  endfacet
  facet normal -0.9891765099647873 -0.14673047445531834 -3.9190667451270666e-19
    outer loop
      vertex -88.30818596465727 45.16662913856025 3
      vertex -88.3326650233145 45.331653547427415 3
      vertex -88.3326650233145 45.331653547427415 0
    endloop
  endfacet
  facet normal -0.9700312531945379 -0.24298017990328882 2.9760857652355154e-19
    outer loop
      vertex -88.3326650233145 45.331653547427415 3
      vertex -88.37320142925525 45.493483951332585 3
      vertex -88.37320142925525 45.493483951332585 0
    endloop
  endfacet
  facet normal -0.9039892931234327 -0.427555093430305 -1.7288035878002656e-18
    outer loop
      vertex -88.42940479473081 45.65056183502065 3
      vertex -88.5007338506078 45.80137445260419 3
      vertex -88.5007338506078 45.80137445260419 0
    endloop
  endfacet
  facet normal -0.9415440651830208 -0.3368898533922203 -7.003320056386203e-19
    outer loop
      vertex -88.37320142925525 45.493483951332585 3
      vertex -88.42940479473081 45.65056183502065 3
      vertex -88.42940479473081 45.65056183502065 0
    endloop
  endfacet
  facet normal -0.8577286100002947 -0.514102744193184 -1.6657108913064952e-18
    outer loop
      vertex -88.5007338506078 45.80137445260419 3
      vertex -88.58650165908567 45.94446939613332 3
      vertex -88.58650165908567 45.94446939613332 0
    endloop
  endfacet
  facet normal -0.7409511253549746 -0.6715589548470013 -6.435454279346174e-19
    outer loop
      vertex -88.68588222928335 46.0784685830782 3
      vertex -88.79791847198287 46.20208152801713 3
      vertex -88.79791847198287 46.20208152801713 0
    endloop
  endfacet
  facet normal -0.6715589548470033 -0.7409511253549725 0
    outer loop
      vertex -88.92153141692181 46.314117770716656 3
      vertex -88.92153141692181 46.314117770716656 0
      vertex -88.79791847198287 46.20208152801713 3
    endloop
  endfacet
  facet normal -0.5956993044924649 -0.8032075314806215 0
    outer loop
      vertex -89.05553060386667 46.41349834091433 3
      vertex -89.05553060386667 46.41349834091433 0
      vertex -88.92153141692181 46.314117770716656 3
    endloop
  endfacet
  facet normal -0.8032075314806315 -0.5956993044924517 1.0265976486793666e-18
    outer loop
      vertex -88.58650165908567 45.94446939613332 3
      vertex -88.68588222928335 46.0784685830782 3
      vertex -88.68588222928335 46.0784685830782 0
    endloop
  endfacet
  facet normal 0.33688985339223376 -0.9415440651830158 0
    outer loop
      vertex -90.65056183502065 46.570595205269186 3
      vertex -90.65056183502065 46.570595205269186 0
      vertex -90.49348395133259 46.626798570744754 3
    endloop
  endfacet
  facet normal 0.24298017990324872 -0.9700312531945477 0
    outer loop
      vertex -90.49348395133259 46.626798570744754 3
      vertex -90.49348395133259 46.626798570744754 0
      vertex -90.33165354742742 46.66733497668549 3
    endloop
  endfacet
  facet normal 0.1467304744553955 -0.989176509964776 0
    outer loop
      vertex -90.33165354742742 46.66733497668549 3
      vertex -90.33165354742742 46.66733497668549 0
      vertex -90.16662913856025 46.69181403534274 3
    endloop
  endfacet
  facet normal 0.049067674327417876 -0.9987954562051725 0
    outer loop
      vertex -90.16662913856025 46.69181403534274 3
      vertex -90.16662913856025 46.69181403534274 0
      vertex -90 46.7 3
    endloop
  endfacet
  facet normal -0.049067674327417876 -0.9987954562051725 0
    outer loop
      vertex -90 46.7 3
      vertex -90 46.7 0
      vertex -89.83337086143975 46.69181403534274 3
    endloop
  endfacet
  facet normal -0.33688985339223376 -0.9415440651830158 0
    outer loop
      vertex -89.50651604866741 46.626798570744754 3
      vertex -89.50651604866741 46.626798570744754 0
      vertex -89.34943816497935 46.570595205269186 3
    endloop
  endfacet
  facet normal -0.1467304744553955 -0.989176509964776 0
    outer loop
      vertex -89.83337086143975 46.69181403534274 3
      vertex -89.83337086143975 46.69181403534274 0
      vertex -89.66834645257258 46.66733497668549 3
    endloop
  endfacet
  facet normal -0.24298017990324872 -0.9700312531945477 0
    outer loop
      vertex -89.66834645257258 46.66733497668549 3
      vertex -89.66834645257258 46.66733497668549 0
      vertex -89.50651604866741 46.626798570744754 3
    endloop
  endfacet
  facet normal -0.4275550934302701 -0.9039892931234489 0
    outer loop
      vertex -89.34943816497935 46.570595205269186 3
      vertex -89.34943816497935 46.570595205269186 0
      vertex -89.1986255473958 46.499266149392206 3
    endloop
  endfacet
  facet normal -0.5141027441931966 -0.8577286100002872 0
    outer loop
      vertex -89.1986255473958 46.499266149392206 3
      vertex -89.1986255473958 46.499266149392206 0
      vertex -89.05553060386667 46.41349834091433 3
    endloop
  endfacet
  facet normal 0.4275550934302701 0.9039892931234489 0
    outer loop
      vertex 89.1986255473958 -46.499266149392206 0
      vertex 89.1986255473958 -46.499266149392206 3
      vertex 89.34943816497935 -46.570595205269186 0
    endloop
  endfacet
  facet normal 0.5141027441931966 0.8577286100002872 0
    outer loop
      vertex 89.05553060386667 -46.41349834091433 0
      vertex 89.05553060386667 -46.41349834091433 3
      vertex 89.1986255473958 -46.499266149392206 0
    endloop
  endfacet
  facet normal 0.33688985339223376 0.9415440651830158 0
    outer loop
      vertex 89.34943816497935 -46.570595205269186 0
      vertex 89.34943816497935 -46.570595205269186 3
      vertex 89.50651604866741 -46.626798570744754 0
    endloop
  endfacet
  facet normal 0.24298017990324872 0.9700312531945477 0
    outer loop
      vertex 89.50651604866741 -46.626798570744754 0
      vertex 89.50651604866741 -46.626798570744754 3
      vertex 89.66834645257258 -46.66733497668549 0
    endloop
  endfacet
  facet normal 0.1467304744553955 0.989176509964776 0
    outer loop
      vertex 89.66834645257258 -46.66733497668549 0
      vertex 89.66834645257258 -46.66733497668549 3
      vertex 89.83337086143975 -46.69181403534274 0
    endloop
  endfacet
  facet normal 0.049067674327417876 0.9987954562051725 0
    outer loop
      vertex 89.83337086143975 -46.69181403534274 0
      vertex 89.83337086143975 -46.69181403534274 3
      vertex 90 -46.7 0
    endloop
  endfacet
  facet normal -0.049067674327417876 0.9987954562051725 0
    outer loop
      vertex 90 -46.7 0
      vertex 90 -46.7 3
      vertex 90.16662913856025 -46.69181403534274 0
    endloop
  endfacet
  facet normal -0.1467304744553955 0.989176509964776 0
    outer loop
      vertex 90.16662913856025 -46.69181403534274 0
      vertex 90.16662913856025 -46.69181403534274 3
      vertex 90.33165354742742 -46.66733497668549 0
    endloop
  endfacet
  facet normal -0.24298017990324872 0.9700312531945477 0
    outer loop
      vertex 90.33165354742742 -46.66733497668549 0
      vertex 90.33165354742742 -46.66733497668549 3
      vertex 90.49348395133259 -46.626798570744754 0
    endloop
  endfacet
  facet normal -0.33688985339223376 0.9415440651830158 0
    outer loop
      vertex 90.49348395133259 -46.626798570744754 0
      vertex 90.49348395133259 -46.626798570744754 3
      vertex 90.65056183502065 -46.570595205269186 0
    endloop
  endfacet
  facet normal 0.8032075314806315 0.5956993044924517 1.0265976486793666e-18
    outer loop
      vertex 88.68588222928335 -46.0784685830782 0
      vertex 88.58650165908567 -45.94446939613332 0
      vertex 88.58650165908567 -45.94446939613332 3
    endloop
  endfacet
  facet normal 0.6715589548470033 0.7409511253549725 0
    outer loop
      vertex 88.79791847198287 -46.20208152801713 0
      vertex 88.79791847198287 -46.20208152801713 3
      vertex 88.92153141692181 -46.314117770716656 0
    endloop
  endfacet
  facet normal 0.5956993044924649 0.8032075314806215 0
    outer loop
      vertex 88.92153141692181 -46.314117770716656 0
      vertex 88.92153141692181 -46.314117770716656 3
      vertex 89.05553060386667 -46.41349834091433 0
    endloop
  endfacet
  facet normal 0.7409511253549746 0.6715589548470013 -6.435454279346174e-19
    outer loop
      vertex 88.79791847198287 -46.20208152801713 0
      vertex 88.68588222928335 -46.0784685830782 0
      vertex 88.68588222928335 -46.0784685830782 3
    endloop
  endfacet
  facet normal 0.8577286100002947 0.514102744193184 -1.6657108913064952e-18
    outer loop
      vertex 88.58650165908567 -45.94446939613332 0
      vertex 88.5007338506078 -45.80137445260419 0
      vertex 88.5007338506078 -45.80137445260419 3
    endloop
  endfacet
  facet normal 0.9039892931234327 0.427555093430305 -1.7288035878002656e-18
    outer loop
      vertex 88.5007338506078 -45.80137445260419 0
      vertex 88.42940479473081 -45.65056183502065 0
      vertex 88.42940479473081 -45.65056183502065 3
    endloop
  endfacet
  facet normal 0.9415440651830208 0.3368898533922203 -7.003320056386203e-19
    outer loop
      vertex 88.42940479473081 -45.65056183502065 0
      vertex 88.37320142925525 -45.493483951332585 0
      vertex 88.37320142925525 -45.493483951332585 3
    endloop
  endfacet
  facet normal 0.9700312531945379 0.24298017990328882 2.9760857652355154e-19
    outer loop
      vertex 88.37320142925525 -45.493483951332585 0
      vertex 88.3326650233145 -45.331653547427415 0
      vertex 88.3326650233145 -45.331653547427415 3
    endloop
  endfacet
  facet normal 0.9891765099647873 0.14673047445531834 -3.9190667451270666e-19
    outer loop
      vertex 88.3326650233145 -45.331653547427415 0
      vertex 88.30818596465727 -45.16662913856025 0
      vertex 88.30818596465727 -45.16662913856025 3
    endloop
  endfacet
  facet normal 0.9987954562051703 0.049067674327460356 -1.1272802633064568e-19
    outer loop
      vertex 88.30818596465727 -45.16662913856025 0
      vertex 88.3 -45 0
      vertex 88.3 -45 3
    endloop
  endfacet
  facet normal 0.9987954562051703 -0.049067674327460356 1.1272802633064568e-19
    outer loop
      vertex 88.3 -45 0
      vertex 88.30818596465727 -44.83337086143975 0
      vertex 88.30818596465727 -44.83337086143975 3
    endloop
  endfacet
  facet normal 0.9891765099647873 -0.14673047445531834 3.9190667451270666e-19
    outer loop
      vertex 88.30818596465727 -44.83337086143975 0
      vertex 88.3326650233145 -44.668346452572585 0
      vertex 88.3326650233145 -44.668346452572585 3
    endloop
  endfacet
  facet normal -0.4275550934302701 0.9039892931234489 0
    outer loop
      vertex 90.65056183502065 -46.570595205269186 0
      vertex 90.65056183502065 -46.570595205269186 3
      vertex 90.8013744526042 -46.499266149392206 0
    endloop
  endfacet
  facet normal -0.5141027441931966 0.8577286100002872 0
    outer loop
      vertex 90.8013744526042 -46.499266149392206 0
      vertex 90.8013744526042 -46.499266149392206 3
      vertex 90.94446939613333 -46.41349834091433 0
    endloop
  endfacet
  facet normal -0.5956993044924649 0.8032075314806215 0
    outer loop
      vertex 90.94446939613333 -46.41349834091433 0
      vertex 90.94446939613333 -46.41349834091433 3
      vertex 91.07846858307819 -46.314117770716656 0
    endloop
  endfacet
  facet normal -0.6715589548470033 0.7409511253549725 0
    outer loop
      vertex 91.07846858307819 -46.314117770716656 0
      vertex 91.07846858307819 -46.314117770716656 3
      vertex 91.20208152801713 -46.20208152801713 0
    endloop
  endfacet
  facet normal -0.7409511253549746 0.6715589548470013 0
    outer loop
      vertex 91.20208152801713 -46.20208152801713 0
      vertex 91.20208152801713 -46.20208152801713 3
      vertex 91.31411777071665 -46.0784685830782 0
    endloop
  endfacet
  facet normal -0.8032075314806315 0.5956993044924517 -1.0265976486793666e-18
    outer loop
      vertex 91.41349834091433 -45.94446939613332 0
      vertex 91.31411777071665 -46.0784685830782 0
      vertex 91.31411777071665 -46.0784685830782 3
    endloop
  endfacet
  facet normal -0.8577286100002947 0.514102744193184 1.6657108913064952e-18
    outer loop
      vertex 91.4992661493922 -45.80137445260419 0
      vertex 91.41349834091433 -45.94446939613332 0
      vertex 91.41349834091433 -45.94446939613332 3
    endloop
  endfacet
  facet normal -0.9039892931234327 0.427555093430305 1.7288035878002656e-18
    outer loop
      vertex 91.57059520526919 -45.65056183502065 0
      vertex 91.4992661493922 -45.80137445260419 0
      vertex 91.4992661493922 -45.80137445260419 3
    endloop
  endfacet
  facet normal -0.9415440651830208 0.3368898533922203 7.003320056386203e-19
    outer loop
      vertex 91.62679857074475 -45.493483951332585 0
      vertex 91.57059520526919 -45.65056183502065 0
      vertex 91.57059520526919 -45.65056183502065 3
    endloop
  endfacet
  facet normal -0.9700312531945379 0.24298017990328882 -2.9760857652355154e-19
    outer loop
      vertex 91.6673349766855 -45.331653547427415 0
      vertex 91.62679857074475 -45.493483951332585 0
      vertex 91.62679857074475 -45.493483951332585 3
    endloop
  endfacet
  facet normal -0.9891765099647873 0.14673047445531834 3.9190667451270666e-19
    outer loop
      vertex 91.69181403534273 -45.16662913856025 0
      vertex 91.6673349766855 -45.331653547427415 0
      vertex 91.6673349766855 -45.331653547427415 3
    endloop
  endfacet
  facet normal -0.9987954562051703 0.049067674327460356 1.1272802633064568e-19
    outer loop
      vertex 91.7 -45 0
      vertex 91.69181403534273 -45.16662913856025 0
      vertex 91.69181403534273 -45.16662913856025 3
    endloop
  endfacet
  facet normal -0.9987954562051703 -0.049067674327460356 -1.1272802633064568e-19
    outer loop
      vertex 91.69181403534273 -44.83337086143975 0
      vertex 91.7 -45 0
      vertex 91.7 -45 3
    endloop
  endfacet
  facet normal -0.9891765099647873 -0.14673047445531834 -3.9190667451270666e-19
    outer loop
      vertex 91.6673349766855 -44.668346452572585 0
      vertex 91.69181403534273 -44.83337086143975 0
      vertex 91.69181403534273 -44.83337086143975 3
    endloop
  endfacet
  facet normal 0.9700312531945379 -0.24298017990328882 -2.9760857652355154e-19
    outer loop
      vertex 88.3326650233145 -44.668346452572585 0
      vertex 88.37320142925525 -44.506516048667415 0
      vertex 88.37320142925525 -44.506516048667415 3
    endloop
  endfacet
  facet normal 0.9415440651830208 -0.3368898533922203 7.003320056386203e-19
    outer loop
      vertex 88.37320142925525 -44.506516048667415 0
      vertex 88.42940479473081 -44.34943816497935 0
      vertex 88.42940479473081 -44.34943816497935 3
    endloop
  endfacet
  facet normal 0.9039892931234327 -0.427555093430305 1.7288035878002656e-18
    outer loop
      vertex 88.42940479473081 -44.34943816497935 0
      vertex 88.5007338506078 -44.19862554739581 0
      vertex 88.5007338506078 -44.19862554739581 3
    endloop
  endfacet
  facet normal 0.8577286100002947 -0.514102744193184 1.6657108913064952e-18
    outer loop
      vertex 88.5007338506078 -44.19862554739581 0
      vertex 88.58650165908567 -44.05553060386668 0
      vertex 88.58650165908567 -44.05553060386668 3
    endloop
  endfacet
  facet normal 0.8032075314806315 -0.5956993044924517 -1.0265976486793666e-18
    outer loop
      vertex 88.58650165908567 -44.05553060386668 0
      vertex 88.68588222928335 -43.9215314169218 0
      vertex 88.68588222928335 -43.9215314169218 3
    endloop
  endfacet
  facet normal 0.7409511253549746 -0.6715589548470013 6.435454279346174e-19
    outer loop
      vertex 88.68588222928335 -43.9215314169218 0
      vertex 88.79791847198287 -43.79791847198287 0
      vertex 88.79791847198287 -43.79791847198287 3
    endloop
  endfacet
  facet normal 0.6715589548470033 -0.7409511253549725 0
    outer loop
      vertex 88.92153141692181 -43.685882229283344 0
      vertex 88.92153141692181 -43.685882229283344 3
      vertex 88.79791847198287 -43.79791847198287 0
    endloop
  endfacet
  facet normal 0.5956993044924649 -0.8032075314806215 0
    outer loop
      vertex 89.05553060386667 -43.58650165908567 0
      vertex 89.05553060386667 -43.58650165908567 3
      vertex 88.92153141692181 -43.685882229283344 0
    endloop
  endfacet
  facet normal 0.5141027441931966 -0.8577286100002872 0
    outer loop
      vertex 89.1986255473958 -43.500733850607794 0
      vertex 89.1986255473958 -43.500733850607794 3
      vertex 89.05553060386667 -43.58650165908567 0
    endloop
  endfacet
  facet normal 0.4275550934302701 -0.9039892931234489 0
    outer loop
      vertex 89.34943816497935 -43.429404794730814 0
      vertex 89.34943816497935 -43.429404794730814 3
      vertex 89.1986255473958 -43.500733850607794 0
    endloop
  endfacet
  facet normal 0.33688985339223376 -0.9415440651830158 0
    outer loop
      vertex 89.50651604866741 -43.373201429255246 0
      vertex 89.50651604866741 -43.373201429255246 3
      vertex 89.34943816497935 -43.429404794730814 0
    endloop
  endfacet
  facet normal 0.24298017990324872 -0.9700312531945477 0
    outer loop
      vertex 89.66834645257258 -43.33266502331451 0
      vertex 89.66834645257258 -43.33266502331451 3
      vertex 89.50651604866741 -43.373201429255246 0
    endloop
  endfacet
  facet normal 0.1467304744553955 -0.989176509964776 0
    outer loop
      vertex 89.83337086143975 -43.30818596465726 0
      vertex 89.83337086143975 -43.30818596465726 3
      vertex 89.66834645257258 -43.33266502331451 0
    endloop
  endfacet
  facet normal -0.33688985339223376 -0.9415440651830158 0
    outer loop
      vertex 90.65056183502065 -43.429404794730814 0
      vertex 90.65056183502065 -43.429404794730814 3
      vertex 90.49348395133259 -43.373201429255246 0
    endloop
  endfacet
  facet normal 0.049067674327417876 -0.9987954562051725 0
    outer loop
      vertex 90 -43.3 0
      vertex 90 -43.3 3
      vertex 89.83337086143975 -43.30818596465726 0
    endloop
  endfacet
  facet normal -0.049067674327417876 -0.9987954562051725 0
    outer loop
      vertex 90.16662913856025 -43.30818596465726 0
      vertex 90.16662913856025 -43.30818596465726 3
      vertex 90 -43.3 0
    endloop
  endfacet
  facet normal -0.1467304744553955 -0.989176509964776 0
    outer loop
      vertex 90.33165354742742 -43.33266502331451 0
      vertex 90.33165354742742 -43.33266502331451 3
      vertex 90.16662913856025 -43.30818596465726 0
    endloop
  endfacet
  facet normal -0.24298017990324872 -0.9700312531945477 0
    outer loop
      vertex 90.49348395133259 -43.373201429255246 0
      vertex 90.49348395133259 -43.373201429255246 3
      vertex 90.33165354742742 -43.33266502331451 0
    endloop
  endfacet
  facet normal -0.8032075314806315 -0.5956993044924517 1.0265976486793666e-18
    outer loop
      vertex 91.31411777071665 -43.9215314169218 0
      vertex 91.41349834091433 -44.05553060386668 0
      vertex 91.41349834091433 -44.05553060386668 3
    endloop
  endfacet
  facet normal -0.7409511253549746 -0.6715589548470013 -6.435454279346174e-19
    outer loop
      vertex 91.20208152801713 -43.79791847198287 0
      vertex 91.31411777071665 -43.9215314169218 0
      vertex 91.31411777071665 -43.9215314169218 3
    endloop
  endfacet
  facet normal -0.9700312531945379 -0.24298017990328882 2.9760857652355154e-19
    outer loop
      vertex 91.62679857074475 -44.506516048667415 0
      vertex 91.6673349766855 -44.668346452572585 0
      vertex 91.6673349766855 -44.668346452572585 3
    endloop
  endfacet
  facet normal -0.9039892931234327 -0.427555093430305 -1.7288035878002656e-18
    outer loop
      vertex 91.4992661493922 -44.19862554739581 0
      vertex 91.57059520526919 -44.34943816497935 0
      vertex 91.57059520526919 -44.34943816497935 3
    endloop
  endfacet
  facet normal -0.9415440651830208 -0.3368898533922203 -7.003320056386203e-19
    outer loop
      vertex 91.57059520526919 -44.34943816497935 0
      vertex 91.62679857074475 -44.506516048667415 0
      vertex 91.62679857074475 -44.506516048667415 3
    endloop
  endfacet
  facet normal -0.8577286100002947 -0.514102744193184 -1.6657108913064952e-18
    outer loop
      vertex 91.41349834091433 -44.05553060386668 0
      vertex 91.4992661493922 -44.19862554739581 0
      vertex 91.4992661493922 -44.19862554739581 3
    endloop
  endfacet
  facet normal -0.4275550934302701 -0.9039892931234489 0
    outer loop
      vertex 90.8013744526042 -43.500733850607794 0
      vertex 90.8013744526042 -43.500733850607794 3
      vertex 90.65056183502065 -43.429404794730814 0
    endloop
  endfacet
  facet normal -0.5141027441931966 -0.8577286100002872 0
    outer loop
      vertex 90.94446939613333 -43.58650165908567 0
      vertex 90.94446939613333 -43.58650165908567 3
      vertex 90.8013744526042 -43.500733850607794 0
    endloop
  endfacet
  facet normal -0.6715589548470033 -0.7409511253549725 0
    outer loop
      vertex 91.20208152801713 -43.79791847198287 0
      vertex 91.20208152801713 -43.79791847198287 3
      vertex 91.07846858307819 -43.685882229283344 0
    endloop
  endfacet
  facet normal -0.5956993044924649 -0.8032075314806215 0
    outer loop
      vertex 91.07846858307819 -43.685882229283344 0
      vertex 91.07846858307819 -43.685882229283344 3
      vertex 90.94446939613333 -43.58650165908567 0
    endloop
  endfacet
  facet normal 0.5141027441931966 0.8577286100002872 0
    outer loop
      vertex 89.1986255473958 -46.499266149392206 0
      vertex 89.05553060386667 -46.41349834091433 3
      vertex 89.1986255473958 -46.499266149392206 3
    endloop
  endfacet
  facet normal 0.4275550934302701 0.9039892931234489 0
    outer loop
      vertex 89.34943816497935 -46.570595205269186 0
      vertex 89.1986255473958 -46.499266149392206 3
      vertex 89.34943816497935 -46.570595205269186 3
    endloop
  endfacet
  facet normal 0.24298017990324872 0.9700312531945477 0
    outer loop
      vertex 89.66834645257258 -46.66733497668549 0
      vertex 89.50651604866741 -46.626798570744754 3
      vertex 89.66834645257258 -46.66733497668549 3
    endloop
  endfacet
  facet normal 0.1467304744553955 0.989176509964776 0
    outer loop
      vertex 89.83337086143975 -46.69181403534274 0
      vertex 89.66834645257258 -46.66733497668549 3
      vertex 89.83337086143975 -46.69181403534274 3
    endloop
  endfacet
  facet normal 0.33688985339223376 0.9415440651830158 0
    outer loop
      vertex 89.50651604866741 -46.626798570744754 0
      vertex 89.34943816497935 -46.570595205269186 3
      vertex 89.50651604866741 -46.626798570744754 3
    endloop
  endfacet
  facet normal 0.049067674327417876 0.9987954562051725 0
    outer loop
      vertex 90 -46.7 0
      vertex 89.83337086143975 -46.69181403534274 3
      vertex 90 -46.7 3
    endloop
  endfacet
  facet normal -0.049067674327417876 0.9987954562051725 0
    outer loop
      vertex 90.16662913856025 -46.69181403534274 0
      vertex 90 -46.7 3
      vertex 90.16662913856025 -46.69181403534274 3
    endloop
  endfacet
  facet normal -0.1467304744553955 0.989176509964776 0
    outer loop
      vertex 90.33165354742742 -46.66733497668549 0
      vertex 90.16662913856025 -46.69181403534274 3
      vertex 90.33165354742742 -46.66733497668549 3
    endloop
  endfacet
  facet normal -0.24298017990324872 0.9700312531945477 0
    outer loop
      vertex 90.49348395133259 -46.626798570744754 0
      vertex 90.33165354742742 -46.66733497668549 3
      vertex 90.49348395133259 -46.626798570744754 3
    endloop
  endfacet
  facet normal -0.33688985339223376 0.9415440651830158 0
    outer loop
      vertex 90.65056183502065 -46.570595205269186 0
      vertex 90.49348395133259 -46.626798570744754 3
      vertex 90.65056183502065 -46.570595205269186 3
    endloop
  endfacet
  facet normal 0.8032075314806315 0.5956993044924517 0
    outer loop
      vertex 88.68588222928335 -46.0784685830782 0
      vertex 88.58650165908567 -45.94446939613332 3
      vertex 88.68588222928335 -46.0784685830782 3
    endloop
  endfacet
  facet normal 0.5956993044924649 0.8032075314806215 0
    outer loop
      vertex 89.05553060386667 -46.41349834091433 0
      vertex 88.92153141692181 -46.314117770716656 3
      vertex 89.05553060386667 -46.41349834091433 3
    endloop
  endfacet
  facet normal 0.6715589548470033 0.7409511253549725 0
    outer loop
      vertex 88.92153141692181 -46.314117770716656 0
      vertex 88.79791847198287 -46.20208152801713 3
      vertex 88.92153141692181 -46.314117770716656 3
    endloop
  endfacet
  facet normal 0.7409511253549746 0.6715589548470013 0
    outer loop
      vertex 88.79791847198287 -46.20208152801713 0
      vertex 88.68588222928335 -46.0784685830782 3
      vertex 88.79791847198287 -46.20208152801713 3
    endloop
  endfacet
  facet normal 0.8577286100002947 0.514102744193184 0
    outer loop
      vertex 88.58650165908567 -45.94446939613332 0
      vertex 88.5007338506078 -45.80137445260419 3
      vertex 88.58650165908567 -45.94446939613332 3
    endloop
  endfacet
  facet normal 0.9415440651830208 0.3368898533922203 0
    outer loop
      vertex 88.42940479473081 -45.65056183502065 0
      vertex 88.37320142925525 -45.493483951332585 3
      vertex 88.42940479473081 -45.65056183502065 3
    endloop
  endfacet
  facet normal 0.9039892931234327 0.427555093430305 0
    outer loop
      vertex 88.5007338506078 -45.80137445260419 0
      vertex 88.42940479473081 -45.65056183502065 3
      vertex 88.5007338506078 -45.80137445260419 3
    endloop
  endfacet
  facet normal 0.9700312531945379 0.24298017990328882 0
    outer loop
      vertex 88.37320142925525 -45.493483951332585 0
      vertex 88.3326650233145 -45.331653547427415 3
      vertex 88.37320142925525 -45.493483951332585 3
    endloop
  endfacet
  facet normal 0.9891765099647873 0.14673047445531834 0
    outer loop
      vertex 88.3326650233145 -45.331653547427415 0
      vertex 88.30818596465727 -45.16662913856025 3
      vertex 88.3326650233145 -45.331653547427415 3
    endloop
  endfacet
  facet normal 0.9987954562051703 0.049067674327460356 0
    outer loop
      vertex 88.30818596465727 -45.16662913856025 0
      vertex 88.3 -45 3
      vertex 88.30818596465727 -45.16662913856025 3
    endloop
  endfacet
  facet normal 0.9987954562051703 -0.049067674327460356 0
    outer loop
      vertex 88.3 -45 0
      vertex 88.30818596465727 -44.83337086143975 3
      vertex 88.3 -45 3
    endloop
  endfacet
  facet normal 0.9891765099647873 -0.14673047445531834 0
    outer loop
      vertex 88.30818596465727 -44.83337086143975 0
      vertex 88.3326650233145 -44.668346452572585 3
      vertex 88.30818596465727 -44.83337086143975 3
    endloop
  endfacet
  facet normal -0.4275550934302701 0.9039892931234489 0
    outer loop
      vertex 90.8013744526042 -46.499266149392206 0
      vertex 90.65056183502065 -46.570595205269186 3
      vertex 90.8013744526042 -46.499266149392206 3
    endloop
  endfacet
  facet normal -0.5141027441931966 0.8577286100002872 0
    outer loop
      vertex 90.94446939613333 -46.41349834091433 0
      vertex 90.8013744526042 -46.499266149392206 3
      vertex 90.94446939613333 -46.41349834091433 3
    endloop
  endfacet
  facet normal -0.5956993044924649 0.8032075314806215 0
    outer loop
      vertex 91.07846858307819 -46.314117770716656 0
      vertex 90.94446939613333 -46.41349834091433 3
      vertex 91.07846858307819 -46.314117770716656 3
    endloop
  endfacet
  facet normal -0.6715589548470033 0.7409511253549725 0
    outer loop
      vertex 91.20208152801713 -46.20208152801713 0
      vertex 91.07846858307819 -46.314117770716656 3
      vertex 91.20208152801713 -46.20208152801713 3
    endloop
  endfacet
  facet normal -0.7409511253549746 0.6715589548470013 0
    outer loop
      vertex 91.31411777071665 -46.0784685830782 0
      vertex 91.20208152801713 -46.20208152801713 3
      vertex 91.31411777071665 -46.0784685830782 3
    endloop
  endfacet
  facet normal -0.8032075314806315 0.5956993044924517 0
    outer loop
      vertex 91.41349834091433 -45.94446939613332 0
      vertex 91.31411777071665 -46.0784685830782 3
      vertex 91.41349834091433 -45.94446939613332 3
    endloop
  endfacet
  facet normal -0.8577286100002947 0.514102744193184 0
    outer loop
      vertex 91.4992661493922 -45.80137445260419 0
      vertex 91.41349834091433 -45.94446939613332 3
      vertex 91.4992661493922 -45.80137445260419 3
    endloop
  endfacet
  facet normal -0.9039892931234327 0.427555093430305 0
    outer loop
      vertex 91.57059520526919 -45.65056183502065 0
      vertex 91.4992661493922 -45.80137445260419 3
      vertex 91.57059520526919 -45.65056183502065 3
    endloop
  endfacet
  facet normal -0.9415440651830208 0.3368898533922203 0
    outer loop
      vertex 91.62679857074475 -45.493483951332585 0
      vertex 91.57059520526919 -45.65056183502065 3
      vertex 91.62679857074475 -45.493483951332585 3
    endloop
  endfacet
  facet normal -0.9700312531945379 0.24298017990328882 0
    outer loop
      vertex 91.6673349766855 -45.331653547427415 0
      vertex 91.62679857074475 -45.493483951332585 3
      vertex 91.6673349766855 -45.331653547427415 3
    endloop
  endfacet
  facet normal -0.9891765099647873 0.14673047445531834 0
    outer loop
      vertex 91.69181403534273 -45.16662913856025 0
      vertex 91.6673349766855 -45.331653547427415 3
      vertex 91.69181403534273 -45.16662913856025 3
    endloop
  endfacet
  facet normal -0.9987954562051703 0.049067674327460356 0
    outer loop
      vertex 91.7 -45 0
      vertex 91.69181403534273 -45.16662913856025 3
      vertex 91.7 -45 3
    endloop
  endfacet
  facet normal -0.9987954562051703 -0.049067674327460356 0
    outer loop
      vertex 91.69181403534273 -44.83337086143975 0
      vertex 91.7 -45 3
      vertex 91.69181403534273 -44.83337086143975 3
    endloop
  endfacet
  facet normal -0.9891765099647873 -0.14673047445531834 0
    outer loop
      vertex 91.6673349766855 -44.668346452572585 0
      vertex 91.69181403534273 -44.83337086143975 3
      vertex 91.6673349766855 -44.668346452572585 3
    endloop
  endfacet
  facet normal 0.9700312531945379 -0.24298017990328882 0
    outer loop
      vertex 88.3326650233145 -44.668346452572585 0
      vertex 88.37320142925525 -44.506516048667415 3
      vertex 88.3326650233145 -44.668346452572585 3
    endloop
  endfacet
  facet normal 0.9415440651830208 -0.3368898533922203 0
    outer loop
      vertex 88.37320142925525 -44.506516048667415 0
      vertex 88.42940479473081 -44.34943816497935 3
      vertex 88.37320142925525 -44.506516048667415 3
    endloop
  endfacet
  facet normal 0.9039892931234327 -0.427555093430305 0
    outer loop
      vertex 88.42940479473081 -44.34943816497935 0
      vertex 88.5007338506078 -44.19862554739581 3
      vertex 88.42940479473081 -44.34943816497935 3
    endloop
  endfacet
  facet normal 0.8577286100002947 -0.514102744193184 0
    outer loop
      vertex 88.5007338506078 -44.19862554739581 0
      vertex 88.58650165908567 -44.05553060386668 3
      vertex 88.5007338506078 -44.19862554739581 3
    endloop
  endfacet
  facet normal 0.8032075314806315 -0.5956993044924517 0
    outer loop
      vertex 88.58650165908567 -44.05553060386668 0
      vertex 88.68588222928335 -43.9215314169218 3
      vertex 88.58650165908567 -44.05553060386668 3
    endloop
  endfacet
  facet normal 0.7409511253549746 -0.6715589548470013 0
    outer loop
      vertex 88.68588222928335 -43.9215314169218 0
      vertex 88.79791847198287 -43.79791847198287 3
      vertex 88.68588222928335 -43.9215314169218 3
    endloop
  endfacet
  facet normal 0.6715589548470033 -0.7409511253549725 0
    outer loop
      vertex 88.79791847198287 -43.79791847198287 0
      vertex 88.92153141692181 -43.685882229283344 3
      vertex 88.79791847198287 -43.79791847198287 3
    endloop
  endfacet
  facet normal 0.5956993044924649 -0.8032075314806215 0
    outer loop
      vertex 88.92153141692181 -43.685882229283344 0
      vertex 89.05553060386667 -43.58650165908567 3
      vertex 88.92153141692181 -43.685882229283344 3
    endloop
  endfacet
  facet normal 0.5141027441931966 -0.8577286100002872 0
    outer loop
      vertex 89.05553060386667 -43.58650165908567 0
      vertex 89.1986255473958 -43.500733850607794 3
      vertex 89.05553060386667 -43.58650165908567 3
    endloop
  endfacet
  facet normal 0.4275550934302701 -0.9039892931234489 0
    outer loop
      vertex 89.1986255473958 -43.500733850607794 0
      vertex 89.34943816497935 -43.429404794730814 3
      vertex 89.1986255473958 -43.500733850607794 3
    endloop
  endfacet
  facet normal 0.33688985339223376 -0.9415440651830158 0
    outer loop
      vertex 89.34943816497935 -43.429404794730814 0
      vertex 89.50651604866741 -43.373201429255246 3
      vertex 89.34943816497935 -43.429404794730814 3
    endloop
  endfacet
  facet normal 0.24298017990324872 -0.9700312531945477 0
    outer loop
      vertex 89.50651604866741 -43.373201429255246 0
      vertex 89.66834645257258 -43.33266502331451 3
      vertex 89.50651604866741 -43.373201429255246 3
    endloop
  endfacet
  facet normal 0.1467304744553955 -0.989176509964776 0
    outer loop
      vertex 89.66834645257258 -43.33266502331451 0
      vertex 89.83337086143975 -43.30818596465726 3
      vertex 89.66834645257258 -43.33266502331451 3
    endloop
  endfacet
  facet normal 0.049067674327417876 -0.9987954562051725 0
    outer loop
      vertex 89.83337086143975 -43.30818596465726 0
      vertex 90 -43.3 3
      vertex 89.83337086143975 -43.30818596465726 3
    endloop
  endfacet
  facet normal -0.049067674327417876 -0.9987954562051725 0
    outer loop
      vertex 90 -43.3 0
      vertex 90.16662913856025 -43.30818596465726 3
      vertex 90 -43.3 3
    endloop
  endfacet
  facet normal -0.1467304744553955 -0.989176509964776 0
    outer loop
      vertex 90.16662913856025 -43.30818596465726 0
      vertex 90.33165354742742 -43.33266502331451 3
      vertex 90.16662913856025 -43.30818596465726 3
    endloop
  endfacet
  facet normal -0.24298017990324872 -0.9700312531945477 0
    outer loop
      vertex 90.33165354742742 -43.33266502331451 0
      vertex 90.49348395133259 -43.373201429255246 3
      vertex 90.33165354742742 -43.33266502331451 3
    endloop
  endfacet
  facet normal -0.33688985339223376 -0.9415440651830158 0
    outer loop
      vertex 90.49348395133259 -43.373201429255246 0
      vertex 90.65056183502065 -43.429404794730814 3
      vertex 90.49348395133259 -43.373201429255246 3
    endloop
  endfacet
  facet normal -0.8032075314806315 -0.5956993044924517 0
    outer loop
      vertex 91.31411777071665 -43.9215314169218 0
      vertex 91.41349834091433 -44.05553060386668 3
      vertex 91.31411777071665 -43.9215314169218 3
    endloop
  endfacet
  facet normal -0.7409511253549746 -0.6715589548470013 0
    outer loop
      vertex 91.20208152801713 -43.79791847198287 0
      vertex 91.31411777071665 -43.9215314169218 3
      vertex 91.20208152801713 -43.79791847198287 3
    endloop
  endfacet
  facet normal -0.9700312531945379 -0.24298017990328882 0
    outer loop
      vertex 91.62679857074475 -44.506516048667415 0
      vertex 91.6673349766855 -44.668346452572585 3
      vertex 91.62679857074475 -44.506516048667415 3
    endloop
  endfacet
  facet normal -0.9415440651830208 -0.3368898533922203 0
    outer loop
      vertex 91.57059520526919 -44.34943816497935 0
      vertex 91.62679857074475 -44.506516048667415 3
      vertex 91.57059520526919 -44.34943816497935 3
    endloop
  endfacet
  facet normal -0.9039892931234327 -0.427555093430305 0
    outer loop
      vertex 91.4992661493922 -44.19862554739581 0
      vertex 91.57059520526919 -44.34943816497935 3
      vertex 91.4992661493922 -44.19862554739581 3
    endloop
  endfacet
  facet normal -0.8577286100002947 -0.514102744193184 0
    outer loop
      vertex 91.41349834091433 -44.05553060386668 0
      vertex 91.4992661493922 -44.19862554739581 3
      vertex 91.41349834091433 -44.05553060386668 3
    endloop
  endfacet
  facet normal -0.5956993044924649 -0.8032075314806215 0
    outer loop
      vertex 90.94446939613333 -43.58650165908567 0
      vertex 91.07846858307819 -43.685882229283344 3
      vertex 90.94446939613333 -43.58650165908567 3
    endloop
  endfacet
  facet normal -0.4275550934302701 -0.9039892931234489 0
    outer loop
      vertex 90.65056183502065 -43.429404794730814 0
      vertex 90.8013744526042 -43.500733850607794 3
      vertex 90.65056183502065 -43.429404794730814 3
    endloop
  endfacet
  facet normal -0.5141027441931966 -0.8577286100002872 0
    outer loop
      vertex 90.8013744526042 -43.500733850607794 0
      vertex 90.94446939613333 -43.58650165908567 3
      vertex 90.8013744526042 -43.500733850607794 3
    endloop
  endfacet
  facet normal -0.6715589548470033 -0.7409511253549725 0
    outer loop
      vertex 91.07846858307819 -43.685882229283344 0
      vertex 91.20208152801713 -43.79791847198287 3
      vertex 91.07846858307819 -43.685882229283344 3
    endloop
  endfacet
  facet normal 0.6715589548470033 0.7409511253549725 -1.402861526032914e-18
    outer loop
      vertex 88.92153141692181 43.685882229283344 0
      vertex 88.79791847198287 43.79791847198287 0
      vertex 88.79791847198287 43.79791847198287 3
    endloop
  endfacet
  facet normal 0.5956993044924649 0.8032075314806215 0
    outer loop
      vertex 88.92153141692181 43.685882229283344 0
      vertex 88.92153141692181 43.685882229283344 3
      vertex 89.05553060386667 43.58650165908567 0
    endloop
  endfacet
  facet normal 0.8032075314806315 0.5956993044924517 1.0265976486793666e-18
    outer loop
      vertex 88.68588222928335 43.9215314169218 0
      vertex 88.58650165908567 44.05553060386668 0
      vertex 88.58650165908567 44.05553060386668 3
    endloop
  endfacet
  facet normal 0.8577286100002947 0.514102744193184 -1.6657108913064952e-18
    outer loop
      vertex 88.58650165908567 44.05553060386668 0
      vertex 88.5007338506078 44.19862554739581 0
      vertex 88.5007338506078 44.19862554739581 3
    endloop
  endfacet
  facet normal 0.7409511253549746 0.6715589548470013 -6.435454279346174e-19
    outer loop
      vertex 88.79791847198287 43.79791847198287 0
      vertex 88.68588222928335 43.9215314169218 0
      vertex 88.68588222928335 43.9215314169218 3
    endloop
  endfacet
  facet normal 0.9039892931234327 0.427555093430305 -1.7288035878002656e-18
    outer loop
      vertex 88.5007338506078 44.19862554739581 0
      vertex 88.42940479473081 44.34943816497935 0
      vertex 88.42940479473081 44.34943816497935 3
    endloop
  endfacet
  facet normal 0.9415440651830208 0.3368898533922203 -7.003320056386203e-19
    outer loop
      vertex 88.42940479473081 44.34943816497935 0
      vertex 88.37320142925525 44.506516048667415 0
      vertex 88.37320142925525 44.506516048667415 3
    endloop
  endfacet
  facet normal 0.9700312531945379 0.24298017990328882 2.9760857652355154e-19
    outer loop
      vertex 88.37320142925525 44.506516048667415 0
      vertex 88.3326650233145 44.668346452572585 0
      vertex 88.3326650233145 44.668346452572585 3
    endloop
  endfacet
  facet normal 0.24298017990324872 0.9700312531945477 0
    outer loop
      vertex 89.50651604866741 43.373201429255246 0
      vertex 89.50651604866741 43.373201429255246 3
      vertex 89.66834645257258 43.33266502331451 0
    endloop
  endfacet
  facet normal 0.1467304744553955 0.989176509964776 0
    outer loop
      vertex 89.66834645257258 43.33266502331451 0
      vertex 89.66834645257258 43.33266502331451 3
      vertex 89.83337086143975 43.30818596465726 0
    endloop
  endfacet
  facet normal 0.4275550934302701 0.9039892931234489 0
    outer loop
      vertex 89.1986255473958 43.500733850607794 0
      vertex 89.1986255473958 43.500733850607794 3
      vertex 89.34943816497935 43.429404794730814 0
    endloop
  endfacet
  facet normal 0.5141027441931966 0.8577286100002872 0
    outer loop
      vertex 89.05553060386667 43.58650165908567 0
      vertex 89.05553060386667 43.58650165908567 3
      vertex 89.1986255473958 43.500733850607794 0
    endloop
  endfacet
  facet normal 0.33688985339223376 0.9415440651830158 0
    outer loop
      vertex 89.34943816497935 43.429404794730814 0
      vertex 89.34943816497935 43.429404794730814 3
      vertex 89.50651604866741 43.373201429255246 0
    endloop
  endfacet
  facet normal 0.049067674327417876 0.9987954562051725 0
    outer loop
      vertex 89.83337086143975 43.30818596465726 0
      vertex 89.83337086143975 43.30818596465726 3
      vertex 90 43.3 0
    endloop
  endfacet
  facet normal -0.049067674327417876 0.9987954562051725 0
    outer loop
      vertex 90 43.3 0
      vertex 90 43.3 3
      vertex 90.16662913856025 43.30818596465726 0
    endloop
  endfacet
  facet normal -0.1467304744553955 0.989176509964776 0
    outer loop
      vertex 90.16662913856025 43.30818596465726 0
      vertex 90.16662913856025 43.30818596465726 3
      vertex 90.33165354742742 43.33266502331451 0
    endloop
  endfacet
  facet normal -0.24298017990324872 0.9700312531945477 0
    outer loop
      vertex 90.33165354742742 43.33266502331451 0
      vertex 90.33165354742742 43.33266502331451 3
      vertex 90.49348395133259 43.373201429255246 0
    endloop
  endfacet
  facet normal -0.33688985339223376 0.9415440651830158 0
    outer loop
      vertex 90.49348395133259 43.373201429255246 0
      vertex 90.49348395133259 43.373201429255246 3
      vertex 90.65056183502065 43.429404794730814 0
    endloop
  endfacet
  facet normal -0.4275550934302701 0.9039892931234489 0
    outer loop
      vertex 90.65056183502065 43.429404794730814 0
      vertex 90.65056183502065 43.429404794730814 3
      vertex 90.8013744526042 43.500733850607794 0
    endloop
  endfacet
  facet normal -0.5141027441931966 0.8577286100002872 0
    outer loop
      vertex 90.8013744526042 43.500733850607794 0
      vertex 90.8013744526042 43.500733850607794 3
      vertex 90.94446939613333 43.58650165908567 0
    endloop
  endfacet
  facet normal -0.5956993044924649 0.8032075314806215 0
    outer loop
      vertex 90.94446939613333 43.58650165908567 0
      vertex 90.94446939613333 43.58650165908567 3
      vertex 91.07846858307819 43.685882229283344 0
    endloop
  endfacet
  facet normal -0.6715589548470033 0.7409511253549725 0
    outer loop
      vertex 91.07846858307819 43.685882229283344 0
      vertex 91.07846858307819 43.685882229283344 3
      vertex 91.20208152801713 43.79791847198287 0
    endloop
  endfacet
  facet normal -0.7409511253549746 0.6715589548470013 0
    outer loop
      vertex 91.20208152801713 43.79791847198287 0
      vertex 91.20208152801713 43.79791847198287 3
      vertex 91.31411777071665 43.9215314169218 0
    endloop
  endfacet
  facet normal -0.8032075314806315 0.5956993044924517 -1.0265976486793666e-18
    outer loop
      vertex 91.41349834091433 44.05553060386668 0
      vertex 91.31411777071665 43.9215314169218 0
      vertex 91.31411777071665 43.9215314169218 3
    endloop
  endfacet
  facet normal -0.8577286100002947 0.514102744193184 1.6657108913064952e-18
    outer loop
      vertex 91.4992661493922 44.19862554739581 0
      vertex 91.41349834091433 44.05553060386668 0
      vertex 91.41349834091433 44.05553060386668 3
    endloop
  endfacet
  facet normal -0.9039892931234327 0.427555093430305 1.7288035878002656e-18
    outer loop
      vertex 91.57059520526919 44.34943816497935 0
      vertex 91.4992661493922 44.19862554739581 0
      vertex 91.4992661493922 44.19862554739581 3
    endloop
  endfacet
  facet normal -0.9415440651830208 0.3368898533922203 7.003320056386203e-19
    outer loop
      vertex 91.62679857074475 44.506516048667415 0
      vertex 91.57059520526919 44.34943816497935 0
      vertex 91.57059520526919 44.34943816497935 3
    endloop
  endfacet
  facet normal -0.9700312531945379 0.24298017990328882 -2.9760857652355154e-19
    outer loop
      vertex 91.6673349766855 44.668346452572585 0
      vertex 91.62679857074475 44.506516048667415 0
      vertex 91.62679857074475 44.506516048667415 3
    endloop
  endfacet
  facet normal 0.9891765099647873 0.14673047445531834 -3.9190667451270666e-19
    outer loop
      vertex 88.3326650233145 44.668346452572585 0
      vertex 88.30818596465727 44.83337086143975 0
      vertex 88.30818596465727 44.83337086143975 3
    endloop
  endfacet
  facet normal 0.9987954562051703 0.049067674327460356 -1.1272802633064568e-19
    outer loop
      vertex 88.30818596465727 44.83337086143975 0
      vertex 88.3 45 0
      vertex 88.3 45 3
    endloop
  endfacet
  facet normal 0.9987954562051703 -0.049067674327460356 1.1272802633064568e-19
    outer loop
      vertex 88.3 45 0
      vertex 88.30818596465727 45.16662913856025 0
      vertex 88.30818596465727 45.16662913856025 3
    endloop
  endfacet
  facet normal 0.9891765099647873 -0.14673047445531834 3.9190667451270666e-19
    outer loop
      vertex 88.30818596465727 45.16662913856025 0
      vertex 88.3326650233145 45.331653547427415 0
      vertex 88.3326650233145 45.331653547427415 3
    endloop
  endfacet
  facet normal 0.9700312531945379 -0.24298017990328882 -2.9760857652355154e-19
    outer loop
      vertex 88.3326650233145 45.331653547427415 0
      vertex 88.37320142925525 45.493483951332585 0
      vertex 88.37320142925525 45.493483951332585 3
    endloop
  endfacet
  facet normal 0.9415440651830208 -0.3368898533922203 7.003320056386203e-19
    outer loop
      vertex 88.37320142925525 45.493483951332585 0
      vertex 88.42940479473081 45.65056183502065 0
      vertex 88.42940479473081 45.65056183502065 3
    endloop
  endfacet
  facet normal 0.9039892931234327 -0.427555093430305 1.7288035878002656e-18
    outer loop
      vertex 88.42940479473081 45.65056183502065 0
      vertex 88.5007338506078 45.80137445260419 0
      vertex 88.5007338506078 45.80137445260419 3
    endloop
  endfacet
  facet normal 0.8577286100002947 -0.514102744193184 1.6657108913064952e-18
    outer loop
      vertex 88.5007338506078 45.80137445260419 0
      vertex 88.58650165908567 45.94446939613332 0
      vertex 88.58650165908567 45.94446939613332 3
    endloop
  endfacet
  facet normal 0.8032075314806315 -0.5956993044924517 -1.0265976486793666e-18
    outer loop
      vertex 88.58650165908567 45.94446939613332 0
      vertex 88.68588222928335 46.0784685830782 0
      vertex 88.68588222928335 46.0784685830782 3
    endloop
  endfacet
  facet normal 0.7409511253549746 -0.6715589548470013 6.435454279346174e-19
    outer loop
      vertex 88.68588222928335 46.0784685830782 0
      vertex 88.79791847198287 46.20208152801713 0
      vertex 88.79791847198287 46.20208152801713 3
    endloop
  endfacet
  facet normal 0.6715589548470033 -0.7409511253549725 0
    outer loop
      vertex 88.92153141692181 46.314117770716656 0
      vertex 88.92153141692181 46.314117770716656 3
      vertex 88.79791847198287 46.20208152801713 0
    endloop
  endfacet
  facet normal 0.5956993044924649 -0.8032075314806215 0
    outer loop
      vertex 89.05553060386667 46.41349834091433 0
      vertex 89.05553060386667 46.41349834091433 3
      vertex 88.92153141692181 46.314117770716656 0
    endloop
  endfacet
  facet normal 0.5141027441931966 -0.8577286100002872 0
    outer loop
      vertex 89.1986255473958 46.499266149392206 0
      vertex 89.1986255473958 46.499266149392206 3
      vertex 89.05553060386667 46.41349834091433 0
    endloop
  endfacet
  facet normal 0.4275550934302701 -0.9039892931234489 0
    outer loop
      vertex 89.34943816497935 46.570595205269186 0
      vertex 89.34943816497935 46.570595205269186 3
      vertex 89.1986255473958 46.499266149392206 0
    endloop
  endfacet
  facet normal 0.33688985339223376 -0.9415440651830158 0
    outer loop
      vertex 89.50651604866741 46.626798570744754 0
      vertex 89.50651604866741 46.626798570744754 3
      vertex 89.34943816497935 46.570595205269186 0
    endloop
  endfacet
  facet normal 0.24298017990324872 -0.9700312531945477 0
    outer loop
      vertex 89.66834645257258 46.66733497668549 0
      vertex 89.66834645257258 46.66733497668549 3
      vertex 89.50651604866741 46.626798570744754 0
    endloop
  endfacet
  facet normal 0.1467304744553955 -0.989176509964776 0
    outer loop
      vertex 89.83337086143975 46.69181403534274 0
      vertex 89.83337086143975 46.69181403534274 3
      vertex 89.66834645257258 46.66733497668549 0
    endloop
  endfacet
  facet normal 0.049067674327417876 -0.9987954562051725 0
    outer loop
      vertex 90 46.7 0
      vertex 90 46.7 3
      vertex 89.83337086143975 46.69181403534274 0
    endloop
  endfacet
  facet normal -0.049067674327417876 -0.9987954562051725 0
    outer loop
      vertex 90.16662913856025 46.69181403534274 0
      vertex 90.16662913856025 46.69181403534274 3
      vertex 90 46.7 0
    endloop
  endfacet
  facet normal -0.33688985339223376 -0.9415440651830158 0
    outer loop
      vertex 90.65056183502065 46.570595205269186 0
      vertex 90.65056183502065 46.570595205269186 3
      vertex 90.49348395133259 46.626798570744754 0
    endloop
  endfacet
  facet normal -0.1467304744553955 -0.989176509964776 0
    outer loop
      vertex 90.33165354742742 46.66733497668549 0
      vertex 90.33165354742742 46.66733497668549 3
      vertex 90.16662913856025 46.69181403534274 0
    endloop
  endfacet
  facet normal -0.24298017990324872 -0.9700312531945477 0
    outer loop
      vertex 90.49348395133259 46.626798570744754 0
      vertex 90.49348395133259 46.626798570744754 3
      vertex 90.33165354742742 46.66733497668549 0
    endloop
  endfacet
  facet normal -0.9891765099647873 0.14673047445531834 3.9190667451270666e-19
    outer loop
      vertex 91.69181403534273 44.83337086143975 0
      vertex 91.6673349766855 44.668346452572585 0
      vertex 91.6673349766855 44.668346452572585 3
    endloop
  endfacet
  facet normal -0.9987954562051703 0.049067674327460356 1.1272802633064568e-19
    outer loop
      vertex 91.7 45 0
      vertex 91.69181403534273 44.83337086143975 0
      vertex 91.69181403534273 44.83337086143975 3
    endloop
  endfacet
  facet normal -0.9987954562051703 -0.049067674327460356 -1.1272802633064568e-19
    outer loop
      vertex 91.69181403534273 45.16662913856025 0
      vertex 91.7 45 0
      vertex 91.7 45 3
    endloop
  endfacet
  facet normal -0.9891765099647873 -0.14673047445531834 -3.9190667451270666e-19
    outer loop
      vertex 91.6673349766855 45.331653547427415 0
      vertex 91.69181403534273 45.16662913856025 0
      vertex 91.69181403534273 45.16662913856025 3
    endloop
  endfacet
  facet normal -0.9700312531945379 -0.24298017990328882 2.9760857652355154e-19
    outer loop
      vertex 91.62679857074475 45.493483951332585 0
      vertex 91.6673349766855 45.331653547427415 0
      vertex 91.6673349766855 45.331653547427415 3
    endloop
  endfacet
  facet normal -0.9415440651830208 -0.3368898533922203 -7.003320056386203e-19
    outer loop
      vertex 91.57059520526919 45.65056183502065 0
      vertex 91.62679857074475 45.493483951332585 0
      vertex 91.62679857074475 45.493483951332585 3
    endloop
  endfacet
  facet normal -0.8032075314806315 -0.5956993044924517 1.0265976486793666e-18
    outer loop
      vertex 91.31411777071665 46.0784685830782 0
      vertex 91.41349834091433 45.94446939613332 0
      vertex 91.41349834091433 45.94446939613332 3
    endloop
  endfacet
  facet normal -0.7409511253549746 -0.6715589548470013 -6.435454279346174e-19
    outer loop
      vertex 91.20208152801713 46.20208152801713 0
      vertex 91.31411777071665 46.0784685830782 0
      vertex 91.31411777071665 46.0784685830782 3
    endloop
  endfacet
  facet normal -0.6715589548470033 -0.7409511253549725 -1.402861526032914e-18
    outer loop
      vertex 91.07846858307819 46.314117770716656 0
      vertex 91.20208152801713 46.20208152801713 0
      vertex 91.20208152801713 46.20208152801713 3
    endloop
  endfacet
  facet normal -0.5956993044924649 -0.8032075314806215 0
    outer loop
      vertex 91.07846858307819 46.314117770716656 0
      vertex 91.07846858307819 46.314117770716656 3
      vertex 90.94446939613333 46.41349834091433 0
    endloop
  endfacet
  facet normal -0.9039892931234327 -0.427555093430305 -1.7288035878002656e-18
    outer loop
      vertex 91.4992661493922 45.80137445260419 0
      vertex 91.57059520526919 45.65056183502065 0
      vertex 91.57059520526919 45.65056183502065 3
    endloop
  endfacet
  facet normal -0.8577286100002947 -0.514102744193184 -1.6657108913064952e-18
    outer loop
      vertex 91.41349834091433 45.94446939613332 0
      vertex 91.4992661493922 45.80137445260419 0
      vertex 91.4992661493922 45.80137445260419 3
    endloop
  endfacet
  facet normal -0.4275550934302701 -0.9039892931234489 0
    outer loop
      vertex 90.8013744526042 46.499266149392206 0
      vertex 90.8013744526042 46.499266149392206 3
      vertex 90.65056183502065 46.570595205269186 0
    endloop
  endfacet
  facet normal -0.5141027441931966 -0.8577286100002872 0
    outer loop
      vertex 90.94446939613333 46.41349834091433 0
      vertex 90.94446939613333 46.41349834091433 3
      vertex 90.8013744526042 46.499266149392206 0
    endloop
  endfacet
  facet normal 0.5956993044924649 0.8032075314806215 0
    outer loop
      vertex 89.05553060386667 43.58650165908567 0
      vertex 88.92153141692181 43.685882229283344 3
      vertex 89.05553060386667 43.58650165908567 3
    endloop
  endfacet
  facet normal 0.6715589548470033 0.7409511253549725 0
    outer loop
      vertex 88.92153141692181 43.685882229283344 0
      vertex 88.79791847198287 43.79791847198287 3
      vertex 88.92153141692181 43.685882229283344 3
    endloop
  endfacet
  facet normal 0.8032075314806315 0.5956993044924517 0
    outer loop
      vertex 88.68588222928335 43.9215314169218 0
      vertex 88.58650165908567 44.05553060386668 3
      vertex 88.68588222928335 43.9215314169218 3
    endloop
  endfacet
  facet normal 0.8577286100002947 0.514102744193184 0
    outer loop
      vertex 88.58650165908567 44.05553060386668 0
      vertex 88.5007338506078 44.19862554739581 3
      vertex 88.58650165908567 44.05553060386668 3
    endloop
  endfacet
  facet normal 0.9039892931234327 0.427555093430305 0
    outer loop
      vertex 88.5007338506078 44.19862554739581 0
      vertex 88.42940479473081 44.34943816497935 3
      vertex 88.5007338506078 44.19862554739581 3
    endloop
  endfacet
  facet normal 0.7409511253549746 0.6715589548470013 0
    outer loop
      vertex 88.79791847198287 43.79791847198287 0
      vertex 88.68588222928335 43.9215314169218 3
      vertex 88.79791847198287 43.79791847198287 3
    endloop
  endfacet
  facet normal 0.9415440651830208 0.3368898533922203 0
    outer loop
      vertex 88.42940479473081 44.34943816497935 0
      vertex 88.37320142925525 44.506516048667415 3
      vertex 88.42940479473081 44.34943816497935 3
    endloop
  endfacet
  facet normal 0.9700312531945379 0.24298017990328882 0
    outer loop
      vertex 88.37320142925525 44.506516048667415 0
      vertex 88.3326650233145 44.668346452572585 3
      vertex 88.37320142925525 44.506516048667415 3
    endloop
  endfacet
  facet normal 0.33688985339223376 0.9415440651830158 0
    outer loop
      vertex 89.50651604866741 43.373201429255246 0
      vertex 89.34943816497935 43.429404794730814 3
      vertex 89.50651604866741 43.373201429255246 3
    endloop
  endfacet
  facet normal 0.24298017990324872 0.9700312531945477 0
    outer loop
      vertex 89.66834645257258 43.33266502331451 0
      vertex 89.50651604866741 43.373201429255246 3
      vertex 89.66834645257258 43.33266502331451 3
    endloop
  endfacet
  facet normal 0.1467304744553955 0.989176509964776 0
    outer loop
      vertex 89.83337086143975 43.30818596465726 0
      vertex 89.66834645257258 43.33266502331451 3
      vertex 89.83337086143975 43.30818596465726 3
    endloop
  endfacet
  facet normal 0.5141027441931966 0.8577286100002872 0
    outer loop
      vertex 89.1986255473958 43.500733850607794 0
      vertex 89.05553060386667 43.58650165908567 3
      vertex 89.1986255473958 43.500733850607794 3
    endloop
  endfacet
  facet normal 0.4275550934302701 0.9039892931234489 0
    outer loop
      vertex 89.34943816497935 43.429404794730814 0
      vertex 89.1986255473958 43.500733850607794 3
      vertex 89.34943816497935 43.429404794730814 3
    endloop
  endfacet
  facet normal 0.049067674327417876 0.9987954562051725 0
    outer loop
      vertex 90 43.3 0
      vertex 89.83337086143975 43.30818596465726 3
      vertex 90 43.3 3
    endloop
  endfacet
  facet normal -0.049067674327417876 0.9987954562051725 0
    outer loop
      vertex 90.16662913856025 43.30818596465726 0
      vertex 90 43.3 3
      vertex 90.16662913856025 43.30818596465726 3
    endloop
  endfacet
  facet normal -0.1467304744553955 0.989176509964776 0
    outer loop
      vertex 90.33165354742742 43.33266502331451 0
      vertex 90.16662913856025 43.30818596465726 3
      vertex 90.33165354742742 43.33266502331451 3
    endloop
  endfacet
  facet normal -0.24298017990324872 0.9700312531945477 0
    outer loop
      vertex 90.49348395133259 43.373201429255246 0
      vertex 90.33165354742742 43.33266502331451 3
      vertex 90.49348395133259 43.373201429255246 3
    endloop
  endfacet
  facet normal -0.33688985339223376 0.9415440651830158 0
    outer loop
      vertex 90.65056183502065 43.429404794730814 0
      vertex 90.49348395133259 43.373201429255246 3
      vertex 90.65056183502065 43.429404794730814 3
    endloop
  endfacet
  facet normal -0.4275550934302701 0.9039892931234489 0
    outer loop
      vertex 90.8013744526042 43.500733850607794 0
      vertex 90.65056183502065 43.429404794730814 3
      vertex 90.8013744526042 43.500733850607794 3
    endloop
  endfacet
  facet normal -0.5141027441931966 0.8577286100002872 0
    outer loop
      vertex 90.94446939613333 43.58650165908567 0
      vertex 90.8013744526042 43.500733850607794 3
      vertex 90.94446939613333 43.58650165908567 3
    endloop
  endfacet
  facet normal -0.5956993044924649 0.8032075314806215 0
    outer loop
      vertex 91.07846858307819 43.685882229283344 0
      vertex 90.94446939613333 43.58650165908567 3
      vertex 91.07846858307819 43.685882229283344 3
    endloop
  endfacet
  facet normal -0.6715589548470033 0.7409511253549725 0
    outer loop
      vertex 91.20208152801713 43.79791847198287 0
      vertex 91.07846858307819 43.685882229283344 3
      vertex 91.20208152801713 43.79791847198287 3
    endloop
  endfacet
  facet normal -0.7409511253549746 0.6715589548470013 0
    outer loop
      vertex 91.31411777071665 43.9215314169218 0
      vertex 91.20208152801713 43.79791847198287 3
      vertex 91.31411777071665 43.9215314169218 3
    endloop
  endfacet
  facet normal -0.8032075314806315 0.5956993044924517 0
    outer loop
      vertex 91.41349834091433 44.05553060386668 0
      vertex 91.31411777071665 43.9215314169218 3
      vertex 91.41349834091433 44.05553060386668 3
    endloop
  endfacet
  facet normal -0.8577286100002947 0.514102744193184 0
    outer loop
      vertex 91.4992661493922 44.19862554739581 0
      vertex 91.41349834091433 44.05553060386668 3
      vertex 91.4992661493922 44.19862554739581 3
    endloop
  endfacet
  facet normal -0.9039892931234327 0.427555093430305 0
    outer loop
      vertex 91.57059520526919 44.34943816497935 0
      vertex 91.4992661493922 44.19862554739581 3
      vertex 91.57059520526919 44.34943816497935 3
    endloop
  endfacet
  facet normal -0.9415440651830208 0.3368898533922203 0
    outer loop
      vertex 91.62679857074475 44.506516048667415 0
      vertex 91.57059520526919 44.34943816497935 3
      vertex 91.62679857074475 44.506516048667415 3
    endloop
  endfacet
  facet normal -0.9700312531945379 0.24298017990328882 0
    outer loop
      vertex 91.6673349766855 44.668346452572585 0
      vertex 91.62679857074475 44.506516048667415 3
      vertex 91.6673349766855 44.668346452572585 3
    endloop
  endfacet
  facet normal 0.9891765099647873 0.14673047445531834 0
    outer loop
      vertex 88.3326650233145 44.668346452572585 0
      vertex 88.30818596465727 44.83337086143975 3
      vertex 88.3326650233145 44.668346452572585 3
    endloop
  endfacet
  facet normal 0.9987954562051703 0.049067674327460356 0
    outer loop
      vertex 88.30818596465727 44.83337086143975 0
      vertex 88.3 45 3
      vertex 88.30818596465727 44.83337086143975 3
    endloop
  endfacet
  facet normal 0.9987954562051703 -0.049067674327460356 0
    outer loop
      vertex 88.3 45 0
      vertex 88.30818596465727 45.16662913856025 3
      vertex 88.3 45 3
    endloop
  endfacet
  facet normal 0.9891765099647873 -0.14673047445531834 0
    outer loop
      vertex 88.30818596465727 45.16662913856025 0
      vertex 88.3326650233145 45.331653547427415 3
      vertex 88.30818596465727 45.16662913856025 3
    endloop
  endfacet
  facet normal 0.9700312531945379 -0.24298017990328882 0
    outer loop
      vertex 88.3326650233145 45.331653547427415 0
      vertex 88.37320142925525 45.493483951332585 3
      vertex 88.3326650233145 45.331653547427415 3
    endloop
  endfacet
  facet normal 0.9415440651830208 -0.3368898533922203 0
    outer loop
      vertex 88.37320142925525 45.493483951332585 0
      vertex 88.42940479473081 45.65056183502065 3
      vertex 88.37320142925525 45.493483951332585 3
    endloop
  endfacet
  facet normal 0.9039892931234327 -0.427555093430305 0
    outer loop
      vertex 88.42940479473081 45.65056183502065 0
      vertex 88.5007338506078 45.80137445260419 3
      vertex 88.42940479473081 45.65056183502065 3
    endloop
  endfacet
  facet normal 0.8577286100002947 -0.514102744193184 0
    outer loop
      vertex 88.5007338506078 45.80137445260419 0
      vertex 88.58650165908567 45.94446939613332 3
      vertex 88.5007338506078 45.80137445260419 3
    endloop
  endfacet
  facet normal 0.8032075314806315 -0.5956993044924517 0
    outer loop
      vertex 88.58650165908567 45.94446939613332 0
      vertex 88.68588222928335 46.0784685830782 3
      vertex 88.58650165908567 45.94446939613332 3
    endloop
  endfacet
  facet normal 0.7409511253549746 -0.6715589548470013 0
    outer loop
      vertex 88.68588222928335 46.0784685830782 0
      vertex 88.79791847198287 46.20208152801713 3
      vertex 88.68588222928335 46.0784685830782 3
    endloop
  endfacet
  facet normal 0.6715589548470033 -0.7409511253549725 0
    outer loop
      vertex 88.79791847198287 46.20208152801713 0
      vertex 88.92153141692181 46.314117770716656 3
      vertex 88.79791847198287 46.20208152801713 3
    endloop
  endfacet
  facet normal 0.5956993044924649 -0.8032075314806215 0
    outer loop
      vertex 88.92153141692181 46.314117770716656 0
      vertex 89.05553060386667 46.41349834091433 3
      vertex 88.92153141692181 46.314117770716656 3
    endloop
  endfacet
  facet normal 0.5141027441931966 -0.8577286100002872 0
    outer loop
      vertex 89.05553060386667 46.41349834091433 0
      vertex 89.1986255473958 46.499266149392206 3
      vertex 89.05553060386667 46.41349834091433 3
    endloop
  endfacet
  facet normal 0.4275550934302701 -0.9039892931234489 0
    outer loop
      vertex 89.1986255473958 46.499266149392206 0
      vertex 89.34943816497935 46.570595205269186 3
      vertex 89.1986255473958 46.499266149392206 3
    endloop
  endfacet
  facet normal 0.33688985339223376 -0.9415440651830158 0
    outer loop
      vertex 89.34943816497935 46.570595205269186 0
      vertex 89.50651604866741 46.626798570744754 3
      vertex 89.34943816497935 46.570595205269186 3
    endloop
  endfacet
  facet normal 0.24298017990324872 -0.9700312531945477 0
    outer loop
      vertex 89.50651604866741 46.626798570744754 0
      vertex 89.66834645257258 46.66733497668549 3
      vertex 89.50651604866741 46.626798570744754 3
    endloop
  endfacet
  facet normal 0.1467304744553955 -0.989176509964776 0
    outer loop
      vertex 89.66834645257258 46.66733497668549 0
      vertex 89.83337086143975 46.69181403534274 3
      vertex 89.66834645257258 46.66733497668549 3
    endloop
  endfacet
  facet normal 0.049067674327417876 -0.9987954562051725 0
    outer loop
      vertex 89.83337086143975 46.69181403534274 0
      vertex 90 46.7 3
      vertex 89.83337086143975 46.69181403534274 3
    endloop
  endfacet
  facet normal -0.049067674327417876 -0.9987954562051725 0
    outer loop
      vertex 90 46.7 0
      vertex 90.16662913856025 46.69181403534274 3
      vertex 90 46.7 3
    endloop
  endfacet
  facet normal -0.1467304744553955 -0.989176509964776 0
    outer loop
      vertex 90.16662913856025 46.69181403534274 0
      vertex 90.33165354742742 46.66733497668549 3
      vertex 90.16662913856025 46.69181403534274 3
    endloop
  endfacet
  facet normal -0.33688985339223376 -0.9415440651830158 0
    outer loop
      vertex 90.49348395133259 46.626798570744754 0
      vertex 90.65056183502065 46.570595205269186 3
      vertex 90.49348395133259 46.626798570744754 3
    endloop
  endfacet
  facet normal -0.24298017990324872 -0.9700312531945477 0
    outer loop
      vertex 90.33165354742742 46.66733497668549 0
      vertex 90.49348395133259 46.626798570744754 3
      vertex 90.33165354742742 46.66733497668549 3
    endloop
  endfacet
  facet normal -0.9891765099647873 0.14673047445531834 0
    outer loop
      vertex 91.69181403534273 44.83337086143975 0
      vertex 91.6673349766855 44.668346452572585 3
      vertex 91.69181403534273 44.83337086143975 3
    endloop
  endfacet
  facet normal -0.9987954562051703 0.049067674327460356 0
    outer loop
      vertex 91.7 45 0
      vertex 91.69181403534273 44.83337086143975 3
      vertex 91.7 45 3
    endloop
  endfacet
  facet normal -0.9987954562051703 -0.049067674327460356 0
    outer loop
      vertex 91.69181403534273 45.16662913856025 0
      vertex 91.7 45 3
      vertex 91.69181403534273 45.16662913856025 3
    endloop
  endfacet
  facet normal -0.9891765099647873 -0.14673047445531834 0
    outer loop
      vertex 91.6673349766855 45.331653547427415 0
      vertex 91.69181403534273 45.16662913856025 3
      vertex 91.6673349766855 45.331653547427415 3
    endloop
  endfacet
  facet normal -0.9700312531945379 -0.24298017990328882 0
    outer loop
      vertex 91.62679857074475 45.493483951332585 0
      vertex 91.6673349766855 45.331653547427415 3
      vertex 91.62679857074475 45.493483951332585 3
    endloop
  endfacet
  facet normal -0.5956993044924649 -0.8032075314806215 0
    outer loop
      vertex 90.94446939613333 46.41349834091433 0
      vertex 91.07846858307819 46.314117770716656 3
      vertex 90.94446939613333 46.41349834091433 3
    endloop
  endfacet
  facet normal -0.8032075314806315 -0.5956993044924517 0
    outer loop
      vertex 91.31411777071665 46.0784685830782 0
      vertex 91.41349834091433 45.94446939613332 3
      vertex 91.31411777071665 46.0784685830782 3
    endloop
  endfacet
  facet normal -0.7409511253549746 -0.6715589548470013 0
    outer loop
      vertex 91.20208152801713 46.20208152801713 0
      vertex 91.31411777071665 46.0784685830782 3
      vertex 91.20208152801713 46.20208152801713 3
    endloop
  endfacet
  facet normal -0.6715589548470033 -0.7409511253549725 0
    outer loop
      vertex 91.07846858307819 46.314117770716656 0
      vertex 91.20208152801713 46.20208152801713 3
      vertex 91.07846858307819 46.314117770716656 3
    endloop
  endfacet
  facet normal -0.9415440651830208 -0.3368898533922203 0
    outer loop
      vertex 91.57059520526919 45.65056183502065 0
      vertex 91.62679857074475 45.493483951332585 3
      vertex 91.57059520526919 45.65056183502065 3
    endloop
  endfacet
  facet normal -0.9039892931234327 -0.427555093430305 0
    outer loop
      vertex 91.4992661493922 45.80137445260419 0
      vertex 91.57059520526919 45.65056183502065 3
      vertex 91.4992661493922 45.80137445260419 3
    endloop
  endfacet
  facet normal -0.8577286100002947 -0.514102744193184 0
    outer loop
      vertex 91.41349834091433 45.94446939613332 0
      vertex 91.4992661493922 45.80137445260419 3
      vertex 91.41349834091433 45.94446939613332 3
    endloop
  endfacet
  facet normal -0.4275550934302701 -0.9039892931234489 0
    outer loop
      vertex 90.65056183502065 46.570595205269186 0
      vertex 90.8013744526042 46.499266149392206 3
      vertex 90.65056183502065 46.570595205269186 3
    endloop
  endfacet
  facet normal -0.5141027441931966 -0.8577286100002872 0
    outer loop
      vertex 90.8013744526042 46.499266149392206 0
      vertex 90.94446939613333 46.41349834091433 3
      vertex 90.8013744526042 46.499266149392206 3
    endloop
  endfacet
endsolid OpenSCAD_Model
