solid OpenSCAD_Model
  facet normal 0.9588197348681936 0.2840153447039206 0
    outer loop
      vertex -30.642073904691415 -29.439992376674287 18
      vertex -30.61679607770176 -29.52532889043741 0
      vertex -30.642073904691415 -29.439992376674287 0
    endloop
  endfacet
  facet normal 0.9723699203976786 0.23344536385589695 0
    outer loop
      vertex -30.66285092124747 -29.35344987439019 18
      vertex -30.642073904691415 -29.439992376674287 0
      vertex -30.66285092124747 -29.35344987439019 0
    endloop
  endfacet
  facet normal 0.9832549075639505 0.18223552549216931 0
    outer loop
      vertex -30.679070179011735 -29.265938590568393 18
      vertex -30.66285092124747 -29.35344987439019 0
      vertex -30.679070179011735 -29.265938590568393 0
    endloop
  endfacet
  facet normal 0.9914448613738096 0.1305261922200572 0
    outer loop
      vertex -30.690687222126066 -29.17769838755501 18
      vertex -30.679070179011735 -29.265938590568393 0
      vertex -30.690687222126066 -29.17769838755501 0
    endloop
  endfacet
  facet normal 0.9969173337331282 0.07845909572784271 0
    outer loop
      vertex -30.697670209082776 -29.088971125613003 18
      vertex -30.690687222126066 -29.17769838755501 0
      vertex -30.697670209082776 -29.088971125613003 0
    endloop
  endfacet
  facet normal 0.9996573249755577 0.02617694830785591 0
    outer loop
      vertex -30.7 -29 18
      vertex -30.697670209082776 -29.088971125613003 0
      vertex -30.7 -29 0
    endloop
  endfacet
  facet normal 0.9996573249755577 -0.02617694830785591 0
    outer loop
      vertex -30.697670209082776 -28.911028874386997 18
      vertex -30.7 -29 0
      vertex -30.697670209082776 -28.911028874386997 0
    endloop
  endfacet
  facet normal 0.9969173337331282 -0.07845909572784271 0
    outer loop
      vertex -30.690687222126066 -28.82230161244499 18
      vertex -30.697670209082776 -28.911028874386997 0
      vertex -30.690687222126066 -28.82230161244499 0
    endloop
  endfacet
  facet normal 0.9914448613738096 -0.1305261922200572 0
    outer loop
      vertex -30.679070179011735 -28.734061409431607 18
      vertex -30.690687222126066 -28.82230161244499 0
      vertex -30.679070179011735 -28.734061409431607 0
    endloop
  endfacet
  facet normal 0.9832549075639505 -0.18223552549216931 0
    outer loop
      vertex -30.66285092124747 -28.64655012560981 18
      vertex -30.679070179011735 -28.734061409431607 0
      vertex -30.66285092124747 -28.64655012560981 0
    endloop
  endfacet
  facet normal 0.9723699203976786 -0.23344536385589695 0
    outer loop
      vertex -30.642073904691415 -28.560007623325713 18
      vertex -30.66285092124747 -28.64655012560981 0
      vertex -30.642073904691415 -28.560007623325713 0
    endloop
  endfacet
  facet normal 0.9588197348681936 -0.2840153447039206 0
    outer loop
      vertex -30.61679607770176 -28.47467110956259 18
      vertex -30.642073904691415 -28.560007623325713 0
      vertex -30.61679607770176 -28.47467110956259 0
    endloop
  endfacet
  facet normal 0.2840153447039206 0.9588197348681936 0
    outer loop
      vertex -29.52532889043741 -30.61679607770176 18
      vertex -29.439992376674287 -30.642073904691415 0
      vertex -29.52532889043741 -30.61679607770176 0
    endloop
  endfacet
  facet normal 0.23344536385589695 0.9723699203976786 0
    outer loop
      vertex -29.439992376674287 -30.642073904691415 18
      vertex -29.35344987439019 -30.66285092124747 0
      vertex -29.439992376674287 -30.642073904691415 0
    endloop
  endfacet
  facet normal 0.18223552549216931 0.9832549075639505 0
    outer loop
      vertex -29.35344987439019 -30.66285092124747 18
      vertex -29.265938590568393 -30.679070179011735 0
      vertex -29.35344987439019 -30.66285092124747 0
    endloop
  endfacet
  facet normal 0.1305261922200572 0.9914448613738096 0
    outer loop
      vertex -29.265938590568393 -30.679070179011735 18
      vertex -29.17769838755501 -30.690687222126066 0
      vertex -29.265938590568393 -30.679070179011735 0
    endloop
  endfacet
  facet normal 0.07845909572784271 0.9969173337331282 0
    outer loop
      vertex -29.17769838755501 -30.690687222126066 18
      vertex -29.088971125613003 -30.697670209082776 0
      vertex -29.17769838755501 -30.690687222126066 0
    endloop
  endfacet
  facet normal 0.02617694830785591 0.9996573249755577 0
    outer loop
      vertex -29.088971125613003 -30.697670209082776 18
      vertex -29 -30.7 0
      vertex -29.088971125613003 -30.697670209082776 0
    endloop
  endfacet
  facet normal -0.02617694830785591 0.9996573249755577 0
    outer loop
      vertex -29 -30.7 18
      vertex -28.911028874386997 -30.697670209082776 0
      vertex -29 -30.7 0
    endloop
  endfacet
  facet normal -0.07845909572784271 0.9969173337331282 0
    outer loop
      vertex -28.911028874386997 -30.697670209082776 18
      vertex -28.82230161244499 -30.690687222126066 0
      vertex -28.911028874386997 -30.697670209082776 0
    endloop
  endfacet
  facet normal -0.1305261922200572 0.9914448613738096 0
    outer loop
      vertex -28.82230161244499 -30.690687222126066 18
      vertex -28.734061409431607 -30.679070179011735 0
      vertex -28.82230161244499 -30.690687222126066 0
    endloop
  endfacet
  facet normal -0.18223552549216931 0.9832549075639505 0
    outer loop
      vertex -28.734061409431607 -30.679070179011735 18
      vertex -28.64655012560981 -30.66285092124747 0
      vertex -28.734061409431607 -30.679070179011735 0
    endloop
  endfacet
  facet normal -0.23344536385589695 0.9723699203976786 0
    outer loop
      vertex -28.64655012560981 -30.66285092124747 18
      vertex -28.560007623325713 -30.642073904691415 0
      vertex -28.64655012560981 -30.66285092124747 0
    endloop
  endfacet
  facet normal -0.2840153447039206 0.9588197348681936 0
    outer loop
      vertex -28.560007623325713 -30.642073904691415 18
      vertex -28.47467110956259 -30.61679607770176 0
      vertex -28.560007623325713 -30.642073904691415 0
    endloop
  endfacet
  facet normal 0.7604059656000218 0.6494480483301944 0
    outer loop
      vertex -30.32114813447685 -30.069844664784725 18
      vertex -30.26334620331157 -30.137522030810057 0
      vertex -30.32114813447685 -30.069844664784725 0
    endloop
  endfacet
  facet normal 0.7253743710123074 0.6883545756937332 0
    outer loop
      vertex -30.26334620331157 -30.137522030810057 18
      vertex -30.202081528017132 -30.202081528017132 0
      vertex -30.26334620331157 -30.137522030810057 0
    endloop
  endfacet
  facet normal 0.6883545756937332 0.7253743710123074 0
    outer loop
      vertex -30.202081528017132 -30.202081528017132 18
      vertex -30.137522030810057 -30.26334620331157 0
      vertex -30.202081528017132 -30.202081528017132 0
    endloop
  endfacet
  facet normal 0.6494480483301944 0.7604059656000218 0
    outer loop
      vertex -30.137522030810057 -30.26334620331157 18
      vertex -30.069844664784725 -30.32114813447685 0
      vertex -30.137522030810057 -30.26334620331157 0
    endloop
  endfacet
  facet normal 0.7933533402912416 0.6087614290087122 0
    outer loop
      vertex -30.37532889043741 -29.999234928897206 18
      vertex -30.32114813447685 -30.069844664784725 0
      vertex -30.37532889043741 -29.999234928897206 0
    endloop
  endfacet
  facet normal 0.824126188622022 0.5664062369248235 0
    outer loop
      vertex -30.42573996550722 -29.925886359525546 18
      vertex -30.37532889043741 -29.999234928897206 0
      vertex -30.42573996550722 -29.925886359525546 0
    endloop
  endfacet
  facet normal 0.8526401643540824 0.5224985647159649 0
    outer loop
      vertex -30.472243186433545 -29.85 18
      vertex -30.42573996550722 -29.925886359525546 0
      vertex -30.472243186433545 -29.85 0
    endloop
  endfacet
  facet normal 0.8788171126619575 0.47715876025962295 0
    outer loop
      vertex -30.514711091120226 -29.77178384955723 18
      vertex -30.472243186433545 -29.85 0
      vertex -30.514711091120226 -29.77178384955723 0
    endloop
  endfacet
  facet normal 0.9025852843498732 0.4305110968082688 0
    outer loop
      vertex -30.55302727799242 -29.69145229322886 18
      vertex -30.514711091120226 -29.77178384955723 0
      vertex -30.55302727799242 -29.69145229322886 0
    endloop
  endfacet
  facet normal 0.9238795325112833 0.382683432365098 0
    outer loop
      vertex -30.587086725045243 -29.60922551422701 18
      vertex -30.55302727799242 -29.69145229322886 0
      vertex -30.587086725045243 -29.60922551422701 0
    endloop
  endfacet
  facet normal 0.9426414910921784 0.33380685923377107 0
    outer loop
      vertex -30.61679607770176 -29.52532889043741 18
      vertex -30.587086725045243 -29.60922551422701 0
      vertex -30.61679607770176 -29.52532889043741 0
    endloop
  endfacet
  facet normal 0.5664062369248235 0.824126188622022 0
    outer loop
      vertex -29.999234928897206 -30.37532889043741 18
      vertex -29.925886359525546 -30.42573996550722 0
      vertex -29.999234928897206 -30.37532889043741 0
    endloop
  endfacet
  facet normal 0.5224985647159649 0.8526401643540824 0
    outer loop
      vertex -29.925886359525546 -30.42573996550722 18
      vertex -29.85 -30.472243186433545 0
      vertex -29.925886359525546 -30.42573996550722 0
    endloop
  endfacet
  facet normal 0.47715876025962295 0.8788171126619575 0
    outer loop
      vertex -29.85 -30.472243186433545 18
      vertex -29.77178384955723 -30.514711091120226 0
      vertex -29.85 -30.472243186433545 0
    endloop
  endfacet
  facet normal 0.6087614290087122 0.7933533402912416 0
    outer loop
      vertex -30.069844664784725 -30.32114813447685 18
      vertex -29.999234928897206 -30.37532889043741 0
      vertex -30.069844664784725 -30.32114813447685 0
    endloop
  endfacet
  facet normal 0.4305110968082688 0.9025852843498732 0
    outer loop
      vertex -29.77178384955723 -30.514711091120226 18
      vertex -29.69145229322886 -30.55302727799242 0
      vertex -29.77178384955723 -30.514711091120226 0
    endloop
  endfacet
  facet normal 0.382683432365098 0.9238795325112833 0
    outer loop
      vertex -29.69145229322886 -30.55302727799242 18
      vertex -29.60922551422701 -30.587086725045243 0
      vertex -29.69145229322886 -30.55302727799242 0
    endloop
  endfacet
  facet normal 0.33380685923377107 0.9426414910921784 0
    outer loop
      vertex -29.60922551422701 -30.587086725045243 18
      vertex -29.52532889043741 -30.61679607770176 0
      vertex -29.60922551422701 -30.587086725045243 0
    endloop
  endfacet
  facet normal -0.33380685923377107 0.9426414910921784 0
    outer loop
      vertex -28.47467110956259 -30.61679607770176 18
      vertex -28.39077448577299 -30.587086725045243 0
      vertex -28.47467110956259 -30.61679607770176 0
    endloop
  endfacet
  facet normal 0.9426414910921784 -0.33380685923377107 0
    outer loop
      vertex -30.587086725045243 -28.39077448577299 18
      vertex -30.61679607770176 -28.47467110956259 0
      vertex -30.587086725045243 -28.39077448577299 0
    endloop
  endfacet
  facet normal 0.9238795325112833 -0.382683432365098 0
    outer loop
      vertex -30.55302727799242 -28.30854770677114 18
      vertex -30.587086725045243 -28.39077448577299 0
      vertex -30.55302727799242 -28.30854770677114 0
    endloop
  endfacet
  facet normal 0.9025852843498732 -0.4305110968082688 0
    outer loop
      vertex -30.514711091120226 -28.22821615044277 18
      vertex -30.55302727799242 -28.30854770677114 0
      vertex -30.514711091120226 -28.22821615044277 0
    endloop
  endfacet
  facet normal 0.8788171126619575 -0.47715876025962295 0
    outer loop
      vertex -30.472243186433545 -28.15 18
      vertex -30.514711091120226 -28.22821615044277 0
      vertex -30.472243186433545 -28.15 0
    endloop
  endfacet
  facet normal 0.8526401643540824 -0.5224985647159649 0
    outer loop
      vertex -30.42573996550722 -28.074113640474454 18
      vertex -30.472243186433545 -28.15 0
      vertex -30.42573996550722 -28.074113640474454 0
    endloop
  endfacet
  facet normal 0.824126188622022 -0.5664062369248235 0
    outer loop
      vertex -30.37532889043741 -28.000765071102794 18
      vertex -30.42573996550722 -28.074113640474454 0
      vertex -30.37532889043741 -28.000765071102794 0
    endloop
  endfacet
  facet normal 0.7933533402912416 -0.6087614290087122 0
    outer loop
      vertex -30.32114813447685 -27.930155335215275 18
      vertex -30.37532889043741 -28.000765071102794 0
      vertex -30.32114813447685 -27.930155335215275 0
    endloop
  endfacet
  facet normal 0.7604059656000218 -0.6494480483301944 0
    outer loop
      vertex -30.26334620331157 -27.862477969189943 18
      vertex -30.32114813447685 -27.930155335215275 0
      vertex -30.26334620331157 -27.862477969189943 0
    endloop
  endfacet
  facet normal 0.7253743710123074 -0.6883545756937332 0
    outer loop
      vertex -30.202081528017132 -27.797918471982868 18
      vertex -30.26334620331157 -27.862477969189943 0
      vertex -30.202081528017132 -27.797918471982868 0
    endloop
  endfacet
  facet normal 0.6883545756937332 -0.7253743710123074 0
    outer loop
      vertex -30.137522030810057 -27.73665379668843 18
      vertex -30.202081528017132 -27.797918471982868 0
      vertex -30.137522030810057 -27.73665379668843 0
    endloop
  endfacet
  facet normal 0.6494480483301944 -0.7604059656000218 0
    outer loop
      vertex -30.069844664784725 -27.67885186552315 18
      vertex -30.137522030810057 -27.73665379668843 0
      vertex -30.069844664784725 -27.67885186552315 0
    endloop
  endfacet
  facet normal 0.6087614290087122 -0.7933533402912416 0
    outer loop
      vertex -29.999234928897206 -27.62467110956259 18
      vertex -30.069844664784725 -27.67885186552315 0
      vertex -29.999234928897206 -27.62467110956259 0
    endloop
  endfacet
  facet normal 0.5664062369248235 -0.824126188622022 0
    outer loop
      vertex -29.925886359525546 -27.57426003449278 18
      vertex -29.999234928897206 -27.62467110956259 0
      vertex -29.925886359525546 -27.57426003449278 0
    endloop
  endfacet
  facet normal 0.5224985647159649 -0.8526401643540824 0
    outer loop
      vertex -29.85 -27.527756813566455 18
      vertex -29.925886359525546 -27.57426003449278 0
      vertex -29.85 -27.527756813566455 0
    endloop
  endfacet
  facet normal 0.47715876025962295 -0.8788171126619575 0
    outer loop
      vertex -29.77178384955723 -27.485288908879774 18
      vertex -29.85 -27.527756813566455 0
      vertex -29.77178384955723 -27.485288908879774 0
    endloop
  endfacet
  facet normal 0.4305110968082688 -0.9025852843498732 0
    outer loop
      vertex -29.69145229322886 -27.44697272200758 18
      vertex -29.77178384955723 -27.485288908879774 0
      vertex -29.69145229322886 -27.44697272200758 0
    endloop
  endfacet
  facet normal 0.382683432365098 -0.9238795325112833 0
    outer loop
      vertex -29.60922551422701 -27.412913274954757 18
      vertex -29.69145229322886 -27.44697272200758 0
      vertex -29.60922551422701 -27.412913274954757 0
    endloop
  endfacet
  facet normal 0.33380685923377107 -0.9426414910921784 0
    outer loop
      vertex -29.52532889043741 -27.38320392229824 18
      vertex -29.60922551422701 -27.412913274954757 0
      vertex -29.52532889043741 -27.38320392229824 0
    endloop
  endfacet
  facet normal 0.2840153447039206 -0.9588197348681936 0
    outer loop
      vertex -29.439992376674287 -27.357926095308585 18
      vertex -29.52532889043741 -27.38320392229824 0
      vertex -29.439992376674287 -27.357926095308585 0
    endloop
  endfacet
  facet normal 0.23344536385589695 -0.9723699203976786 0
    outer loop
      vertex -29.35344987439019 -27.33714907875253 18
      vertex -29.439992376674287 -27.357926095308585 0
      vertex -29.35344987439019 -27.33714907875253 0
    endloop
  endfacet
  facet normal -0.23344536385589695 -0.9723699203976786 0
    outer loop
      vertex -28.560007623325713 -27.357926095308585 18
      vertex -28.64655012560981 -27.33714907875253 0
      vertex -28.560007623325713 -27.357926095308585 0
    endloop
  endfacet
  facet normal -0.2840153447039206 -0.9588197348681936 0
    outer loop
      vertex -28.47467110956259 -27.38320392229824 18
      vertex -28.560007623325713 -27.357926095308585 0
      vertex -28.47467110956259 -27.38320392229824 0
    endloop
  endfacet
  facet normal 0.18223552549216931 -0.9832549075639505 0
    outer loop
      vertex -29.265938590568393 -27.320929820988265 18
      vertex -29.35344987439019 -27.33714907875253 0
      vertex -29.265938590568393 -27.320929820988265 0
    endloop
  endfacet
  facet normal 0.1305261922200572 -0.9914448613738096 0
    outer loop
      vertex -29.17769838755501 -27.309312777873934 18
      vertex -29.265938590568393 -27.320929820988265 0
      vertex -29.17769838755501 -27.309312777873934 0
    endloop
  endfacet
  facet normal 0.07845909572784271 -0.9969173337331282 0
    outer loop
      vertex -29.088971125613003 -27.302329790917224 18
      vertex -29.17769838755501 -27.309312777873934 0
      vertex -29.088971125613003 -27.302329790917224 0
    endloop
  endfacet
  facet normal 0.02617694830785591 -0.9996573249755577 0
    outer loop
      vertex -29 -27.3 18
      vertex -29.088971125613003 -27.302329790917224 0
      vertex -29 -27.3 0
    endloop
  endfacet
  facet normal -0.02617694830785591 -0.9996573249755577 0
    outer loop
      vertex -28.911028874386997 -27.302329790917224 18
      vertex -29 -27.3 0
      vertex -28.911028874386997 -27.302329790917224 0
    endloop
  endfacet
  facet normal -0.07845909572784271 -0.9969173337331282 0
    outer loop
      vertex -28.82230161244499 -27.309312777873934 18
      vertex -28.911028874386997 -27.302329790917224 0
      vertex -28.82230161244499 -27.309312777873934 0
    endloop
  endfacet
  facet normal -0.1305261922200572 -0.9914448613738096 0
    outer loop
      vertex -28.734061409431607 -27.320929820988265 18
      vertex -28.82230161244499 -27.309312777873934 0
      vertex -28.734061409431607 -27.320929820988265 0
    endloop
  endfacet
  facet normal -0.18223552549216931 -0.9832549075639505 0
    outer loop
      vertex -28.64655012560981 -27.33714907875253 18
      vertex -28.734061409431607 -27.320929820988265 0
      vertex -28.64655012560981 -27.33714907875253 0
    endloop
  endfacet
  facet normal -0.382683432365098 0.9238795325112833 0
    outer loop
      vertex -28.39077448577299 -30.587086725045243 18
      vertex -28.30854770677114 -30.55302727799242 0
      vertex -28.39077448577299 -30.587086725045243 0
    endloop
  endfacet
  facet normal -0.4305110968082688 0.9025852843498732 0
    outer loop
      vertex -28.30854770677114 -30.55302727799242 18
      vertex -28.22821615044277 -30.514711091120226 0
      vertex -28.30854770677114 -30.55302727799242 0
    endloop
  endfacet
  facet normal -0.47715876025962295 0.8788171126619575 0
    outer loop
      vertex -28.22821615044277 -30.514711091120226 18
      vertex -28.15 -30.472243186433545 0
      vertex -28.22821615044277 -30.514711091120226 0
    endloop
  endfacet
  facet normal -0.5224985647159649 0.8526401643540824 0
    outer loop
      vertex -28.15 -30.472243186433545 18
      vertex -28.074113640474454 -30.42573996550722 0
      vertex -28.15 -30.472243186433545 0
    endloop
  endfacet
  facet normal -0.5664062369248235 0.824126188622022 0
    outer loop
      vertex -28.074113640474454 -30.42573996550722 18
      vertex -28.000765071102794 -30.37532889043741 0
      vertex -28.074113640474454 -30.42573996550722 0
    endloop
  endfacet
  facet normal -0.6087614290087122 0.7933533402912416 0
    outer loop
      vertex -28.000765071102794 -30.37532889043741 18
      vertex -27.930155335215275 -30.32114813447685 0
      vertex -28.000765071102794 -30.37532889043741 0
    endloop
  endfacet
  facet normal -0.6494480483301944 0.7604059656000218 0
    outer loop
      vertex -27.930155335215275 -30.32114813447685 18
      vertex -27.862477969189943 -30.26334620331157 0
      vertex -27.930155335215275 -30.32114813447685 0
    endloop
  endfacet
  facet normal -0.6883545756937332 0.7253743710123074 0
    outer loop
      vertex -27.862477969189943 -30.26334620331157 18
      vertex -27.797918471982868 -30.202081528017132 0
      vertex -27.862477969189943 -30.26334620331157 0
    endloop
  endfacet
  facet normal -0.7253743710123074 0.6883545756937332 0
    outer loop
      vertex -27.797918471982868 -30.202081528017132 0
      vertex -27.797918471982868 -30.202081528017132 18
      vertex -27.73665379668843 -30.137522030810057 0
    endloop
  endfacet
  facet normal -0.7604059656000218 0.6494480483301944 0
    outer loop
      vertex -27.73665379668843 -30.137522030810057 18
      vertex -27.67885186552315 -30.069844664784725 0
      vertex -27.73665379668843 -30.137522030810057 0
    endloop
  endfacet
  facet normal -0.7933533402912416 0.6087614290087122 0
    outer loop
      vertex -27.67885186552315 -30.069844664784725 18
      vertex -27.62467110956259 -29.999234928897206 0
      vertex -27.67885186552315 -30.069844664784725 0
    endloop
  endfacet
  facet normal -0.824126188622022 0.5664062369248235 0
    outer loop
      vertex -27.62467110956259 -29.999234928897206 18
      vertex -27.57426003449278 -29.925886359525546 0
      vertex -27.62467110956259 -29.999234928897206 0
    endloop
  endfacet
  facet normal -0.8526401643540824 0.5224985647159649 0
    outer loop
      vertex -27.57426003449278 -29.925886359525546 18
      vertex -27.527756813566455 -29.85 0
      vertex -27.57426003449278 -29.925886359525546 0
    endloop
  endfacet
  facet normal -0.8788171126619575 0.47715876025962295 0
    outer loop
      vertex -27.527756813566455 -29.85 18
      vertex -27.485288908879774 -29.77178384955723 0
      vertex -27.527756813566455 -29.85 0
    endloop
  endfacet
  facet normal -0.9025852843498732 0.4305110968082688 0
    outer loop
      vertex -27.485288908879774 -29.77178384955723 18
      vertex -27.44697272200758 -29.69145229322886 0
      vertex -27.485288908879774 -29.77178384955723 0
    endloop
  endfacet
  facet normal -0.9238795325112833 0.382683432365098 0
    outer loop
      vertex -27.44697272200758 -29.69145229322886 18
      vertex -27.412913274954757 -29.60922551422701 0
      vertex -27.44697272200758 -29.69145229322886 0
    endloop
  endfacet
  facet normal -0.9426414910921784 0.33380685923377107 0
    outer loop
      vertex -27.412913274954757 -29.60922551422701 18
      vertex -27.38320392229824 -29.52532889043741 0
      vertex -27.412913274954757 -29.60922551422701 0
    endloop
  endfacet
  facet normal -0.9588197348681936 0.2840153447039206 0
    outer loop
      vertex -27.38320392229824 -29.52532889043741 18
      vertex -27.357926095308585 -29.439992376674287 0
      vertex -27.38320392229824 -29.52532889043741 0
    endloop
  endfacet
  facet normal -0.9723699203976786 0.23344536385589695 0
    outer loop
      vertex -27.357926095308585 -29.439992376674287 18
      vertex -27.33714907875253 -29.35344987439019 0
      vertex -27.357926095308585 -29.439992376674287 0
    endloop
  endfacet
  facet normal -0.9723699203976786 -0.23344536385589695 0
    outer loop
      vertex -27.33714907875253 -28.64655012560981 18
      vertex -27.357926095308585 -28.560007623325713 0
      vertex -27.33714907875253 -28.64655012560981 0
    endloop
  endfacet
  facet normal -0.9588197348681936 -0.2840153447039206 0
    outer loop
      vertex -27.357926095308585 -28.560007623325713 18
      vertex -27.38320392229824 -28.47467110956259 0
      vertex -27.357926095308585 -28.560007623325713 0
    endloop
  endfacet
  facet normal -0.9426414910921784 -0.33380685923377107 0
    outer loop
      vertex -27.38320392229824 -28.47467110956259 18
      vertex -27.412913274954757 -28.39077448577299 0
      vertex -27.38320392229824 -28.47467110956259 0
    endloop
  endfacet
  facet normal -0.9832549075639505 0.18223552549216931 0
    outer loop
      vertex -27.33714907875253 -29.35344987439019 18
      vertex -27.320929820988265 -29.265938590568393 0
      vertex -27.33714907875253 -29.35344987439019 0
    endloop
  endfacet
  facet normal -0.9914448613738096 0.1305261922200572 0
    outer loop
      vertex -27.320929820988265 -29.265938590568393 18
      vertex -27.309312777873934 -29.17769838755501 0
      vertex -27.320929820988265 -29.265938590568393 0
    endloop
  endfacet
  facet normal -0.9969173337331282 0.07845909572784271 0
    outer loop
      vertex -27.309312777873934 -29.17769838755501 18
      vertex -27.302329790917224 -29.088971125613003 0
      vertex -27.309312777873934 -29.17769838755501 0
    endloop
  endfacet
  facet normal -0.9996573249755577 0.02617694830785591 0
    outer loop
      vertex -27.302329790917224 -29.088971125613003 18
      vertex -27.3 -29 0
      vertex -27.302329790917224 -29.088971125613003 0
    endloop
  endfacet
  facet normal -0.9996573249755577 -0.02617694830785591 0
    outer loop
      vertex -27.3 -29 18
      vertex -27.302329790917224 -28.911028874386997 0
      vertex -27.3 -29 0
    endloop
  endfacet
  facet normal -0.9969173337331282 -0.07845909572784271 0
    outer loop
      vertex -27.302329790917224 -28.911028874386997 18
      vertex -27.309312777873934 -28.82230161244499 0
      vertex -27.302329790917224 -28.911028874386997 0
    endloop
  endfacet
  facet normal -0.9914448613738096 -0.1305261922200572 0
    outer loop
      vertex -27.309312777873934 -28.82230161244499 18
      vertex -27.320929820988265 -28.734061409431607 0
      vertex -27.309312777873934 -28.82230161244499 0
    endloop
  endfacet
  facet normal -0.9832549075639505 -0.18223552549216931 0
    outer loop
      vertex -27.320929820988265 -28.734061409431607 18
      vertex -27.33714907875253 -28.64655012560981 0
      vertex -27.320929820988265 -28.734061409431607 0
    endloop
  endfacet
  facet normal -0.33380685923377107 -0.9426414910921784 0
    outer loop
      vertex -28.39077448577299 -27.412913274954757 18
      vertex -28.47467110956259 -27.38320392229824 0
      vertex -28.39077448577299 -27.412913274954757 0
    endloop
  endfacet
  facet normal -0.382683432365098 -0.9238795325112833 0
    outer loop
      vertex -28.30854770677114 -27.44697272200758 18
      vertex -28.39077448577299 -27.412913274954757 0
      vertex -28.30854770677114 -27.44697272200758 0
    endloop
  endfacet
  facet normal -0.47715876025962295 -0.8788171126619575 0
    outer loop
      vertex -28.15 -27.527756813566455 18
      vertex -28.22821615044277 -27.485288908879774 0
      vertex -28.15 -27.527756813566455 0
    endloop
  endfacet
  facet normal -0.4305110968082688 -0.9025852843498732 0
    outer loop
      vertex -28.22821615044277 -27.485288908879774 18
      vertex -28.30854770677114 -27.44697272200758 0
      vertex -28.22821615044277 -27.485288908879774 0
    endloop
  endfacet
  facet normal -0.6087614290087122 -0.7933533402912416 0
    outer loop
      vertex -27.930155335215275 -27.67885186552315 18
      vertex -28.000765071102794 -27.62467110956259 0
      vertex -27.930155335215275 -27.67885186552315 0
    endloop
  endfacet
  facet normal -0.5224985647159649 -0.8526401643540824 0
    outer loop
      vertex -28.074113640474454 -27.57426003449278 18
      vertex -28.15 -27.527756813566455 0
      vertex -28.074113640474454 -27.57426003449278 0
    endloop
  endfacet
  facet normal -0.5664062369248235 -0.824126188622022 0
    outer loop
      vertex -28.000765071102794 -27.62467110956259 18
      vertex -28.074113640474454 -27.57426003449278 0
      vertex -28.000765071102794 -27.62467110956259 0
    endloop
  endfacet
  facet normal -0.7604059656000218 -0.6494480483301944 0
    outer loop
      vertex -27.67885186552315 -27.930155335215275 18
      vertex -27.73665379668843 -27.862477969189943 0
      vertex -27.67885186552315 -27.930155335215275 0
    endloop
  endfacet
  facet normal -0.7933533402912416 -0.6087614290087122 0
    outer loop
      vertex -27.62467110956259 -28.000765071102794 18
      vertex -27.67885186552315 -27.930155335215275 0
      vertex -27.62467110956259 -28.000765071102794 0
    endloop
  endfacet
  facet normal -0.8788171126619575 -0.47715876025962295 0
    outer loop
      vertex -27.485288908879774 -28.22821615044277 18
      vertex -27.527756813566455 -28.15 0
      vertex -27.485288908879774 -28.22821615044277 0
    endloop
  endfacet
  facet normal -0.9238795325112833 -0.382683432365098 0
    outer loop
      vertex -27.412913274954757 -28.39077448577299 18
      vertex -27.44697272200758 -28.30854770677114 0
      vertex -27.412913274954757 -28.39077448577299 0
    endloop
  endfacet
  facet normal -0.9025852843498732 -0.4305110968082688 0
    outer loop
      vertex -27.44697272200758 -28.30854770677114 18
      vertex -27.485288908879774 -28.22821615044277 0
      vertex -27.44697272200758 -28.30854770677114 0
    endloop
  endfacet
  facet normal -0.824126188622022 -0.5664062369248235 0
    outer loop
      vertex -27.57426003449278 -28.074113640474454 18
      vertex -27.62467110956259 -28.000765071102794 0
      vertex -27.57426003449278 -28.074113640474454 0
    endloop
  endfacet
  facet normal -0.8526401643540824 -0.5224985647159649 0
    outer loop
      vertex -27.527756813566455 -28.15 18
      vertex -27.57426003449278 -28.074113640474454 0
      vertex -27.527756813566455 -28.15 0
    endloop
  endfacet
  facet normal -0.7253743710123074 -0.6883545756937332 0
    outer loop
      vertex -27.73665379668843 -27.862477969189943 18
      vertex -27.797918471982868 -27.797918471982868 0
      vertex -27.73665379668843 -27.862477969189943 0
    endloop
  endfacet
  facet normal -0.6883545756937332 -0.7253743710123074 -1.6979161576489913e-19
    outer loop
      vertex -27.862477969189943 -27.73665379668843 0
      vertex -27.797918471982868 -27.797918471982868 0
      vertex -27.797918471982868 -27.797918471982868 18
    endloop
  endfacet
  facet normal -0.6494480483301944 -0.7604059656000218 0
    outer loop
      vertex -27.862477969189943 -27.73665379668843 18
      vertex -27.930155335215275 -27.67885186552315 0
      vertex -27.862477969189943 -27.73665379668843 0
    endloop
  endfacet
  facet normal 0.9588197348681936 0.2840153447039206 1.0668306947633491e-19
    outer loop
      vertex -30.642073904691415 -29.439992376674287 18
      vertex -30.61679607770176 -29.52532889043741 18
      vertex -30.61679607770176 -29.52532889043741 0
    endloop
  endfacet
  facet normal 0.9723699203976786 0.23344536385589695 5.3096547115558183e-20
    outer loop
      vertex -30.66285092124747 -29.35344987439019 18
      vertex -30.642073904691415 -29.439992376674287 18
      vertex -30.642073904691415 -29.439992376674287 0
    endloop
  endfacet
  facet normal 0.9832549075639505 0.18223552549216931 -6.376444410094301e-20
    outer loop
      vertex -30.679070179011735 -29.265938590568393 18
      vertex -30.66285092124747 -29.35344987439019 18
      vertex -30.66285092124747 -29.35344987439019 0
    endloop
  endfacet
  facet normal 0.9914448613738096 0.1305261922200572 6.568796781405503e-20
    outer loop
      vertex -30.690687222126066 -29.17769838755501 18
      vertex -30.679070179011735 -29.265938590568393 18
      vertex -30.679070179011735 -29.265938590568393 0
    endloop
  endfacet
  facet normal 0.9969173337331282 0.07845909572784271 -2.243181415076818e-21
    outer loop
      vertex -30.697670209082776 -29.088971125613003 18
      vertex -30.690687222126066 -29.17769838755501 18
      vertex -30.690687222126066 -29.17769838755501 0
    endloop
  endfacet
  facet normal 0.9996573249755577 0.02617694830785591 3.362686136694474e-21
    outer loop
      vertex -30.7 -29 18
      vertex -30.697670209082776 -29.088971125613003 18
      vertex -30.697670209082776 -29.088971125613003 0
    endloop
  endfacet
  facet normal 0.9996573249755577 -0.02617694830785591 -3.362686136694474e-21
    outer loop
      vertex -30.697670209082776 -28.911028874386997 18
      vertex -30.7 -29 18
      vertex -30.7 -29 0
    endloop
  endfacet
  facet normal 0.9969173337331282 -0.07845909572784271 2.243181415076818e-21
    outer loop
      vertex -30.690687222126066 -28.82230161244499 18
      vertex -30.697670209082776 -28.911028874386997 18
      vertex -30.697670209082776 -28.911028874386997 0
    endloop
  endfacet
  facet normal 0.9914448613738096 -0.1305261922200572 -6.568796781405503e-20
    outer loop
      vertex -30.679070179011735 -28.734061409431607 18
      vertex -30.690687222126066 -28.82230161244499 18
      vertex -30.690687222126066 -28.82230161244499 0
    endloop
  endfacet
  facet normal 0.9832549075639505 -0.18223552549216931 6.376444410094301e-20
    outer loop
      vertex -30.66285092124747 -28.64655012560981 18
      vertex -30.679070179011735 -28.734061409431607 18
      vertex -30.679070179011735 -28.734061409431607 0
    endloop
  endfacet
  facet normal 0.9723699203976786 -0.23344536385589695 -5.3096547115558183e-20
    outer loop
      vertex -30.642073904691415 -28.560007623325713 18
      vertex -30.66285092124747 -28.64655012560981 18
      vertex -30.66285092124747 -28.64655012560981 0
    endloop
  endfacet
  facet normal 0.9588197348681936 -0.2840153447039206 -1.0668306947633491e-19
    outer loop
      vertex -30.61679607770176 -28.47467110956259 18
      vertex -30.642073904691415 -28.560007623325713 18
      vertex -30.642073904691415 -28.560007623325713 0
    endloop
  endfacet
  facet normal 0.2840153447039206 0.9588197348681936 0
    outer loop
      vertex -29.439992376674287 -30.642073904691415 18
      vertex -29.439992376674287 -30.642073904691415 0
      vertex -29.52532889043741 -30.61679607770176 18
    endloop
  endfacet
  facet normal 0.23344536385589695 0.9723699203976786 0
    outer loop
      vertex -29.35344987439019 -30.66285092124747 18
      vertex -29.35344987439019 -30.66285092124747 0
      vertex -29.439992376674287 -30.642073904691415 18
    endloop
  endfacet
  facet normal 0.18223552549216931 0.9832549075639505 0
    outer loop
      vertex -29.265938590568393 -30.679070179011735 18
      vertex -29.265938590568393 -30.679070179011735 0
      vertex -29.35344987439019 -30.66285092124747 18
    endloop
  endfacet
  facet normal 0.1305261922200572 0.9914448613738096 0
    outer loop
      vertex -29.17769838755501 -30.690687222126066 18
      vertex -29.17769838755501 -30.690687222126066 0
      vertex -29.265938590568393 -30.679070179011735 18
    endloop
  endfacet
  facet normal 0.07845909572784271 0.9969173337331282 0
    outer loop
      vertex -29.088971125613003 -30.697670209082776 18
      vertex -29.088971125613003 -30.697670209082776 0
      vertex -29.17769838755501 -30.690687222126066 18
    endloop
  endfacet
  facet normal 0.02617694830785591 0.9996573249755577 0
    outer loop
      vertex -29 -30.7 18
      vertex -29 -30.7 0
      vertex -29.088971125613003 -30.697670209082776 18
    endloop
  endfacet
  facet normal -0.02617694830785591 0.9996573249755577 0
    outer loop
      vertex -28.911028874386997 -30.697670209082776 18
      vertex -28.911028874386997 -30.697670209082776 0
      vertex -29 -30.7 18
    endloop
  endfacet
  facet normal -0.07845909572784271 0.9969173337331282 0
    outer loop
      vertex -28.82230161244499 -30.690687222126066 18
      vertex -28.82230161244499 -30.690687222126066 0
      vertex -28.911028874386997 -30.697670209082776 18
    endloop
  endfacet
  facet normal -0.1305261922200572 0.9914448613738096 0
    outer loop
      vertex -28.734061409431607 -30.679070179011735 18
      vertex -28.734061409431607 -30.679070179011735 0
      vertex -28.82230161244499 -30.690687222126066 18
    endloop
  endfacet
  facet normal -0.18223552549216931 0.9832549075639505 0
    outer loop
      vertex -28.64655012560981 -30.66285092124747 18
      vertex -28.64655012560981 -30.66285092124747 0
      vertex -28.734061409431607 -30.679070179011735 18
    endloop
  endfacet
  facet normal -0.23344536385589695 0.9723699203976786 0
    outer loop
      vertex -28.560007623325713 -30.642073904691415 18
      vertex -28.560007623325713 -30.642073904691415 0
      vertex -28.64655012560981 -30.66285092124747 18
    endloop
  endfacet
  facet normal -0.2840153447039206 0.9588197348681936 0
    outer loop
      vertex -28.47467110956259 -30.61679607770176 18
      vertex -28.47467110956259 -30.61679607770176 0
      vertex -28.560007623325713 -30.642073904691415 18
    endloop
  endfacet
  facet normal 0.7253743710123074 0.6883545756937332 -1.6979161576489913e-19
    outer loop
      vertex -30.26334620331157 -30.137522030810057 18
      vertex -30.202081528017132 -30.202081528017132 18
      vertex -30.202081528017132 -30.202081528017132 0
    endloop
  endfacet
  facet normal 0.7604059656000218 0.6494480483301944 -2.4359341858885594e-19
    outer loop
      vertex -30.32114813447685 -30.069844664784725 18
      vertex -30.26334620331157 -30.137522030810057 18
      vertex -30.26334620331157 -30.137522030810057 0
    endloop
  endfacet
  facet normal 0.6883545756937332 0.7253743710123074 0
    outer loop
      vertex -30.137522030810057 -30.26334620331157 18
      vertex -30.137522030810057 -30.26334620331157 0
      vertex -30.202081528017132 -30.202081528017132 18
    endloop
  endfacet
  facet normal 0.6494480483301944 0.7604059656000218 0
    outer loop
      vertex -30.069844664784725 -30.32114813447685 18
      vertex -30.069844664784725 -30.32114813447685 0
      vertex -30.137522030810057 -30.26334620331157 18
    endloop
  endfacet
  facet normal 0.824126188622022 0.5664062369248235 -4.1121673792305424e-20
    outer loop
      vertex -30.42573996550722 -29.925886359525546 18
      vertex -30.37532889043741 -29.999234928897206 18
      vertex -30.37532889043741 -29.999234928897206 0
    endloop
  endfacet
  facet normal 0.8526401643540824 0.5224985647159649 4.583215048010065e-20
    outer loop
      vertex -30.472243186433545 -29.85 18
      vertex -30.42573996550722 -29.925886359525546 18
      vertex -30.42573996550722 -29.925886359525546 0
    endloop
  endfacet
  facet normal 0.8788171126619575 0.47715876025962295 -1.2416280646012732e-20
    outer loop
      vertex -30.514711091120226 -29.77178384955723 18
      vertex -30.472243186433545 -29.85 18
      vertex -30.472243186433545 -29.85 0
    endloop
  endfacet
  facet normal 0.9025852843498732 0.4305110968082688 6.126813493151266e-20
    outer loop
      vertex -30.55302727799242 -29.69145229322886 18
      vertex -30.514711091120226 -29.77178384955723 18
      vertex -30.514711091120226 -29.77178384955723 0
    endloop
  endfacet
  facet normal 0.9238795325112833 0.382683432365098 -1.2019487962209302e-19
    outer loop
      vertex -30.587086725045243 -29.60922551422701 18
      vertex -30.55302727799242 -29.69145229322886 18
      vertex -30.55302727799242 -29.69145229322886 0
    endloop
  endfacet
  facet normal 0.9426414910921784 0.33380685923377107 -2.964270784001421e-20
    outer loop
      vertex -30.61679607770176 -29.52532889043741 18
      vertex -30.587086725045243 -29.60922551422701 18
      vertex -30.587086725045243 -29.60922551422701 0
    endloop
  endfacet
  facet normal 0.7933533402912416 0.6087614290087122 1.2315802093074115e-20
    outer loop
      vertex -30.37532889043741 -29.999234928897206 18
      vertex -30.32114813447685 -30.069844664784725 18
      vertex -30.32114813447685 -30.069844664784725 0
    endloop
  endfacet
  facet normal 0.6087614290087122 0.7933533402912416 0
    outer loop
      vertex -29.999234928897206 -30.37532889043741 18
      vertex -29.999234928897206 -30.37532889043741 0
      vertex -30.069844664784725 -30.32114813447685 18
    endloop
  endfacet
  facet normal 0.5664062369248235 0.824126188622022 0
    outer loop
      vertex -29.925886359525546 -30.42573996550722 18
      vertex -29.925886359525546 -30.42573996550722 0
      vertex -29.999234928897206 -30.37532889043741 18
    endloop
  endfacet
  facet normal 0.5224985647159649 0.8526401643540824 0
    outer loop
      vertex -29.85 -30.472243186433545 18
      vertex -29.85 -30.472243186433545 0
      vertex -29.925886359525546 -30.42573996550722 18
    endloop
  endfacet
  facet normal 0.47715876025962295 0.8788171126619575 0
    outer loop
      vertex -29.77178384955723 -30.514711091120226 18
      vertex -29.77178384955723 -30.514711091120226 0
      vertex -29.85 -30.472243186433545 18
    endloop
  endfacet
  facet normal 0.4305110968082688 0.9025852843498732 0
    outer loop
      vertex -29.69145229322886 -30.55302727799242 18
      vertex -29.69145229322886 -30.55302727799242 0
      vertex -29.77178384955723 -30.514711091120226 18
    endloop
  endfacet
  facet normal 0.382683432365098 0.9238795325112833 0
    outer loop
      vertex -29.60922551422701 -30.587086725045243 18
      vertex -29.60922551422701 -30.587086725045243 0
      vertex -29.69145229322886 -30.55302727799242 18
    endloop
  endfacet
  facet normal 0.33380685923377107 0.9426414910921784 0
    outer loop
      vertex -29.52532889043741 -30.61679607770176 18
      vertex -29.52532889043741 -30.61679607770176 0
      vertex -29.60922551422701 -30.587086725045243 18
    endloop
  endfacet
  facet normal 0.9426414910921784 -0.33380685923377107 2.964270784001421e-20
    outer loop
      vertex -30.587086725045243 -28.39077448577299 18
      vertex -30.61679607770176 -28.47467110956259 18
      vertex -30.61679607770176 -28.47467110956259 0
    endloop
  endfacet
  facet normal 0.9238795325112833 -0.382683432365098 1.2019487962209302e-19
    outer loop
      vertex -30.55302727799242 -28.30854770677114 18
      vertex -30.587086725045243 -28.39077448577299 18
      vertex -30.587086725045243 -28.39077448577299 0
    endloop
  endfacet
  facet normal 0.9025852843498732 -0.4305110968082688 -6.126813493151266e-20
    outer loop
      vertex -30.514711091120226 -28.22821615044277 18
      vertex -30.55302727799242 -28.30854770677114 18
      vertex -30.55302727799242 -28.30854770677114 0
    endloop
  endfacet
  facet normal 0.8788171126619575 -0.47715876025962295 1.2416280646012732e-20
    outer loop
      vertex -30.472243186433545 -28.15 18
      vertex -30.514711091120226 -28.22821615044277 18
      vertex -30.514711091120226 -28.22821615044277 0
    endloop
  endfacet
  facet normal 0.8526401643540824 -0.5224985647159649 -4.583215048010065e-20
    outer loop
      vertex -30.42573996550722 -28.074113640474454 18
      vertex -30.472243186433545 -28.15 18
      vertex -30.472243186433545 -28.15 0
    endloop
  endfacet
  facet normal 0.824126188622022 -0.5664062369248235 4.1121673792305424e-20
    outer loop
      vertex -30.37532889043741 -28.000765071102794 18
      vertex -30.42573996550722 -28.074113640474454 18
      vertex -30.42573996550722 -28.074113640474454 0
    endloop
  endfacet
  facet normal 0.7933533402912416 -0.6087614290087122 -1.2315802093074115e-20
    outer loop
      vertex -30.32114813447685 -27.930155335215275 18
      vertex -30.37532889043741 -28.000765071102794 18
      vertex -30.37532889043741 -28.000765071102794 0
    endloop
  endfacet
  facet normal 0.7604059656000218 -0.6494480483301944 2.4359341858885594e-19
    outer loop
      vertex -30.26334620331157 -27.862477969189943 18
      vertex -30.32114813447685 -27.930155335215275 18
      vertex -30.32114813447685 -27.930155335215275 0
    endloop
  endfacet
  facet normal 0.7253743710123074 -0.6883545756937332 1.6979161576489913e-19
    outer loop
      vertex -30.202081528017132 -27.797918471982868 18
      vertex -30.26334620331157 -27.862477969189943 18
      vertex -30.26334620331157 -27.862477969189943 0
    endloop
  endfacet
  facet normal 0.6883545756937332 -0.7253743710123074 0
    outer loop
      vertex -30.202081528017132 -27.797918471982868 18
      vertex -30.202081528017132 -27.797918471982868 0
      vertex -30.137522030810057 -27.73665379668843 18
    endloop
  endfacet
  facet normal 0.6494480483301944 -0.7604059656000218 0
    outer loop
      vertex -30.137522030810057 -27.73665379668843 18
      vertex -30.137522030810057 -27.73665379668843 0
      vertex -30.069844664784725 -27.67885186552315 18
    endloop
  endfacet
  facet normal 0.6087614290087122 -0.7933533402912416 0
    outer loop
      vertex -30.069844664784725 -27.67885186552315 18
      vertex -30.069844664784725 -27.67885186552315 0
      vertex -29.999234928897206 -27.62467110956259 18
    endloop
  endfacet
  facet normal 0.5664062369248235 -0.824126188622022 0
    outer loop
      vertex -29.999234928897206 -27.62467110956259 18
      vertex -29.999234928897206 -27.62467110956259 0
      vertex -29.925886359525546 -27.57426003449278 18
    endloop
  endfacet
  facet normal 0.5224985647159649 -0.8526401643540824 0
    outer loop
      vertex -29.925886359525546 -27.57426003449278 18
      vertex -29.925886359525546 -27.57426003449278 0
      vertex -29.85 -27.527756813566455 18
    endloop
  endfacet
  facet normal 0.47715876025962295 -0.8788171126619575 0
    outer loop
      vertex -29.85 -27.527756813566455 18
      vertex -29.85 -27.527756813566455 0
      vertex -29.77178384955723 -27.485288908879774 18
    endloop
  endfacet
  facet normal 0.4305110968082688 -0.9025852843498732 0
    outer loop
      vertex -29.77178384955723 -27.485288908879774 18
      vertex -29.77178384955723 -27.485288908879774 0
      vertex -29.69145229322886 -27.44697272200758 18
    endloop
  endfacet
  facet normal 0.382683432365098 -0.9238795325112833 0
    outer loop
      vertex -29.69145229322886 -27.44697272200758 18
      vertex -29.69145229322886 -27.44697272200758 0
      vertex -29.60922551422701 -27.412913274954757 18
    endloop
  endfacet
  facet normal 0.33380685923377107 -0.9426414910921784 0
    outer loop
      vertex -29.60922551422701 -27.412913274954757 18
      vertex -29.60922551422701 -27.412913274954757 0
      vertex -29.52532889043741 -27.38320392229824 18
    endloop
  endfacet
  facet normal 0.2840153447039206 -0.9588197348681936 0
    outer loop
      vertex -29.52532889043741 -27.38320392229824 18
      vertex -29.52532889043741 -27.38320392229824 0
      vertex -29.439992376674287 -27.357926095308585 18
    endloop
  endfacet
  facet normal 0.23344536385589695 -0.9723699203976786 0
    outer loop
      vertex -29.439992376674287 -27.357926095308585 18
      vertex -29.439992376674287 -27.357926095308585 0
      vertex -29.35344987439019 -27.33714907875253 18
    endloop
  endfacet
  facet normal -0.23344536385589695 -0.9723699203976786 0
    outer loop
      vertex -28.64655012560981 -27.33714907875253 18
      vertex -28.64655012560981 -27.33714907875253 0
      vertex -28.560007623325713 -27.357926095308585 18
    endloop
  endfacet
  facet normal -0.2840153447039206 -0.9588197348681936 0
    outer loop
      vertex -28.560007623325713 -27.357926095308585 18
      vertex -28.560007623325713 -27.357926095308585 0
      vertex -28.47467110956259 -27.38320392229824 18
    endloop
  endfacet
  facet normal -0.33380685923377107 -0.9426414910921784 0
    outer loop
      vertex -28.47467110956259 -27.38320392229824 18
      vertex -28.47467110956259 -27.38320392229824 0
      vertex -28.39077448577299 -27.412913274954757 18
    endloop
  endfacet
  facet normal 0.18223552549216931 -0.9832549075639505 0
    outer loop
      vertex -29.35344987439019 -27.33714907875253 18
      vertex -29.35344987439019 -27.33714907875253 0
      vertex -29.265938590568393 -27.320929820988265 18
    endloop
  endfacet
  facet normal 0.1305261922200572 -0.9914448613738096 0
    outer loop
      vertex -29.265938590568393 -27.320929820988265 18
      vertex -29.265938590568393 -27.320929820988265 0
      vertex -29.17769838755501 -27.309312777873934 18
    endloop
  endfacet
  facet normal 0.07845909572784271 -0.9969173337331282 0
    outer loop
      vertex -29.17769838755501 -27.309312777873934 18
      vertex -29.17769838755501 -27.309312777873934 0
      vertex -29.088971125613003 -27.302329790917224 18
    endloop
  endfacet
  facet normal 0.02617694830785591 -0.9996573249755577 0
    outer loop
      vertex -29.088971125613003 -27.302329790917224 18
      vertex -29.088971125613003 -27.302329790917224 0
      vertex -29 -27.3 18
    endloop
  endfacet
  facet normal -0.02617694830785591 -0.9996573249755577 0
    outer loop
      vertex -29 -27.3 18
      vertex -29 -27.3 0
      vertex -28.911028874386997 -27.302329790917224 18
    endloop
  endfacet
  facet normal -0.07845909572784271 -0.9969173337331282 0
    outer loop
      vertex -28.911028874386997 -27.302329790917224 18
      vertex -28.911028874386997 -27.302329790917224 0
      vertex -28.82230161244499 -27.309312777873934 18
    endloop
  endfacet
  facet normal -0.1305261922200572 -0.9914448613738096 0
    outer loop
      vertex -28.82230161244499 -27.309312777873934 18
      vertex -28.82230161244499 -27.309312777873934 0
      vertex -28.734061409431607 -27.320929820988265 18
    endloop
  endfacet
  facet normal -0.18223552549216931 -0.9832549075639505 0
    outer loop
      vertex -28.734061409431607 -27.320929820988265 18
      vertex -28.734061409431607 -27.320929820988265 0
      vertex -28.64655012560981 -27.33714907875253 18
    endloop
  endfacet
  facet normal -0.33380685923377107 0.9426414910921784 0
    outer loop
      vertex -28.39077448577299 -30.587086725045243 18
      vertex -28.39077448577299 -30.587086725045243 0
      vertex -28.47467110956259 -30.61679607770176 18
    endloop
  endfacet
  facet normal -0.382683432365098 0.9238795325112833 0
    outer loop
      vertex -28.30854770677114 -30.55302727799242 18
      vertex -28.30854770677114 -30.55302727799242 0
      vertex -28.39077448577299 -30.587086725045243 18
    endloop
  endfacet
  facet normal -0.4305110968082688 0.9025852843498732 0
    outer loop
      vertex -28.22821615044277 -30.514711091120226 18
      vertex -28.22821615044277 -30.514711091120226 0
      vertex -28.30854770677114 -30.55302727799242 18
    endloop
  endfacet
  facet normal -0.47715876025962295 0.8788171126619575 0
    outer loop
      vertex -28.15 -30.472243186433545 18
      vertex -28.15 -30.472243186433545 0
      vertex -28.22821615044277 -30.514711091120226 18
    endloop
  endfacet
  facet normal -0.5224985647159649 0.8526401643540824 0
    outer loop
      vertex -28.074113640474454 -30.42573996550722 18
      vertex -28.074113640474454 -30.42573996550722 0
      vertex -28.15 -30.472243186433545 18
    endloop
  endfacet
  facet normal -0.5664062369248235 0.824126188622022 0
    outer loop
      vertex -28.000765071102794 -30.37532889043741 18
      vertex -28.000765071102794 -30.37532889043741 0
      vertex -28.074113640474454 -30.42573996550722 18
    endloop
  endfacet
  facet normal -0.6087614290087122 0.7933533402912416 0
    outer loop
      vertex -27.930155335215275 -30.32114813447685 18
      vertex -27.930155335215275 -30.32114813447685 0
      vertex -28.000765071102794 -30.37532889043741 18
    endloop
  endfacet
  facet normal -0.6494480483301944 0.7604059656000218 0
    outer loop
      vertex -27.862477969189943 -30.26334620331157 18
      vertex -27.862477969189943 -30.26334620331157 0
      vertex -27.930155335215275 -30.32114813447685 18
    endloop
  endfacet
  facet normal -0.6883545756937332 0.7253743710123074 0
    outer loop
      vertex -27.797918471982868 -30.202081528017132 18
      vertex -27.797918471982868 -30.202081528017132 0
      vertex -27.862477969189943 -30.26334620331157 18
    endloop
  endfacet
  facet normal -0.7253743710123074 0.6883545756937332 1.6979161576489913e-19
    outer loop
      vertex -27.797918471982868 -30.202081528017132 18
      vertex -27.73665379668843 -30.137522030810057 18
      vertex -27.73665379668843 -30.137522030810057 0
    endloop
  endfacet
  facet normal -0.7604059656000218 0.6494480483301944 2.4359341858885594e-19
    outer loop
      vertex -27.73665379668843 -30.137522030810057 18
      vertex -27.67885186552315 -30.069844664784725 18
      vertex -27.67885186552315 -30.069844664784725 0
    endloop
  endfacet
  facet normal -0.7933533402912416 0.6087614290087122 -1.2315802093074115e-20
    outer loop
      vertex -27.67885186552315 -30.069844664784725 18
      vertex -27.62467110956259 -29.999234928897206 18
      vertex -27.62467110956259 -29.999234928897206 0
    endloop
  endfacet
  facet normal -0.824126188622022 0.5664062369248235 4.1121673792305424e-20
    outer loop
      vertex -27.62467110956259 -29.999234928897206 18
      vertex -27.57426003449278 -29.925886359525546 18
      vertex -27.57426003449278 -29.925886359525546 0
    endloop
  endfacet
  facet normal -0.8526401643540824 0.5224985647159649 -4.583215048010065e-20
    outer loop
      vertex -27.57426003449278 -29.925886359525546 18
      vertex -27.527756813566455 -29.85 18
      vertex -27.527756813566455 -29.85 0
    endloop
  endfacet
  facet normal -0.8788171126619575 0.47715876025962295 1.2416280646012732e-20
    outer loop
      vertex -27.527756813566455 -29.85 18
      vertex -27.485288908879774 -29.77178384955723 18
      vertex -27.485288908879774 -29.77178384955723 0
    endloop
  endfacet
  facet normal -0.9025852843498732 0.4305110968082688 -6.126813493151266e-20
    outer loop
      vertex -27.485288908879774 -29.77178384955723 18
      vertex -27.44697272200758 -29.69145229322886 18
      vertex -27.44697272200758 -29.69145229322886 0
    endloop
  endfacet
  facet normal -0.9238795325112833 0.382683432365098 1.2019487962209302e-19
    outer loop
      vertex -27.44697272200758 -29.69145229322886 18
      vertex -27.412913274954757 -29.60922551422701 18
      vertex -27.412913274954757 -29.60922551422701 0
    endloop
  endfacet
  facet normal -0.9426414910921784 0.33380685923377107 2.964270784001421e-20
    outer loop
      vertex -27.412913274954757 -29.60922551422701 18
      vertex -27.38320392229824 -29.52532889043741 18
      vertex -27.38320392229824 -29.52532889043741 0
    endloop
  endfacet
  facet normal -0.9588197348681936 0.2840153447039206 -1.0668306947633491e-19
    outer loop
      vertex -27.38320392229824 -29.52532889043741 18
      vertex -27.357926095308585 -29.439992376674287 18
      vertex -27.357926095308585 -29.439992376674287 0
    endloop
  endfacet
  facet normal -0.9723699203976786 0.23344536385589695 -5.3096547115558183e-20
    outer loop
      vertex -27.357926095308585 -29.439992376674287 18
      vertex -27.33714907875253 -29.35344987439019 18
      vertex -27.33714907875253 -29.35344987439019 0
    endloop
  endfacet
  facet normal -0.9723699203976786 -0.23344536385589695 5.3096547115558183e-20
    outer loop
      vertex -27.33714907875253 -28.64655012560981 18
      vertex -27.357926095308585 -28.560007623325713 18
      vertex -27.357926095308585 -28.560007623325713 0
    endloop
  endfacet
  facet normal -0.9588197348681936 -0.2840153447039206 1.0668306947633491e-19
    outer loop
      vertex -27.357926095308585 -28.560007623325713 18
      vertex -27.38320392229824 -28.47467110956259 18
      vertex -27.38320392229824 -28.47467110956259 0
    endloop
  endfacet
  facet normal -0.9832549075639505 0.18223552549216931 6.376444410094301e-20
    outer loop
      vertex -27.33714907875253 -29.35344987439019 18
      vertex -27.320929820988265 -29.265938590568393 18
      vertex -27.320929820988265 -29.265938590568393 0
    endloop
  endfacet
  facet normal -0.9914448613738096 0.1305261922200572 -6.568796781405503e-20
    outer loop
      vertex -27.320929820988265 -29.265938590568393 18
      vertex -27.309312777873934 -29.17769838755501 18
      vertex -27.309312777873934 -29.17769838755501 0
    endloop
  endfacet
  facet normal -0.9969173337331282 0.07845909572784271 2.243181415076818e-21
    outer loop
      vertex -27.309312777873934 -29.17769838755501 18
      vertex -27.302329790917224 -29.088971125613003 18
      vertex -27.302329790917224 -29.088971125613003 0
    endloop
  endfacet
  facet normal -0.9996573249755577 0.02617694830785591 -3.362686136694474e-21
    outer loop
      vertex -27.302329790917224 -29.088971125613003 18
      vertex -27.3 -29 18
      vertex -27.3 -29 0
    endloop
  endfacet
  facet normal -0.9996573249755577 -0.02617694830785591 3.362686136694474e-21
    outer loop
      vertex -27.3 -29 18
      vertex -27.302329790917224 -28.911028874386997 18
      vertex -27.302329790917224 -28.911028874386997 0
    endloop
  endfacet
  facet normal -0.9969173337331282 -0.07845909572784271 -2.243181415076818e-21
    outer loop
      vertex -27.302329790917224 -28.911028874386997 18
      vertex -27.309312777873934 -28.82230161244499 18
      vertex -27.309312777873934 -28.82230161244499 0
    endloop
  endfacet
  facet normal -0.9914448613738096 -0.1305261922200572 6.568796781405503e-20
    outer loop
      vertex -27.309312777873934 -28.82230161244499 18
      vertex -27.320929820988265 -28.734061409431607 18
      vertex -27.320929820988265 -28.734061409431607 0
    endloop
  endfacet
  facet normal -0.9832549075639505 -0.18223552549216931 -6.376444410094301e-20
    outer loop
      vertex -27.320929820988265 -28.734061409431607 18
      vertex -27.33714907875253 -28.64655012560981 18
      vertex -27.33714907875253 -28.64655012560981 0
    endloop
  endfacet
  facet normal -0.382683432365098 -0.9238795325112833 0
    outer loop
      vertex -28.39077448577299 -27.412913274954757 18
      vertex -28.39077448577299 -27.412913274954757 0
      vertex -28.30854770677114 -27.44697272200758 18
    endloop
  endfacet
  facet normal -0.47715876025962295 -0.8788171126619575 0
    outer loop
      vertex -28.22821615044277 -27.485288908879774 18
      vertex -28.22821615044277 -27.485288908879774 0
      vertex -28.15 -27.527756813566455 18
    endloop
  endfacet
  facet normal -0.4305110968082688 -0.9025852843498732 0
    outer loop
      vertex -28.30854770677114 -27.44697272200758 18
      vertex -28.30854770677114 -27.44697272200758 0
      vertex -28.22821615044277 -27.485288908879774 18
    endloop
  endfacet
  facet normal -0.6087614290087122 -0.7933533402912416 0
    outer loop
      vertex -28.000765071102794 -27.62467110956259 18
      vertex -28.000765071102794 -27.62467110956259 0
      vertex -27.930155335215275 -27.67885186552315 18
    endloop
  endfacet
  facet normal -0.6494480483301944 -0.7604059656000218 0
    outer loop
      vertex -27.930155335215275 -27.67885186552315 18
      vertex -27.930155335215275 -27.67885186552315 0
      vertex -27.862477969189943 -27.73665379668843 18
    endloop
  endfacet
  facet normal -0.5224985647159649 -0.8526401643540824 0
    outer loop
      vertex -28.15 -27.527756813566455 18
      vertex -28.15 -27.527756813566455 0
      vertex -28.074113640474454 -27.57426003449278 18
    endloop
  endfacet
  facet normal -0.5664062369248235 -0.824126188622022 0
    outer loop
      vertex -28.074113640474454 -27.57426003449278 18
      vertex -28.074113640474454 -27.57426003449278 0
      vertex -28.000765071102794 -27.62467110956259 18
    endloop
  endfacet
  facet normal -0.7933533402912416 -0.6087614290087122 1.2315802093074115e-20
    outer loop
      vertex -27.62467110956259 -28.000765071102794 18
      vertex -27.67885186552315 -27.930155335215275 18
      vertex -27.67885186552315 -27.930155335215275 0
    endloop
  endfacet
  facet normal -0.8788171126619575 -0.47715876025962295 -1.2416280646012732e-20
    outer loop
      vertex -27.485288908879774 -28.22821615044277 18
      vertex -27.527756813566455 -28.15 18
      vertex -27.527756813566455 -28.15 0
    endloop
  endfacet
  facet normal -0.9238795325112833 -0.382683432365098 -1.2019487962209302e-19
    outer loop
      vertex -27.412913274954757 -28.39077448577299 18
      vertex -27.44697272200758 -28.30854770677114 18
      vertex -27.44697272200758 -28.30854770677114 0
    endloop
  endfacet
  facet normal -0.9426414910921784 -0.33380685923377107 -2.964270784001421e-20
    outer loop
      vertex -27.38320392229824 -28.47467110956259 18
      vertex -27.412913274954757 -28.39077448577299 18
      vertex -27.412913274954757 -28.39077448577299 0
    endloop
  endfacet
  facet normal -0.9025852843498732 -0.4305110968082688 6.126813493151266e-20
    outer loop
      vertex -27.44697272200758 -28.30854770677114 18
      vertex -27.485288908879774 -28.22821615044277 18
      vertex -27.485288908879774 -28.22821615044277 0
    endloop
  endfacet
  facet normal -0.8526401643540824 -0.5224985647159649 4.583215048010065e-20
    outer loop
      vertex -27.527756813566455 -28.15 18
      vertex -27.57426003449278 -28.074113640474454 18
      vertex -27.57426003449278 -28.074113640474454 0
    endloop
  endfacet
  facet normal -0.824126188622022 -0.5664062369248235 -4.1121673792305424e-20
    outer loop
      vertex -27.57426003449278 -28.074113640474454 18
      vertex -27.62467110956259 -28.000765071102794 18
      vertex -27.62467110956259 -28.000765071102794 0
    endloop
  endfacet
  facet normal -0.6883545756937332 -0.7253743710123074 0
    outer loop
      vertex -27.862477969189943 -27.73665379668843 18
      vertex -27.862477969189943 -27.73665379668843 0
      vertex -27.797918471982868 -27.797918471982868 18
    endloop
  endfacet
  facet normal -0.7253743710123074 -0.6883545756937332 -1.6979161576489913e-19
    outer loop
      vertex -27.73665379668843 -27.862477969189943 18
      vertex -27.797918471982868 -27.797918471982868 18
      vertex -27.797918471982868 -27.797918471982868 0
    endloop
  endfacet
  facet normal -0.7604059656000218 -0.6494480483301944 -2.4359341858885594e-19
    outer loop
      vertex -27.67885186552315 -27.930155335215275 18
      vertex -27.73665379668843 -27.862477969189943 18
      vertex -27.73665379668843 -27.862477969189943 0
    endloop
  endfacet
  facet normal 0.9588197348681936 0.2840153447039206 0
    outer loop
      vertex -30.642073904691415 28.560007623325713 18
      vertex -30.61679607770176 28.47467110956259 0
      vertex -30.642073904691415 28.560007623325713 0
    endloop
  endfacet
  facet normal 0.9723699203976786 0.23344536385589695 0
    outer loop
      vertex -30.66285092124747 28.64655012560981 18
      vertex -30.642073904691415 28.560007623325713 0
      vertex -30.66285092124747 28.64655012560981 0
    endloop
  endfacet
  facet normal 0.9832549075639505 0.18223552549216931 0
    outer loop
      vertex -30.679070179011735 28.734061409431607 18
      vertex -30.66285092124747 28.64655012560981 0
      vertex -30.679070179011735 28.734061409431607 0
    endloop
  endfacet
  facet normal 0.9914448613738096 0.1305261922200572 0
    outer loop
      vertex -30.690687222126066 28.82230161244499 18
      vertex -30.679070179011735 28.734061409431607 0
      vertex -30.690687222126066 28.82230161244499 0
    endloop
  endfacet
  facet normal 0.9969173337331282 0.07845909572784271 0
    outer loop
      vertex -30.697670209082776 28.911028874386997 18
      vertex -30.690687222126066 28.82230161244499 0
      vertex -30.697670209082776 28.911028874386997 0
    endloop
  endfacet
  facet normal 0.9996573249755577 0.02617694830785591 0
    outer loop
      vertex -30.7 29 18
      vertex -30.697670209082776 28.911028874386997 0
      vertex -30.7 29 0
    endloop
  endfacet
  facet normal 0.9996573249755577 -0.02617694830785591 0
    outer loop
      vertex -30.697670209082776 29.088971125613003 18
      vertex -30.7 29 0
      vertex -30.697670209082776 29.088971125613003 0
    endloop
  endfacet
  facet normal 0.9969173337331282 -0.07845909572784271 0
    outer loop
      vertex -30.690687222126066 29.17769838755501 18
      vertex -30.697670209082776 29.088971125613003 0
      vertex -30.690687222126066 29.17769838755501 0
    endloop
  endfacet
  facet normal 0.9914448613738096 -0.1305261922200572 0
    outer loop
      vertex -30.679070179011735 29.265938590568393 18
      vertex -30.690687222126066 29.17769838755501 0
      vertex -30.679070179011735 29.265938590568393 0
    endloop
  endfacet
  facet normal 0.9832549075639505 -0.18223552549216931 0
    outer loop
      vertex -30.66285092124747 29.35344987439019 18
      vertex -30.679070179011735 29.265938590568393 0
      vertex -30.66285092124747 29.35344987439019 0
    endloop
  endfacet
  facet normal 0.9723699203976786 -0.23344536385589695 0
    outer loop
      vertex -30.642073904691415 29.439992376674287 18
      vertex -30.66285092124747 29.35344987439019 0
      vertex -30.642073904691415 29.439992376674287 0
    endloop
  endfacet
  facet normal 0.9588197348681936 -0.2840153447039206 0
    outer loop
      vertex -30.61679607770176 29.52532889043741 18
      vertex -30.642073904691415 29.439992376674287 0
      vertex -30.61679607770176 29.52532889043741 0
    endloop
  endfacet
  facet normal 0.7253743710123074 0.6883545756937332 0
    outer loop
      vertex -30.26334620331157 27.862477969189943 18
      vertex -30.202081528017132 27.797918471982868 0
      vertex -30.26334620331157 27.862477969189943 0
    endloop
  endfacet
  facet normal 0.6494480483301944 0.7604059656000218 0
    outer loop
      vertex -30.137522030810057 27.73665379668843 18
      vertex -30.069844664784725 27.67885186552315 0
      vertex -30.137522030810057 27.73665379668843 0
    endloop
  endfacet
  facet normal 0.6883545756937332 0.7253743710123074 0
    outer loop
      vertex -30.202081528017132 27.797918471982868 18
      vertex -30.137522030810057 27.73665379668843 0
      vertex -30.202081528017132 27.797918471982868 0
    endloop
  endfacet
  facet normal 0.7933533402912416 0.6087614290087122 0
    outer loop
      vertex -30.37532889043741 28.000765071102794 18
      vertex -30.32114813447685 27.930155335215275 0
      vertex -30.37532889043741 28.000765071102794 0
    endloop
  endfacet
  facet normal 0.8526401643540824 0.5224985647159649 0
    outer loop
      vertex -30.472243186433545 28.15 18
      vertex -30.42573996550722 28.074113640474454 0
      vertex -30.472243186433545 28.15 0
    endloop
  endfacet
  facet normal 0.824126188622022 0.5664062369248235 0
    outer loop
      vertex -30.42573996550722 28.074113640474454 18
      vertex -30.37532889043741 28.000765071102794 0
      vertex -30.42573996550722 28.074113640474454 0
    endloop
  endfacet
  facet normal 0.8788171126619575 0.47715876025962295 0
    outer loop
      vertex -30.514711091120226 28.22821615044277 18
      vertex -30.472243186433545 28.15 0
      vertex -30.514711091120226 28.22821615044277 0
    endloop
  endfacet
  facet normal 0.9025852843498732 0.4305110968082688 0
    outer loop
      vertex -30.55302727799242 28.30854770677114 18
      vertex -30.514711091120226 28.22821615044277 0
      vertex -30.55302727799242 28.30854770677114 0
    endloop
  endfacet
  facet normal 0.9238795325112833 0.382683432365098 0
    outer loop
      vertex -30.587086725045243 28.39077448577299 18
      vertex -30.55302727799242 28.30854770677114 0
      vertex -30.587086725045243 28.39077448577299 0
    endloop
  endfacet
  facet normal 0.7604059656000218 0.6494480483301944 0
    outer loop
      vertex -30.32114813447685 27.930155335215275 18
      vertex -30.26334620331157 27.862477969189943 0
      vertex -30.32114813447685 27.930155335215275 0
    endloop
  endfacet
  facet normal 0.5664062369248235 0.824126188622022 0
    outer loop
      vertex -29.999234928897206 27.62467110956259 18
      vertex -29.925886359525546 27.57426003449278 0
      vertex -29.999234928897206 27.62467110956259 0
    endloop
  endfacet
  facet normal 0.5224985647159649 0.8526401643540824 0
    outer loop
      vertex -29.925886359525546 27.57426003449278 18
      vertex -29.85 27.527756813566455 0
      vertex -29.925886359525546 27.57426003449278 0
    endloop
  endfacet
  facet normal 0.47715876025962295 0.8788171126619575 0
    outer loop
      vertex -29.85 27.527756813566455 18
      vertex -29.77178384955723 27.485288908879774 0
      vertex -29.85 27.527756813566455 0
    endloop
  endfacet
  facet normal 0.6087614290087122 0.7933533402912416 0
    outer loop
      vertex -30.069844664784725 27.67885186552315 18
      vertex -29.999234928897206 27.62467110956259 0
      vertex -30.069844664784725 27.67885186552315 0
    endloop
  endfacet
  facet normal 0.4305110968082688 0.9025852843498732 0
    outer loop
      vertex -29.77178384955723 27.485288908879774 18
      vertex -29.69145229322886 27.44697272200758 0
      vertex -29.77178384955723 27.485288908879774 0
    endloop
  endfacet
  facet normal 0.382683432365098 0.9238795325112833 0
    outer loop
      vertex -29.69145229322886 27.44697272200758 18
      vertex -29.60922551422701 27.412913274954757 0
      vertex -29.69145229322886 27.44697272200758 0
    endloop
  endfacet
  facet normal 0.33380685923377107 0.9426414910921784 0
    outer loop
      vertex -29.60922551422701 27.412913274954757 18
      vertex -29.52532889043741 27.38320392229824 0
      vertex -29.60922551422701 27.412913274954757 0
    endloop
  endfacet
  facet normal 0.18223552549216931 0.9832549075639505 0
    outer loop
      vertex -29.35344987439019 27.33714907875253 18
      vertex -29.265938590568393 27.320929820988265 0
      vertex -29.35344987439019 27.33714907875253 0
    endloop
  endfacet
  facet normal 0.1305261922200572 0.9914448613738096 0
    outer loop
      vertex -29.265938590568393 27.320929820988265 18
      vertex -29.17769838755501 27.309312777873934 0
      vertex -29.265938590568393 27.320929820988265 0
    endloop
  endfacet
  facet normal 0.07845909572784271 0.9969173337331282 0
    outer loop
      vertex -29.17769838755501 27.309312777873934 18
      vertex -29.088971125613003 27.302329790917224 0
      vertex -29.17769838755501 27.309312777873934 0
    endloop
  endfacet
  facet normal 0.02617694830785591 0.9996573249755577 0
    outer loop
      vertex -29.088971125613003 27.302329790917224 18
      vertex -29 27.3 0
      vertex -29.088971125613003 27.302329790917224 0
    endloop
  endfacet
  facet normal -0.02617694830785591 0.9996573249755577 0
    outer loop
      vertex -29 27.3 18
      vertex -28.911028874386997 27.302329790917224 0
      vertex -29 27.3 0
    endloop
  endfacet
  facet normal -0.07845909572784271 0.9969173337331282 0
    outer loop
      vertex -28.911028874386997 27.302329790917224 18
      vertex -28.82230161244499 27.309312777873934 0
      vertex -28.911028874386997 27.302329790917224 0
    endloop
  endfacet
  facet normal -0.1305261922200572 0.9914448613738096 0
    outer loop
      vertex -28.82230161244499 27.309312777873934 18
      vertex -28.734061409431607 27.320929820988265 0
      vertex -28.82230161244499 27.309312777873934 0
    endloop
  endfacet
  facet normal -0.18223552549216931 0.9832549075639505 0
    outer loop
      vertex -28.734061409431607 27.320929820988265 18
      vertex -28.64655012560981 27.33714907875253 0
      vertex -28.734061409431607 27.320929820988265 0
    endloop
  endfacet
  facet normal 0.2840153447039206 0.9588197348681936 0
    outer loop
      vertex -29.52532889043741 27.38320392229824 18
      vertex -29.439992376674287 27.357926095308585 0
      vertex -29.52532889043741 27.38320392229824 0
    endloop
  endfacet
  facet normal 0.23344536385589695 0.9723699203976786 0
    outer loop
      vertex -29.439992376674287 27.357926095308585 18
      vertex -29.35344987439019 27.33714907875253 0
      vertex -29.439992376674287 27.357926095308585 0
    endloop
  endfacet
  facet normal -0.23344536385589695 0.9723699203976786 0
    outer loop
      vertex -28.64655012560981 27.33714907875253 18
      vertex -28.560007623325713 27.357926095308585 0
      vertex -28.64655012560981 27.33714907875253 0
    endloop
  endfacet
  facet normal -0.2840153447039206 0.9588197348681936 0
    outer loop
      vertex -28.560007623325713 27.357926095308585 18
      vertex -28.47467110956259 27.38320392229824 0
      vertex -28.560007623325713 27.357926095308585 0
    endloop
  endfacet
  facet normal -0.33380685923377107 0.9426414910921784 0
    outer loop
      vertex -28.47467110956259 27.38320392229824 18
      vertex -28.39077448577299 27.412913274954757 0
      vertex -28.47467110956259 27.38320392229824 0
    endloop
  endfacet
  facet normal 0.9426414910921784 0.33380685923377107 0
    outer loop
      vertex -30.61679607770176 28.47467110956259 18
      vertex -30.587086725045243 28.39077448577299 0
      vertex -30.61679607770176 28.47467110956259 0
    endloop
  endfacet
  facet normal 0.9426414910921784 -0.33380685923377107 0
    outer loop
      vertex -30.587086725045243 29.60922551422701 18
      vertex -30.61679607770176 29.52532889043741 0
      vertex -30.587086725045243 29.60922551422701 0
    endloop
  endfacet
  facet normal 0.9238795325112833 -0.382683432365098 0
    outer loop
      vertex -30.55302727799242 29.69145229322886 18
      vertex -30.587086725045243 29.60922551422701 0
      vertex -30.55302727799242 29.69145229322886 0
    endloop
  endfacet
  facet normal 0.9025852843498732 -0.4305110968082688 0
    outer loop
      vertex -30.514711091120226 29.77178384955723 18
      vertex -30.55302727799242 29.69145229322886 0
      vertex -30.514711091120226 29.77178384955723 0
    endloop
  endfacet
  facet normal 0.8788171126619575 -0.47715876025962295 0
    outer loop
      vertex -30.472243186433545 29.85 18
      vertex -30.514711091120226 29.77178384955723 0
      vertex -30.472243186433545 29.85 0
    endloop
  endfacet
  facet normal 0.8526401643540824 -0.5224985647159649 0
    outer loop
      vertex -30.42573996550722 29.925886359525546 18
      vertex -30.472243186433545 29.85 0
      vertex -30.42573996550722 29.925886359525546 0
    endloop
  endfacet
  facet normal 0.824126188622022 -0.5664062369248235 0
    outer loop
      vertex -30.37532889043741 29.999234928897206 18
      vertex -30.42573996550722 29.925886359525546 0
      vertex -30.37532889043741 29.999234928897206 0
    endloop
  endfacet
  facet normal 0.7933533402912416 -0.6087614290087122 0
    outer loop
      vertex -30.32114813447685 30.069844664784725 18
      vertex -30.37532889043741 29.999234928897206 0
      vertex -30.32114813447685 30.069844664784725 0
    endloop
  endfacet
  facet normal 0.7604059656000218 -0.6494480483301944 0
    outer loop
      vertex -30.26334620331157 30.137522030810057 18
      vertex -30.32114813447685 30.069844664784725 0
      vertex -30.26334620331157 30.137522030810057 0
    endloop
  endfacet
  facet normal 0.7253743710123074 -0.6883545756937332 0
    outer loop
      vertex -30.202081528017132 30.202081528017132 18
      vertex -30.26334620331157 30.137522030810057 0
      vertex -30.202081528017132 30.202081528017132 0
    endloop
  endfacet
  facet normal 0.6883545756937332 -0.7253743710123074 0
    outer loop
      vertex -30.137522030810057 30.26334620331157 0
      vertex -30.137522030810057 30.26334620331157 18
      vertex -30.202081528017132 30.202081528017132 0
    endloop
  endfacet
  facet normal 0.6494480483301944 -0.7604059656000218 0
    outer loop
      vertex -30.069844664784725 30.32114813447685 0
      vertex -30.069844664784725 30.32114813447685 18
      vertex -30.137522030810057 30.26334620331157 0
    endloop
  endfacet
  facet normal 0.6087614290087122 -0.7933533402912416 0
    outer loop
      vertex -29.999234928897206 30.37532889043741 0
      vertex -29.999234928897206 30.37532889043741 18
      vertex -30.069844664784725 30.32114813447685 0
    endloop
  endfacet
  facet normal 0.5664062369248235 -0.824126188622022 0
    outer loop
      vertex -29.925886359525546 30.42573996550722 0
      vertex -29.925886359525546 30.42573996550722 18
      vertex -29.999234928897206 30.37532889043741 0
    endloop
  endfacet
  facet normal 0.5224985647159649 -0.8526401643540824 0
    outer loop
      vertex -29.85 30.472243186433545 0
      vertex -29.85 30.472243186433545 18
      vertex -29.925886359525546 30.42573996550722 0
    endloop
  endfacet
  facet normal 0.47715876025962295 -0.8788171126619575 0
    outer loop
      vertex -29.77178384955723 30.514711091120226 0
      vertex -29.77178384955723 30.514711091120226 18
      vertex -29.85 30.472243186433545 0
    endloop
  endfacet
  facet normal 0.4305110968082688 -0.9025852843498732 0
    outer loop
      vertex -29.69145229322886 30.55302727799242 0
      vertex -29.69145229322886 30.55302727799242 18
      vertex -29.77178384955723 30.514711091120226 0
    endloop
  endfacet
  facet normal 0.382683432365098 -0.9238795325112833 0
    outer loop
      vertex -29.60922551422701 30.587086725045243 0
      vertex -29.60922551422701 30.587086725045243 18
      vertex -29.69145229322886 30.55302727799242 0
    endloop
  endfacet
  facet normal 0.33380685923377107 -0.9426414910921784 0
    outer loop
      vertex -29.52532889043741 30.61679607770176 0
      vertex -29.52532889043741 30.61679607770176 18
      vertex -29.60922551422701 30.587086725045243 0
    endloop
  endfacet
  facet normal -0.382683432365098 0.9238795325112833 0
    outer loop
      vertex -28.39077448577299 27.412913274954757 18
      vertex -28.30854770677114 27.44697272200758 0
      vertex -28.39077448577299 27.412913274954757 0
    endloop
  endfacet
  facet normal -0.4305110968082688 0.9025852843498732 0
    outer loop
      vertex -28.30854770677114 27.44697272200758 18
      vertex -28.22821615044277 27.485288908879774 0
      vertex -28.30854770677114 27.44697272200758 0
    endloop
  endfacet
  facet normal -0.47715876025962295 0.8788171126619575 0
    outer loop
      vertex -28.22821615044277 27.485288908879774 18
      vertex -28.15 27.527756813566455 0
      vertex -28.22821615044277 27.485288908879774 0
    endloop
  endfacet
  facet normal -0.5224985647159649 0.8526401643540824 0
    outer loop
      vertex -28.15 27.527756813566455 18
      vertex -28.074113640474454 27.57426003449278 0
      vertex -28.15 27.527756813566455 0
    endloop
  endfacet
  facet normal -0.5664062369248235 0.824126188622022 0
    outer loop
      vertex -28.074113640474454 27.57426003449278 18
      vertex -28.000765071102794 27.62467110956259 0
      vertex -28.074113640474454 27.57426003449278 0
    endloop
  endfacet
  facet normal -0.6087614290087122 0.7933533402912416 0
    outer loop
      vertex -28.000765071102794 27.62467110956259 18
      vertex -27.930155335215275 27.67885186552315 0
      vertex -28.000765071102794 27.62467110956259 0
    endloop
  endfacet
  facet normal -0.6494480483301944 0.7604059656000218 0
    outer loop
      vertex -27.930155335215275 27.67885186552315 18
      vertex -27.862477969189943 27.73665379668843 0
      vertex -27.930155335215275 27.67885186552315 0
    endloop
  endfacet
  facet normal -0.6883545756937332 0.7253743710123074 0
    outer loop
      vertex -27.862477969189943 27.73665379668843 18
      vertex -27.797918471982868 27.797918471982868 0
      vertex -27.862477969189943 27.73665379668843 0
    endloop
  endfacet
  facet normal -0.7253743710123074 0.6883545756937332 0
    outer loop
      vertex -27.797918471982868 27.797918471982868 0
      vertex -27.797918471982868 27.797918471982868 18
      vertex -27.73665379668843 27.862477969189943 0
    endloop
  endfacet
  facet normal -0.7604059656000218 0.6494480483301944 2.4359341858885594e-19
    outer loop
      vertex -27.67885186552315 27.930155335215275 0
      vertex -27.73665379668843 27.862477969189943 0
      vertex -27.73665379668843 27.862477969189943 18
    endloop
  endfacet
  facet normal -0.7933533402912416 0.6087614290087122 -1.2315802093074115e-20
    outer loop
      vertex -27.62467110956259 28.000765071102794 0
      vertex -27.67885186552315 27.930155335215275 0
      vertex -27.67885186552315 27.930155335215275 18
    endloop
  endfacet
  facet normal -0.824126188622022 0.5664062369248235 4.1121673792305424e-20
    outer loop
      vertex -27.57426003449278 28.074113640474454 0
      vertex -27.62467110956259 28.000765071102794 0
      vertex -27.62467110956259 28.000765071102794 18
    endloop
  endfacet
  facet normal -0.8526401643540824 0.5224985647159649 -4.583215048010065e-20
    outer loop
      vertex -27.527756813566455 28.15 0
      vertex -27.57426003449278 28.074113640474454 0
      vertex -27.57426003449278 28.074113640474454 18
    endloop
  endfacet
  facet normal -0.8788171126619575 0.47715876025962295 1.2416280646012732e-20
    outer loop
      vertex -27.485288908879774 28.22821615044277 0
      vertex -27.527756813566455 28.15 0
      vertex -27.527756813566455 28.15 18
    endloop
  endfacet
  facet normal -0.9025852843498732 0.4305110968082688 -6.126813493151266e-20
    outer loop
      vertex -27.44697272200758 28.30854770677114 0
      vertex -27.485288908879774 28.22821615044277 0
      vertex -27.485288908879774 28.22821615044277 18
    endloop
  endfacet
  facet normal -0.9238795325112833 0.382683432365098 1.2019487962209302e-19
    outer loop
      vertex -27.412913274954757 28.39077448577299 0
      vertex -27.44697272200758 28.30854770677114 0
      vertex -27.44697272200758 28.30854770677114 18
    endloop
  endfacet
  facet normal -0.9426414910921784 0.33380685923377107 2.964270784001421e-20
    outer loop
      vertex -27.38320392229824 28.47467110956259 0
      vertex -27.412913274954757 28.39077448577299 0
      vertex -27.412913274954757 28.39077448577299 18
    endloop
  endfacet
  facet normal -0.9588197348681936 0.2840153447039206 -1.0668306947633491e-19
    outer loop
      vertex -27.357926095308585 28.560007623325713 0
      vertex -27.38320392229824 28.47467110956259 0
      vertex -27.38320392229824 28.47467110956259 18
    endloop
  endfacet
  facet normal -0.9723699203976786 0.23344536385589695 -5.3096547115558183e-20
    outer loop
      vertex -27.33714907875253 28.64655012560981 0
      vertex -27.357926095308585 28.560007623325713 0
      vertex -27.357926095308585 28.560007623325713 18
    endloop
  endfacet
  facet normal -0.9723699203976786 -0.23344536385589695 5.3096547115558183e-20
    outer loop
      vertex -27.357926095308585 29.439992376674287 0
      vertex -27.33714907875253 29.35344987439019 0
      vertex -27.33714907875253 29.35344987439019 18
    endloop
  endfacet
  facet normal -0.9588197348681936 -0.2840153447039206 1.0668306947633491e-19
    outer loop
      vertex -27.38320392229824 29.52532889043741 0
      vertex -27.357926095308585 29.439992376674287 0
      vertex -27.357926095308585 29.439992376674287 18
    endloop
  endfacet
  facet normal -0.33380685923377107 -0.9426414910921784 0
    outer loop
      vertex -28.39077448577299 30.587086725045243 0
      vertex -28.39077448577299 30.587086725045243 18
      vertex -28.47467110956259 30.61679607770176 0
    endloop
  endfacet
  facet normal -0.382683432365098 -0.9238795325112833 0
    outer loop
      vertex -28.30854770677114 30.55302727799242 0
      vertex -28.30854770677114 30.55302727799242 18
      vertex -28.39077448577299 30.587086725045243 0
    endloop
  endfacet
  facet normal -0.47715876025962295 -0.8788171126619575 0
    outer loop
      vertex -28.15 30.472243186433545 0
      vertex -28.15 30.472243186433545 18
      vertex -28.22821615044277 30.514711091120226 0
    endloop
  endfacet
  facet normal -0.4305110968082688 -0.9025852843498732 0
    outer loop
      vertex -28.22821615044277 30.514711091120226 0
      vertex -28.22821615044277 30.514711091120226 18
      vertex -28.30854770677114 30.55302727799242 0
    endloop
  endfacet
  facet normal -0.6087614290087122 -0.7933533402912416 0
    outer loop
      vertex -27.930155335215275 30.32114813447685 0
      vertex -27.930155335215275 30.32114813447685 18
      vertex -28.000765071102794 30.37532889043741 0
    endloop
  endfacet
  facet normal -0.5224985647159649 -0.8526401643540824 0
    outer loop
      vertex -28.074113640474454 30.42573996550722 0
      vertex -28.074113640474454 30.42573996550722 18
      vertex -28.15 30.472243186433545 0
    endloop
  endfacet
  facet normal -0.5664062369248235 -0.824126188622022 0
    outer loop
      vertex -28.000765071102794 30.37532889043741 0
      vertex -28.000765071102794 30.37532889043741 18
      vertex -28.074113640474454 30.42573996550722 0
    endloop
  endfacet
  facet normal -0.7933533402912416 -0.6087614290087122 1.2315802093074115e-20
    outer loop
      vertex -27.67885186552315 30.069844664784725 0
      vertex -27.62467110956259 29.999234928897206 0
      vertex -27.62467110956259 29.999234928897206 18
    endloop
  endfacet
  facet normal -0.8788171126619575 -0.47715876025962295 -1.2416280646012732e-20
    outer loop
      vertex -27.527756813566455 29.85 0
      vertex -27.485288908879774 29.77178384955723 0
      vertex -27.485288908879774 29.77178384955723 18
    endloop
  endfacet
  facet normal -0.9238795325112833 -0.382683432365098 -1.2019487962209302e-19
    outer loop
      vertex -27.44697272200758 29.69145229322886 0
      vertex -27.412913274954757 29.60922551422701 0
      vertex -27.412913274954757 29.60922551422701 18
    endloop
  endfacet
  facet normal -0.9426414910921784 -0.33380685923377107 -2.964270784001421e-20
    outer loop
      vertex -27.412913274954757 29.60922551422701 0
      vertex -27.38320392229824 29.52532889043741 0
      vertex -27.38320392229824 29.52532889043741 18
    endloop
  endfacet
  facet normal -0.9025852843498732 -0.4305110968082688 6.126813493151266e-20
    outer loop
      vertex -27.485288908879774 29.77178384955723 0
      vertex -27.44697272200758 29.69145229322886 0
      vertex -27.44697272200758 29.69145229322886 18
    endloop
  endfacet
  facet normal -0.8526401643540824 -0.5224985647159649 4.583215048010065e-20
    outer loop
      vertex -27.57426003449278 29.925886359525546 0
      vertex -27.527756813566455 29.85 0
      vertex -27.527756813566455 29.85 18
    endloop
  endfacet
  facet normal -0.824126188622022 -0.5664062369248235 -4.1121673792305424e-20
    outer loop
      vertex -27.62467110956259 29.999234928897206 0
      vertex -27.57426003449278 29.925886359525546 0
      vertex -27.57426003449278 29.925886359525546 18
    endloop
  endfacet
  facet normal -0.7253743710123074 -0.6883545756937332 -1.6979161576489913e-19
    outer loop
      vertex -27.797918471982868 30.202081528017132 0
      vertex -27.73665379668843 30.137522030810057 0
      vertex -27.73665379668843 30.137522030810057 18
    endloop
  endfacet
  facet normal -0.6494480483301944 -0.7604059656000218 0
    outer loop
      vertex -27.862477969189943 30.26334620331157 0
      vertex -27.862477969189943 30.26334620331157 18
      vertex -27.930155335215275 30.32114813447685 0
    endloop
  endfacet
  facet normal -0.6883545756937332 -0.7253743710123074 0
    outer loop
      vertex -27.797918471982868 30.202081528017132 0
      vertex -27.797918471982868 30.202081528017132 18
      vertex -27.862477969189943 30.26334620331157 0
    endloop
  endfacet
  facet normal -0.7604059656000218 -0.6494480483301944 -2.4359341858885594e-19
    outer loop
      vertex -27.73665379668843 30.137522030810057 0
      vertex -27.67885186552315 30.069844664784725 0
      vertex -27.67885186552315 30.069844664784725 18
    endloop
  endfacet
  facet normal -0.9832549075639505 0.18223552549216931 6.376444410094301e-20
    outer loop
      vertex -27.320929820988265 28.734061409431607 0
      vertex -27.33714907875253 28.64655012560981 0
      vertex -27.33714907875253 28.64655012560981 18
    endloop
  endfacet
  facet normal -0.9914448613738096 0.1305261922200572 -6.568796781405503e-20
    outer loop
      vertex -27.309312777873934 28.82230161244499 0
      vertex -27.320929820988265 28.734061409431607 0
      vertex -27.320929820988265 28.734061409431607 18
    endloop
  endfacet
  facet normal -0.9969173337331282 0.07845909572784271 2.243181415076818e-21
    outer loop
      vertex -27.302329790917224 28.911028874386997 0
      vertex -27.309312777873934 28.82230161244499 0
      vertex -27.309312777873934 28.82230161244499 18
    endloop
  endfacet
  facet normal -0.9996573249755577 0.02617694830785591 -3.362686136694474e-21
    outer loop
      vertex -27.3 29 0
      vertex -27.302329790917224 28.911028874386997 0
      vertex -27.302329790917224 28.911028874386997 18
    endloop
  endfacet
  facet normal -0.9996573249755577 -0.02617694830785591 3.362686136694474e-21
    outer loop
      vertex -27.302329790917224 29.088971125613003 0
      vertex -27.3 29 0
      vertex -27.3 29 18
    endloop
  endfacet
  facet normal -0.9969173337331282 -0.07845909572784271 -2.243181415076818e-21
    outer loop
      vertex -27.309312777873934 29.17769838755501 0
      vertex -27.302329790917224 29.088971125613003 0
      vertex -27.302329790917224 29.088971125613003 18
    endloop
  endfacet
  facet normal -0.9914448613738096 -0.1305261922200572 6.568796781405503e-20
    outer loop
      vertex -27.320929820988265 29.265938590568393 0
      vertex -27.309312777873934 29.17769838755501 0
      vertex -27.309312777873934 29.17769838755501 18
    endloop
  endfacet
  facet normal -0.9832549075639505 -0.18223552549216931 -6.376444410094301e-20
    outer loop
      vertex -27.33714907875253 29.35344987439019 0
      vertex -27.320929820988265 29.265938590568393 0
      vertex -27.320929820988265 29.265938590568393 18
    endloop
  endfacet
  facet normal 0.2840153447039206 -0.9588197348681936 0
    outer loop
      vertex -29.439992376674287 30.642073904691415 0
      vertex -29.439992376674287 30.642073904691415 18
      vertex -29.52532889043741 30.61679607770176 0
    endloop
  endfacet
  facet normal 0.23344536385589695 -0.9723699203976786 0
    outer loop
      vertex -29.35344987439019 30.66285092124747 0
      vertex -29.35344987439019 30.66285092124747 18
      vertex -29.439992376674287 30.642073904691415 0
    endloop
  endfacet
  facet normal 0.18223552549216931 -0.9832549075639505 0
    outer loop
      vertex -29.265938590568393 30.679070179011735 0
      vertex -29.265938590568393 30.679070179011735 18
      vertex -29.35344987439019 30.66285092124747 0
    endloop
  endfacet
  facet normal 0.1305261922200572 -0.9914448613738096 0
    outer loop
      vertex -29.17769838755501 30.690687222126066 0
      vertex -29.17769838755501 30.690687222126066 18
      vertex -29.265938590568393 30.679070179011735 0
    endloop
  endfacet
  facet normal 0.07845909572784271 -0.9969173337331282 0
    outer loop
      vertex -29.088971125613003 30.697670209082776 0
      vertex -29.088971125613003 30.697670209082776 18
      vertex -29.17769838755501 30.690687222126066 0
    endloop
  endfacet
  facet normal 0.02617694830785591 -0.9996573249755577 0
    outer loop
      vertex -29 30.7 0
      vertex -29 30.7 18
      vertex -29.088971125613003 30.697670209082776 0
    endloop
  endfacet
  facet normal -0.02617694830785591 -0.9996573249755577 0
    outer loop
      vertex -28.911028874386997 30.697670209082776 0
      vertex -28.911028874386997 30.697670209082776 18
      vertex -29 30.7 0
    endloop
  endfacet
  facet normal -0.07845909572784271 -0.9969173337331282 0
    outer loop
      vertex -28.82230161244499 30.690687222126066 0
      vertex -28.82230161244499 30.690687222126066 18
      vertex -28.911028874386997 30.697670209082776 0
    endloop
  endfacet
  facet normal -0.1305261922200572 -0.9914448613738096 0
    outer loop
      vertex -28.734061409431607 30.679070179011735 0
      vertex -28.734061409431607 30.679070179011735 18
      vertex -28.82230161244499 30.690687222126066 0
    endloop
  endfacet
  facet normal -0.18223552549216931 -0.9832549075639505 0
    outer loop
      vertex -28.64655012560981 30.66285092124747 0
      vertex -28.64655012560981 30.66285092124747 18
      vertex -28.734061409431607 30.679070179011735 0
    endloop
  endfacet
  facet normal -0.23344536385589695 -0.9723699203976786 0
    outer loop
      vertex -28.560007623325713 30.642073904691415 0
      vertex -28.560007623325713 30.642073904691415 18
      vertex -28.64655012560981 30.66285092124747 0
    endloop
  endfacet
  facet normal -0.2840153447039206 -0.9588197348681936 0
    outer loop
      vertex -28.47467110956259 30.61679607770176 0
      vertex -28.47467110956259 30.61679607770176 18
      vertex -28.560007623325713 30.642073904691415 0
    endloop
  endfacet
  facet normal 0.9588197348681936 0.2840153447039206 1.0668306947633491e-19
    outer loop
      vertex -30.642073904691415 28.560007623325713 18
      vertex -30.61679607770176 28.47467110956259 18
      vertex -30.61679607770176 28.47467110956259 0
    endloop
  endfacet
  facet normal 0.9723699203976786 0.23344536385589695 5.3096547115558183e-20
    outer loop
      vertex -30.66285092124747 28.64655012560981 18
      vertex -30.642073904691415 28.560007623325713 18
      vertex -30.642073904691415 28.560007623325713 0
    endloop
  endfacet
  facet normal 0.9832549075639505 0.18223552549216931 -6.376444410094301e-20
    outer loop
      vertex -30.679070179011735 28.734061409431607 18
      vertex -30.66285092124747 28.64655012560981 18
      vertex -30.66285092124747 28.64655012560981 0
    endloop
  endfacet
  facet normal 0.9914448613738096 0.1305261922200572 6.568796781405503e-20
    outer loop
      vertex -30.690687222126066 28.82230161244499 18
      vertex -30.679070179011735 28.734061409431607 18
      vertex -30.679070179011735 28.734061409431607 0
    endloop
  endfacet
  facet normal 0.9996573249755577 0.02617694830785591 3.362686136694474e-21
    outer loop
      vertex -30.7 29 18
      vertex -30.697670209082776 28.911028874386997 18
      vertex -30.697670209082776 28.911028874386997 0
    endloop
  endfacet
  facet normal 0.9969173337331282 0.07845909572784271 -2.243181415076818e-21
    outer loop
      vertex -30.697670209082776 28.911028874386997 18
      vertex -30.690687222126066 28.82230161244499 18
      vertex -30.690687222126066 28.82230161244499 0
    endloop
  endfacet
  facet normal 0.9996573249755577 -0.02617694830785591 -3.362686136694474e-21
    outer loop
      vertex -30.697670209082776 29.088971125613003 18
      vertex -30.7 29 18
      vertex -30.7 29 0
    endloop
  endfacet
  facet normal 0.9969173337331282 -0.07845909572784271 2.243181415076818e-21
    outer loop
      vertex -30.690687222126066 29.17769838755501 18
      vertex -30.697670209082776 29.088971125613003 18
      vertex -30.697670209082776 29.088971125613003 0
    endloop
  endfacet
  facet normal 0.9914448613738096 -0.1305261922200572 -6.568796781405503e-20
    outer loop
      vertex -30.679070179011735 29.265938590568393 18
      vertex -30.690687222126066 29.17769838755501 18
      vertex -30.690687222126066 29.17769838755501 0
    endloop
  endfacet
  facet normal 0.9832549075639505 -0.18223552549216931 6.376444410094301e-20
    outer loop
      vertex -30.66285092124747 29.35344987439019 18
      vertex -30.679070179011735 29.265938590568393 18
      vertex -30.679070179011735 29.265938590568393 0
    endloop
  endfacet
  facet normal 0.9723699203976786 -0.23344536385589695 -5.3096547115558183e-20
    outer loop
      vertex -30.642073904691415 29.439992376674287 18
      vertex -30.66285092124747 29.35344987439019 18
      vertex -30.66285092124747 29.35344987439019 0
    endloop
  endfacet
  facet normal 0.9588197348681936 -0.2840153447039206 -1.0668306947633491e-19
    outer loop
      vertex -30.61679607770176 29.52532889043741 18
      vertex -30.642073904691415 29.439992376674287 18
      vertex -30.642073904691415 29.439992376674287 0
    endloop
  endfacet
  facet normal 0.7253743710123074 0.6883545756937332 -1.6979161576489913e-19
    outer loop
      vertex -30.26334620331157 27.862477969189943 18
      vertex -30.202081528017132 27.797918471982868 18
      vertex -30.202081528017132 27.797918471982868 0
    endloop
  endfacet
  facet normal 0.7604059656000218 0.6494480483301944 -2.4359341858885594e-19
    outer loop
      vertex -30.32114813447685 27.930155335215275 18
      vertex -30.26334620331157 27.862477969189943 18
      vertex -30.26334620331157 27.862477969189943 0
    endloop
  endfacet
  facet normal 0.6494480483301944 0.7604059656000218 0
    outer loop
      vertex -30.069844664784725 27.67885186552315 18
      vertex -30.069844664784725 27.67885186552315 0
      vertex -30.137522030810057 27.73665379668843 18
    endloop
  endfacet
  facet normal 0.6883545756937332 0.7253743710123074 0
    outer loop
      vertex -30.137522030810057 27.73665379668843 18
      vertex -30.137522030810057 27.73665379668843 0
      vertex -30.202081528017132 27.797918471982868 18
    endloop
  endfacet
  facet normal 0.824126188622022 0.5664062369248235 -4.1121673792305424e-20
    outer loop
      vertex -30.42573996550722 28.074113640474454 18
      vertex -30.37532889043741 28.000765071102794 18
      vertex -30.37532889043741 28.000765071102794 0
    endloop
  endfacet
  facet normal 0.8526401643540824 0.5224985647159649 4.583215048010065e-20
    outer loop
      vertex -30.472243186433545 28.15 18
      vertex -30.42573996550722 28.074113640474454 18
      vertex -30.42573996550722 28.074113640474454 0
    endloop
  endfacet
  facet normal 0.9025852843498732 0.4305110968082688 6.126813493151266e-20
    outer loop
      vertex -30.55302727799242 28.30854770677114 18
      vertex -30.514711091120226 28.22821615044277 18
      vertex -30.514711091120226 28.22821615044277 0
    endloop
  endfacet
  facet normal 0.9238795325112833 0.382683432365098 -1.2019487962209302e-19
    outer loop
      vertex -30.587086725045243 28.39077448577299 18
      vertex -30.55302727799242 28.30854770677114 18
      vertex -30.55302727799242 28.30854770677114 0
    endloop
  endfacet
  facet normal 0.9426414910921784 0.33380685923377107 -2.964270784001421e-20
    outer loop
      vertex -30.61679607770176 28.47467110956259 18
      vertex -30.587086725045243 28.39077448577299 18
      vertex -30.587086725045243 28.39077448577299 0
    endloop
  endfacet
  facet normal 0.8788171126619575 0.47715876025962295 -1.2416280646012732e-20
    outer loop
      vertex -30.514711091120226 28.22821615044277 18
      vertex -30.472243186433545 28.15 18
      vertex -30.472243186433545 28.15 0
    endloop
  endfacet
  facet normal 0.7933533402912416 0.6087614290087122 1.2315802093074115e-20
    outer loop
      vertex -30.37532889043741 28.000765071102794 18
      vertex -30.32114813447685 27.930155335215275 18
      vertex -30.32114813447685 27.930155335215275 0
    endloop
  endfacet
  facet normal 0.5664062369248235 0.824126188622022 0
    outer loop
      vertex -29.925886359525546 27.57426003449278 18
      vertex -29.925886359525546 27.57426003449278 0
      vertex -29.999234928897206 27.62467110956259 18
    endloop
  endfacet
  facet normal 0.5224985647159649 0.8526401643540824 0
    outer loop
      vertex -29.85 27.527756813566455 18
      vertex -29.85 27.527756813566455 0
      vertex -29.925886359525546 27.57426003449278 18
    endloop
  endfacet
  facet normal 0.6087614290087122 0.7933533402912416 0
    outer loop
      vertex -29.999234928897206 27.62467110956259 18
      vertex -29.999234928897206 27.62467110956259 0
      vertex -30.069844664784725 27.67885186552315 18
    endloop
  endfacet
  facet normal 0.4305110968082688 0.9025852843498732 0
    outer loop
      vertex -29.69145229322886 27.44697272200758 18
      vertex -29.69145229322886 27.44697272200758 0
      vertex -29.77178384955723 27.485288908879774 18
    endloop
  endfacet
  facet normal 0.47715876025962295 0.8788171126619575 0
    outer loop
      vertex -29.77178384955723 27.485288908879774 18
      vertex -29.77178384955723 27.485288908879774 0
      vertex -29.85 27.527756813566455 18
    endloop
  endfacet
  facet normal 0.382683432365098 0.9238795325112833 0
    outer loop
      vertex -29.60922551422701 27.412913274954757 18
      vertex -29.60922551422701 27.412913274954757 0
      vertex -29.69145229322886 27.44697272200758 18
    endloop
  endfacet
  facet normal 0.33380685923377107 0.9426414910921784 0
    outer loop
      vertex -29.52532889043741 27.38320392229824 18
      vertex -29.52532889043741 27.38320392229824 0
      vertex -29.60922551422701 27.412913274954757 18
    endloop
  endfacet
  facet normal 0.18223552549216931 0.9832549075639505 0
    outer loop
      vertex -29.265938590568393 27.320929820988265 18
      vertex -29.265938590568393 27.320929820988265 0
      vertex -29.35344987439019 27.33714907875253 18
    endloop
  endfacet
  facet normal 0.1305261922200572 0.9914448613738096 0
    outer loop
      vertex -29.17769838755501 27.309312777873934 18
      vertex -29.17769838755501 27.309312777873934 0
      vertex -29.265938590568393 27.320929820988265 18
    endloop
  endfacet
  facet normal 0.07845909572784271 0.9969173337331282 0
    outer loop
      vertex -29.088971125613003 27.302329790917224 18
      vertex -29.088971125613003 27.302329790917224 0
      vertex -29.17769838755501 27.309312777873934 18
    endloop
  endfacet
  facet normal 0.02617694830785591 0.9996573249755577 0
    outer loop
      vertex -29 27.3 18
      vertex -29 27.3 0
      vertex -29.088971125613003 27.302329790917224 18
    endloop
  endfacet
  facet normal -0.02617694830785591 0.9996573249755577 0
    outer loop
      vertex -28.911028874386997 27.302329790917224 18
      vertex -28.911028874386997 27.302329790917224 0
      vertex -29 27.3 18
    endloop
  endfacet
  facet normal -0.07845909572784271 0.9969173337331282 0
    outer loop
      vertex -28.82230161244499 27.309312777873934 18
      vertex -28.82230161244499 27.309312777873934 0
      vertex -28.911028874386997 27.302329790917224 18
    endloop
  endfacet
  facet normal -0.1305261922200572 0.9914448613738096 0
    outer loop
      vertex -28.734061409431607 27.320929820988265 18
      vertex -28.734061409431607 27.320929820988265 0
      vertex -28.82230161244499 27.309312777873934 18
    endloop
  endfacet
  facet normal -0.18223552549216931 0.9832549075639505 0
    outer loop
      vertex -28.64655012560981 27.33714907875253 18
      vertex -28.64655012560981 27.33714907875253 0
      vertex -28.734061409431607 27.320929820988265 18
    endloop
  endfacet
  facet normal 0.2840153447039206 0.9588197348681936 0
    outer loop
      vertex -29.439992376674287 27.357926095308585 18
      vertex -29.439992376674287 27.357926095308585 0
      vertex -29.52532889043741 27.38320392229824 18
    endloop
  endfacet
  facet normal 0.23344536385589695 0.9723699203976786 0
    outer loop
      vertex -29.35344987439019 27.33714907875253 18
      vertex -29.35344987439019 27.33714907875253 0
      vertex -29.439992376674287 27.357926095308585 18
    endloop
  endfacet
  facet normal -0.23344536385589695 0.9723699203976786 0
    outer loop
      vertex -28.560007623325713 27.357926095308585 18
      vertex -28.560007623325713 27.357926095308585 0
      vertex -28.64655012560981 27.33714907875253 18
    endloop
  endfacet
  facet normal -0.2840153447039206 0.9588197348681936 0
    outer loop
      vertex -28.47467110956259 27.38320392229824 18
      vertex -28.47467110956259 27.38320392229824 0
      vertex -28.560007623325713 27.357926095308585 18
    endloop
  endfacet
  facet normal 0.9426414910921784 -0.33380685923377107 2.964270784001421e-20
    outer loop
      vertex -30.587086725045243 29.60922551422701 18
      vertex -30.61679607770176 29.52532889043741 18
      vertex -30.61679607770176 29.52532889043741 0
    endloop
  endfacet
  facet normal 0.9238795325112833 -0.382683432365098 1.2019487962209302e-19
    outer loop
      vertex -30.55302727799242 29.69145229322886 18
      vertex -30.587086725045243 29.60922551422701 18
      vertex -30.587086725045243 29.60922551422701 0
    endloop
  endfacet
  facet normal 0.9025852843498732 -0.4305110968082688 -6.126813493151266e-20
    outer loop
      vertex -30.514711091120226 29.77178384955723 18
      vertex -30.55302727799242 29.69145229322886 18
      vertex -30.55302727799242 29.69145229322886 0
    endloop
  endfacet
  facet normal 0.8788171126619575 -0.47715876025962295 1.2416280646012732e-20
    outer loop
      vertex -30.472243186433545 29.85 18
      vertex -30.514711091120226 29.77178384955723 18
      vertex -30.514711091120226 29.77178384955723 0
    endloop
  endfacet
  facet normal 0.8526401643540824 -0.5224985647159649 -4.583215048010065e-20
    outer loop
      vertex -30.42573996550722 29.925886359525546 18
      vertex -30.472243186433545 29.85 18
      vertex -30.472243186433545 29.85 0
    endloop
  endfacet
  facet normal 0.824126188622022 -0.5664062369248235 4.1121673792305424e-20
    outer loop
      vertex -30.37532889043741 29.999234928897206 18
      vertex -30.42573996550722 29.925886359525546 18
      vertex -30.42573996550722 29.925886359525546 0
    endloop
  endfacet
  facet normal 0.7933533402912416 -0.6087614290087122 -1.2315802093074115e-20
    outer loop
      vertex -30.32114813447685 30.069844664784725 18
      vertex -30.37532889043741 29.999234928897206 18
      vertex -30.37532889043741 29.999234928897206 0
    endloop
  endfacet
  facet normal 0.7604059656000218 -0.6494480483301944 2.4359341858885594e-19
    outer loop
      vertex -30.26334620331157 30.137522030810057 18
      vertex -30.32114813447685 30.069844664784725 18
      vertex -30.32114813447685 30.069844664784725 0
    endloop
  endfacet
  facet normal 0.7253743710123074 -0.6883545756937332 1.6979161576489913e-19
    outer loop
      vertex -30.202081528017132 30.202081528017132 18
      vertex -30.26334620331157 30.137522030810057 18
      vertex -30.26334620331157 30.137522030810057 0
    endloop
  endfacet
  facet normal 0.6883545756937332 -0.7253743710123074 0
    outer loop
      vertex -30.202081528017132 30.202081528017132 18
      vertex -30.202081528017132 30.202081528017132 0
      vertex -30.137522030810057 30.26334620331157 18
    endloop
  endfacet
  facet normal 0.6494480483301944 -0.7604059656000218 0
    outer loop
      vertex -30.137522030810057 30.26334620331157 0
      vertex -30.069844664784725 30.32114813447685 18
      vertex -30.137522030810057 30.26334620331157 18
    endloop
  endfacet
  facet normal 0.6087614290087122 -0.7933533402912416 0
    outer loop
      vertex -30.069844664784725 30.32114813447685 0
      vertex -29.999234928897206 30.37532889043741 18
      vertex -30.069844664784725 30.32114813447685 18
    endloop
  endfacet
  facet normal 0.5664062369248235 -0.824126188622022 0
    outer loop
      vertex -29.999234928897206 30.37532889043741 0
      vertex -29.925886359525546 30.42573996550722 18
      vertex -29.999234928897206 30.37532889043741 18
    endloop
  endfacet
  facet normal 0.5224985647159649 -0.8526401643540824 0
    outer loop
      vertex -29.925886359525546 30.42573996550722 0
      vertex -29.85 30.472243186433545 18
      vertex -29.925886359525546 30.42573996550722 18
    endloop
  endfacet
  facet normal 0.47715876025962295 -0.8788171126619575 0
    outer loop
      vertex -29.85 30.472243186433545 0
      vertex -29.77178384955723 30.514711091120226 18
      vertex -29.85 30.472243186433545 18
    endloop
  endfacet
  facet normal 0.4305110968082688 -0.9025852843498732 0
    outer loop
      vertex -29.77178384955723 30.514711091120226 0
      vertex -29.69145229322886 30.55302727799242 18
      vertex -29.77178384955723 30.514711091120226 18
    endloop
  endfacet
  facet normal 0.382683432365098 -0.9238795325112833 0
    outer loop
      vertex -29.69145229322886 30.55302727799242 0
      vertex -29.60922551422701 30.587086725045243 18
      vertex -29.69145229322886 30.55302727799242 18
    endloop
  endfacet
  facet normal 0.33380685923377107 -0.9426414910921784 0
    outer loop
      vertex -29.60922551422701 30.587086725045243 0
      vertex -29.52532889043741 30.61679607770176 18
      vertex -29.60922551422701 30.587086725045243 18
    endloop
  endfacet
  facet normal -0.33380685923377107 -0.9426414910921784 0
    outer loop
      vertex -28.47467110956259 30.61679607770176 0
      vertex -28.39077448577299 30.587086725045243 18
      vertex -28.47467110956259 30.61679607770176 18
    endloop
  endfacet
  facet normal -0.33380685923377107 0.9426414910921784 0
    outer loop
      vertex -28.39077448577299 27.412913274954757 18
      vertex -28.39077448577299 27.412913274954757 0
      vertex -28.47467110956259 27.38320392229824 18
    endloop
  endfacet
  facet normal -0.382683432365098 0.9238795325112833 0
    outer loop
      vertex -28.30854770677114 27.44697272200758 18
      vertex -28.30854770677114 27.44697272200758 0
      vertex -28.39077448577299 27.412913274954757 18
    endloop
  endfacet
  facet normal -0.4305110968082688 0.9025852843498732 0
    outer loop
      vertex -28.22821615044277 27.485288908879774 18
      vertex -28.22821615044277 27.485288908879774 0
      vertex -28.30854770677114 27.44697272200758 18
    endloop
  endfacet
  facet normal -0.47715876025962295 0.8788171126619575 0
    outer loop
      vertex -28.15 27.527756813566455 18
      vertex -28.15 27.527756813566455 0
      vertex -28.22821615044277 27.485288908879774 18
    endloop
  endfacet
  facet normal -0.5224985647159649 0.8526401643540824 0
    outer loop
      vertex -28.074113640474454 27.57426003449278 18
      vertex -28.074113640474454 27.57426003449278 0
      vertex -28.15 27.527756813566455 18
    endloop
  endfacet
  facet normal -0.5664062369248235 0.824126188622022 0
    outer loop
      vertex -28.000765071102794 27.62467110956259 18
      vertex -28.000765071102794 27.62467110956259 0
      vertex -28.074113640474454 27.57426003449278 18
    endloop
  endfacet
  facet normal -0.6087614290087122 0.7933533402912416 0
    outer loop
      vertex -27.930155335215275 27.67885186552315 18
      vertex -27.930155335215275 27.67885186552315 0
      vertex -28.000765071102794 27.62467110956259 18
    endloop
  endfacet
  facet normal -0.6494480483301944 0.7604059656000218 0
    outer loop
      vertex -27.862477969189943 27.73665379668843 18
      vertex -27.862477969189943 27.73665379668843 0
      vertex -27.930155335215275 27.67885186552315 18
    endloop
  endfacet
  facet normal -0.6883545756937332 0.7253743710123074 0
    outer loop
      vertex -27.797918471982868 27.797918471982868 18
      vertex -27.797918471982868 27.797918471982868 0
      vertex -27.862477969189943 27.73665379668843 18
    endloop
  endfacet
  facet normal -0.7253743710123074 0.6883545756937332 0
    outer loop
      vertex -27.73665379668843 27.862477969189943 0
      vertex -27.797918471982868 27.797918471982868 18
      vertex -27.73665379668843 27.862477969189943 18
    endloop
  endfacet
  facet normal -0.7604059656000218 0.6494480483301944 0
    outer loop
      vertex -27.67885186552315 27.930155335215275 0
      vertex -27.73665379668843 27.862477969189943 18
      vertex -27.67885186552315 27.930155335215275 18
    endloop
  endfacet
  facet normal -0.7933533402912416 0.6087614290087122 0
    outer loop
      vertex -27.62467110956259 28.000765071102794 0
      vertex -27.67885186552315 27.930155335215275 18
      vertex -27.62467110956259 28.000765071102794 18
    endloop
  endfacet
  facet normal -0.824126188622022 0.5664062369248235 0
    outer loop
      vertex -27.57426003449278 28.074113640474454 0
      vertex -27.62467110956259 28.000765071102794 18
      vertex -27.57426003449278 28.074113640474454 18
    endloop
  endfacet
  facet normal -0.8526401643540824 0.5224985647159649 0
    outer loop
      vertex -27.527756813566455 28.15 0
      vertex -27.57426003449278 28.074113640474454 18
      vertex -27.527756813566455 28.15 18
    endloop
  endfacet
  facet normal -0.8788171126619575 0.47715876025962295 0
    outer loop
      vertex -27.485288908879774 28.22821615044277 0
      vertex -27.527756813566455 28.15 18
      vertex -27.485288908879774 28.22821615044277 18
    endloop
  endfacet
  facet normal -0.9025852843498732 0.4305110968082688 0
    outer loop
      vertex -27.44697272200758 28.30854770677114 0
      vertex -27.485288908879774 28.22821615044277 18
      vertex -27.44697272200758 28.30854770677114 18
    endloop
  endfacet
  facet normal -0.9238795325112833 0.382683432365098 0
    outer loop
      vertex -27.412913274954757 28.39077448577299 0
      vertex -27.44697272200758 28.30854770677114 18
      vertex -27.412913274954757 28.39077448577299 18
    endloop
  endfacet
  facet normal -0.9426414910921784 0.33380685923377107 0
    outer loop
      vertex -27.38320392229824 28.47467110956259 0
      vertex -27.412913274954757 28.39077448577299 18
      vertex -27.38320392229824 28.47467110956259 18
    endloop
  endfacet
  facet normal -0.9588197348681936 0.2840153447039206 0
    outer loop
      vertex -27.357926095308585 28.560007623325713 0
      vertex -27.38320392229824 28.47467110956259 18
      vertex -27.357926095308585 28.560007623325713 18
    endloop
  endfacet
  facet normal -0.9723699203976786 0.23344536385589695 0
    outer loop
      vertex -27.33714907875253 28.64655012560981 0
      vertex -27.357926095308585 28.560007623325713 18
      vertex -27.33714907875253 28.64655012560981 18
    endloop
  endfacet
  facet normal -0.9723699203976786 -0.23344536385589695 0
    outer loop
      vertex -27.357926095308585 29.439992376674287 0
      vertex -27.33714907875253 29.35344987439019 18
      vertex -27.357926095308585 29.439992376674287 18
    endloop
  endfacet
  facet normal -0.9588197348681936 -0.2840153447039206 0
    outer loop
      vertex -27.38320392229824 29.52532889043741 0
      vertex -27.357926095308585 29.439992376674287 18
      vertex -27.38320392229824 29.52532889043741 18
    endloop
  endfacet
  facet normal -0.382683432365098 -0.9238795325112833 0
    outer loop
      vertex -28.39077448577299 30.587086725045243 0
      vertex -28.30854770677114 30.55302727799242 18
      vertex -28.39077448577299 30.587086725045243 18
    endloop
  endfacet
  facet normal -0.4305110968082688 -0.9025852843498732 0
    outer loop
      vertex -28.30854770677114 30.55302727799242 0
      vertex -28.22821615044277 30.514711091120226 18
      vertex -28.30854770677114 30.55302727799242 18
    endloop
  endfacet
  facet normal -0.47715876025962295 -0.8788171126619575 0
    outer loop
      vertex -28.22821615044277 30.514711091120226 0
      vertex -28.15 30.472243186433545 18
      vertex -28.22821615044277 30.514711091120226 18
    endloop
  endfacet
  facet normal -0.6494480483301944 -0.7604059656000218 0
    outer loop
      vertex -27.930155335215275 30.32114813447685 0
      vertex -27.862477969189943 30.26334620331157 18
      vertex -27.930155335215275 30.32114813447685 18
    endloop
  endfacet
  facet normal -0.5224985647159649 -0.8526401643540824 0
    outer loop
      vertex -28.15 30.472243186433545 0
      vertex -28.074113640474454 30.42573996550722 18
      vertex -28.15 30.472243186433545 18
    endloop
  endfacet
  facet normal -0.5664062369248235 -0.824126188622022 0
    outer loop
      vertex -28.074113640474454 30.42573996550722 0
      vertex -28.000765071102794 30.37532889043741 18
      vertex -28.074113640474454 30.42573996550722 18
    endloop
  endfacet
  facet normal -0.6087614290087122 -0.7933533402912416 0
    outer loop
      vertex -28.000765071102794 30.37532889043741 0
      vertex -27.930155335215275 30.32114813447685 18
      vertex -28.000765071102794 30.37532889043741 18
    endloop
  endfacet
  facet normal -0.7933533402912416 -0.6087614290087122 0
    outer loop
      vertex -27.67885186552315 30.069844664784725 0
      vertex -27.62467110956259 29.999234928897206 18
      vertex -27.67885186552315 30.069844664784725 18
    endloop
  endfacet
  facet normal -0.9238795325112833 -0.382683432365098 0
    outer loop
      vertex -27.44697272200758 29.69145229322886 0
      vertex -27.412913274954757 29.60922551422701 18
      vertex -27.44697272200758 29.69145229322886 18
    endloop
  endfacet
  facet normal -0.9426414910921784 -0.33380685923377107 0
    outer loop
      vertex -27.412913274954757 29.60922551422701 0
      vertex -27.38320392229824 29.52532889043741 18
      vertex -27.412913274954757 29.60922551422701 18
    endloop
  endfacet
  facet normal -0.9025852843498732 -0.4305110968082688 0
    outer loop
      vertex -27.485288908879774 29.77178384955723 0
      vertex -27.44697272200758 29.69145229322886 18
      vertex -27.485288908879774 29.77178384955723 18
    endloop
  endfacet
  facet normal -0.8526401643540824 -0.5224985647159649 0
    outer loop
      vertex -27.57426003449278 29.925886359525546 0
      vertex -27.527756813566455 29.85 18
      vertex -27.57426003449278 29.925886359525546 18
    endloop
  endfacet
  facet normal -0.8788171126619575 -0.47715876025962295 0
    outer loop
      vertex -27.527756813566455 29.85 0
      vertex -27.485288908879774 29.77178384955723 18
      vertex -27.527756813566455 29.85 18
    endloop
  endfacet
  facet normal -0.824126188622022 -0.5664062369248235 0
    outer loop
      vertex -27.62467110956259 29.999234928897206 0
      vertex -27.57426003449278 29.925886359525546 18
      vertex -27.62467110956259 29.999234928897206 18
    endloop
  endfacet
  facet normal -0.7253743710123074 -0.6883545756937332 0
    outer loop
      vertex -27.797918471982868 30.202081528017132 0
      vertex -27.73665379668843 30.137522030810057 18
      vertex -27.797918471982868 30.202081528017132 18
    endloop
  endfacet
  facet normal -0.6883545756937332 -0.7253743710123074 0
    outer loop
      vertex -27.862477969189943 30.26334620331157 0
      vertex -27.797918471982868 30.202081528017132 18
      vertex -27.862477969189943 30.26334620331157 18
    endloop
  endfacet
  facet normal -0.7604059656000218 -0.6494480483301944 0
    outer loop
      vertex -27.73665379668843 30.137522030810057 0
      vertex -27.67885186552315 30.069844664784725 18
      vertex -27.73665379668843 30.137522030810057 18
    endloop
  endfacet
  facet normal -0.9832549075639505 0.18223552549216931 0
    outer loop
      vertex -27.320929820988265 28.734061409431607 0
      vertex -27.33714907875253 28.64655012560981 18
      vertex -27.320929820988265 28.734061409431607 18
    endloop
  endfacet
  facet normal -0.9914448613738096 0.1305261922200572 0
    outer loop
      vertex -27.309312777873934 28.82230161244499 0
      vertex -27.320929820988265 28.734061409431607 18
      vertex -27.309312777873934 28.82230161244499 18
    endloop
  endfacet
  facet normal -0.9969173337331282 0.07845909572784271 0
    outer loop
      vertex -27.302329790917224 28.911028874386997 0
      vertex -27.309312777873934 28.82230161244499 18
      vertex -27.302329790917224 28.911028874386997 18
    endloop
  endfacet
  facet normal -0.9996573249755577 0.02617694830785591 0
    outer loop
      vertex -27.3 29 0
      vertex -27.302329790917224 28.911028874386997 18
      vertex -27.3 29 18
    endloop
  endfacet
  facet normal -0.9996573249755577 -0.02617694830785591 0
    outer loop
      vertex -27.302329790917224 29.088971125613003 0
      vertex -27.3 29 18
      vertex -27.302329790917224 29.088971125613003 18
    endloop
  endfacet
  facet normal -0.9969173337331282 -0.07845909572784271 0
    outer loop
      vertex -27.309312777873934 29.17769838755501 0
      vertex -27.302329790917224 29.088971125613003 18
      vertex -27.309312777873934 29.17769838755501 18
    endloop
  endfacet
  facet normal -0.9914448613738096 -0.1305261922200572 0
    outer loop
      vertex -27.320929820988265 29.265938590568393 0
      vertex -27.309312777873934 29.17769838755501 18
      vertex -27.320929820988265 29.265938590568393 18
    endloop
  endfacet
  facet normal -0.9832549075639505 -0.18223552549216931 0
    outer loop
      vertex -27.33714907875253 29.35344987439019 0
      vertex -27.320929820988265 29.265938590568393 18
      vertex -27.33714907875253 29.35344987439019 18
    endloop
  endfacet
  facet normal 0.2840153447039206 -0.9588197348681936 0
    outer loop
      vertex -29.52532889043741 30.61679607770176 0
      vertex -29.439992376674287 30.642073904691415 18
      vertex -29.52532889043741 30.61679607770176 18
    endloop
  endfacet
  facet normal 0.23344536385589695 -0.9723699203976786 0
    outer loop
      vertex -29.439992376674287 30.642073904691415 0
      vertex -29.35344987439019 30.66285092124747 18
      vertex -29.439992376674287 30.642073904691415 18
    endloop
  endfacet
  facet normal 0.18223552549216931 -0.9832549075639505 0
    outer loop
      vertex -29.35344987439019 30.66285092124747 0
      vertex -29.265938590568393 30.679070179011735 18
      vertex -29.35344987439019 30.66285092124747 18
    endloop
  endfacet
  facet normal 0.1305261922200572 -0.9914448613738096 0
    outer loop
      vertex -29.265938590568393 30.679070179011735 0
      vertex -29.17769838755501 30.690687222126066 18
      vertex -29.265938590568393 30.679070179011735 18
    endloop
  endfacet
  facet normal 0.07845909572784271 -0.9969173337331282 0
    outer loop
      vertex -29.17769838755501 30.690687222126066 0
      vertex -29.088971125613003 30.697670209082776 18
      vertex -29.17769838755501 30.690687222126066 18
    endloop
  endfacet
  facet normal 0.02617694830785591 -0.9996573249755577 0
    outer loop
      vertex -29.088971125613003 30.697670209082776 0
      vertex -29 30.7 18
      vertex -29.088971125613003 30.697670209082776 18
    endloop
  endfacet
  facet normal -0.02617694830785591 -0.9996573249755577 0
    outer loop
      vertex -29 30.7 0
      vertex -28.911028874386997 30.697670209082776 18
      vertex -29 30.7 18
    endloop
  endfacet
  facet normal -0.07845909572784271 -0.9969173337331282 0
    outer loop
      vertex -28.911028874386997 30.697670209082776 0
      vertex -28.82230161244499 30.690687222126066 18
      vertex -28.911028874386997 30.697670209082776 18
    endloop
  endfacet
  facet normal -0.1305261922200572 -0.9914448613738096 0
    outer loop
      vertex -28.82230161244499 30.690687222126066 0
      vertex -28.734061409431607 30.679070179011735 18
      vertex -28.82230161244499 30.690687222126066 18
    endloop
  endfacet
  facet normal -0.18223552549216931 -0.9832549075639505 0
    outer loop
      vertex -28.734061409431607 30.679070179011735 0
      vertex -28.64655012560981 30.66285092124747 18
      vertex -28.734061409431607 30.679070179011735 18
    endloop
  endfacet
  facet normal -0.23344536385589695 -0.9723699203976786 0
    outer loop
      vertex -28.64655012560981 30.66285092124747 0
      vertex -28.560007623325713 30.642073904691415 18
      vertex -28.64655012560981 30.66285092124747 18
    endloop
  endfacet
  facet normal -0.2840153447039206 -0.9588197348681936 0
    outer loop
      vertex -28.560007623325713 30.642073904691415 0
      vertex -28.47467110956259 30.61679607770176 18
      vertex -28.560007623325713 30.642073904691415 18
    endloop
  endfacet
  facet normal 0.2840153447039206 0.9588197348681936 0
    outer loop
      vertex 28.47467110956259 -30.61679607770176 18
      vertex 28.560007623325713 -30.642073904691415 0
      vertex 28.47467110956259 -30.61679607770176 0
    endloop
  endfacet
  facet normal 0.23344536385589695 0.9723699203976786 0
    outer loop
      vertex 28.560007623325713 -30.642073904691415 18
      vertex 28.64655012560981 -30.66285092124747 0
      vertex 28.560007623325713 -30.642073904691415 0
    endloop
  endfacet
  facet normal 0.18223552549216931 0.9832549075639505 0
    outer loop
      vertex 28.64655012560981 -30.66285092124747 18
      vertex 28.734061409431607 -30.679070179011735 0
      vertex 28.64655012560981 -30.66285092124747 0
    endloop
  endfacet
  facet normal 0.1305261922200572 0.9914448613738096 0
    outer loop
      vertex 28.734061409431607 -30.679070179011735 18
      vertex 28.82230161244499 -30.690687222126066 0
      vertex 28.734061409431607 -30.679070179011735 0
    endloop
  endfacet
  facet normal 0.07845909572784271 0.9969173337331282 0
    outer loop
      vertex 28.82230161244499 -30.690687222126066 18
      vertex 28.911028874386997 -30.697670209082776 0
      vertex 28.82230161244499 -30.690687222126066 0
    endloop
  endfacet
  facet normal 0.02617694830785591 0.9996573249755577 0
    outer loop
      vertex 28.911028874386997 -30.697670209082776 18
      vertex 29 -30.7 0
      vertex 28.911028874386997 -30.697670209082776 0
    endloop
  endfacet
  facet normal -0.02617694830785591 0.9996573249755577 0
    outer loop
      vertex 29 -30.7 18
      vertex 29.088971125613003 -30.697670209082776 0
      vertex 29 -30.7 0
    endloop
  endfacet
  facet normal -0.07845909572784271 0.9969173337331282 0
    outer loop
      vertex 29.088971125613003 -30.697670209082776 18
      vertex 29.17769838755501 -30.690687222126066 0
      vertex 29.088971125613003 -30.697670209082776 0
    endloop
  endfacet
  facet normal -0.1305261922200572 0.9914448613738096 0
    outer loop
      vertex 29.17769838755501 -30.690687222126066 18
      vertex 29.265938590568393 -30.679070179011735 0
      vertex 29.17769838755501 -30.690687222126066 0
    endloop
  endfacet
  facet normal -0.18223552549216931 0.9832549075639505 0
    outer loop
      vertex 29.265938590568393 -30.679070179011735 18
      vertex 29.35344987439019 -30.66285092124747 0
      vertex 29.265938590568393 -30.679070179011735 0
    endloop
  endfacet
  facet normal -0.23344536385589695 0.9723699203976786 0
    outer loop
      vertex 29.35344987439019 -30.66285092124747 18
      vertex 29.439992376674287 -30.642073904691415 0
      vertex 29.35344987439019 -30.66285092124747 0
    endloop
  endfacet
  facet normal -0.2840153447039206 0.9588197348681936 0
    outer loop
      vertex 29.439992376674287 -30.642073904691415 18
      vertex 29.52532889043741 -30.61679607770176 0
      vertex 29.439992376674287 -30.642073904691415 0
    endloop
  endfacet
  facet normal 0.9832549075639505 0.18223552549216931 0
    outer loop
      vertex 27.320929820988265 -29.265938590568393 18
      vertex 27.33714907875253 -29.35344987439019 0
      vertex 27.320929820988265 -29.265938590568393 0
    endloop
  endfacet
  facet normal 0.9914448613738096 0.1305261922200572 0
    outer loop
      vertex 27.309312777873934 -29.17769838755501 18
      vertex 27.320929820988265 -29.265938590568393 0
      vertex 27.309312777873934 -29.17769838755501 0
    endloop
  endfacet
  facet normal 0.9969173337331282 0.07845909572784271 0
    outer loop
      vertex 27.302329790917224 -29.088971125613003 18
      vertex 27.309312777873934 -29.17769838755501 0
      vertex 27.302329790917224 -29.088971125613003 0
    endloop
  endfacet
  facet normal 0.9996573249755577 0.02617694830785591 0
    outer loop
      vertex 27.3 -29 18
      vertex 27.302329790917224 -29.088971125613003 0
      vertex 27.3 -29 0
    endloop
  endfacet
  facet normal 0.9996573249755577 -0.02617694830785591 0
    outer loop
      vertex 27.302329790917224 -28.911028874386997 18
      vertex 27.3 -29 0
      vertex 27.302329790917224 -28.911028874386997 0
    endloop
  endfacet
  facet normal 0.9969173337331282 -0.07845909572784271 0
    outer loop
      vertex 27.309312777873934 -28.82230161244499 18
      vertex 27.302329790917224 -28.911028874386997 0
      vertex 27.309312777873934 -28.82230161244499 0
    endloop
  endfacet
  facet normal 0.9914448613738096 -0.1305261922200572 0
    outer loop
      vertex 27.320929820988265 -28.734061409431607 18
      vertex 27.309312777873934 -28.82230161244499 0
      vertex 27.320929820988265 -28.734061409431607 0
    endloop
  endfacet
  facet normal 0.9832549075639505 -0.18223552549216931 0
    outer loop
      vertex 27.33714907875253 -28.64655012560981 18
      vertex 27.320929820988265 -28.734061409431607 0
      vertex 27.33714907875253 -28.64655012560981 0
    endloop
  endfacet
  facet normal 0.7604059656000218 0.6494480483301944 0
    outer loop
      vertex 27.67885186552315 -30.069844664784725 18
      vertex 27.73665379668843 -30.137522030810057 0
      vertex 27.67885186552315 -30.069844664784725 0
    endloop
  endfacet
  facet normal 0.6883545756937332 0.7253743710123074 -1.6979161576489913e-19
    outer loop
      vertex 27.862477969189943 -30.26334620331157 0
      vertex 27.797918471982868 -30.202081528017132 0
      vertex 27.797918471982868 -30.202081528017132 18
    endloop
  endfacet
  facet normal 0.6494480483301944 0.7604059656000218 0
    outer loop
      vertex 27.862477969189943 -30.26334620331157 18
      vertex 27.930155335215275 -30.32114813447685 0
      vertex 27.862477969189943 -30.26334620331157 0
    endloop
  endfacet
  facet normal 0.7253743710123074 0.6883545756937332 0
    outer loop
      vertex 27.73665379668843 -30.137522030810057 18
      vertex 27.797918471982868 -30.202081528017132 0
      vertex 27.73665379668843 -30.137522030810057 0
    endloop
  endfacet
  facet normal 0.824126188622022 0.5664062369248235 0
    outer loop
      vertex 27.57426003449278 -29.925886359525546 18
      vertex 27.62467110956259 -29.999234928897206 0
      vertex 27.57426003449278 -29.925886359525546 0
    endloop
  endfacet
  facet normal 0.8526401643540824 0.5224985647159649 0
    outer loop
      vertex 27.527756813566455 -29.85 18
      vertex 27.57426003449278 -29.925886359525546 0
      vertex 27.527756813566455 -29.85 0
    endloop
  endfacet
  facet normal 0.9025852843498732 0.4305110968082688 0
    outer loop
      vertex 27.44697272200758 -29.69145229322886 18
      vertex 27.485288908879774 -29.77178384955723 0
      vertex 27.44697272200758 -29.69145229322886 0
    endloop
  endfacet
  facet normal 0.9426414910921784 0.33380685923377107 0
    outer loop
      vertex 27.38320392229824 -29.52532889043741 18
      vertex 27.412913274954757 -29.60922551422701 0
      vertex 27.38320392229824 -29.52532889043741 0
    endloop
  endfacet
  facet normal 0.9238795325112833 0.382683432365098 0
    outer loop
      vertex 27.412913274954757 -29.60922551422701 18
      vertex 27.44697272200758 -29.69145229322886 0
      vertex 27.412913274954757 -29.60922551422701 0
    endloop
  endfacet
  facet normal 0.8788171126619575 0.47715876025962295 0
    outer loop
      vertex 27.485288908879774 -29.77178384955723 18
      vertex 27.527756813566455 -29.85 0
      vertex 27.485288908879774 -29.77178384955723 0
    endloop
  endfacet
  facet normal 0.7933533402912416 0.6087614290087122 0
    outer loop
      vertex 27.62467110956259 -29.999234928897206 18
      vertex 27.67885186552315 -30.069844664784725 0
      vertex 27.62467110956259 -29.999234928897206 0
    endloop
  endfacet
  facet normal 0.5664062369248235 0.824126188622022 0
    outer loop
      vertex 28.000765071102794 -30.37532889043741 18
      vertex 28.074113640474454 -30.42573996550722 0
      vertex 28.000765071102794 -30.37532889043741 0
    endloop
  endfacet
  facet normal 0.5224985647159649 0.8526401643540824 0
    outer loop
      vertex 28.074113640474454 -30.42573996550722 18
      vertex 28.15 -30.472243186433545 0
      vertex 28.074113640474454 -30.42573996550722 0
    endloop
  endfacet
  facet normal 0.6087614290087122 0.7933533402912416 0
    outer loop
      vertex 27.930155335215275 -30.32114813447685 18
      vertex 28.000765071102794 -30.37532889043741 0
      vertex 27.930155335215275 -30.32114813447685 0
    endloop
  endfacet
  facet normal 0.4305110968082688 0.9025852843498732 0
    outer loop
      vertex 28.22821615044277 -30.514711091120226 18
      vertex 28.30854770677114 -30.55302727799242 0
      vertex 28.22821615044277 -30.514711091120226 0
    endloop
  endfacet
  facet normal 0.47715876025962295 0.8788171126619575 0
    outer loop
      vertex 28.15 -30.472243186433545 18
      vertex 28.22821615044277 -30.514711091120226 0
      vertex 28.15 -30.472243186433545 0
    endloop
  endfacet
  facet normal 0.382683432365098 0.9238795325112833 0
    outer loop
      vertex 28.30854770677114 -30.55302727799242 18
      vertex 28.39077448577299 -30.587086725045243 0
      vertex 28.30854770677114 -30.55302727799242 0
    endloop
  endfacet
  facet normal 0.33380685923377107 0.9426414910921784 0
    outer loop
      vertex 28.39077448577299 -30.587086725045243 18
      vertex 28.47467110956259 -30.61679607770176 0
      vertex 28.39077448577299 -30.587086725045243 0
    endloop
  endfacet
  facet normal 0.9588197348681936 0.2840153447039206 0
    outer loop
      vertex 27.357926095308585 -29.439992376674287 18
      vertex 27.38320392229824 -29.52532889043741 0
      vertex 27.357926095308585 -29.439992376674287 0
    endloop
  endfacet
  facet normal 0.9723699203976786 0.23344536385589695 0
    outer loop
      vertex 27.33714907875253 -29.35344987439019 18
      vertex 27.357926095308585 -29.439992376674287 0
      vertex 27.33714907875253 -29.35344987439019 0
    endloop
  endfacet
  facet normal 0.9723699203976786 -0.23344536385589695 0
    outer loop
      vertex 27.357926095308585 -28.560007623325713 18
      vertex 27.33714907875253 -28.64655012560981 0
      vertex 27.357926095308585 -28.560007623325713 0
    endloop
  endfacet
  facet normal 0.9588197348681936 -0.2840153447039206 0
    outer loop
      vertex 27.38320392229824 -28.47467110956259 18
      vertex 27.357926095308585 -28.560007623325713 0
      vertex 27.38320392229824 -28.47467110956259 0
    endloop
  endfacet
  facet normal 0.9426414910921784 -0.33380685923377107 0
    outer loop
      vertex 27.412913274954757 -28.39077448577299 18
      vertex 27.38320392229824 -28.47467110956259 0
      vertex 27.412913274954757 -28.39077448577299 0
    endloop
  endfacet
  facet normal 0.9238795325112833 -0.382683432365098 0
    outer loop
      vertex 27.44697272200758 -28.30854770677114 18
      vertex 27.412913274954757 -28.39077448577299 0
      vertex 27.44697272200758 -28.30854770677114 0
    endloop
  endfacet
  facet normal 0.9025852843498732 -0.4305110968082688 0
    outer loop
      vertex 27.485288908879774 -28.22821615044277 18
      vertex 27.44697272200758 -28.30854770677114 0
      vertex 27.485288908879774 -28.22821615044277 0
    endloop
  endfacet
  facet normal 0.8788171126619575 -0.47715876025962295 0
    outer loop
      vertex 27.527756813566455 -28.15 18
      vertex 27.485288908879774 -28.22821615044277 0
      vertex 27.527756813566455 -28.15 0
    endloop
  endfacet
  facet normal 0.8526401643540824 -0.5224985647159649 0
    outer loop
      vertex 27.57426003449278 -28.074113640474454 18
      vertex 27.527756813566455 -28.15 0
      vertex 27.57426003449278 -28.074113640474454 0
    endloop
  endfacet
  facet normal 0.824126188622022 -0.5664062369248235 0
    outer loop
      vertex 27.62467110956259 -28.000765071102794 18
      vertex 27.57426003449278 -28.074113640474454 0
      vertex 27.62467110956259 -28.000765071102794 0
    endloop
  endfacet
  facet normal 0.7933533402912416 -0.6087614290087122 0
    outer loop
      vertex 27.67885186552315 -27.930155335215275 18
      vertex 27.62467110956259 -28.000765071102794 0
      vertex 27.67885186552315 -27.930155335215275 0
    endloop
  endfacet
  facet normal 0.7604059656000218 -0.6494480483301944 0
    outer loop
      vertex 27.73665379668843 -27.862477969189943 18
      vertex 27.67885186552315 -27.930155335215275 0
      vertex 27.73665379668843 -27.862477969189943 0
    endloop
  endfacet
  facet normal 0.7253743710123074 -0.6883545756937332 0
    outer loop
      vertex 27.797918471982868 -27.797918471982868 18
      vertex 27.73665379668843 -27.862477969189943 0
      vertex 27.797918471982868 -27.797918471982868 0
    endloop
  endfacet
  facet normal 0.6883545756937332 -0.7253743710123074 0
    outer loop
      vertex 27.862477969189943 -27.73665379668843 0
      vertex 27.862477969189943 -27.73665379668843 18
      vertex 27.797918471982868 -27.797918471982868 0
    endloop
  endfacet
  facet normal 0.6494480483301944 -0.7604059656000218 0
    outer loop
      vertex 27.930155335215275 -27.67885186552315 0
      vertex 27.930155335215275 -27.67885186552315 18
      vertex 27.862477969189943 -27.73665379668843 0
    endloop
  endfacet
  facet normal 0.6087614290087122 -0.7933533402912416 0
    outer loop
      vertex 28.000765071102794 -27.62467110956259 0
      vertex 28.000765071102794 -27.62467110956259 18
      vertex 27.930155335215275 -27.67885186552315 0
    endloop
  endfacet
  facet normal 0.5664062369248235 -0.824126188622022 0
    outer loop
      vertex 28.074113640474454 -27.57426003449278 0
      vertex 28.074113640474454 -27.57426003449278 18
      vertex 28.000765071102794 -27.62467110956259 0
    endloop
  endfacet
  facet normal 0.5224985647159649 -0.8526401643540824 0
    outer loop
      vertex 28.15 -27.527756813566455 0
      vertex 28.15 -27.527756813566455 18
      vertex 28.074113640474454 -27.57426003449278 0
    endloop
  endfacet
  facet normal 0.47715876025962295 -0.8788171126619575 0
    outer loop
      vertex 28.22821615044277 -27.485288908879774 0
      vertex 28.22821615044277 -27.485288908879774 18
      vertex 28.15 -27.527756813566455 0
    endloop
  endfacet
  facet normal 0.4305110968082688 -0.9025852843498732 0
    outer loop
      vertex 28.30854770677114 -27.44697272200758 0
      vertex 28.30854770677114 -27.44697272200758 18
      vertex 28.22821615044277 -27.485288908879774 0
    endloop
  endfacet
  facet normal 0.382683432365098 -0.9238795325112833 0
    outer loop
      vertex 28.39077448577299 -27.412913274954757 0
      vertex 28.39077448577299 -27.412913274954757 18
      vertex 28.30854770677114 -27.44697272200758 0
    endloop
  endfacet
  facet normal -0.33380685923377107 0.9426414910921784 0
    outer loop
      vertex 29.52532889043741 -30.61679607770176 18
      vertex 29.60922551422701 -30.587086725045243 0
      vertex 29.52532889043741 -30.61679607770176 0
    endloop
  endfacet
  facet normal -0.382683432365098 0.9238795325112833 0
    outer loop
      vertex 29.60922551422701 -30.587086725045243 18
      vertex 29.69145229322886 -30.55302727799242 0
      vertex 29.60922551422701 -30.587086725045243 0
    endloop
  endfacet
  facet normal -0.4305110968082688 0.9025852843498732 0
    outer loop
      vertex 29.69145229322886 -30.55302727799242 18
      vertex 29.77178384955723 -30.514711091120226 0
      vertex 29.69145229322886 -30.55302727799242 0
    endloop
  endfacet
  facet normal -0.47715876025962295 0.8788171126619575 0
    outer loop
      vertex 29.77178384955723 -30.514711091120226 18
      vertex 29.85 -30.472243186433545 0
      vertex 29.77178384955723 -30.514711091120226 0
    endloop
  endfacet
  facet normal -0.5224985647159649 0.8526401643540824 0
    outer loop
      vertex 29.85 -30.472243186433545 18
      vertex 29.925886359525546 -30.42573996550722 0
      vertex 29.85 -30.472243186433545 0
    endloop
  endfacet
  facet normal -0.5664062369248235 0.824126188622022 0
    outer loop
      vertex 29.925886359525546 -30.42573996550722 18
      vertex 29.999234928897206 -30.37532889043741 0
      vertex 29.925886359525546 -30.42573996550722 0
    endloop
  endfacet
  facet normal -0.6087614290087122 0.7933533402912416 0
    outer loop
      vertex 29.999234928897206 -30.37532889043741 18
      vertex 30.069844664784725 -30.32114813447685 0
      vertex 29.999234928897206 -30.37532889043741 0
    endloop
  endfacet
  facet normal -0.6494480483301944 0.7604059656000218 0
    outer loop
      vertex 30.069844664784725 -30.32114813447685 18
      vertex 30.137522030810057 -30.26334620331157 0
      vertex 30.069844664784725 -30.32114813447685 0
    endloop
  endfacet
  facet normal -0.6883545756937332 0.7253743710123074 0
    outer loop
      vertex 30.137522030810057 -30.26334620331157 18
      vertex 30.202081528017132 -30.202081528017132 0
      vertex 30.137522030810057 -30.26334620331157 0
    endloop
  endfacet
  facet normal -0.7253743710123074 0.6883545756937332 0
    outer loop
      vertex 30.202081528017132 -30.202081528017132 0
      vertex 30.202081528017132 -30.202081528017132 18
      vertex 30.26334620331157 -30.137522030810057 0
    endloop
  endfacet
  facet normal -0.7604059656000218 0.6494480483301944 2.4359341858885594e-19
    outer loop
      vertex 30.32114813447685 -30.069844664784725 0
      vertex 30.26334620331157 -30.137522030810057 0
      vertex 30.26334620331157 -30.137522030810057 18
    endloop
  endfacet
  facet normal -0.7933533402912416 0.6087614290087122 -1.2315802093074115e-20
    outer loop
      vertex 30.37532889043741 -29.999234928897206 0
      vertex 30.32114813447685 -30.069844664784725 0
      vertex 30.32114813447685 -30.069844664784725 18
    endloop
  endfacet
  facet normal -0.824126188622022 0.5664062369248235 4.1121673792305424e-20
    outer loop
      vertex 30.42573996550722 -29.925886359525546 0
      vertex 30.37532889043741 -29.999234928897206 0
      vertex 30.37532889043741 -29.999234928897206 18
    endloop
  endfacet
  facet normal -0.8526401643540824 0.5224985647159649 -4.583215048010065e-20
    outer loop
      vertex 30.472243186433545 -29.85 0
      vertex 30.42573996550722 -29.925886359525546 0
      vertex 30.42573996550722 -29.925886359525546 18
    endloop
  endfacet
  facet normal -0.8788171126619575 0.47715876025962295 1.2416280646012732e-20
    outer loop
      vertex 30.514711091120226 -29.77178384955723 0
      vertex 30.472243186433545 -29.85 0
      vertex 30.472243186433545 -29.85 18
    endloop
  endfacet
  facet normal -0.9025852843498732 0.4305110968082688 -6.126813493151266e-20
    outer loop
      vertex 30.55302727799242 -29.69145229322886 0
      vertex 30.514711091120226 -29.77178384955723 0
      vertex 30.514711091120226 -29.77178384955723 18
    endloop
  endfacet
  facet normal -0.9238795325112833 0.382683432365098 1.2019487962209302e-19
    outer loop
      vertex 30.587086725045243 -29.60922551422701 0
      vertex 30.55302727799242 -29.69145229322886 0
      vertex 30.55302727799242 -29.69145229322886 18
    endloop
  endfacet
  facet normal -0.9426414910921784 0.33380685923377107 2.964270784001421e-20
    outer loop
      vertex 30.61679607770176 -29.52532889043741 0
      vertex 30.587086725045243 -29.60922551422701 0
      vertex 30.587086725045243 -29.60922551422701 18
    endloop
  endfacet
  facet normal -0.9426414910921784 -0.33380685923377107 -2.964270784001421e-20
    outer loop
      vertex 30.587086725045243 -28.39077448577299 0
      vertex 30.61679607770176 -28.47467110956259 0
      vertex 30.61679607770176 -28.47467110956259 18
    endloop
  endfacet
  facet normal 0.33380685923377107 -0.9426414910921784 0
    outer loop
      vertex 28.47467110956259 -27.38320392229824 0
      vertex 28.47467110956259 -27.38320392229824 18
      vertex 28.39077448577299 -27.412913274954757 0
    endloop
  endfacet
  facet normal 0.2840153447039206 -0.9588197348681936 0
    outer loop
      vertex 28.560007623325713 -27.357926095308585 0
      vertex 28.560007623325713 -27.357926095308585 18
      vertex 28.47467110956259 -27.38320392229824 0
    endloop
  endfacet
  facet normal 0.23344536385589695 -0.9723699203976786 0
    outer loop
      vertex 28.64655012560981 -27.33714907875253 0
      vertex 28.64655012560981 -27.33714907875253 18
      vertex 28.560007623325713 -27.357926095308585 0
    endloop
  endfacet
  facet normal -0.23344536385589695 -0.9723699203976786 0
    outer loop
      vertex 29.439992376674287 -27.357926095308585 0
      vertex 29.439992376674287 -27.357926095308585 18
      vertex 29.35344987439019 -27.33714907875253 0
    endloop
  endfacet
  facet normal -0.2840153447039206 -0.9588197348681936 0
    outer loop
      vertex 29.52532889043741 -27.38320392229824 0
      vertex 29.52532889043741 -27.38320392229824 18
      vertex 29.439992376674287 -27.357926095308585 0
    endloop
  endfacet
  facet normal 0.18223552549216931 -0.9832549075639505 0
    outer loop
      vertex 28.734061409431607 -27.320929820988265 0
      vertex 28.734061409431607 -27.320929820988265 18
      vertex 28.64655012560981 -27.33714907875253 0
    endloop
  endfacet
  facet normal 0.1305261922200572 -0.9914448613738096 0
    outer loop
      vertex 28.82230161244499 -27.309312777873934 0
      vertex 28.82230161244499 -27.309312777873934 18
      vertex 28.734061409431607 -27.320929820988265 0
    endloop
  endfacet
  facet normal 0.07845909572784271 -0.9969173337331282 0
    outer loop
      vertex 28.911028874386997 -27.302329790917224 0
      vertex 28.911028874386997 -27.302329790917224 18
      vertex 28.82230161244499 -27.309312777873934 0
    endloop
  endfacet
  facet normal 0.02617694830785591 -0.9996573249755577 0
    outer loop
      vertex 29 -27.3 0
      vertex 29 -27.3 18
      vertex 28.911028874386997 -27.302329790917224 0
    endloop
  endfacet
  facet normal -0.02617694830785591 -0.9996573249755577 0
    outer loop
      vertex 29.088971125613003 -27.302329790917224 0
      vertex 29.088971125613003 -27.302329790917224 18
      vertex 29 -27.3 0
    endloop
  endfacet
  facet normal -0.07845909572784271 -0.9969173337331282 0
    outer loop
      vertex 29.17769838755501 -27.309312777873934 0
      vertex 29.17769838755501 -27.309312777873934 18
      vertex 29.088971125613003 -27.302329790917224 0
    endloop
  endfacet
  facet normal -0.1305261922200572 -0.9914448613738096 0
    outer loop
      vertex 29.265938590568393 -27.320929820988265 0
      vertex 29.265938590568393 -27.320929820988265 18
      vertex 29.17769838755501 -27.309312777873934 0
    endloop
  endfacet
  facet normal -0.18223552549216931 -0.9832549075639505 0
    outer loop
      vertex 29.35344987439019 -27.33714907875253 0
      vertex 29.35344987439019 -27.33714907875253 18
      vertex 29.265938590568393 -27.320929820988265 0
    endloop
  endfacet
  facet normal -0.33380685923377107 -0.9426414910921784 0
    outer loop
      vertex 29.60922551422701 -27.412913274954757 0
      vertex 29.60922551422701 -27.412913274954757 18
      vertex 29.52532889043741 -27.38320392229824 0
    endloop
  endfacet
  facet normal -0.382683432365098 -0.9238795325112833 0
    outer loop
      vertex 29.69145229322886 -27.44697272200758 0
      vertex 29.69145229322886 -27.44697272200758 18
      vertex 29.60922551422701 -27.412913274954757 0
    endloop
  endfacet
  facet normal -0.4305110968082688 -0.9025852843498732 0
    outer loop
      vertex 29.77178384955723 -27.485288908879774 0
      vertex 29.77178384955723 -27.485288908879774 18
      vertex 29.69145229322886 -27.44697272200758 0
    endloop
  endfacet
  facet normal -0.6087614290087122 -0.7933533402912416 0
    outer loop
      vertex 30.069844664784725 -27.67885186552315 0
      vertex 30.069844664784725 -27.67885186552315 18
      vertex 29.999234928897206 -27.62467110956259 0
    endloop
  endfacet
  facet normal -0.47715876025962295 -0.8788171126619575 0
    outer loop
      vertex 29.85 -27.527756813566455 0
      vertex 29.85 -27.527756813566455 18
      vertex 29.77178384955723 -27.485288908879774 0
    endloop
  endfacet
  facet normal -0.5224985647159649 -0.8526401643540824 0
    outer loop
      vertex 29.925886359525546 -27.57426003449278 0
      vertex 29.925886359525546 -27.57426003449278 18
      vertex 29.85 -27.527756813566455 0
    endloop
  endfacet
  facet normal -0.5664062369248235 -0.824126188622022 0
    outer loop
      vertex 29.999234928897206 -27.62467110956259 0
      vertex 29.999234928897206 -27.62467110956259 18
      vertex 29.925886359525546 -27.57426003449278 0
    endloop
  endfacet
  facet normal -0.7604059656000218 -0.6494480483301944 -2.4359341858885594e-19
    outer loop
      vertex 30.26334620331157 -27.862477969189943 0
      vertex 30.32114813447685 -27.930155335215275 0
      vertex 30.32114813447685 -27.930155335215275 18
    endloop
  endfacet
  facet normal -0.9238795325112833 -0.382683432365098 -1.2019487962209302e-19
    outer loop
      vertex 30.55302727799242 -28.30854770677114 0
      vertex 30.587086725045243 -28.39077448577299 0
      vertex 30.587086725045243 -28.39077448577299 18
    endloop
  endfacet
  facet normal -0.9025852843498732 -0.4305110968082688 6.126813493151266e-20
    outer loop
      vertex 30.514711091120226 -28.22821615044277 0
      vertex 30.55302727799242 -28.30854770677114 0
      vertex 30.55302727799242 -28.30854770677114 18
    endloop
  endfacet
  facet normal -0.8788171126619575 -0.47715876025962295 -1.2416280646012732e-20
    outer loop
      vertex 30.472243186433545 -28.15 0
      vertex 30.514711091120226 -28.22821615044277 0
      vertex 30.514711091120226 -28.22821615044277 18
    endloop
  endfacet
  facet normal -0.824126188622022 -0.5664062369248235 -4.1121673792305424e-20
    outer loop
      vertex 30.37532889043741 -28.000765071102794 0
      vertex 30.42573996550722 -28.074113640474454 0
      vertex 30.42573996550722 -28.074113640474454 18
    endloop
  endfacet
  facet normal -0.8526401643540824 -0.5224985647159649 4.583215048010065e-20
    outer loop
      vertex 30.42573996550722 -28.074113640474454 0
      vertex 30.472243186433545 -28.15 0
      vertex 30.472243186433545 -28.15 18
    endloop
  endfacet
  facet normal -0.7933533402912416 -0.6087614290087122 1.2315802093074115e-20
    outer loop
      vertex 30.32114813447685 -27.930155335215275 0
      vertex 30.37532889043741 -28.000765071102794 0
      vertex 30.37532889043741 -28.000765071102794 18
    endloop
  endfacet
  facet normal -0.6883545756937332 -0.7253743710123074 -1.6979161576489913e-19
    outer loop
      vertex 30.137522030810057 -27.73665379668843 0
      vertex 30.202081528017132 -27.797918471982868 0
      vertex 30.202081528017132 -27.797918471982868 18
    endloop
  endfacet
  facet normal -0.6494480483301944 -0.7604059656000218 0
    outer loop
      vertex 30.137522030810057 -27.73665379668843 0
      vertex 30.137522030810057 -27.73665379668843 18
      vertex 30.069844664784725 -27.67885186552315 0
    endloop
  endfacet
  facet normal -0.7253743710123074 -0.6883545756937332 -1.6979161576489913e-19
    outer loop
      vertex 30.202081528017132 -27.797918471982868 0
      vertex 30.26334620331157 -27.862477969189943 0
      vertex 30.26334620331157 -27.862477969189943 18
    endloop
  endfacet
  facet normal -0.9588197348681936 0.2840153447039206 -1.0668306947633491e-19
    outer loop
      vertex 30.642073904691415 -29.439992376674287 0
      vertex 30.61679607770176 -29.52532889043741 0
      vertex 30.61679607770176 -29.52532889043741 18
    endloop
  endfacet
  facet normal -0.9723699203976786 0.23344536385589695 -5.3096547115558183e-20
    outer loop
      vertex 30.66285092124747 -29.35344987439019 0
      vertex 30.642073904691415 -29.439992376674287 0
      vertex 30.642073904691415 -29.439992376674287 18
    endloop
  endfacet
  facet normal -0.9832549075639505 0.18223552549216931 6.376444410094301e-20
    outer loop
      vertex 30.679070179011735 -29.265938590568393 0
      vertex 30.66285092124747 -29.35344987439019 0
      vertex 30.66285092124747 -29.35344987439019 18
    endloop
  endfacet
  facet normal -0.9914448613738096 0.1305261922200572 -6.568796781405503e-20
    outer loop
      vertex 30.690687222126066 -29.17769838755501 0
      vertex 30.679070179011735 -29.265938590568393 0
      vertex 30.679070179011735 -29.265938590568393 18
    endloop
  endfacet
  facet normal -0.9969173337331282 0.07845909572784271 2.243181415076818e-21
    outer loop
      vertex 30.697670209082776 -29.088971125613003 0
      vertex 30.690687222126066 -29.17769838755501 0
      vertex 30.690687222126066 -29.17769838755501 18
    endloop
  endfacet
  facet normal -0.9996573249755577 0.02617694830785591 -3.362686136694474e-21
    outer loop
      vertex 30.7 -29 0
      vertex 30.697670209082776 -29.088971125613003 0
      vertex 30.697670209082776 -29.088971125613003 18
    endloop
  endfacet
  facet normal -0.9996573249755577 -0.02617694830785591 3.362686136694474e-21
    outer loop
      vertex 30.697670209082776 -28.911028874386997 0
      vertex 30.7 -29 0
      vertex 30.7 -29 18
    endloop
  endfacet
  facet normal -0.9969173337331282 -0.07845909572784271 -2.243181415076818e-21
    outer loop
      vertex 30.690687222126066 -28.82230161244499 0
      vertex 30.697670209082776 -28.911028874386997 0
      vertex 30.697670209082776 -28.911028874386997 18
    endloop
  endfacet
  facet normal -0.9914448613738096 -0.1305261922200572 6.568796781405503e-20
    outer loop
      vertex 30.679070179011735 -28.734061409431607 0
      vertex 30.690687222126066 -28.82230161244499 0
      vertex 30.690687222126066 -28.82230161244499 18
    endloop
  endfacet
  facet normal -0.9832549075639505 -0.18223552549216931 -6.376444410094301e-20
    outer loop
      vertex 30.66285092124747 -28.64655012560981 0
      vertex 30.679070179011735 -28.734061409431607 0
      vertex 30.679070179011735 -28.734061409431607 18
    endloop
  endfacet
  facet normal -0.9723699203976786 -0.23344536385589695 5.3096547115558183e-20
    outer loop
      vertex 30.642073904691415 -28.560007623325713 0
      vertex 30.66285092124747 -28.64655012560981 0
      vertex 30.66285092124747 -28.64655012560981 18
    endloop
  endfacet
  facet normal -0.9588197348681936 -0.2840153447039206 1.0668306947633491e-19
    outer loop
      vertex 30.61679607770176 -28.47467110956259 0
      vertex 30.642073904691415 -28.560007623325713 0
      vertex 30.642073904691415 -28.560007623325713 18
    endloop
  endfacet
  facet normal 0.2840153447039206 0.9588197348681936 0
    outer loop
      vertex 28.560007623325713 -30.642073904691415 18
      vertex 28.560007623325713 -30.642073904691415 0
      vertex 28.47467110956259 -30.61679607770176 18
    endloop
  endfacet
  facet normal 0.23344536385589695 0.9723699203976786 0
    outer loop
      vertex 28.64655012560981 -30.66285092124747 18
      vertex 28.64655012560981 -30.66285092124747 0
      vertex 28.560007623325713 -30.642073904691415 18
    endloop
  endfacet
  facet normal 0.18223552549216931 0.9832549075639505 0
    outer loop
      vertex 28.734061409431607 -30.679070179011735 18
      vertex 28.734061409431607 -30.679070179011735 0
      vertex 28.64655012560981 -30.66285092124747 18
    endloop
  endfacet
  facet normal 0.1305261922200572 0.9914448613738096 0
    outer loop
      vertex 28.82230161244499 -30.690687222126066 18
      vertex 28.82230161244499 -30.690687222126066 0
      vertex 28.734061409431607 -30.679070179011735 18
    endloop
  endfacet
  facet normal 0.07845909572784271 0.9969173337331282 0
    outer loop
      vertex 28.911028874386997 -30.697670209082776 18
      vertex 28.911028874386997 -30.697670209082776 0
      vertex 28.82230161244499 -30.690687222126066 18
    endloop
  endfacet
  facet normal 0.02617694830785591 0.9996573249755577 0
    outer loop
      vertex 29 -30.7 18
      vertex 29 -30.7 0
      vertex 28.911028874386997 -30.697670209082776 18
    endloop
  endfacet
  facet normal -0.02617694830785591 0.9996573249755577 0
    outer loop
      vertex 29.088971125613003 -30.697670209082776 18
      vertex 29.088971125613003 -30.697670209082776 0
      vertex 29 -30.7 18
    endloop
  endfacet
  facet normal -0.07845909572784271 0.9969173337331282 0
    outer loop
      vertex 29.17769838755501 -30.690687222126066 18
      vertex 29.17769838755501 -30.690687222126066 0
      vertex 29.088971125613003 -30.697670209082776 18
    endloop
  endfacet
  facet normal -0.1305261922200572 0.9914448613738096 0
    outer loop
      vertex 29.265938590568393 -30.679070179011735 18
      vertex 29.265938590568393 -30.679070179011735 0
      vertex 29.17769838755501 -30.690687222126066 18
    endloop
  endfacet
  facet normal -0.18223552549216931 0.9832549075639505 0
    outer loop
      vertex 29.35344987439019 -30.66285092124747 18
      vertex 29.35344987439019 -30.66285092124747 0
      vertex 29.265938590568393 -30.679070179011735 18
    endloop
  endfacet
  facet normal -0.23344536385589695 0.9723699203976786 0
    outer loop
      vertex 29.439992376674287 -30.642073904691415 18
      vertex 29.439992376674287 -30.642073904691415 0
      vertex 29.35344987439019 -30.66285092124747 18
    endloop
  endfacet
  facet normal -0.2840153447039206 0.9588197348681936 0
    outer loop
      vertex 29.52532889043741 -30.61679607770176 18
      vertex 29.52532889043741 -30.61679607770176 0
      vertex 29.439992376674287 -30.642073904691415 18
    endloop
  endfacet
  facet normal 0.9832549075639505 0.18223552549216931 -6.376444410094301e-20
    outer loop
      vertex 27.320929820988265 -29.265938590568393 18
      vertex 27.33714907875253 -29.35344987439019 18
      vertex 27.33714907875253 -29.35344987439019 0
    endloop
  endfacet
  facet normal 0.9914448613738096 0.1305261922200572 6.568796781405503e-20
    outer loop
      vertex 27.309312777873934 -29.17769838755501 18
      vertex 27.320929820988265 -29.265938590568393 18
      vertex 27.320929820988265 -29.265938590568393 0
    endloop
  endfacet
  facet normal 0.9969173337331282 0.07845909572784271 -2.243181415076818e-21
    outer loop
      vertex 27.302329790917224 -29.088971125613003 18
      vertex 27.309312777873934 -29.17769838755501 18
      vertex 27.309312777873934 -29.17769838755501 0
    endloop
  endfacet
  facet normal 0.9996573249755577 0.02617694830785591 3.362686136694474e-21
    outer loop
      vertex 27.3 -29 18
      vertex 27.302329790917224 -29.088971125613003 18
      vertex 27.302329790917224 -29.088971125613003 0
    endloop
  endfacet
  facet normal 0.9996573249755577 -0.02617694830785591 -3.362686136694474e-21
    outer loop
      vertex 27.302329790917224 -28.911028874386997 18
      vertex 27.3 -29 18
      vertex 27.3 -29 0
    endloop
  endfacet
  facet normal 0.9969173337331282 -0.07845909572784271 2.243181415076818e-21
    outer loop
      vertex 27.309312777873934 -28.82230161244499 18
      vertex 27.302329790917224 -28.911028874386997 18
      vertex 27.302329790917224 -28.911028874386997 0
    endloop
  endfacet
  facet normal 0.9914448613738096 -0.1305261922200572 -6.568796781405503e-20
    outer loop
      vertex 27.320929820988265 -28.734061409431607 18
      vertex 27.309312777873934 -28.82230161244499 18
      vertex 27.309312777873934 -28.82230161244499 0
    endloop
  endfacet
  facet normal 0.9832549075639505 -0.18223552549216931 6.376444410094301e-20
    outer loop
      vertex 27.33714907875253 -28.64655012560981 18
      vertex 27.320929820988265 -28.734061409431607 18
      vertex 27.320929820988265 -28.734061409431607 0
    endloop
  endfacet
  facet normal 0.7604059656000218 0.6494480483301944 -2.4359341858885594e-19
    outer loop
      vertex 27.67885186552315 -30.069844664784725 18
      vertex 27.73665379668843 -30.137522030810057 18
      vertex 27.73665379668843 -30.137522030810057 0
    endloop
  endfacet
  facet normal 0.6883545756937332 0.7253743710123074 0
    outer loop
      vertex 27.862477969189943 -30.26334620331157 18
      vertex 27.862477969189943 -30.26334620331157 0
      vertex 27.797918471982868 -30.202081528017132 18
    endloop
  endfacet
  facet normal 0.7253743710123074 0.6883545756937332 -1.6979161576489913e-19
    outer loop
      vertex 27.73665379668843 -30.137522030810057 18
      vertex 27.797918471982868 -30.202081528017132 18
      vertex 27.797918471982868 -30.202081528017132 0
    endloop
  endfacet
  facet normal 0.824126188622022 0.5664062369248235 -4.1121673792305424e-20
    outer loop
      vertex 27.57426003449278 -29.925886359525546 18
      vertex 27.62467110956259 -29.999234928897206 18
      vertex 27.62467110956259 -29.999234928897206 0
    endloop
  endfacet
  facet normal 0.8788171126619575 0.47715876025962295 -1.2416280646012732e-20
    outer loop
      vertex 27.485288908879774 -29.77178384955723 18
      vertex 27.527756813566455 -29.85 18
      vertex 27.527756813566455 -29.85 0
    endloop
  endfacet
  facet normal 0.8526401643540824 0.5224985647159649 4.583215048010065e-20
    outer loop
      vertex 27.527756813566455 -29.85 18
      vertex 27.57426003449278 -29.925886359525546 18
      vertex 27.57426003449278 -29.925886359525546 0
    endloop
  endfacet
  facet normal 0.9025852843498732 0.4305110968082688 6.126813493151266e-20
    outer loop
      vertex 27.44697272200758 -29.69145229322886 18
      vertex 27.485288908879774 -29.77178384955723 18
      vertex 27.485288908879774 -29.77178384955723 0
    endloop
  endfacet
  facet normal 0.9426414910921784 0.33380685923377107 -2.964270784001421e-20
    outer loop
      vertex 27.38320392229824 -29.52532889043741 18
      vertex 27.412913274954757 -29.60922551422701 18
      vertex 27.412913274954757 -29.60922551422701 0
    endloop
  endfacet
  facet normal 0.9238795325112833 0.382683432365098 -1.2019487962209302e-19
    outer loop
      vertex 27.412913274954757 -29.60922551422701 18
      vertex 27.44697272200758 -29.69145229322886 18
      vertex 27.44697272200758 -29.69145229322886 0
    endloop
  endfacet
  facet normal 0.7933533402912416 0.6087614290087122 1.2315802093074115e-20
    outer loop
      vertex 27.62467110956259 -29.999234928897206 18
      vertex 27.67885186552315 -30.069844664784725 18
      vertex 27.67885186552315 -30.069844664784725 0
    endloop
  endfacet
  facet normal 0.6087614290087122 0.7933533402912416 0
    outer loop
      vertex 28.000765071102794 -30.37532889043741 18
      vertex 28.000765071102794 -30.37532889043741 0
      vertex 27.930155335215275 -30.32114813447685 18
    endloop
  endfacet
  facet normal 0.5664062369248235 0.824126188622022 0
    outer loop
      vertex 28.074113640474454 -30.42573996550722 18
      vertex 28.074113640474454 -30.42573996550722 0
      vertex 28.000765071102794 -30.37532889043741 18
    endloop
  endfacet
  facet normal 0.5224985647159649 0.8526401643540824 0
    outer loop
      vertex 28.15 -30.472243186433545 18
      vertex 28.15 -30.472243186433545 0
      vertex 28.074113640474454 -30.42573996550722 18
    endloop
  endfacet
  facet normal 0.6494480483301944 0.7604059656000218 0
    outer loop
      vertex 27.930155335215275 -30.32114813447685 18
      vertex 27.930155335215275 -30.32114813447685 0
      vertex 27.862477969189943 -30.26334620331157 18
    endloop
  endfacet
  facet normal 0.47715876025962295 0.8788171126619575 0
    outer loop
      vertex 28.22821615044277 -30.514711091120226 18
      vertex 28.22821615044277 -30.514711091120226 0
      vertex 28.15 -30.472243186433545 18
    endloop
  endfacet
  facet normal 0.4305110968082688 0.9025852843498732 0
    outer loop
      vertex 28.30854770677114 -30.55302727799242 18
      vertex 28.30854770677114 -30.55302727799242 0
      vertex 28.22821615044277 -30.514711091120226 18
    endloop
  endfacet
  facet normal 0.382683432365098 0.9238795325112833 0
    outer loop
      vertex 28.39077448577299 -30.587086725045243 18
      vertex 28.39077448577299 -30.587086725045243 0
      vertex 28.30854770677114 -30.55302727799242 18
    endloop
  endfacet
  facet normal 0.9588197348681936 0.2840153447039206 1.0668306947633491e-19
    outer loop
      vertex 27.357926095308585 -29.439992376674287 18
      vertex 27.38320392229824 -29.52532889043741 18
      vertex 27.38320392229824 -29.52532889043741 0
    endloop
  endfacet
  facet normal 0.9723699203976786 0.23344536385589695 5.3096547115558183e-20
    outer loop
      vertex 27.33714907875253 -29.35344987439019 18
      vertex 27.357926095308585 -29.439992376674287 18
      vertex 27.357926095308585 -29.439992376674287 0
    endloop
  endfacet
  facet normal 0.9723699203976786 -0.23344536385589695 -5.3096547115558183e-20
    outer loop
      vertex 27.357926095308585 -28.560007623325713 18
      vertex 27.33714907875253 -28.64655012560981 18
      vertex 27.33714907875253 -28.64655012560981 0
    endloop
  endfacet
  facet normal 0.9588197348681936 -0.2840153447039206 -1.0668306947633491e-19
    outer loop
      vertex 27.38320392229824 -28.47467110956259 18
      vertex 27.357926095308585 -28.560007623325713 18
      vertex 27.357926095308585 -28.560007623325713 0
    endloop
  endfacet
  facet normal 0.9426414910921784 -0.33380685923377107 2.964270784001421e-20
    outer loop
      vertex 27.412913274954757 -28.39077448577299 18
      vertex 27.38320392229824 -28.47467110956259 18
      vertex 27.38320392229824 -28.47467110956259 0
    endloop
  endfacet
  facet normal 0.9238795325112833 -0.382683432365098 1.2019487962209302e-19
    outer loop
      vertex 27.44697272200758 -28.30854770677114 18
      vertex 27.412913274954757 -28.39077448577299 18
      vertex 27.412913274954757 -28.39077448577299 0
    endloop
  endfacet
  facet normal 0.9025852843498732 -0.4305110968082688 -6.126813493151266e-20
    outer loop
      vertex 27.485288908879774 -28.22821615044277 18
      vertex 27.44697272200758 -28.30854770677114 18
      vertex 27.44697272200758 -28.30854770677114 0
    endloop
  endfacet
  facet normal 0.8788171126619575 -0.47715876025962295 1.2416280646012732e-20
    outer loop
      vertex 27.527756813566455 -28.15 18
      vertex 27.485288908879774 -28.22821615044277 18
      vertex 27.485288908879774 -28.22821615044277 0
    endloop
  endfacet
  facet normal 0.8526401643540824 -0.5224985647159649 -4.583215048010065e-20
    outer loop
      vertex 27.57426003449278 -28.074113640474454 18
      vertex 27.527756813566455 -28.15 18
      vertex 27.527756813566455 -28.15 0
    endloop
  endfacet
  facet normal 0.824126188622022 -0.5664062369248235 4.1121673792305424e-20
    outer loop
      vertex 27.62467110956259 -28.000765071102794 18
      vertex 27.57426003449278 -28.074113640474454 18
      vertex 27.57426003449278 -28.074113640474454 0
    endloop
  endfacet
  facet normal 0.7933533402912416 -0.6087614290087122 -1.2315802093074115e-20
    outer loop
      vertex 27.67885186552315 -27.930155335215275 18
      vertex 27.62467110956259 -28.000765071102794 18
      vertex 27.62467110956259 -28.000765071102794 0
    endloop
  endfacet
  facet normal 0.7604059656000218 -0.6494480483301944 2.4359341858885594e-19
    outer loop
      vertex 27.73665379668843 -27.862477969189943 18
      vertex 27.67885186552315 -27.930155335215275 18
      vertex 27.67885186552315 -27.930155335215275 0
    endloop
  endfacet
  facet normal 0.7253743710123074 -0.6883545756937332 1.6979161576489913e-19
    outer loop
      vertex 27.797918471982868 -27.797918471982868 18
      vertex 27.73665379668843 -27.862477969189943 18
      vertex 27.73665379668843 -27.862477969189943 0
    endloop
  endfacet
  facet normal 0.6883545756937332 -0.7253743710123074 0
    outer loop
      vertex 27.797918471982868 -27.797918471982868 18
      vertex 27.797918471982868 -27.797918471982868 0
      vertex 27.862477969189943 -27.73665379668843 18
    endloop
  endfacet
  facet normal 0.6494480483301944 -0.7604059656000218 0
    outer loop
      vertex 27.862477969189943 -27.73665379668843 0
      vertex 27.930155335215275 -27.67885186552315 18
      vertex 27.862477969189943 -27.73665379668843 18
    endloop
  endfacet
  facet normal 0.6087614290087122 -0.7933533402912416 0
    outer loop
      vertex 27.930155335215275 -27.67885186552315 0
      vertex 28.000765071102794 -27.62467110956259 18
      vertex 27.930155335215275 -27.67885186552315 18
    endloop
  endfacet
  facet normal 0.5664062369248235 -0.824126188622022 0
    outer loop
      vertex 28.000765071102794 -27.62467110956259 0
      vertex 28.074113640474454 -27.57426003449278 18
      vertex 28.000765071102794 -27.62467110956259 18
    endloop
  endfacet
  facet normal 0.5224985647159649 -0.8526401643540824 0
    outer loop
      vertex 28.074113640474454 -27.57426003449278 0
      vertex 28.15 -27.527756813566455 18
      vertex 28.074113640474454 -27.57426003449278 18
    endloop
  endfacet
  facet normal 0.47715876025962295 -0.8788171126619575 0
    outer loop
      vertex 28.15 -27.527756813566455 0
      vertex 28.22821615044277 -27.485288908879774 18
      vertex 28.15 -27.527756813566455 18
    endloop
  endfacet
  facet normal 0.4305110968082688 -0.9025852843498732 0
    outer loop
      vertex 28.22821615044277 -27.485288908879774 0
      vertex 28.30854770677114 -27.44697272200758 18
      vertex 28.22821615044277 -27.485288908879774 18
    endloop
  endfacet
  facet normal 0.382683432365098 -0.9238795325112833 0
    outer loop
      vertex 28.30854770677114 -27.44697272200758 0
      vertex 28.39077448577299 -27.412913274954757 18
      vertex 28.30854770677114 -27.44697272200758 18
    endloop
  endfacet
  facet normal 0.33380685923377107 -0.9426414910921784 0
    outer loop
      vertex 28.39077448577299 -27.412913274954757 0
      vertex 28.47467110956259 -27.38320392229824 18
      vertex 28.39077448577299 -27.412913274954757 18
    endloop
  endfacet
  facet normal 0.33380685923377107 0.9426414910921784 0
    outer loop
      vertex 28.47467110956259 -30.61679607770176 18
      vertex 28.47467110956259 -30.61679607770176 0
      vertex 28.39077448577299 -30.587086725045243 18
    endloop
  endfacet
  facet normal -0.33380685923377107 0.9426414910921784 0
    outer loop
      vertex 29.60922551422701 -30.587086725045243 18
      vertex 29.60922551422701 -30.587086725045243 0
      vertex 29.52532889043741 -30.61679607770176 18
    endloop
  endfacet
  facet normal -0.382683432365098 0.9238795325112833 0
    outer loop
      vertex 29.69145229322886 -30.55302727799242 18
      vertex 29.69145229322886 -30.55302727799242 0
      vertex 29.60922551422701 -30.587086725045243 18
    endloop
  endfacet
  facet normal -0.4305110968082688 0.9025852843498732 0
    outer loop
      vertex 29.77178384955723 -30.514711091120226 18
      vertex 29.77178384955723 -30.514711091120226 0
      vertex 29.69145229322886 -30.55302727799242 18
    endloop
  endfacet
  facet normal -0.47715876025962295 0.8788171126619575 0
    outer loop
      vertex 29.85 -30.472243186433545 18
      vertex 29.85 -30.472243186433545 0
      vertex 29.77178384955723 -30.514711091120226 18
    endloop
  endfacet
  facet normal -0.5224985647159649 0.8526401643540824 0
    outer loop
      vertex 29.925886359525546 -30.42573996550722 18
      vertex 29.925886359525546 -30.42573996550722 0
      vertex 29.85 -30.472243186433545 18
    endloop
  endfacet
  facet normal -0.5664062369248235 0.824126188622022 0
    outer loop
      vertex 29.999234928897206 -30.37532889043741 18
      vertex 29.999234928897206 -30.37532889043741 0
      vertex 29.925886359525546 -30.42573996550722 18
    endloop
  endfacet
  facet normal -0.6087614290087122 0.7933533402912416 0
    outer loop
      vertex 30.069844664784725 -30.32114813447685 18
      vertex 30.069844664784725 -30.32114813447685 0
      vertex 29.999234928897206 -30.37532889043741 18
    endloop
  endfacet
  facet normal -0.6494480483301944 0.7604059656000218 0
    outer loop
      vertex 30.137522030810057 -30.26334620331157 18
      vertex 30.137522030810057 -30.26334620331157 0
      vertex 30.069844664784725 -30.32114813447685 18
    endloop
  endfacet
  facet normal -0.6883545756937332 0.7253743710123074 0
    outer loop
      vertex 30.202081528017132 -30.202081528017132 18
      vertex 30.202081528017132 -30.202081528017132 0
      vertex 30.137522030810057 -30.26334620331157 18
    endloop
  endfacet
  facet normal -0.7253743710123074 0.6883545756937332 0
    outer loop
      vertex 30.26334620331157 -30.137522030810057 0
      vertex 30.202081528017132 -30.202081528017132 18
      vertex 30.26334620331157 -30.137522030810057 18
    endloop
  endfacet
  facet normal -0.7604059656000218 0.6494480483301944 0
    outer loop
      vertex 30.32114813447685 -30.069844664784725 0
      vertex 30.26334620331157 -30.137522030810057 18
      vertex 30.32114813447685 -30.069844664784725 18
    endloop
  endfacet
  facet normal -0.7933533402912416 0.6087614290087122 0
    outer loop
      vertex 30.37532889043741 -29.999234928897206 0
      vertex 30.32114813447685 -30.069844664784725 18
      vertex 30.37532889043741 -29.999234928897206 18
    endloop
  endfacet
  facet normal -0.824126188622022 0.5664062369248235 0
    outer loop
      vertex 30.42573996550722 -29.925886359525546 0
      vertex 30.37532889043741 -29.999234928897206 18
      vertex 30.42573996550722 -29.925886359525546 18
    endloop
  endfacet
  facet normal -0.8526401643540824 0.5224985647159649 0
    outer loop
      vertex 30.472243186433545 -29.85 0
      vertex 30.42573996550722 -29.925886359525546 18
      vertex 30.472243186433545 -29.85 18
    endloop
  endfacet
  facet normal -0.8788171126619575 0.47715876025962295 0
    outer loop
      vertex 30.514711091120226 -29.77178384955723 0
      vertex 30.472243186433545 -29.85 18
      vertex 30.514711091120226 -29.77178384955723 18
    endloop
  endfacet
  facet normal -0.9025852843498732 0.4305110968082688 0
    outer loop
      vertex 30.55302727799242 -29.69145229322886 0
      vertex 30.514711091120226 -29.77178384955723 18
      vertex 30.55302727799242 -29.69145229322886 18
    endloop
  endfacet
  facet normal -0.9238795325112833 0.382683432365098 0
    outer loop
      vertex 30.587086725045243 -29.60922551422701 0
      vertex 30.55302727799242 -29.69145229322886 18
      vertex 30.587086725045243 -29.60922551422701 18
    endloop
  endfacet
  facet normal -0.9426414910921784 0.33380685923377107 0
    outer loop
      vertex 30.61679607770176 -29.52532889043741 0
      vertex 30.587086725045243 -29.60922551422701 18
      vertex 30.61679607770176 -29.52532889043741 18
    endloop
  endfacet
  facet normal 0.2840153447039206 -0.9588197348681936 0
    outer loop
      vertex 28.47467110956259 -27.38320392229824 0
      vertex 28.560007623325713 -27.357926095308585 18
      vertex 28.47467110956259 -27.38320392229824 18
    endloop
  endfacet
  facet normal 0.23344536385589695 -0.9723699203976786 0
    outer loop
      vertex 28.560007623325713 -27.357926095308585 0
      vertex 28.64655012560981 -27.33714907875253 18
      vertex 28.560007623325713 -27.357926095308585 18
    endloop
  endfacet
  facet normal -0.23344536385589695 -0.9723699203976786 0
    outer loop
      vertex 29.35344987439019 -27.33714907875253 0
      vertex 29.439992376674287 -27.357926095308585 18
      vertex 29.35344987439019 -27.33714907875253 18
    endloop
  endfacet
  facet normal -0.2840153447039206 -0.9588197348681936 0
    outer loop
      vertex 29.439992376674287 -27.357926095308585 0
      vertex 29.52532889043741 -27.38320392229824 18
      vertex 29.439992376674287 -27.357926095308585 18
    endloop
  endfacet
  facet normal 0.18223552549216931 -0.9832549075639505 0
    outer loop
      vertex 28.64655012560981 -27.33714907875253 0
      vertex 28.734061409431607 -27.320929820988265 18
      vertex 28.64655012560981 -27.33714907875253 18
    endloop
  endfacet
  facet normal 0.1305261922200572 -0.9914448613738096 0
    outer loop
      vertex 28.734061409431607 -27.320929820988265 0
      vertex 28.82230161244499 -27.309312777873934 18
      vertex 28.734061409431607 -27.320929820988265 18
    endloop
  endfacet
  facet normal 0.07845909572784271 -0.9969173337331282 0
    outer loop
      vertex 28.82230161244499 -27.309312777873934 0
      vertex 28.911028874386997 -27.302329790917224 18
      vertex 28.82230161244499 -27.309312777873934 18
    endloop
  endfacet
  facet normal 0.02617694830785591 -0.9996573249755577 0
    outer loop
      vertex 28.911028874386997 -27.302329790917224 0
      vertex 29 -27.3 18
      vertex 28.911028874386997 -27.302329790917224 18
    endloop
  endfacet
  facet normal -0.02617694830785591 -0.9996573249755577 0
    outer loop
      vertex 29 -27.3 0
      vertex 29.088971125613003 -27.302329790917224 18
      vertex 29 -27.3 18
    endloop
  endfacet
  facet normal -0.07845909572784271 -0.9969173337331282 0
    outer loop
      vertex 29.088971125613003 -27.302329790917224 0
      vertex 29.17769838755501 -27.309312777873934 18
      vertex 29.088971125613003 -27.302329790917224 18
    endloop
  endfacet
  facet normal -0.1305261922200572 -0.9914448613738096 0
    outer loop
      vertex 29.17769838755501 -27.309312777873934 0
      vertex 29.265938590568393 -27.320929820988265 18
      vertex 29.17769838755501 -27.309312777873934 18
    endloop
  endfacet
  facet normal -0.18223552549216931 -0.9832549075639505 0
    outer loop
      vertex 29.265938590568393 -27.320929820988265 0
      vertex 29.35344987439019 -27.33714907875253 18
      vertex 29.265938590568393 -27.320929820988265 18
    endloop
  endfacet
  facet normal -0.33380685923377107 -0.9426414910921784 0
    outer loop
      vertex 29.52532889043741 -27.38320392229824 0
      vertex 29.60922551422701 -27.412913274954757 18
      vertex 29.52532889043741 -27.38320392229824 18
    endloop
  endfacet
  facet normal -0.382683432365098 -0.9238795325112833 0
    outer loop
      vertex 29.60922551422701 -27.412913274954757 0
      vertex 29.69145229322886 -27.44697272200758 18
      vertex 29.60922551422701 -27.412913274954757 18
    endloop
  endfacet
  facet normal -0.47715876025962295 -0.8788171126619575 0
    outer loop
      vertex 29.77178384955723 -27.485288908879774 0
      vertex 29.85 -27.527756813566455 18
      vertex 29.77178384955723 -27.485288908879774 18
    endloop
  endfacet
  facet normal -0.4305110968082688 -0.9025852843498732 0
    outer loop
      vertex 29.69145229322886 -27.44697272200758 0
      vertex 29.77178384955723 -27.485288908879774 18
      vertex 29.69145229322886 -27.44697272200758 18
    endloop
  endfacet
  facet normal -0.6087614290087122 -0.7933533402912416 0
    outer loop
      vertex 29.999234928897206 -27.62467110956259 0
      vertex 30.069844664784725 -27.67885186552315 18
      vertex 29.999234928897206 -27.62467110956259 18
    endloop
  endfacet
  facet normal -0.5224985647159649 -0.8526401643540824 0
    outer loop
      vertex 29.85 -27.527756813566455 0
      vertex 29.925886359525546 -27.57426003449278 18
      vertex 29.85 -27.527756813566455 18
    endloop
  endfacet
  facet normal -0.5664062369248235 -0.824126188622022 0
    outer loop
      vertex 29.925886359525546 -27.57426003449278 0
      vertex 29.999234928897206 -27.62467110956259 18
      vertex 29.925886359525546 -27.57426003449278 18
    endloop
  endfacet
  facet normal -0.7933533402912416 -0.6087614290087122 0
    outer loop
      vertex 30.32114813447685 -27.930155335215275 0
      vertex 30.37532889043741 -28.000765071102794 18
      vertex 30.32114813447685 -27.930155335215275 18
    endloop
  endfacet
  facet normal -0.8788171126619575 -0.47715876025962295 0
    outer loop
      vertex 30.472243186433545 -28.15 0
      vertex 30.514711091120226 -28.22821615044277 18
      vertex 30.472243186433545 -28.15 18
    endloop
  endfacet
  facet normal -0.9426414910921784 -0.33380685923377107 0
    outer loop
      vertex 30.587086725045243 -28.39077448577299 0
      vertex 30.61679607770176 -28.47467110956259 18
      vertex 30.587086725045243 -28.39077448577299 18
    endloop
  endfacet
  facet normal -0.9238795325112833 -0.382683432365098 0
    outer loop
      vertex 30.55302727799242 -28.30854770677114 0
      vertex 30.587086725045243 -28.39077448577299 18
      vertex 30.55302727799242 -28.30854770677114 18
    endloop
  endfacet
  facet normal -0.9025852843498732 -0.4305110968082688 0
    outer loop
      vertex 30.514711091120226 -28.22821615044277 0
      vertex 30.55302727799242 -28.30854770677114 18
      vertex 30.514711091120226 -28.22821615044277 18
    endloop
  endfacet
  facet normal -0.8526401643540824 -0.5224985647159649 0
    outer loop
      vertex 30.42573996550722 -28.074113640474454 0
      vertex 30.472243186433545 -28.15 18
      vertex 30.42573996550722 -28.074113640474454 18
    endloop
  endfacet
  facet normal -0.824126188622022 -0.5664062369248235 0
    outer loop
      vertex 30.37532889043741 -28.000765071102794 0
      vertex 30.42573996550722 -28.074113640474454 18
      vertex 30.37532889043741 -28.000765071102794 18
    endloop
  endfacet
  facet normal -0.6883545756937332 -0.7253743710123074 0
    outer loop
      vertex 30.137522030810057 -27.73665379668843 0
      vertex 30.202081528017132 -27.797918471982868 18
      vertex 30.137522030810057 -27.73665379668843 18
    endloop
  endfacet
  facet normal -0.6494480483301944 -0.7604059656000218 0
    outer loop
      vertex 30.069844664784725 -27.67885186552315 0
      vertex 30.137522030810057 -27.73665379668843 18
      vertex 30.069844664784725 -27.67885186552315 18
    endloop
  endfacet
  facet normal -0.7604059656000218 -0.6494480483301944 0
    outer loop
      vertex 30.26334620331157 -27.862477969189943 0
      vertex 30.32114813447685 -27.930155335215275 18
      vertex 30.26334620331157 -27.862477969189943 18
    endloop
  endfacet
  facet normal -0.7253743710123074 -0.6883545756937332 0
    outer loop
      vertex 30.202081528017132 -27.797918471982868 0
      vertex 30.26334620331157 -27.862477969189943 18
      vertex 30.202081528017132 -27.797918471982868 18
    endloop
  endfacet
  facet normal -0.9588197348681936 0.2840153447039206 0
    outer loop
      vertex 30.642073904691415 -29.439992376674287 0
      vertex 30.61679607770176 -29.52532889043741 18
      vertex 30.642073904691415 -29.439992376674287 18
    endloop
  endfacet
  facet normal -0.9723699203976786 0.23344536385589695 0
    outer loop
      vertex 30.66285092124747 -29.35344987439019 0
      vertex 30.642073904691415 -29.439992376674287 18
      vertex 30.66285092124747 -29.35344987439019 18
    endloop
  endfacet
  facet normal -0.9832549075639505 0.18223552549216931 0
    outer loop
      vertex 30.679070179011735 -29.265938590568393 0
      vertex 30.66285092124747 -29.35344987439019 18
      vertex 30.679070179011735 -29.265938590568393 18
    endloop
  endfacet
  facet normal -0.9914448613738096 0.1305261922200572 0
    outer loop
      vertex 30.690687222126066 -29.17769838755501 0
      vertex 30.679070179011735 -29.265938590568393 18
      vertex 30.690687222126066 -29.17769838755501 18
    endloop
  endfacet
  facet normal -0.9969173337331282 0.07845909572784271 0
    outer loop
      vertex 30.697670209082776 -29.088971125613003 0
      vertex 30.690687222126066 -29.17769838755501 18
      vertex 30.697670209082776 -29.088971125613003 18
    endloop
  endfacet
  facet normal -0.9996573249755577 0.02617694830785591 0
    outer loop
      vertex 30.7 -29 0
      vertex 30.697670209082776 -29.088971125613003 18
      vertex 30.7 -29 18
    endloop
  endfacet
  facet normal -0.9969173337331282 -0.07845909572784271 0
    outer loop
      vertex 30.690687222126066 -28.82230161244499 0
      vertex 30.697670209082776 -28.911028874386997 18
      vertex 30.690687222126066 -28.82230161244499 18
    endloop
  endfacet
  facet normal -0.9996573249755577 -0.02617694830785591 0
    outer loop
      vertex 30.697670209082776 -28.911028874386997 0
      vertex 30.7 -29 18
      vertex 30.697670209082776 -28.911028874386997 18
    endloop
  endfacet
  facet normal -0.9914448613738096 -0.1305261922200572 0
    outer loop
      vertex 30.679070179011735 -28.734061409431607 0
      vertex 30.690687222126066 -28.82230161244499 18
      vertex 30.679070179011735 -28.734061409431607 18
    endloop
  endfacet
  facet normal -0.9832549075639505 -0.18223552549216931 0
    outer loop
      vertex 30.66285092124747 -28.64655012560981 0
      vertex 30.679070179011735 -28.734061409431607 18
      vertex 30.66285092124747 -28.64655012560981 18
    endloop
  endfacet
  facet normal -0.9723699203976786 -0.23344536385589695 0
    outer loop
      vertex 30.642073904691415 -28.560007623325713 0
      vertex 30.66285092124747 -28.64655012560981 18
      vertex 30.642073904691415 -28.560007623325713 18
    endloop
  endfacet
  facet normal -0.9588197348681936 -0.2840153447039206 0
    outer loop
      vertex 30.61679607770176 -28.47467110956259 0
      vertex 30.642073904691415 -28.560007623325713 18
      vertex 30.61679607770176 -28.47467110956259 18
    endloop
  endfacet
  facet normal 0.6494480483301944 0.7604059656000218 0
    outer loop
      vertex 27.862477969189943 27.73665379668843 0
      vertex 27.862477969189943 27.73665379668843 18
      vertex 27.930155335215275 27.67885186552315 0
    endloop
  endfacet
  facet normal 0.6883545756937332 0.7253743710123074 -1.6979161576489913e-19
    outer loop
      vertex 27.862477969189943 27.73665379668843 0
      vertex 27.797918471982868 27.797918471982868 0
      vertex 27.797918471982868 27.797918471982868 18
    endloop
  endfacet
  facet normal 0.7253743710123074 0.6883545756937332 -1.6979161576489913e-19
    outer loop
      vertex 27.797918471982868 27.797918471982868 0
      vertex 27.73665379668843 27.862477969189943 0
      vertex 27.73665379668843 27.862477969189943 18
    endloop
  endfacet
  facet normal 0.8526401643540824 0.5224985647159649 4.583215048010065e-20
    outer loop
      vertex 27.57426003449278 28.074113640474454 0
      vertex 27.527756813566455 28.15 0
      vertex 27.527756813566455 28.15 18
    endloop
  endfacet
  facet normal 0.824126188622022 0.5664062369248235 -4.1121673792305424e-20
    outer loop
      vertex 27.62467110956259 28.000765071102794 0
      vertex 27.57426003449278 28.074113640474454 0
      vertex 27.57426003449278 28.074113640474454 18
    endloop
  endfacet
  facet normal 0.9025852843498732 0.4305110968082688 6.126813493151266e-20
    outer loop
      vertex 27.485288908879774 28.22821615044277 0
      vertex 27.44697272200758 28.30854770677114 0
      vertex 27.44697272200758 28.30854770677114 18
    endloop
  endfacet
  facet normal 0.9238795325112833 0.382683432365098 -1.2019487962209302e-19
    outer loop
      vertex 27.44697272200758 28.30854770677114 0
      vertex 27.412913274954757 28.39077448577299 0
      vertex 27.412913274954757 28.39077448577299 18
    endloop
  endfacet
  facet normal 0.8788171126619575 0.47715876025962295 -1.2416280646012732e-20
    outer loop
      vertex 27.527756813566455 28.15 0
      vertex 27.485288908879774 28.22821615044277 0
      vertex 27.485288908879774 28.22821615044277 18
    endloop
  endfacet
  facet normal 0.7933533402912416 0.6087614290087122 1.2315802093074115e-20
    outer loop
      vertex 27.67885186552315 27.930155335215275 0
      vertex 27.62467110956259 28.000765071102794 0
      vertex 27.62467110956259 28.000765071102794 18
    endloop
  endfacet
  facet normal 0.7604059656000218 0.6494480483301944 -2.4359341858885594e-19
    outer loop
      vertex 27.73665379668843 27.862477969189943 0
      vertex 27.67885186552315 27.930155335215275 0
      vertex 27.67885186552315 27.930155335215275 18
    endloop
  endfacet
  facet normal 0.5664062369248235 0.824126188622022 0
    outer loop
      vertex 28.000765071102794 27.62467110956259 0
      vertex 28.000765071102794 27.62467110956259 18
      vertex 28.074113640474454 27.57426003449278 0
    endloop
  endfacet
  facet normal 0.5224985647159649 0.8526401643540824 0
    outer loop
      vertex 28.074113640474454 27.57426003449278 0
      vertex 28.074113640474454 27.57426003449278 18
      vertex 28.15 27.527756813566455 0
    endloop
  endfacet
  facet normal 0.6087614290087122 0.7933533402912416 0
    outer loop
      vertex 27.930155335215275 27.67885186552315 0
      vertex 27.930155335215275 27.67885186552315 18
      vertex 28.000765071102794 27.62467110956259 0
    endloop
  endfacet
  facet normal 0.4305110968082688 0.9025852843498732 0
    outer loop
      vertex 28.22821615044277 27.485288908879774 0
      vertex 28.22821615044277 27.485288908879774 18
      vertex 28.30854770677114 27.44697272200758 0
    endloop
  endfacet
  facet normal 0.47715876025962295 0.8788171126619575 0
    outer loop
      vertex 28.15 27.527756813566455 0
      vertex 28.15 27.527756813566455 18
      vertex 28.22821615044277 27.485288908879774 0
    endloop
  endfacet
  facet normal 0.382683432365098 0.9238795325112833 0
    outer loop
      vertex 28.30854770677114 27.44697272200758 0
      vertex 28.30854770677114 27.44697272200758 18
      vertex 28.39077448577299 27.412913274954757 0
    endloop
  endfacet
  facet normal 0.33380685923377107 0.9426414910921784 0
    outer loop
      vertex 28.39077448577299 27.412913274954757 0
      vertex 28.39077448577299 27.412913274954757 18
      vertex 28.47467110956259 27.38320392229824 0
    endloop
  endfacet
  facet normal 0.9832549075639505 0.18223552549216931 -6.376444410094301e-20
    outer loop
      vertex 27.33714907875253 28.64655012560981 0
      vertex 27.320929820988265 28.734061409431607 0
      vertex 27.320929820988265 28.734061409431607 18
    endloop
  endfacet
  facet normal 0.9914448613738096 0.1305261922200572 6.568796781405503e-20
    outer loop
      vertex 27.320929820988265 28.734061409431607 0
      vertex 27.309312777873934 28.82230161244499 0
      vertex 27.309312777873934 28.82230161244499 18
    endloop
  endfacet
  facet normal 0.9969173337331282 0.07845909572784271 -2.243181415076818e-21
    outer loop
      vertex 27.309312777873934 28.82230161244499 0
      vertex 27.302329790917224 28.911028874386997 0
      vertex 27.302329790917224 28.911028874386997 18
    endloop
  endfacet
  facet normal 0.9996573249755577 0.02617694830785591 3.362686136694474e-21
    outer loop
      vertex 27.302329790917224 28.911028874386997 0
      vertex 27.3 29 0
      vertex 27.3 29 18
    endloop
  endfacet
  facet normal 0.9996573249755577 -0.02617694830785591 -3.362686136694474e-21
    outer loop
      vertex 27.3 29 0
      vertex 27.302329790917224 29.088971125613003 0
      vertex 27.302329790917224 29.088971125613003 18
    endloop
  endfacet
  facet normal 0.9969173337331282 -0.07845909572784271 2.243181415076818e-21
    outer loop
      vertex 27.302329790917224 29.088971125613003 0
      vertex 27.309312777873934 29.17769838755501 0
      vertex 27.309312777873934 29.17769838755501 18
    endloop
  endfacet
  facet normal 0.9914448613738096 -0.1305261922200572 -6.568796781405503e-20
    outer loop
      vertex 27.309312777873934 29.17769838755501 0
      vertex 27.320929820988265 29.265938590568393 0
      vertex 27.320929820988265 29.265938590568393 18
    endloop
  endfacet
  facet normal 0.9832549075639505 -0.18223552549216931 6.376444410094301e-20
    outer loop
      vertex 27.320929820988265 29.265938590568393 0
      vertex 27.33714907875253 29.35344987439019 0
      vertex 27.33714907875253 29.35344987439019 18
    endloop
  endfacet
  facet normal 0.9426414910921784 0.33380685923377107 -2.964270784001421e-20
    outer loop
      vertex 27.412913274954757 28.39077448577299 0
      vertex 27.38320392229824 28.47467110956259 0
      vertex 27.38320392229824 28.47467110956259 18
    endloop
  endfacet
  facet normal 0.9588197348681936 0.2840153447039206 1.0668306947633491e-19
    outer loop
      vertex 27.38320392229824 28.47467110956259 0
      vertex 27.357926095308585 28.560007623325713 0
      vertex 27.357926095308585 28.560007623325713 18
    endloop
  endfacet
  facet normal 0.9723699203976786 0.23344536385589695 5.3096547115558183e-20
    outer loop
      vertex 27.357926095308585 28.560007623325713 0
      vertex 27.33714907875253 28.64655012560981 0
      vertex 27.33714907875253 28.64655012560981 18
    endloop
  endfacet
  facet normal 0.9723699203976786 -0.23344536385589695 -5.3096547115558183e-20
    outer loop
      vertex 27.33714907875253 29.35344987439019 0
      vertex 27.357926095308585 29.439992376674287 0
      vertex 27.357926095308585 29.439992376674287 18
    endloop
  endfacet
  facet normal 0.9588197348681936 -0.2840153447039206 -1.0668306947633491e-19
    outer loop
      vertex 27.357926095308585 29.439992376674287 0
      vertex 27.38320392229824 29.52532889043741 0
      vertex 27.38320392229824 29.52532889043741 18
    endloop
  endfacet
  facet normal 0.9426414910921784 -0.33380685923377107 2.964270784001421e-20
    outer loop
      vertex 27.38320392229824 29.52532889043741 0
      vertex 27.412913274954757 29.60922551422701 0
      vertex 27.412913274954757 29.60922551422701 18
    endloop
  endfacet
  facet normal 0.9238795325112833 -0.382683432365098 1.2019487962209302e-19
    outer loop
      vertex 27.412913274954757 29.60922551422701 0
      vertex 27.44697272200758 29.69145229322886 0
      vertex 27.44697272200758 29.69145229322886 18
    endloop
  endfacet
  facet normal 0.9025852843498732 -0.4305110968082688 -6.126813493151266e-20
    outer loop
      vertex 27.44697272200758 29.69145229322886 0
      vertex 27.485288908879774 29.77178384955723 0
      vertex 27.485288908879774 29.77178384955723 18
    endloop
  endfacet
  facet normal 0.8788171126619575 -0.47715876025962295 1.2416280646012732e-20
    outer loop
      vertex 27.485288908879774 29.77178384955723 0
      vertex 27.527756813566455 29.85 0
      vertex 27.527756813566455 29.85 18
    endloop
  endfacet
  facet normal 0.8526401643540824 -0.5224985647159649 -4.583215048010065e-20
    outer loop
      vertex 27.527756813566455 29.85 0
      vertex 27.57426003449278 29.925886359525546 0
      vertex 27.57426003449278 29.925886359525546 18
    endloop
  endfacet
  facet normal 0.824126188622022 -0.5664062369248235 4.1121673792305424e-20
    outer loop
      vertex 27.57426003449278 29.925886359525546 0
      vertex 27.62467110956259 29.999234928897206 0
      vertex 27.62467110956259 29.999234928897206 18
    endloop
  endfacet
  facet normal 0.7933533402912416 -0.6087614290087122 -1.2315802093074115e-20
    outer loop
      vertex 27.62467110956259 29.999234928897206 0
      vertex 27.67885186552315 30.069844664784725 0
      vertex 27.67885186552315 30.069844664784725 18
    endloop
  endfacet
  facet normal 0.7604059656000218 -0.6494480483301944 2.4359341858885594e-19
    outer loop
      vertex 27.67885186552315 30.069844664784725 0
      vertex 27.73665379668843 30.137522030810057 0
      vertex 27.73665379668843 30.137522030810057 18
    endloop
  endfacet
  facet normal 0.7253743710123074 -0.6883545756937332 1.6979161576489913e-19
    outer loop
      vertex 27.73665379668843 30.137522030810057 0
      vertex 27.797918471982868 30.202081528017132 0
      vertex 27.797918471982868 30.202081528017132 18
    endloop
  endfacet
  facet normal 0.6883545756937332 -0.7253743710123074 0
    outer loop
      vertex 27.862477969189943 30.26334620331157 0
      vertex 27.862477969189943 30.26334620331157 18
      vertex 27.797918471982868 30.202081528017132 0
    endloop
  endfacet
  facet normal 0.6494480483301944 -0.7604059656000218 0
    outer loop
      vertex 27.930155335215275 30.32114813447685 0
      vertex 27.930155335215275 30.32114813447685 18
      vertex 27.862477969189943 30.26334620331157 0
    endloop
  endfacet
  facet normal 0.6087614290087122 -0.7933533402912416 0
    outer loop
      vertex 28.000765071102794 30.37532889043741 0
      vertex 28.000765071102794 30.37532889043741 18
      vertex 27.930155335215275 30.32114813447685 0
    endloop
  endfacet
  facet normal 0.5664062369248235 -0.824126188622022 0
    outer loop
      vertex 28.074113640474454 30.42573996550722 0
      vertex 28.074113640474454 30.42573996550722 18
      vertex 28.000765071102794 30.37532889043741 0
    endloop
  endfacet
  facet normal 0.5224985647159649 -0.8526401643540824 0
    outer loop
      vertex 28.15 30.472243186433545 0
      vertex 28.15 30.472243186433545 18
      vertex 28.074113640474454 30.42573996550722 0
    endloop
  endfacet
  facet normal 0.47715876025962295 -0.8788171126619575 0
    outer loop
      vertex 28.22821615044277 30.514711091120226 0
      vertex 28.22821615044277 30.514711091120226 18
      vertex 28.15 30.472243186433545 0
    endloop
  endfacet
  facet normal 0.4305110968082688 -0.9025852843498732 0
    outer loop
      vertex 28.30854770677114 30.55302727799242 0
      vertex 28.30854770677114 30.55302727799242 18
      vertex 28.22821615044277 30.514711091120226 0
    endloop
  endfacet
  facet normal 0.382683432365098 -0.9238795325112833 0
    outer loop
      vertex 28.39077448577299 30.587086725045243 0
      vertex 28.39077448577299 30.587086725045243 18
      vertex 28.30854770677114 30.55302727799242 0
    endloop
  endfacet
  facet normal 0.18223552549216931 0.9832549075639505 0
    outer loop
      vertex 28.64655012560981 27.33714907875253 0
      vertex 28.64655012560981 27.33714907875253 18
      vertex 28.734061409431607 27.320929820988265 0
    endloop
  endfacet
  facet normal 0.1305261922200572 0.9914448613738096 0
    outer loop
      vertex 28.734061409431607 27.320929820988265 0
      vertex 28.734061409431607 27.320929820988265 18
      vertex 28.82230161244499 27.309312777873934 0
    endloop
  endfacet
  facet normal 0.07845909572784271 0.9969173337331282 0
    outer loop
      vertex 28.82230161244499 27.309312777873934 0
      vertex 28.82230161244499 27.309312777873934 18
      vertex 28.911028874386997 27.302329790917224 0
    endloop
  endfacet
  facet normal 0.02617694830785591 0.9996573249755577 0
    outer loop
      vertex 28.911028874386997 27.302329790917224 0
      vertex 28.911028874386997 27.302329790917224 18
      vertex 29 27.3 0
    endloop
  endfacet
  facet normal -0.02617694830785591 0.9996573249755577 0
    outer loop
      vertex 29 27.3 0
      vertex 29 27.3 18
      vertex 29.088971125613003 27.302329790917224 0
    endloop
  endfacet
  facet normal -0.07845909572784271 0.9969173337331282 0
    outer loop
      vertex 29.088971125613003 27.302329790917224 0
      vertex 29.088971125613003 27.302329790917224 18
      vertex 29.17769838755501 27.309312777873934 0
    endloop
  endfacet
  facet normal -0.1305261922200572 0.9914448613738096 0
    outer loop
      vertex 29.17769838755501 27.309312777873934 0
      vertex 29.17769838755501 27.309312777873934 18
      vertex 29.265938590568393 27.320929820988265 0
    endloop
  endfacet
  facet normal -0.18223552549216931 0.9832549075639505 0
    outer loop
      vertex 29.265938590568393 27.320929820988265 0
      vertex 29.265938590568393 27.320929820988265 18
      vertex 29.35344987439019 27.33714907875253 0
    endloop
  endfacet
  facet normal 0.2840153447039206 0.9588197348681936 0
    outer loop
      vertex 28.47467110956259 27.38320392229824 0
      vertex 28.47467110956259 27.38320392229824 18
      vertex 28.560007623325713 27.357926095308585 0
    endloop
  endfacet
  facet normal 0.23344536385589695 0.9723699203976786 0
    outer loop
      vertex 28.560007623325713 27.357926095308585 0
      vertex 28.560007623325713 27.357926095308585 18
      vertex 28.64655012560981 27.33714907875253 0
    endloop
  endfacet
  facet normal -0.23344536385589695 0.9723699203976786 0
    outer loop
      vertex 29.35344987439019 27.33714907875253 0
      vertex 29.35344987439019 27.33714907875253 18
      vertex 29.439992376674287 27.357926095308585 0
    endloop
  endfacet
  facet normal -0.2840153447039206 0.9588197348681936 0
    outer loop
      vertex 29.439992376674287 27.357926095308585 0
      vertex 29.439992376674287 27.357926095308585 18
      vertex 29.52532889043741 27.38320392229824 0
    endloop
  endfacet
  facet normal -0.33380685923377107 0.9426414910921784 0
    outer loop
      vertex 29.52532889043741 27.38320392229824 0
      vertex 29.52532889043741 27.38320392229824 18
      vertex 29.60922551422701 27.412913274954757 0
    endloop
  endfacet
  facet normal -0.382683432365098 0.9238795325112833 0
    outer loop
      vertex 29.60922551422701 27.412913274954757 0
      vertex 29.60922551422701 27.412913274954757 18
      vertex 29.69145229322886 27.44697272200758 0
    endloop
  endfacet
  facet normal -0.4305110968082688 0.9025852843498732 0
    outer loop
      vertex 29.69145229322886 27.44697272200758 0
      vertex 29.69145229322886 27.44697272200758 18
      vertex 29.77178384955723 27.485288908879774 0
    endloop
  endfacet
  facet normal -0.47715876025962295 0.8788171126619575 0
    outer loop
      vertex 29.77178384955723 27.485288908879774 0
      vertex 29.77178384955723 27.485288908879774 18
      vertex 29.85 27.527756813566455 0
    endloop
  endfacet
  facet normal -0.5224985647159649 0.8526401643540824 0
    outer loop
      vertex 29.85 27.527756813566455 0
      vertex 29.85 27.527756813566455 18
      vertex 29.925886359525546 27.57426003449278 0
    endloop
  endfacet
  facet normal -0.5664062369248235 0.824126188622022 0
    outer loop
      vertex 29.925886359525546 27.57426003449278 0
      vertex 29.925886359525546 27.57426003449278 18
      vertex 29.999234928897206 27.62467110956259 0
    endloop
  endfacet
  facet normal -0.6087614290087122 0.7933533402912416 0
    outer loop
      vertex 29.999234928897206 27.62467110956259 0
      vertex 29.999234928897206 27.62467110956259 18
      vertex 30.069844664784725 27.67885186552315 0
    endloop
  endfacet
  facet normal -0.6494480483301944 0.7604059656000218 0
    outer loop
      vertex 30.069844664784725 27.67885186552315 0
      vertex 30.069844664784725 27.67885186552315 18
      vertex 30.137522030810057 27.73665379668843 0
    endloop
  endfacet
  facet normal -0.6883545756937332 0.7253743710123074 0
    outer loop
      vertex 30.137522030810057 27.73665379668843 0
      vertex 30.137522030810057 27.73665379668843 18
      vertex 30.202081528017132 27.797918471982868 0
    endloop
  endfacet
  facet normal -0.7253743710123074 0.6883545756937332 0
    outer loop
      vertex 30.202081528017132 27.797918471982868 0
      vertex 30.202081528017132 27.797918471982868 18
      vertex 30.26334620331157 27.862477969189943 0
    endloop
  endfacet
  facet normal -0.7604059656000218 0.6494480483301944 2.4359341858885594e-19
    outer loop
      vertex 30.32114813447685 27.930155335215275 0
      vertex 30.26334620331157 27.862477969189943 0
      vertex 30.26334620331157 27.862477969189943 18
    endloop
  endfacet
  facet normal -0.7933533402912416 0.6087614290087122 -1.2315802093074115e-20
    outer loop
      vertex 30.37532889043741 28.000765071102794 0
      vertex 30.32114813447685 27.930155335215275 0
      vertex 30.32114813447685 27.930155335215275 18
    endloop
  endfacet
  facet normal -0.824126188622022 0.5664062369248235 4.1121673792305424e-20
    outer loop
      vertex 30.42573996550722 28.074113640474454 0
      vertex 30.37532889043741 28.000765071102794 0
      vertex 30.37532889043741 28.000765071102794 18
    endloop
  endfacet
  facet normal -0.8526401643540824 0.5224985647159649 -4.583215048010065e-20
    outer loop
      vertex 30.472243186433545 28.15 0
      vertex 30.42573996550722 28.074113640474454 0
      vertex 30.42573996550722 28.074113640474454 18
    endloop
  endfacet
  facet normal -0.8788171126619575 0.47715876025962295 1.2416280646012732e-20
    outer loop
      vertex 30.514711091120226 28.22821615044277 0
      vertex 30.472243186433545 28.15 0
      vertex 30.472243186433545 28.15 18
    endloop
  endfacet
  facet normal -0.9025852843498732 0.4305110968082688 -6.126813493151266e-20
    outer loop
      vertex 30.55302727799242 28.30854770677114 0
      vertex 30.514711091120226 28.22821615044277 0
      vertex 30.514711091120226 28.22821615044277 18
    endloop
  endfacet
  facet normal -0.9238795325112833 0.382683432365098 1.2019487962209302e-19
    outer loop
      vertex 30.587086725045243 28.39077448577299 0
      vertex 30.55302727799242 28.30854770677114 0
      vertex 30.55302727799242 28.30854770677114 18
    endloop
  endfacet
  facet normal -0.9426414910921784 0.33380685923377107 2.964270784001421e-20
    outer loop
      vertex 30.61679607770176 28.47467110956259 0
      vertex 30.587086725045243 28.39077448577299 0
      vertex 30.587086725045243 28.39077448577299 18
    endloop
  endfacet
  facet normal 0.33380685923377107 -0.9426414910921784 0
    outer loop
      vertex 28.47467110956259 30.61679607770176 0
      vertex 28.47467110956259 30.61679607770176 18
      vertex 28.39077448577299 30.587086725045243 0
    endloop
  endfacet
  facet normal -0.33380685923377107 -0.9426414910921784 0
    outer loop
      vertex 29.60922551422701 30.587086725045243 0
      vertex 29.60922551422701 30.587086725045243 18
      vertex 29.52532889043741 30.61679607770176 0
    endloop
  endfacet
  facet normal -0.382683432365098 -0.9238795325112833 0
    outer loop
      vertex 29.69145229322886 30.55302727799242 0
      vertex 29.69145229322886 30.55302727799242 18
      vertex 29.60922551422701 30.587086725045243 0
    endloop
  endfacet
  facet normal -0.4305110968082688 -0.9025852843498732 0
    outer loop
      vertex 29.77178384955723 30.514711091120226 0
      vertex 29.77178384955723 30.514711091120226 18
      vertex 29.69145229322886 30.55302727799242 0
    endloop
  endfacet
  facet normal -0.6087614290087122 -0.7933533402912416 0
    outer loop
      vertex 30.069844664784725 30.32114813447685 0
      vertex 30.069844664784725 30.32114813447685 18
      vertex 29.999234928897206 30.37532889043741 0
    endloop
  endfacet
  facet normal -0.47715876025962295 -0.8788171126619575 0
    outer loop
      vertex 29.85 30.472243186433545 0
      vertex 29.85 30.472243186433545 18
      vertex 29.77178384955723 30.514711091120226 0
    endloop
  endfacet
  facet normal -0.5224985647159649 -0.8526401643540824 0
    outer loop
      vertex 29.925886359525546 30.42573996550722 0
      vertex 29.925886359525546 30.42573996550722 18
      vertex 29.85 30.472243186433545 0
    endloop
  endfacet
  facet normal -0.5664062369248235 -0.824126188622022 0
    outer loop
      vertex 29.999234928897206 30.37532889043741 0
      vertex 29.999234928897206 30.37532889043741 18
      vertex 29.925886359525546 30.42573996550722 0
    endloop
  endfacet
  facet normal -0.9426414910921784 -0.33380685923377107 -2.964270784001421e-20
    outer loop
      vertex 30.587086725045243 29.60922551422701 0
      vertex 30.61679607770176 29.52532889043741 0
      vertex 30.61679607770176 29.52532889043741 18
    endloop
  endfacet
  facet normal -0.9238795325112833 -0.382683432365098 -1.2019487962209302e-19
    outer loop
      vertex 30.55302727799242 29.69145229322886 0
      vertex 30.587086725045243 29.60922551422701 0
      vertex 30.587086725045243 29.60922551422701 18
    endloop
  endfacet
  facet normal -0.9025852843498732 -0.4305110968082688 6.126813493151266e-20
    outer loop
      vertex 30.514711091120226 29.77178384955723 0
      vertex 30.55302727799242 29.69145229322886 0
      vertex 30.55302727799242 29.69145229322886 18
    endloop
  endfacet
  facet normal -0.8788171126619575 -0.47715876025962295 -1.2416280646012732e-20
    outer loop
      vertex 30.472243186433545 29.85 0
      vertex 30.514711091120226 29.77178384955723 0
      vertex 30.514711091120226 29.77178384955723 18
    endloop
  endfacet
  facet normal -0.8526401643540824 -0.5224985647159649 4.583215048010065e-20
    outer loop
      vertex 30.42573996550722 29.925886359525546 0
      vertex 30.472243186433545 29.85 0
      vertex 30.472243186433545 29.85 18
    endloop
  endfacet
  facet normal -0.824126188622022 -0.5664062369248235 -4.1121673792305424e-20
    outer loop
      vertex 30.37532889043741 29.999234928897206 0
      vertex 30.42573996550722 29.925886359525546 0
      vertex 30.42573996550722 29.925886359525546 18
    endloop
  endfacet
  facet normal -0.7933533402912416 -0.6087614290087122 1.2315802093074115e-20
    outer loop
      vertex 30.32114813447685 30.069844664784725 0
      vertex 30.37532889043741 29.999234928897206 0
      vertex 30.37532889043741 29.999234928897206 18
    endloop
  endfacet
  facet normal -0.6494480483301944 -0.7604059656000218 0
    outer loop
      vertex 30.137522030810057 30.26334620331157 0
      vertex 30.137522030810057 30.26334620331157 18
      vertex 30.069844664784725 30.32114813447685 0
    endloop
  endfacet
  facet normal -0.6883545756937332 -0.7253743710123074 -1.6979161576489913e-19
    outer loop
      vertex 30.137522030810057 30.26334620331157 0
      vertex 30.202081528017132 30.202081528017132 0
      vertex 30.202081528017132 30.202081528017132 18
    endloop
  endfacet
  facet normal -0.7253743710123074 -0.6883545756937332 -1.6979161576489913e-19
    outer loop
      vertex 30.202081528017132 30.202081528017132 0
      vertex 30.26334620331157 30.137522030810057 0
      vertex 30.26334620331157 30.137522030810057 18
    endloop
  endfacet
  facet normal -0.7604059656000218 -0.6494480483301944 -2.4359341858885594e-19
    outer loop
      vertex 30.26334620331157 30.137522030810057 0
      vertex 30.32114813447685 30.069844664784725 0
      vertex 30.32114813447685 30.069844664784725 18
    endloop
  endfacet
  facet normal 0.2840153447039206 -0.9588197348681936 0
    outer loop
      vertex 28.560007623325713 30.642073904691415 0
      vertex 28.560007623325713 30.642073904691415 18
      vertex 28.47467110956259 30.61679607770176 0
    endloop
  endfacet
  facet normal 0.23344536385589695 -0.9723699203976786 0
    outer loop
      vertex 28.64655012560981 30.66285092124747 0
      vertex 28.64655012560981 30.66285092124747 18
      vertex 28.560007623325713 30.642073904691415 0
    endloop
  endfacet
  facet normal 0.18223552549216931 -0.9832549075639505 0
    outer loop
      vertex 28.734061409431607 30.679070179011735 0
      vertex 28.734061409431607 30.679070179011735 18
      vertex 28.64655012560981 30.66285092124747 0
    endloop
  endfacet
  facet normal 0.1305261922200572 -0.9914448613738096 0
    outer loop
      vertex 28.82230161244499 30.690687222126066 0
      vertex 28.82230161244499 30.690687222126066 18
      vertex 28.734061409431607 30.679070179011735 0
    endloop
  endfacet
  facet normal 0.07845909572784271 -0.9969173337331282 0
    outer loop
      vertex 28.911028874386997 30.697670209082776 0
      vertex 28.911028874386997 30.697670209082776 18
      vertex 28.82230161244499 30.690687222126066 0
    endloop
  endfacet
  facet normal 0.02617694830785591 -0.9996573249755577 0
    outer loop
      vertex 29 30.7 0
      vertex 29 30.7 18
      vertex 28.911028874386997 30.697670209082776 0
    endloop
  endfacet
  facet normal -0.02617694830785591 -0.9996573249755577 0
    outer loop
      vertex 29.088971125613003 30.697670209082776 0
      vertex 29.088971125613003 30.697670209082776 18
      vertex 29 30.7 0
    endloop
  endfacet
  facet normal -0.07845909572784271 -0.9969173337331282 0
    outer loop
      vertex 29.17769838755501 30.690687222126066 0
      vertex 29.17769838755501 30.690687222126066 18
      vertex 29.088971125613003 30.697670209082776 0
    endloop
  endfacet
  facet normal -0.1305261922200572 -0.9914448613738096 0
    outer loop
      vertex 29.265938590568393 30.679070179011735 0
      vertex 29.265938590568393 30.679070179011735 18
      vertex 29.17769838755501 30.690687222126066 0
    endloop
  endfacet
  facet normal -0.18223552549216931 -0.9832549075639505 0
    outer loop
      vertex 29.35344987439019 30.66285092124747 0
      vertex 29.35344987439019 30.66285092124747 18
      vertex 29.265938590568393 30.679070179011735 0
    endloop
  endfacet
  facet normal -0.23344536385589695 -0.9723699203976786 0
    outer loop
      vertex 29.439992376674287 30.642073904691415 0
      vertex 29.439992376674287 30.642073904691415 18
      vertex 29.35344987439019 30.66285092124747 0
    endloop
  endfacet
  facet normal -0.2840153447039206 -0.9588197348681936 0
    outer loop
      vertex 29.52532889043741 30.61679607770176 0
      vertex 29.52532889043741 30.61679607770176 18
      vertex 29.439992376674287 30.642073904691415 0
    endloop
  endfacet
  facet normal -0.9588197348681936 0.2840153447039206 -1.0668306947633491e-19
    outer loop
      vertex 30.642073904691415 28.560007623325713 0
      vertex 30.61679607770176 28.47467110956259 0
      vertex 30.61679607770176 28.47467110956259 18
    endloop
  endfacet
  facet normal -0.9723699203976786 0.23344536385589695 -5.3096547115558183e-20
    outer loop
      vertex 30.66285092124747 28.64655012560981 0
      vertex 30.642073904691415 28.560007623325713 0
      vertex 30.642073904691415 28.560007623325713 18
    endloop
  endfacet
  facet normal -0.9832549075639505 0.18223552549216931 6.376444410094301e-20
    outer loop
      vertex 30.679070179011735 28.734061409431607 0
      vertex 30.66285092124747 28.64655012560981 0
      vertex 30.66285092124747 28.64655012560981 18
    endloop
  endfacet
  facet normal -0.9914448613738096 0.1305261922200572 -6.568796781405503e-20
    outer loop
      vertex 30.690687222126066 28.82230161244499 0
      vertex 30.679070179011735 28.734061409431607 0
      vertex 30.679070179011735 28.734061409431607 18
    endloop
  endfacet
  facet normal -0.9969173337331282 0.07845909572784271 2.243181415076818e-21
    outer loop
      vertex 30.697670209082776 28.911028874386997 0
      vertex 30.690687222126066 28.82230161244499 0
      vertex 30.690687222126066 28.82230161244499 18
    endloop
  endfacet
  facet normal -0.9996573249755577 0.02617694830785591 -3.362686136694474e-21
    outer loop
      vertex 30.7 29 0
      vertex 30.697670209082776 28.911028874386997 0
      vertex 30.697670209082776 28.911028874386997 18
    endloop
  endfacet
  facet normal -0.9996573249755577 -0.02617694830785591 3.362686136694474e-21
    outer loop
      vertex 30.697670209082776 29.088971125613003 0
      vertex 30.7 29 0
      vertex 30.7 29 18
    endloop
  endfacet
  facet normal -0.9969173337331282 -0.07845909572784271 -2.243181415076818e-21
    outer loop
      vertex 30.690687222126066 29.17769838755501 0
      vertex 30.697670209082776 29.088971125613003 0
      vertex 30.697670209082776 29.088971125613003 18
    endloop
  endfacet
  facet normal -0.9914448613738096 -0.1305261922200572 6.568796781405503e-20
    outer loop
      vertex 30.679070179011735 29.265938590568393 0
      vertex 30.690687222126066 29.17769838755501 0
      vertex 30.690687222126066 29.17769838755501 18
    endloop
  endfacet
  facet normal -0.9832549075639505 -0.18223552549216931 -6.376444410094301e-20
    outer loop
      vertex 30.66285092124747 29.35344987439019 0
      vertex 30.679070179011735 29.265938590568393 0
      vertex 30.679070179011735 29.265938590568393 18
    endloop
  endfacet
  facet normal -0.9723699203976786 -0.23344536385589695 5.3096547115558183e-20
    outer loop
      vertex 30.642073904691415 29.439992376674287 0
      vertex 30.66285092124747 29.35344987439019 0
      vertex 30.66285092124747 29.35344987439019 18
    endloop
  endfacet
  facet normal -0.9588197348681936 -0.2840153447039206 1.0668306947633491e-19
    outer loop
      vertex 30.61679607770176 29.52532889043741 0
      vertex 30.642073904691415 29.439992376674287 0
      vertex 30.642073904691415 29.439992376674287 18
    endloop
  endfacet
  facet normal 0.7604059656000218 0.6494480483301944 0
    outer loop
      vertex 27.73665379668843 27.862477969189943 0
      vertex 27.67885186552315 27.930155335215275 18
      vertex 27.73665379668843 27.862477969189943 18
    endloop
  endfacet
  facet normal 0.7253743710123074 0.6883545756937332 0
    outer loop
      vertex 27.797918471982868 27.797918471982868 0
      vertex 27.73665379668843 27.862477969189943 18
      vertex 27.797918471982868 27.797918471982868 18
    endloop
  endfacet
  facet normal 0.6883545756937332 0.7253743710123074 0
    outer loop
      vertex 27.862477969189943 27.73665379668843 0
      vertex 27.797918471982868 27.797918471982868 18
      vertex 27.862477969189943 27.73665379668843 18
    endloop
  endfacet
  facet normal 0.824126188622022 0.5664062369248235 0
    outer loop
      vertex 27.62467110956259 28.000765071102794 0
      vertex 27.57426003449278 28.074113640474454 18
      vertex 27.62467110956259 28.000765071102794 18
    endloop
  endfacet
  facet normal 0.8526401643540824 0.5224985647159649 0
    outer loop
      vertex 27.57426003449278 28.074113640474454 0
      vertex 27.527756813566455 28.15 18
      vertex 27.57426003449278 28.074113640474454 18
    endloop
  endfacet
  facet normal 0.9025852843498732 0.4305110968082688 0
    outer loop
      vertex 27.485288908879774 28.22821615044277 0
      vertex 27.44697272200758 28.30854770677114 18
      vertex 27.485288908879774 28.22821615044277 18
    endloop
  endfacet
  facet normal 0.9426414910921784 0.33380685923377107 0
    outer loop
      vertex 27.412913274954757 28.39077448577299 0
      vertex 27.38320392229824 28.47467110956259 18
      vertex 27.412913274954757 28.39077448577299 18
    endloop
  endfacet
  facet normal 0.9238795325112833 0.382683432365098 0
    outer loop
      vertex 27.44697272200758 28.30854770677114 0
      vertex 27.412913274954757 28.39077448577299 18
      vertex 27.44697272200758 28.30854770677114 18
    endloop
  endfacet
  facet normal 0.8788171126619575 0.47715876025962295 0
    outer loop
      vertex 27.527756813566455 28.15 0
      vertex 27.485288908879774 28.22821615044277 18
      vertex 27.527756813566455 28.15 18
    endloop
  endfacet
  facet normal 0.7933533402912416 0.6087614290087122 0
    outer loop
      vertex 27.67885186552315 27.930155335215275 0
      vertex 27.62467110956259 28.000765071102794 18
      vertex 27.67885186552315 27.930155335215275 18
    endloop
  endfacet
  facet normal 0.5664062369248235 0.824126188622022 0
    outer loop
      vertex 28.074113640474454 27.57426003449278 0
      vertex 28.000765071102794 27.62467110956259 18
      vertex 28.074113640474454 27.57426003449278 18
    endloop
  endfacet
  facet normal 0.5224985647159649 0.8526401643540824 0
    outer loop
      vertex 28.15 27.527756813566455 0
      vertex 28.074113640474454 27.57426003449278 18
      vertex 28.15 27.527756813566455 18
    endloop
  endfacet
  facet normal 0.6494480483301944 0.7604059656000218 0
    outer loop
      vertex 27.930155335215275 27.67885186552315 0
      vertex 27.862477969189943 27.73665379668843 18
      vertex 27.930155335215275 27.67885186552315 18
    endloop
  endfacet
  facet normal 0.6087614290087122 0.7933533402912416 0
    outer loop
      vertex 28.000765071102794 27.62467110956259 0
      vertex 27.930155335215275 27.67885186552315 18
      vertex 28.000765071102794 27.62467110956259 18
    endloop
  endfacet
  facet normal 0.4305110968082688 0.9025852843498732 0
    outer loop
      vertex 28.30854770677114 27.44697272200758 0
      vertex 28.22821615044277 27.485288908879774 18
      vertex 28.30854770677114 27.44697272200758 18
    endloop
  endfacet
  facet normal 0.47715876025962295 0.8788171126619575 0
    outer loop
      vertex 28.22821615044277 27.485288908879774 0
      vertex 28.15 27.527756813566455 18
      vertex 28.22821615044277 27.485288908879774 18
    endloop
  endfacet
  facet normal 0.382683432365098 0.9238795325112833 0
    outer loop
      vertex 28.39077448577299 27.412913274954757 0
      vertex 28.30854770677114 27.44697272200758 18
      vertex 28.39077448577299 27.412913274954757 18
    endloop
  endfacet
  facet normal 0.9832549075639505 0.18223552549216931 0
    outer loop
      vertex 27.33714907875253 28.64655012560981 0
      vertex 27.320929820988265 28.734061409431607 18
      vertex 27.33714907875253 28.64655012560981 18
    endloop
  endfacet
  facet normal 0.9914448613738096 0.1305261922200572 0
    outer loop
      vertex 27.320929820988265 28.734061409431607 0
      vertex 27.309312777873934 28.82230161244499 18
      vertex 27.320929820988265 28.734061409431607 18
    endloop
  endfacet
  facet normal 0.9969173337331282 0.07845909572784271 0
    outer loop
      vertex 27.309312777873934 28.82230161244499 0
      vertex 27.302329790917224 28.911028874386997 18
      vertex 27.309312777873934 28.82230161244499 18
    endloop
  endfacet
  facet normal 0.9996573249755577 0.02617694830785591 0
    outer loop
      vertex 27.302329790917224 28.911028874386997 0
      vertex 27.3 29 18
      vertex 27.302329790917224 28.911028874386997 18
    endloop
  endfacet
  facet normal 0.9996573249755577 -0.02617694830785591 0
    outer loop
      vertex 27.3 29 0
      vertex 27.302329790917224 29.088971125613003 18
      vertex 27.3 29 18
    endloop
  endfacet
  facet normal 0.9969173337331282 -0.07845909572784271 0
    outer loop
      vertex 27.302329790917224 29.088971125613003 0
      vertex 27.309312777873934 29.17769838755501 18
      vertex 27.302329790917224 29.088971125613003 18
    endloop
  endfacet
  facet normal 0.9914448613738096 -0.1305261922200572 0
    outer loop
      vertex 27.309312777873934 29.17769838755501 0
      vertex 27.320929820988265 29.265938590568393 18
      vertex 27.309312777873934 29.17769838755501 18
    endloop
  endfacet
  facet normal 0.9832549075639505 -0.18223552549216931 0
    outer loop
      vertex 27.320929820988265 29.265938590568393 0
      vertex 27.33714907875253 29.35344987439019 18
      vertex 27.320929820988265 29.265938590568393 18
    endloop
  endfacet
  facet normal 0.9588197348681936 0.2840153447039206 0
    outer loop
      vertex 27.38320392229824 28.47467110956259 0
      vertex 27.357926095308585 28.560007623325713 18
      vertex 27.38320392229824 28.47467110956259 18
    endloop
  endfacet
  facet normal 0.9723699203976786 0.23344536385589695 0
    outer loop
      vertex 27.357926095308585 28.560007623325713 0
      vertex 27.33714907875253 28.64655012560981 18
      vertex 27.357926095308585 28.560007623325713 18
    endloop
  endfacet
  facet normal 0.9723699203976786 -0.23344536385589695 0
    outer loop
      vertex 27.33714907875253 29.35344987439019 0
      vertex 27.357926095308585 29.439992376674287 18
      vertex 27.33714907875253 29.35344987439019 18
    endloop
  endfacet
  facet normal 0.9588197348681936 -0.2840153447039206 0
    outer loop
      vertex 27.357926095308585 29.439992376674287 0
      vertex 27.38320392229824 29.52532889043741 18
      vertex 27.357926095308585 29.439992376674287 18
    endloop
  endfacet
  facet normal 0.9426414910921784 -0.33380685923377107 0
    outer loop
      vertex 27.38320392229824 29.52532889043741 0
      vertex 27.412913274954757 29.60922551422701 18
      vertex 27.38320392229824 29.52532889043741 18
    endloop
  endfacet
  facet normal 0.9238795325112833 -0.382683432365098 0
    outer loop
      vertex 27.412913274954757 29.60922551422701 0
      vertex 27.44697272200758 29.69145229322886 18
      vertex 27.412913274954757 29.60922551422701 18
    endloop
  endfacet
  facet normal 0.9025852843498732 -0.4305110968082688 0
    outer loop
      vertex 27.44697272200758 29.69145229322886 0
      vertex 27.485288908879774 29.77178384955723 18
      vertex 27.44697272200758 29.69145229322886 18
    endloop
  endfacet
  facet normal 0.8788171126619575 -0.47715876025962295 0
    outer loop
      vertex 27.485288908879774 29.77178384955723 0
      vertex 27.527756813566455 29.85 18
      vertex 27.485288908879774 29.77178384955723 18
    endloop
  endfacet
  facet normal 0.8526401643540824 -0.5224985647159649 0
    outer loop
      vertex 27.527756813566455 29.85 0
      vertex 27.57426003449278 29.925886359525546 18
      vertex 27.527756813566455 29.85 18
    endloop
  endfacet
  facet normal 0.824126188622022 -0.5664062369248235 0
    outer loop
      vertex 27.57426003449278 29.925886359525546 0
      vertex 27.62467110956259 29.999234928897206 18
      vertex 27.57426003449278 29.925886359525546 18
    endloop
  endfacet
  facet normal 0.7933533402912416 -0.6087614290087122 0
    outer loop
      vertex 27.62467110956259 29.999234928897206 0
      vertex 27.67885186552315 30.069844664784725 18
      vertex 27.62467110956259 29.999234928897206 18
    endloop
  endfacet
  facet normal 0.7604059656000218 -0.6494480483301944 0
    outer loop
      vertex 27.67885186552315 30.069844664784725 0
      vertex 27.73665379668843 30.137522030810057 18
      vertex 27.67885186552315 30.069844664784725 18
    endloop
  endfacet
  facet normal 0.7253743710123074 -0.6883545756937332 0
    outer loop
      vertex 27.73665379668843 30.137522030810057 0
      vertex 27.797918471982868 30.202081528017132 18
      vertex 27.73665379668843 30.137522030810057 18
    endloop
  endfacet
  facet normal 0.6883545756937332 -0.7253743710123074 0
    outer loop
      vertex 27.797918471982868 30.202081528017132 0
      vertex 27.862477969189943 30.26334620331157 18
      vertex 27.797918471982868 30.202081528017132 18
    endloop
  endfacet
  facet normal 0.6494480483301944 -0.7604059656000218 0
    outer loop
      vertex 27.862477969189943 30.26334620331157 0
      vertex 27.930155335215275 30.32114813447685 18
      vertex 27.862477969189943 30.26334620331157 18
    endloop
  endfacet
  facet normal 0.6087614290087122 -0.7933533402912416 0
    outer loop
      vertex 27.930155335215275 30.32114813447685 0
      vertex 28.000765071102794 30.37532889043741 18
      vertex 27.930155335215275 30.32114813447685 18
    endloop
  endfacet
  facet normal 0.5664062369248235 -0.824126188622022 0
    outer loop
      vertex 28.000765071102794 30.37532889043741 0
      vertex 28.074113640474454 30.42573996550722 18
      vertex 28.000765071102794 30.37532889043741 18
    endloop
  endfacet
  facet normal 0.5224985647159649 -0.8526401643540824 0
    outer loop
      vertex 28.074113640474454 30.42573996550722 0
      vertex 28.15 30.472243186433545 18
      vertex 28.074113640474454 30.42573996550722 18
    endloop
  endfacet
  facet normal 0.47715876025962295 -0.8788171126619575 0
    outer loop
      vertex 28.15 30.472243186433545 0
      vertex 28.22821615044277 30.514711091120226 18
      vertex 28.15 30.472243186433545 18
    endloop
  endfacet
  facet normal 0.4305110968082688 -0.9025852843498732 0
    outer loop
      vertex 28.22821615044277 30.514711091120226 0
      vertex 28.30854770677114 30.55302727799242 18
      vertex 28.22821615044277 30.514711091120226 18
    endloop
  endfacet
  facet normal 0.382683432365098 -0.9238795325112833 0
    outer loop
      vertex 28.30854770677114 30.55302727799242 0
      vertex 28.39077448577299 30.587086725045243 18
      vertex 28.30854770677114 30.55302727799242 18
    endloop
  endfacet
  facet normal 0.33380685923377107 -0.9426414910921784 0
    outer loop
      vertex 28.39077448577299 30.587086725045243 0
      vertex 28.47467110956259 30.61679607770176 18
      vertex 28.39077448577299 30.587086725045243 18
    endloop
  endfacet
  facet normal 0.18223552549216931 0.9832549075639505 0
    outer loop
      vertex 28.734061409431607 27.320929820988265 0
      vertex 28.64655012560981 27.33714907875253 18
      vertex 28.734061409431607 27.320929820988265 18
    endloop
  endfacet
  facet normal 0.1305261922200572 0.9914448613738096 0
    outer loop
      vertex 28.82230161244499 27.309312777873934 0
      vertex 28.734061409431607 27.320929820988265 18
      vertex 28.82230161244499 27.309312777873934 18
    endloop
  endfacet
  facet normal 0.07845909572784271 0.9969173337331282 0
    outer loop
      vertex 28.911028874386997 27.302329790917224 0
      vertex 28.82230161244499 27.309312777873934 18
      vertex 28.911028874386997 27.302329790917224 18
    endloop
  endfacet
  facet normal 0.02617694830785591 0.9996573249755577 0
    outer loop
      vertex 29 27.3 0
      vertex 28.911028874386997 27.302329790917224 18
      vertex 29 27.3 18
    endloop
  endfacet
  facet normal -0.02617694830785591 0.9996573249755577 0
    outer loop
      vertex 29.088971125613003 27.302329790917224 0
      vertex 29 27.3 18
      vertex 29.088971125613003 27.302329790917224 18
    endloop
  endfacet
  facet normal -0.07845909572784271 0.9969173337331282 0
    outer loop
      vertex 29.17769838755501 27.309312777873934 0
      vertex 29.088971125613003 27.302329790917224 18
      vertex 29.17769838755501 27.309312777873934 18
    endloop
  endfacet
  facet normal -0.1305261922200572 0.9914448613738096 0
    outer loop
      vertex 29.265938590568393 27.320929820988265 0
      vertex 29.17769838755501 27.309312777873934 18
      vertex 29.265938590568393 27.320929820988265 18
    endloop
  endfacet
  facet normal -0.18223552549216931 0.9832549075639505 0
    outer loop
      vertex 29.35344987439019 27.33714907875253 0
      vertex 29.265938590568393 27.320929820988265 18
      vertex 29.35344987439019 27.33714907875253 18
    endloop
  endfacet
  facet normal 0.33380685923377107 0.9426414910921784 0
    outer loop
      vertex 28.47467110956259 27.38320392229824 0
      vertex 28.39077448577299 27.412913274954757 18
      vertex 28.47467110956259 27.38320392229824 18
    endloop
  endfacet
  facet normal 0.2840153447039206 0.9588197348681936 0
    outer loop
      vertex 28.560007623325713 27.357926095308585 0
      vertex 28.47467110956259 27.38320392229824 18
      vertex 28.560007623325713 27.357926095308585 18
    endloop
  endfacet
  facet normal 0.23344536385589695 0.9723699203976786 0
    outer loop
      vertex 28.64655012560981 27.33714907875253 0
      vertex 28.560007623325713 27.357926095308585 18
      vertex 28.64655012560981 27.33714907875253 18
    endloop
  endfacet
  facet normal -0.23344536385589695 0.9723699203976786 0
    outer loop
      vertex 29.439992376674287 27.357926095308585 0
      vertex 29.35344987439019 27.33714907875253 18
      vertex 29.439992376674287 27.357926095308585 18
    endloop
  endfacet
  facet normal -0.2840153447039206 0.9588197348681936 0
    outer loop
      vertex 29.52532889043741 27.38320392229824 0
      vertex 29.439992376674287 27.357926095308585 18
      vertex 29.52532889043741 27.38320392229824 18
    endloop
  endfacet
  facet normal -0.33380685923377107 0.9426414910921784 0
    outer loop
      vertex 29.60922551422701 27.412913274954757 0
      vertex 29.52532889043741 27.38320392229824 18
      vertex 29.60922551422701 27.412913274954757 18
    endloop
  endfacet
  facet normal -0.382683432365098 0.9238795325112833 0
    outer loop
      vertex 29.69145229322886 27.44697272200758 0
      vertex 29.60922551422701 27.412913274954757 18
      vertex 29.69145229322886 27.44697272200758 18
    endloop
  endfacet
  facet normal -0.4305110968082688 0.9025852843498732 0
    outer loop
      vertex 29.77178384955723 27.485288908879774 0
      vertex 29.69145229322886 27.44697272200758 18
      vertex 29.77178384955723 27.485288908879774 18
    endloop
  endfacet
  facet normal -0.47715876025962295 0.8788171126619575 0
    outer loop
      vertex 29.85 27.527756813566455 0
      vertex 29.77178384955723 27.485288908879774 18
      vertex 29.85 27.527756813566455 18
    endloop
  endfacet
  facet normal -0.5224985647159649 0.8526401643540824 0
    outer loop
      vertex 29.925886359525546 27.57426003449278 0
      vertex 29.85 27.527756813566455 18
      vertex 29.925886359525546 27.57426003449278 18
    endloop
  endfacet
  facet normal -0.5664062369248235 0.824126188622022 0
    outer loop
      vertex 29.999234928897206 27.62467110956259 0
      vertex 29.925886359525546 27.57426003449278 18
      vertex 29.999234928897206 27.62467110956259 18
    endloop
  endfacet
  facet normal -0.6087614290087122 0.7933533402912416 0
    outer loop
      vertex 30.069844664784725 27.67885186552315 0
      vertex 29.999234928897206 27.62467110956259 18
      vertex 30.069844664784725 27.67885186552315 18
    endloop
  endfacet
  facet normal -0.6494480483301944 0.7604059656000218 0
    outer loop
      vertex 30.137522030810057 27.73665379668843 0
      vertex 30.069844664784725 27.67885186552315 18
      vertex 30.137522030810057 27.73665379668843 18
    endloop
  endfacet
  facet normal -0.6883545756937332 0.7253743710123074 0
    outer loop
      vertex 30.202081528017132 27.797918471982868 0
      vertex 30.137522030810057 27.73665379668843 18
      vertex 30.202081528017132 27.797918471982868 18
    endloop
  endfacet
  facet normal -0.7253743710123074 0.6883545756937332 0
    outer loop
      vertex 30.26334620331157 27.862477969189943 0
      vertex 30.202081528017132 27.797918471982868 18
      vertex 30.26334620331157 27.862477969189943 18
    endloop
  endfacet
  facet normal -0.7604059656000218 0.6494480483301944 0
    outer loop
      vertex 30.32114813447685 27.930155335215275 0
      vertex 30.26334620331157 27.862477969189943 18
      vertex 30.32114813447685 27.930155335215275 18
    endloop
  endfacet
  facet normal -0.7933533402912416 0.6087614290087122 0
    outer loop
      vertex 30.37532889043741 28.000765071102794 0
      vertex 30.32114813447685 27.930155335215275 18
      vertex 30.37532889043741 28.000765071102794 18
    endloop
  endfacet
  facet normal -0.824126188622022 0.5664062369248235 0
    outer loop
      vertex 30.42573996550722 28.074113640474454 0
      vertex 30.37532889043741 28.000765071102794 18
      vertex 30.42573996550722 28.074113640474454 18
    endloop
  endfacet
  facet normal -0.8526401643540824 0.5224985647159649 0
    outer loop
      vertex 30.472243186433545 28.15 0
      vertex 30.42573996550722 28.074113640474454 18
      vertex 30.472243186433545 28.15 18
    endloop
  endfacet
  facet normal -0.8788171126619575 0.47715876025962295 0
    outer loop
      vertex 30.514711091120226 28.22821615044277 0
      vertex 30.472243186433545 28.15 18
      vertex 30.514711091120226 28.22821615044277 18
    endloop
  endfacet
  facet normal -0.9025852843498732 0.4305110968082688 0
    outer loop
      vertex 30.55302727799242 28.30854770677114 0
      vertex 30.514711091120226 28.22821615044277 18
      vertex 30.55302727799242 28.30854770677114 18
    endloop
  endfacet
  facet normal -0.9238795325112833 0.382683432365098 0
    outer loop
      vertex 30.587086725045243 28.39077448577299 0
      vertex 30.55302727799242 28.30854770677114 18
      vertex 30.587086725045243 28.39077448577299 18
    endloop
  endfacet
  facet normal -0.9426414910921784 0.33380685923377107 0
    outer loop
      vertex 30.61679607770176 28.47467110956259 0
      vertex 30.587086725045243 28.39077448577299 18
      vertex 30.61679607770176 28.47467110956259 18
    endloop
  endfacet
  facet normal -0.33380685923377107 -0.9426414910921784 0
    outer loop
      vertex 29.52532889043741 30.61679607770176 0
      vertex 29.60922551422701 30.587086725045243 18
      vertex 29.52532889043741 30.61679607770176 18
    endloop
  endfacet
  facet normal -0.382683432365098 -0.9238795325112833 0
    outer loop
      vertex 29.60922551422701 30.587086725045243 0
      vertex 29.69145229322886 30.55302727799242 18
      vertex 29.60922551422701 30.587086725045243 18
    endloop
  endfacet
  facet normal -0.4305110968082688 -0.9025852843498732 0
    outer loop
      vertex 29.69145229322886 30.55302727799242 0
      vertex 29.77178384955723 30.514711091120226 18
      vertex 29.69145229322886 30.55302727799242 18
    endloop
  endfacet
  facet normal -0.47715876025962295 -0.8788171126619575 0
    outer loop
      vertex 29.77178384955723 30.514711091120226 0
      vertex 29.85 30.472243186433545 18
      vertex 29.77178384955723 30.514711091120226 18
    endloop
  endfacet
  facet normal -0.5224985647159649 -0.8526401643540824 0
    outer loop
      vertex 29.85 30.472243186433545 0
      vertex 29.925886359525546 30.42573996550722 18
      vertex 29.85 30.472243186433545 18
    endloop
  endfacet
  facet normal -0.5664062369248235 -0.824126188622022 0
    outer loop
      vertex 29.925886359525546 30.42573996550722 0
      vertex 29.999234928897206 30.37532889043741 18
      vertex 29.925886359525546 30.42573996550722 18
    endloop
  endfacet
  facet normal -0.6087614290087122 -0.7933533402912416 0
    outer loop
      vertex 29.999234928897206 30.37532889043741 0
      vertex 30.069844664784725 30.32114813447685 18
      vertex 29.999234928897206 30.37532889043741 18
    endloop
  endfacet
  facet normal -0.7933533402912416 -0.6087614290087122 0
    outer loop
      vertex 30.32114813447685 30.069844664784725 0
      vertex 30.37532889043741 29.999234928897206 18
      vertex 30.32114813447685 30.069844664784725 18
    endloop
  endfacet
  facet normal -0.9426414910921784 -0.33380685923377107 0
    outer loop
      vertex 30.587086725045243 29.60922551422701 0
      vertex 30.61679607770176 29.52532889043741 18
      vertex 30.587086725045243 29.60922551422701 18
    endloop
  endfacet
  facet normal -0.9238795325112833 -0.382683432365098 0
    outer loop
      vertex 30.55302727799242 29.69145229322886 0
      vertex 30.587086725045243 29.60922551422701 18
      vertex 30.55302727799242 29.69145229322886 18
    endloop
  endfacet
  facet normal -0.9025852843498732 -0.4305110968082688 0
    outer loop
      vertex 30.514711091120226 29.77178384955723 0
      vertex 30.55302727799242 29.69145229322886 18
      vertex 30.514711091120226 29.77178384955723 18
    endloop
  endfacet
  facet normal -0.8788171126619575 -0.47715876025962295 0
    outer loop
      vertex 30.472243186433545 29.85 0
      vertex 30.514711091120226 29.77178384955723 18
      vertex 30.472243186433545 29.85 18
    endloop
  endfacet
  facet normal -0.8526401643540824 -0.5224985647159649 0
    outer loop
      vertex 30.42573996550722 29.925886359525546 0
      vertex 30.472243186433545 29.85 18
      vertex 30.42573996550722 29.925886359525546 18
    endloop
  endfacet
  facet normal -0.824126188622022 -0.5664062369248235 0
    outer loop
      vertex 30.37532889043741 29.999234928897206 0
      vertex 30.42573996550722 29.925886359525546 18
      vertex 30.37532889043741 29.999234928897206 18
    endloop
  endfacet
  facet normal -0.6494480483301944 -0.7604059656000218 0
    outer loop
      vertex 30.069844664784725 30.32114813447685 0
      vertex 30.137522030810057 30.26334620331157 18
      vertex 30.069844664784725 30.32114813447685 18
    endloop
  endfacet
  facet normal -0.6883545756937332 -0.7253743710123074 0
    outer loop
      vertex 30.137522030810057 30.26334620331157 0
      vertex 30.202081528017132 30.202081528017132 18
      vertex 30.137522030810057 30.26334620331157 18
    endloop
  endfacet
  facet normal -0.7604059656000218 -0.6494480483301944 0
    outer loop
      vertex 30.26334620331157 30.137522030810057 0
      vertex 30.32114813447685 30.069844664784725 18
      vertex 30.26334620331157 30.137522030810057 18
    endloop
  endfacet
  facet normal -0.7253743710123074 -0.6883545756937332 0
    outer loop
      vertex 30.202081528017132 30.202081528017132 0
      vertex 30.26334620331157 30.137522030810057 18
      vertex 30.202081528017132 30.202081528017132 18
    endloop
  endfacet
  facet normal 0.2840153447039206 -0.9588197348681936 0
    outer loop
      vertex 28.47467110956259 30.61679607770176 0
      vertex 28.560007623325713 30.642073904691415 18
      vertex 28.47467110956259 30.61679607770176 18
    endloop
  endfacet
  facet normal 0.23344536385589695 -0.9723699203976786 0
    outer loop
      vertex 28.560007623325713 30.642073904691415 0
      vertex 28.64655012560981 30.66285092124747 18
      vertex 28.560007623325713 30.642073904691415 18
    endloop
  endfacet
  facet normal 0.18223552549216931 -0.9832549075639505 0
    outer loop
      vertex 28.64655012560981 30.66285092124747 0
      vertex 28.734061409431607 30.679070179011735 18
      vertex 28.64655012560981 30.66285092124747 18
    endloop
  endfacet
  facet normal 0.1305261922200572 -0.9914448613738096 0
    outer loop
      vertex 28.734061409431607 30.679070179011735 0
      vertex 28.82230161244499 30.690687222126066 18
      vertex 28.734061409431607 30.679070179011735 18
    endloop
  endfacet
  facet normal 0.07845909572784271 -0.9969173337331282 0
    outer loop
      vertex 28.82230161244499 30.690687222126066 0
      vertex 28.911028874386997 30.697670209082776 18
      vertex 28.82230161244499 30.690687222126066 18
    endloop
  endfacet
  facet normal 0.02617694830785591 -0.9996573249755577 0
    outer loop
      vertex 28.911028874386997 30.697670209082776 0
      vertex 29 30.7 18
      vertex 28.911028874386997 30.697670209082776 18
    endloop
  endfacet
  facet normal -0.02617694830785591 -0.9996573249755577 0
    outer loop
      vertex 29 30.7 0
      vertex 29.088971125613003 30.697670209082776 18
      vertex 29 30.7 18
    endloop
  endfacet
  facet normal -0.07845909572784271 -0.9969173337331282 0
    outer loop
      vertex 29.088971125613003 30.697670209082776 0
      vertex 29.17769838755501 30.690687222126066 18
      vertex 29.088971125613003 30.697670209082776 18
    endloop
  endfacet
  facet normal -0.1305261922200572 -0.9914448613738096 0
    outer loop
      vertex 29.17769838755501 30.690687222126066 0
      vertex 29.265938590568393 30.679070179011735 18
      vertex 29.17769838755501 30.690687222126066 18
    endloop
  endfacet
  facet normal -0.18223552549216931 -0.9832549075639505 0
    outer loop
      vertex 29.265938590568393 30.679070179011735 0
      vertex 29.35344987439019 30.66285092124747 18
      vertex 29.265938590568393 30.679070179011735 18
    endloop
  endfacet
  facet normal -0.23344536385589695 -0.9723699203976786 0
    outer loop
      vertex 29.35344987439019 30.66285092124747 0
      vertex 29.439992376674287 30.642073904691415 18
      vertex 29.35344987439019 30.66285092124747 18
    endloop
  endfacet
  facet normal -0.2840153447039206 -0.9588197348681936 0
    outer loop
      vertex 29.439992376674287 30.642073904691415 0
      vertex 29.52532889043741 30.61679607770176 18
      vertex 29.439992376674287 30.642073904691415 18
    endloop
  endfacet
  facet normal -0.9588197348681936 0.2840153447039206 0
    outer loop
      vertex 30.642073904691415 28.560007623325713 0
      vertex 30.61679607770176 28.47467110956259 18
      vertex 30.642073904691415 28.560007623325713 18
    endloop
  endfacet
  facet normal -0.9723699203976786 0.23344536385589695 0
    outer loop
      vertex 30.66285092124747 28.64655012560981 0
      vertex 30.642073904691415 28.560007623325713 18
      vertex 30.66285092124747 28.64655012560981 18
    endloop
  endfacet
  facet normal -0.9832549075639505 0.18223552549216931 0
    outer loop
      vertex 30.679070179011735 28.734061409431607 0
      vertex 30.66285092124747 28.64655012560981 18
      vertex 30.679070179011735 28.734061409431607 18
    endloop
  endfacet
  facet normal -0.9914448613738096 0.1305261922200572 0
    outer loop
      vertex 30.690687222126066 28.82230161244499 0
      vertex 30.679070179011735 28.734061409431607 18
      vertex 30.690687222126066 28.82230161244499 18
    endloop
  endfacet
  facet normal -0.9969173337331282 0.07845909572784271 0
    outer loop
      vertex 30.697670209082776 28.911028874386997 0
      vertex 30.690687222126066 28.82230161244499 18
      vertex 30.697670209082776 28.911028874386997 18
    endloop
  endfacet
  facet normal -0.9996573249755577 0.02617694830785591 0
    outer loop
      vertex 30.7 29 0
      vertex 30.697670209082776 28.911028874386997 18
      vertex 30.7 29 18
    endloop
  endfacet
  facet normal -0.9996573249755577 -0.02617694830785591 0
    outer loop
      vertex 30.697670209082776 29.088971125613003 0
      vertex 30.7 29 18
      vertex 30.697670209082776 29.088971125613003 18
    endloop
  endfacet
  facet normal -0.9969173337331282 -0.07845909572784271 0
    outer loop
      vertex 30.690687222126066 29.17769838755501 0
      vertex 30.697670209082776 29.088971125613003 18
      vertex 30.690687222126066 29.17769838755501 18
    endloop
  endfacet
  facet normal -0.9914448613738096 -0.1305261922200572 0
    outer loop
      vertex 30.679070179011735 29.265938590568393 0
      vertex 30.690687222126066 29.17769838755501 18
      vertex 30.679070179011735 29.265938590568393 18
    endloop
  endfacet
  facet normal -0.9832549075639505 -0.18223552549216931 0
    outer loop
      vertex 30.66285092124747 29.35344987439019 0
      vertex 30.679070179011735 29.265938590568393 18
      vertex 30.66285092124747 29.35344987439019 18
    endloop
  endfacet
  facet normal -0.9723699203976786 -0.23344536385589695 0
    outer loop
      vertex 30.642073904691415 29.439992376674287 0
      vertex 30.66285092124747 29.35344987439019 18
      vertex 30.642073904691415 29.439992376674287 18
    endloop
  endfacet
  facet normal -0.9588197348681936 -0.2840153447039206 0
    outer loop
      vertex 30.61679607770176 29.52532889043741 0
      vertex 30.642073904691415 29.439992376674287 18
      vertex 30.61679607770176 29.52532889043741 18
    endloop
  endfacet
  facet normal 0 0 -1
    outer loop
      vertex -35 -35 0
      vertex -30.32114813447685 -30.069844664784725 0
      vertex -30.26334620331157 -30.137522030810057 0
    endloop
  endfacet
  facet normal 0 0 -1
    outer loop
      vertex -35 -35 0
      vertex -30.137522030810057 -30.26334620331157 0
      vertex -30.069844664784725 -30.32114813447685 0
    endloop
  endfacet
  facet normal 0 0 -1
    outer loop
      vertex -35 -35 0
      vertex -30.26334620331157 -30.137522030810057 0
      vertex -30.202081528017132 -30.202081528017132 0
    endloop
  endfacet
  facet normal 0 0 -1
    outer loop
      vertex -35 -35 0
      vertex -30.202081528017132 -30.202081528017132 0
      vertex -30.137522030810057 -30.26334620331157 0
    endloop
  endfacet
  facet normal 0 0 -1
    outer loop
      vertex -35 -35 0
      vertex -30.514711091120226 -29.77178384955723 0
      vertex -30.472243186433545 -29.85 0
    endloop
  endfacet
  facet normal 0 0 -1
    outer loop
      vertex -35 -35 0
      vertex -30.55302727799242 -29.69145229322886 0
      vertex -30.514711091120226 -29.77178384955723 0
    endloop
  endfacet
  facet normal 0 0 -1
    outer loop
      vertex -35 -35 0
      vertex -30.61679607770176 -29.52532889043741 0
      vertex -30.587086725045243 -29.60922551422701 0
    endloop
  endfacet
  facet normal 0 0 -1
    outer loop
      vertex -35 -35 0
      vertex -30.642073904691415 -29.439992376674287 0
      vertex -30.61679607770176 -29.52532889043741 0
    endloop
  endfacet
  facet normal 0 0 -1
    outer loop
      vertex -35 -35 0
      vertex -30.587086725045243 -29.60922551422701 0
      vertex -30.55302727799242 -29.69145229322886 0
    endloop
  endfacet
  facet normal 0 0 -1
    outer loop
      vertex -35 -35 0
      vertex -30.66285092124747 -29.35344987439019 0
      vertex -30.642073904691415 -29.439992376674287 0
    endloop
  endfacet
  facet normal 0 0 -1
    outer loop
      vertex -35 -35 0
      vertex -30.679070179011735 -29.265938590568393 0
      vertex -30.66285092124747 -29.35344987439019 0
    endloop
  endfacet
  facet normal 0 0 -1
    outer loop
      vertex -35 -35 0
      vertex -30.42573996550722 -29.925886359525546 0
      vertex -30.37532889043741 -29.999234928897206 0
    endloop
  endfacet
  facet normal 0 0 -1
    outer loop
      vertex -35 -35 0
      vertex -30.472243186433545 -29.85 0
      vertex -30.42573996550722 -29.925886359525546 0
    endloop
  endfacet
  facet normal 0 0 -1
    outer loop
      vertex -35 -35 0
      vertex -30.37532889043741 -29.999234928897206 0
      vertex -30.32114813447685 -30.069844664784725 0
    endloop
  endfacet
  facet normal 0 0 -1
    outer loop
      vertex -35 -35 0
      vertex -30.697670209082776 -29.088971125613003 0
      vertex -30.690687222126066 -29.17769838755501 0
    endloop
  endfacet
  facet normal 0 0 -1
    outer loop
      vertex -35 -35 0
      vertex -30.7 -29 0
      vertex -30.697670209082776 -29.088971125613003 0
    endloop
  endfacet
  facet normal 0 0 -1
    outer loop
      vertex -35 -35 0
      vertex -30.697670209082776 -28.911028874386997 0
      vertex -30.7 -29 0
    endloop
  endfacet
  facet normal 0 0 -1
    outer loop
      vertex -35 -35 0
      vertex -30.690687222126066 -29.17769838755501 0
      vertex -30.679070179011735 -29.265938590568393 0
    endloop
  endfacet
  facet normal 0 0 -1
    outer loop
      vertex -35 -35 0
      vertex -29.85 -30.472243186433545 0
      vertex -29.77178384955723 -30.514711091120226 0
    endloop
  endfacet
  facet normal 0 0 -1
    outer loop
      vertex -35 -35 0
      vertex -29.77178384955723 -30.514711091120226 0
      vertex -29.69145229322886 -30.55302727799242 0
    endloop
  endfacet
  facet normal 0 0 -1
    outer loop
      vertex -35 -35 0
      vertex -30.069844664784725 -30.32114813447685 0
      vertex -29.999234928897206 -30.37532889043741 0
    endloop
  endfacet
  facet normal 0 0 -1
    outer loop
      vertex -35 -35 0
      vertex -29.999234928897206 -30.37532889043741 0
      vertex -29.925886359525546 -30.42573996550722 0
    endloop
  endfacet
  facet normal 0 0 -1
    outer loop
      vertex -35 -35 0
      vertex -29.925886359525546 -30.42573996550722 0
      vertex -29.85 -30.472243186433545 0
    endloop
  endfacet
  facet normal 0 0 -1
    outer loop
      vertex -35 -35 0
      vertex -29.60922551422701 -30.587086725045243 0
      vertex -29.52532889043741 -30.61679607770176 0
    endloop
  endfacet
  facet normal 0 0 -1
    outer loop
      vertex -35 -35 0
      vertex -29.69145229322886 -30.55302727799242 0
      vertex -29.60922551422701 -30.587086725045243 0
    endloop
  endfacet
  facet normal 0 0 -1
    outer loop
      vertex -35 -35 0
      vertex -29.52532889043741 -30.61679607770176 0
      vertex -29.439992376674287 -30.642073904691415 0
    endloop
  endfacet
  facet normal 0 0 -1
    outer loop
      vertex -35 -35 0
      vertex -29.439992376674287 -30.642073904691415 0
      vertex -29.35344987439019 -30.66285092124747 0
    endloop
  endfacet
  facet normal 0 0 -1
    outer loop
      vertex -35 -35 0
      vertex -29.35344987439019 -30.66285092124747 0
      vertex -29.265938590568393 -30.679070179011735 0
    endloop
  endfacet
  facet normal 0 0 -1
    outer loop
      vertex -35 -35 0
      vertex -29.17769838755501 -30.690687222126066 0
      vertex -29.088971125613003 -30.697670209082776 0
    endloop
  endfacet
  facet normal 0 0 -1
    outer loop
      vertex -35 -35 0
      vertex -29.265938590568393 -30.679070179011735 0
      vertex -29.17769838755501 -30.690687222126066 0
    endloop
  endfacet
  facet normal 0 0 -1
    outer loop
      vertex -29.265938590568393 -27.320929820988265 0
      vertex -29.35344987439019 -27.33714907875253 0
      vertex -4.176991960546748 0.4390195457241446 0
    endloop
  endfacet
  facet normal 0 0 -1
    outer loop
      vertex -29.088971125613003 -27.302329790917224 0
      vertex -29.17769838755501 -27.309312777873934 0
      vertex -4.2 0 0
    endloop
  endfacet
  facet normal 0 0 -1
    outer loop
      vertex -29.17769838755501 -27.309312777873934 0
      vertex -29.265938590568393 -27.320929820988265 0
      vertex -4.19424404596921 0.2198110162203641 0
    endloop
  endfacet
  facet normal 0 0 -1
    outer loop
      vertex -29.35344987439019 -27.33714907875253 0
      vertex -29.439992376674287 -27.357926095308585 0
      vertex -4.148291030499578 0.6570247531689697 0
    endloop
  endfacet
  facet normal 0 0 -1
    outer loop
      vertex -28.560007623325713 -27.357926095308585 0
      vertex -28.64655012560981 -27.33714907875253 0
      vertex -3.994437368439645 -1.2978713763747791 0
    endloop
  endfacet
  facet normal 0 0 -1
    outer loop
      vertex -28.47467110956259 -27.38320392229824 0
      vertex -28.560007623325713 -27.357926095308585 0
      vertex -3.9210377912882475 -1.5051453880902612 0
    endloop
  endfacet
  facet normal 0 0 -1
    outer loop
      vertex -28.39077448577299 -27.412913274954757 0
      vertex -28.47467110956259 -27.38320392229824 0
      vertex -3.9210377912882475 -1.5051453880902612 0
    endloop
  endfacet
  facet normal 0 0 -1
    outer loop
      vertex -28.000765071102794 -27.62467110956259 0
      vertex -28.074113640474454 -27.57426003449278 0
      vertex -3.3978713763747797 -2.4686980596283874 0
    endloop
  endfacet
  facet normal 0 0 -1
    outer loop
      vertex -27.930155335215275 -27.67885186552315 0
      vertex -28.000765071102794 -27.62467110956259 0
      vertex -3.264013038119278 -2.6431456424093174 0
    endloop
  endfacet
  facet normal 0 0 -1
    outer loop
      vertex -28.15 -27.527756813566455 0
      vertex -28.22821615044277 -27.485288908879774 0
      vertex -3.637306695894642 -2.1 0
    endloop
  endfacet
  facet normal 0 0 -1
    outer loop
      vertex -28.22821615044277 -27.485288908879774 0
      vertex -28.30854770677114 -27.44697272200758 0
      vertex -3.7422274015911454 -1.9067600989060967 0
    endloop
  endfacet
  facet normal 0 0 -1
    outer loop
      vertex -28.30854770677114 -27.44697272200758 0
      vertex -28.39077448577299 -27.412913274954757 0
      vertex -3.836890922098924 -1.7082939009183609 0
    endloop
  endfacet
  facet normal 0 0 -1
    outer loop
      vertex -28.074113640474454 -27.57426003449278 0
      vertex -28.15 -27.527756813566455 0
      vertex -3.5224163853707813 -2.2874839470631136 0
    endloop
  endfacet
  facet normal 0 0 -1
    outer loop
      vertex -28.911028874386997 -27.302329790917224 0
      vertex -29 -27.3 0
      vertex -4.176991960546748 -0.4390195457241446 0
    endloop
  endfacet
  facet normal 0 0 -1
    outer loop
      vertex -28.734061409431607 -27.320929820988265 0
      vertex -28.82230161244499 -27.309312777873934 0
      vertex -4.108219923081984 -0.8732291014345893 0
    endloop
  endfacet
  facet normal 0 0 -1
    outer loop
      vertex -28.82230161244499 -27.309312777873934 0
      vertex -28.911028874386997 -27.302329790917224 0
      vertex -4.148291030499578 -0.6570247531689697 0
    endloop
  endfacet
  facet normal 0 0 -1
    outer loop
      vertex -29 -27.3 0
      vertex -29.088971125613003 -27.302329790917224 0
      vertex -4.19424404596921 -0.2198110162203641 0
    endloop
  endfacet
  facet normal 0 0 -1
    outer loop
      vertex -28.64655012560981 -27.33714907875253 0
      vertex -28.734061409431607 -27.320929820988265 0
      vertex -4.056888470414087 -1.087039989430587 0
    endloop
  endfacet
  facet normal 0 0 -1
    outer loop
      vertex -27.67885186552315 -27.930155335215275 0
      vertex -2.6431456424093174 -3.264013038119278 0
      vertex -27.62467110956259 -28.000765071102794 0
    endloop
  endfacet
  facet normal 0 0 -1
    outer loop
      vertex -27.62467110956259 -28.000765071102794 0
      vertex -2.4686980596283874 -3.3978713763747797 0
      vertex -27.57426003449278 -28.074113640474454 0
    endloop
  endfacet
  facet normal 0 0 -1
    outer loop
      vertex -27.527756813566455 -28.15 0
      vertex -2.1 -3.637306695894642 0
      vertex -27.485288908879774 -28.22821615044277 0
    endloop
  endfacet
  facet normal 0 0 -1
    outer loop
      vertex -27.485288908879774 -28.22821615044277 0
      vertex -1.9067600989060967 -3.7422274015911454 0
      vertex -27.44697272200758 -28.30854770677114 0
    endloop
  endfacet
  facet normal 0 0 -1
    outer loop
      vertex -27.57426003449278 -28.074113640474454 0
      vertex -2.2874839470631136 -3.5224163853707813 0
      vertex -27.527756813566455 -28.15 0
    endloop
  endfacet
  facet normal 0 0 -1
    outer loop
      vertex -27.44697272200758 -28.30854770677114 0
      vertex -1.7082939009183609 -3.836890922098924 0
      vertex -27.412913274954757 -28.39077448577299 0
    endloop
  endfacet
  facet normal 0 0 -1
    outer loop
      vertex -27.797918471982868 -27.797918471982868 0
      vertex -2.8103485467072047 -3.121208267005056 0
      vertex -27.73665379668843 -27.862477969189943 0
    endloop
  endfacet
  facet normal 0 0 -1
    outer loop
      vertex -27.797918471982868 -27.797918471982868 0
      vertex -27.862477969189943 -27.73665379668843 0
      vertex -2.9698484809834995 -2.9698484809835004 0
    endloop
  endfacet
  facet normal 0 0 -1
    outer loop
      vertex -27.862477969189943 -27.73665379668843 0
      vertex -27.930155335215275 -27.67885186552315 0
      vertex -3.121208267005056 -2.8103485467072047 0
    endloop
  endfacet
  facet normal 0 0 -1
    outer loop
      vertex -27.73665379668843 -27.862477969189943 0
      vertex -2.8103485467072047 -3.121208267005056 0
      vertex -27.67885186552315 -27.930155335215275 0
    endloop
  endfacet
  facet normal 0 0 -1
    outer loop
      vertex -35 -35 0
      vertex -27.73665379668843 27.862477969189943 0
      vertex -30.697670209082776 -28.911028874386997 0
    endloop
  endfacet
  facet normal 0 0 -1
    outer loop
      vertex -30.697670209082776 -28.911028874386997 0
      vertex -27.73665379668843 27.862477969189943 0
      vertex -30.690687222126066 -28.82230161244499 0
    endloop
  endfacet
  facet normal 0 0 -1
    outer loop
      vertex -30.690687222126066 -28.82230161244499 0
      vertex -27.73665379668843 27.862477969189943 0
      vertex -30.679070179011735 -28.734061409431607 0
    endloop
  endfacet
  facet normal 0 0 -1
    outer loop
      vertex -30.679070179011735 -28.734061409431607 0
      vertex -27.73665379668843 27.862477969189943 0
      vertex -30.66285092124747 -28.64655012560981 0
    endloop
  endfacet
  facet normal 0 0 -1
    outer loop
      vertex -30.66285092124747 -28.64655012560981 0
      vertex -27.73665379668843 27.862477969189943 0
      vertex -30.642073904691415 -28.560007623325713 0
    endloop
  endfacet
  facet normal 0 0 -1
    outer loop
      vertex -30.642073904691415 -28.560007623325713 0
      vertex -27.73665379668843 27.862477969189943 0
      vertex -30.61679607770176 -28.47467110956259 0
    endloop
  endfacet
  facet normal 0 0 -1
    outer loop
      vertex -30.61679607770176 -28.47467110956259 0
      vertex -27.73665379668843 27.862477969189943 0
      vertex -30.587086725045243 -28.39077448577299 0
    endloop
  endfacet
  facet normal 0 0 -1
    outer loop
      vertex -30.587086725045243 -28.39077448577299 0
      vertex -27.73665379668843 27.862477969189943 0
      vertex -30.55302727799242 -28.30854770677114 0
    endloop
  endfacet
  facet normal 0 0 -1
    outer loop
      vertex -30.55302727799242 -28.30854770677114 0
      vertex -27.73665379668843 27.862477969189943 0
      vertex -30.514711091120226 -28.22821615044277 0
    endloop
  endfacet
  facet normal 0 0 -1
    outer loop
      vertex -30.514711091120226 -28.22821615044277 0
      vertex -27.73665379668843 27.862477969189943 0
      vertex -30.472243186433545 -28.15 0
    endloop
  endfacet
  facet normal 0 0 -1
    outer loop
      vertex -30.472243186433545 -28.15 0
      vertex -27.73665379668843 27.862477969189943 0
      vertex -30.42573996550722 -28.074113640474454 0
    endloop
  endfacet
  facet normal 0 0 -1
    outer loop
      vertex -30.42573996550722 -28.074113640474454 0
      vertex -27.73665379668843 27.862477969189943 0
      vertex -30.37532889043741 -28.000765071102794 0
    endloop
  endfacet
  facet normal 0 0 -1
    outer loop
      vertex -30.37532889043741 -28.000765071102794 0
      vertex -27.73665379668843 27.862477969189943 0
      vertex -30.32114813447685 -27.930155335215275 0
    endloop
  endfacet
  facet normal 0 0 -1
    outer loop
      vertex -30.32114813447685 -27.930155335215275 0
      vertex -27.73665379668843 27.862477969189943 0
      vertex -30.26334620331157 -27.862477969189943 0
    endloop
  endfacet
  facet normal 0 0 -1
    outer loop
      vertex -30.26334620331157 -27.862477969189943 0
      vertex -27.73665379668843 27.862477969189943 0
      vertex -30.202081528017132 -27.797918471982868 0
    endloop
  endfacet
  facet normal 0 0 -1
    outer loop
      vertex -30.137522030810057 -27.73665379668843 0
      vertex -30.202081528017132 -27.797918471982868 0
      vertex -27.73665379668843 27.862477969189943 0
    endloop
  endfacet
  facet normal 0 0 -1
    outer loop
      vertex -30.069844664784725 -27.67885186552315 0
      vertex -30.137522030810057 -27.73665379668843 0
      vertex -27.73665379668843 27.862477969189943 0
    endloop
  endfacet
  facet normal 0 0 -1
    outer loop
      vertex -29.999234928897206 -27.62467110956259 0
      vertex -30.069844664784725 -27.67885186552315 0
      vertex -27.73665379668843 27.862477969189943 0
    endloop
  endfacet
  facet normal 0 0 -1
    outer loop
      vertex -29.925886359525546 -27.57426003449278 0
      vertex -29.999234928897206 -27.62467110956259 0
      vertex -27.73665379668843 27.862477969189943 0
    endloop
  endfacet
  facet normal 0 0 -1
    outer loop
      vertex -29.85 -27.527756813566455 0
      vertex -29.925886359525546 -27.57426003449278 0
      vertex -27.73665379668843 27.862477969189943 0
    endloop
  endfacet
  facet normal 0 0 -1
    outer loop
      vertex -29.77178384955723 -27.485288908879774 0
      vertex -29.85 -27.527756813566455 0
      vertex -27.73665379668843 27.862477969189943 0
    endloop
  endfacet
  facet normal 0 0 -1
    outer loop
      vertex -29.69145229322886 -27.44697272200758 0
      vertex -29.77178384955723 -27.485288908879774 0
      vertex -27.73665379668843 27.862477969189943 0
    endloop
  endfacet
  facet normal 0 0 -1
    outer loop
      vertex -29.60922551422701 -27.412913274954757 0
      vertex -29.69145229322886 -27.44697272200758 0
      vertex -27.73665379668843 27.862477969189943 0
    endloop
  endfacet
  facet normal 0 0 -1
    outer loop
      vertex -29.52532889043741 -27.38320392229824 0
      vertex -29.60922551422701 -27.412913274954757 0
      vertex -27.73665379668843 27.862477969189943 0
    endloop
  endfacet
  facet normal 0 0 -1
    outer loop
      vertex -29.439992376674287 -27.357926095308585 0
      vertex -29.52532889043741 -27.38320392229824 0
      vertex -27.73665379668843 27.862477969189943 0
    endloop
  endfacet
  facet normal 0 0 -1
    outer loop
      vertex -35 -35 0
      vertex -29.088971125613003 -30.697670209082776 0
      vertex 35 -35 0
    endloop
  endfacet
  facet normal 0 0 -1
    outer loop
      vertex -27.862477969189943 -30.26334620331157 0
      vertex -27.797918471982868 -30.202081528017132 0
      vertex 27.862477969189943 -30.26334620331157 0
    endloop
  endfacet
  facet normal 0 0 -1
    outer loop
      vertex -27.797918471982868 -30.202081528017132 0
      vertex -27.73665379668843 -30.137522030810057 0
      vertex 27.797918471982868 -30.202081528017132 0
    endloop
  endfacet
  facet normal 0 0 -1
    outer loop
      vertex -27.67885186552315 -30.069844664784725 0
      vertex 27.73665379668843 -30.137522030810057 0
      vertex -27.73665379668843 -30.137522030810057 0
    endloop
  endfacet
  facet normal 0 0 -1
    outer loop
      vertex -27.62467110956259 -29.999234928897206 0
      vertex 27.67885186552315 -30.069844664784725 0
      vertex -27.67885186552315 -30.069844664784725 0
    endloop
  endfacet
  facet normal 0 0 -1
    outer loop
      vertex -27.57426003449278 -29.925886359525546 0
      vertex 27.62467110956259 -29.999234928897206 0
      vertex -27.62467110956259 -29.999234928897206 0
    endloop
  endfacet
  facet normal 0 0 -1
    outer loop
      vertex -27.527756813566455 -29.85 0
      vertex 27.57426003449278 -29.925886359525546 0
      vertex -27.57426003449278 -29.925886359525546 0
    endloop
  endfacet
  facet normal 0 0 -1
    outer loop
      vertex -27.485288908879774 -29.77178384955723 0
      vertex 27.527756813566455 -29.85 0
      vertex -27.527756813566455 -29.85 0
    endloop
  endfacet
  facet normal 0 0 -1
    outer loop
      vertex -27.44697272200758 -29.69145229322886 0
      vertex 27.485288908879774 -29.77178384955723 0
      vertex -27.485288908879774 -29.77178384955723 0
    endloop
  endfacet
  facet normal 0 0 -1
    outer loop
      vertex -27.412913274954757 -29.60922551422701 0
      vertex 27.44697272200758 -29.69145229322886 0
      vertex -27.44697272200758 -29.69145229322886 0
    endloop
  endfacet
  facet normal 0 0 -1
    outer loop
      vertex -27.38320392229824 -29.52532889043741 0
      vertex 27.412913274954757 -29.60922551422701 0
      vertex -27.412913274954757 -29.60922551422701 0
    endloop
  endfacet
  facet normal 0 0 -1
    outer loop
      vertex -27.357926095308585 -29.439992376674287 0
      vertex 27.38320392229824 -29.52532889043741 0
      vertex -27.38320392229824 -29.52532889043741 0
    endloop
  endfacet
  facet normal 0 0 -1
    outer loop
      vertex -27.33714907875253 -29.35344987439019 0
      vertex 27.357926095308585 -29.439992376674287 0
      vertex -27.357926095308585 -29.439992376674287 0
    endloop
  endfacet
  facet normal 0 0 -1
    outer loop
      vertex -27.320929820988265 -29.265938590568393 0
      vertex 27.33714907875253 -29.35344987439019 0
      vertex -27.33714907875253 -29.35344987439019 0
    endloop
  endfacet
  facet normal 0 0 -1
    outer loop
      vertex -27.309312777873934 -29.17769838755501 0
      vertex 27.320929820988265 -29.265938590568393 0
      vertex -27.320929820988265 -29.265938590568393 0
    endloop
  endfacet
  facet normal 0 0 -1
    outer loop
      vertex -27.302329790917224 -29.088971125613003 0
      vertex 27.309312777873934 -29.17769838755501 0
      vertex -27.309312777873934 -29.17769838755501 0
    endloop
  endfacet
  facet normal 0 0 -1
    outer loop
      vertex -27.3 -29 0
      vertex 27.302329790917224 -29.088971125613003 0
      vertex -27.302329790917224 -29.088971125613003 0
    endloop
  endfacet
  facet normal 0 0 -1
    outer loop
      vertex -27.302329790917224 -28.911028874386997 0
      vertex 27.3 -29 0
      vertex -27.3 -29 0
    endloop
  endfacet
  facet normal 0 0 -1
    outer loop
      vertex -27.309312777873934 -28.82230161244499 0
      vertex 27.302329790917224 -28.911028874386997 0
      vertex -27.302329790917224 -28.911028874386997 0
    endloop
  endfacet
  facet normal 0 0 -1
    outer loop
      vertex -27.320929820988265 -28.734061409431607 0
      vertex 27.309312777873934 -28.82230161244499 0
      vertex -27.309312777873934 -28.82230161244499 0
    endloop
  endfacet
  facet normal 0 0 -1
    outer loop
      vertex -27.33714907875253 -28.64655012560981 0
      vertex 27.320929820988265 -28.734061409431607 0
      vertex -27.320929820988265 -28.734061409431607 0
    endloop
  endfacet
  facet normal 0 0 -1
    outer loop
      vertex -27.357926095308585 -28.560007623325713 0
      vertex 27.33714907875253 -28.64655012560981 0
      vertex -27.33714907875253 -28.64655012560981 0
    endloop
  endfacet
  facet normal 0 0 -1
    outer loop
      vertex -27.38320392229824 -28.47467110956259 0
      vertex 27.357926095308585 -28.560007623325713 0
      vertex -27.357926095308585 -28.560007623325713 0
    endloop
  endfacet
  facet normal 0 0 -1
    outer loop
      vertex -27.412913274954757 -28.39077448577299 0
      vertex 27.38320392229824 -28.47467110956259 0
      vertex -27.38320392229824 -28.47467110956259 0
    endloop
  endfacet
  facet normal 0 0 -1
    outer loop
      vertex 35 -35 0
      vertex -29.088971125613003 -30.697670209082776 0
      vertex -29 -30.7 0
    endloop
  endfacet
  facet normal 0 0 -1
    outer loop
      vertex 35 -35 0
      vertex -29 -30.7 0
      vertex -28.911028874386997 -30.697670209082776 0
    endloop
  endfacet
  facet normal 0 0 -1
    outer loop
      vertex 35 -35 0
      vertex -28.911028874386997 -30.697670209082776 0
      vertex -28.82230161244499 -30.690687222126066 0
    endloop
  endfacet
  facet normal 0 0 -1
    outer loop
      vertex 35 -35 0
      vertex -28.82230161244499 -30.690687222126066 0
      vertex -28.734061409431607 -30.679070179011735 0
    endloop
  endfacet
  facet normal 0 0 -1
    outer loop
      vertex 35 -35 0
      vertex -28.734061409431607 -30.679070179011735 0
      vertex -28.64655012560981 -30.66285092124747 0
    endloop
  endfacet
  facet normal 0 0 -1
    outer loop
      vertex 35 -35 0
      vertex -28.64655012560981 -30.66285092124747 0
      vertex -28.560007623325713 -30.642073904691415 0
    endloop
  endfacet
  facet normal 0 0 -1
    outer loop
      vertex 35 -35 0
      vertex -28.560007623325713 -30.642073904691415 0
      vertex -28.47467110956259 -30.61679607770176 0
    endloop
  endfacet
  facet normal 0 0 -1
    outer loop
      vertex 35 -35 0
      vertex -28.47467110956259 -30.61679607770176 0
      vertex -28.39077448577299 -30.587086725045243 0
    endloop
  endfacet
  facet normal 0 0 -1
    outer loop
      vertex 35 -35 0
      vertex -28.39077448577299 -30.587086725045243 0
      vertex -28.30854770677114 -30.55302727799242 0
    endloop
  endfacet
  facet normal 0 0 -1
    outer loop
      vertex 35 -35 0
      vertex -28.30854770677114 -30.55302727799242 0
      vertex -28.22821615044277 -30.514711091120226 0
    endloop
  endfacet
  facet normal 0 0 -1
    outer loop
      vertex 35 -35 0
      vertex -28.22821615044277 -30.514711091120226 0
      vertex -28.15 -30.472243186433545 0
    endloop
  endfacet
  facet normal 0 0 -1
    outer loop
      vertex 35 -35 0
      vertex -28.15 -30.472243186433545 0
      vertex -28.074113640474454 -30.42573996550722 0
    endloop
  endfacet
  facet normal 0 0 -1
    outer loop
      vertex 35 -35 0
      vertex -28.074113640474454 -30.42573996550722 0
      vertex -28.000765071102794 -30.37532889043741 0
    endloop
  endfacet
  facet normal 0 0 -1
    outer loop
      vertex 35 -35 0
      vertex -28.000765071102794 -30.37532889043741 0
      vertex -27.930155335215275 -30.32114813447685 0
    endloop
  endfacet
  facet normal 0 0 -1
    outer loop
      vertex 35 -35 0
      vertex -27.930155335215275 -30.32114813447685 0
      vertex -27.862477969189943 -30.26334620331157 0
    endloop
  endfacet
  facet normal 0 0 -1
    outer loop
      vertex -1.7082939009183609 -3.836890922098924 0
      vertex 27.412913274954757 -28.39077448577299 0
      vertex -27.412913274954757 -28.39077448577299 0
    endloop
  endfacet
  facet normal 0 0 -1
    outer loop
      vertex -27.930155335215275 -27.67885186552315 0
      vertex -3.264013038119278 -2.6431456424093174 0
      vertex -3.121208267005056 -2.8103485467072047 0
    endloop
  endfacet
  facet normal 0 0 -1
    outer loop
      vertex -27.862477969189943 -27.73665379668843 0
      vertex -3.121208267005056 -2.8103485467072047 0
      vertex -2.9698484809834995 -2.9698484809835004 0
    endloop
  endfacet
  facet normal 0 0 -1
    outer loop
      vertex -2.9698484809834995 -2.9698484809835004 0
      vertex -2.8103485467072047 -3.121208267005056 0
      vertex -27.797918471982868 -27.797918471982868 0
    endloop
  endfacet
  facet normal 0 0 -1
    outer loop
      vertex -2.8103485467072047 -3.121208267005056 0
      vertex -2.6431456424093174 -3.264013038119278 0
      vertex -27.67885186552315 -27.930155335215275 0
    endloop
  endfacet
  facet normal 0 0 -1
    outer loop
      vertex -28.39077448577299 -27.412913274954757 0
      vertex -3.9210377912882475 -1.5051453880902612 0
      vertex -3.836890922098924 -1.7082939009183609 0
    endloop
  endfacet
  facet normal 0 0 -1
    outer loop
      vertex -28.64655012560981 -27.33714907875253 0
      vertex -4.056888470414087 -1.087039989430587 0
      vertex -3.994437368439645 -1.2978713763747791 0
    endloop
  endfacet
  facet normal 0 0 -1
    outer loop
      vertex -28.560007623325713 -27.357926095308585 0
      vertex -3.994437368439645 -1.2978713763747791 0
      vertex -3.9210377912882475 -1.5051453880902612 0
    endloop
  endfacet
  facet normal 0 0 -1
    outer loop
      vertex -28.82230161244499 -27.309312777873934 0
      vertex -4.148291030499578 -0.6570247531689697 0
      vertex -4.108219923081984 -0.8732291014345893 0
    endloop
  endfacet
  facet normal 0 0 -1
    outer loop
      vertex -29 -27.3 0
      vertex -4.19424404596921 -0.2198110162203641 0
      vertex -4.176991960546748 -0.4390195457241446 0
    endloop
  endfacet
  facet normal 0 0 -1
    outer loop
      vertex -28.911028874386997 -27.302329790917224 0
      vertex -4.176991960546748 -0.4390195457241446 0
      vertex -4.148291030499578 -0.6570247531689697 0
    endloop
  endfacet
  facet normal 0 0 -1
    outer loop
      vertex -28.734061409431607 -27.320929820988265 0
      vertex -4.108219923081984 -0.8732291014345893 0
      vertex -4.056888470414087 -1.087039989430587 0
    endloop
  endfacet
  facet normal 0 0 -1
    outer loop
      vertex -29.088971125613003 -27.302329790917224 0
      vertex -4.2 0 0
      vertex -4.19424404596921 -0.2198110162203641 0
    endloop
  endfacet
  facet normal 0 0 -1
    outer loop
      vertex -29.17769838755501 -27.309312777873934 0
      vertex -4.19424404596921 0.2198110162203641 0
      vertex -4.2 0 0
    endloop
  endfacet
  facet normal 0 0 -1
    outer loop
      vertex -29.265938590568393 -27.320929820988265 0
      vertex -4.176991960546748 0.4390195457241446 0
      vertex -4.19424404596921 0.2198110162203641 0
    endloop
  endfacet
  facet normal 0 0 -1
    outer loop
      vertex -28.15 -27.527756813566455 0
      vertex -3.637306695894642 -2.1 0
      vertex -3.5224163853707813 -2.2874839470631136 0
    endloop
  endfacet
  facet normal 0 0 -1
    outer loop
      vertex -28.22821615044277 -27.485288908879774 0
      vertex -3.7422274015911454 -1.9067600989060967 0
      vertex -3.637306695894642 -2.1 0
    endloop
  endfacet
  facet normal 0 0 -1
    outer loop
      vertex -28.074113640474454 -27.57426003449278 0
      vertex -3.5224163853707813 -2.2874839470631136 0
      vertex -3.3978713763747797 -2.4686980596283874 0
    endloop
  endfacet
  facet normal 0 0 -1
    outer loop
      vertex -28.000765071102794 -27.62467110956259 0
      vertex -3.3978713763747797 -2.4686980596283874 0
      vertex -3.264013038119278 -2.6431456424093174 0
    endloop
  endfacet
  facet normal 0 0 -1
    outer loop
      vertex -28.30854770677114 -27.44697272200758 0
      vertex -3.836890922098924 -1.7082939009183609 0
      vertex -3.7422274015911454 -1.9067600989060967 0
    endloop
  endfacet
  facet normal 0 0 -1
    outer loop
      vertex -2.6431456424093174 -3.264013038119278 0
      vertex -2.4686980596283874 -3.3978713763747797 0
      vertex -27.62467110956259 -28.000765071102794 0
    endloop
  endfacet
  facet normal 0 0 -1
    outer loop
      vertex -2.4686980596283874 -3.3978713763747797 0
      vertex -2.2874839470631136 -3.5224163853707813 0
      vertex -27.57426003449278 -28.074113640474454 0
    endloop
  endfacet
  facet normal 0 0 -1
    outer loop
      vertex -2.2874839470631136 -3.5224163853707813 0
      vertex -2.1 -3.637306695894642 0
      vertex -27.527756813566455 -28.15 0
    endloop
  endfacet
  facet normal 0 0 -1
    outer loop
      vertex -2.1 -3.637306695894642 0
      vertex -1.9067600989060967 -3.7422274015911454 0
      vertex -27.485288908879774 -28.22821615044277 0
    endloop
  endfacet
  facet normal 0 0 -1
    outer loop
      vertex -1.9067600989060967 -3.7422274015911454 0
      vertex -1.7082939009183609 -3.836890922098924 0
      vertex -27.44697272200758 -28.30854770677114 0
    endloop
  endfacet
  facet normal 0 0 -1
    outer loop
      vertex -29.35344987439019 -27.33714907875253 0
      vertex -4.148291030499578 0.6570247531689697 0
      vertex -4.176991960546748 0.4390195457241446 0
    endloop
  endfacet
  facet normal 0 0 1
    outer loop
      vertex -35 -35 18
      vertex -30.26334620331157 -30.137522030810057 18
      vertex -30.32114813447685 -30.069844664784725 18
    endloop
  endfacet
  facet normal 0 0 1
    outer loop
      vertex -35 -35 18
      vertex -30.069844664784725 -30.32114813447685 18
      vertex -30.137522030810057 -30.26334620331157 18
    endloop
  endfacet
  facet normal 0 0 1
    outer loop
      vertex -35 -35 18
      vertex -30.202081528017132 -30.202081528017132 18
      vertex -30.26334620331157 -30.137522030810057 18
    endloop
  endfacet
  facet normal 0 0 1
    outer loop
      vertex -35 -35 18
      vertex -30.137522030810057 -30.26334620331157 18
      vertex -30.202081528017132 -30.202081528017132 18
    endloop
  endfacet
  facet normal 0 0 1
    outer loop
      vertex -35 -35 18
      vertex -30.472243186433545 -29.85 18
      vertex -30.514711091120226 -29.77178384955723 18
    endloop
  endfacet
  facet normal 0 0 1
    outer loop
      vertex -35 -35 18
      vertex -30.514711091120226 -29.77178384955723 18
      vertex -30.55302727799242 -29.69145229322886 18
    endloop
  endfacet
  facet normal 0 0 1
    outer loop
      vertex -35 -35 18
      vertex -30.587086725045243 -29.60922551422701 18
      vertex -30.61679607770176 -29.52532889043741 18
    endloop
  endfacet
  facet normal 0 0 1
    outer loop
      vertex -35 -35 18
      vertex -30.61679607770176 -29.52532889043741 18
      vertex -30.642073904691415 -29.439992376674287 18
    endloop
  endfacet
  facet normal 0 0 1
    outer loop
      vertex -35 -35 18
      vertex -30.55302727799242 -29.69145229322886 18
      vertex -30.587086725045243 -29.60922551422701 18
    endloop
  endfacet
  facet normal 0 0 1
    outer loop
      vertex -35 -35 18
      vertex -30.642073904691415 -29.439992376674287 18
      vertex -30.66285092124747 -29.35344987439019 18
    endloop
  endfacet
  facet normal 0 0 1
    outer loop
      vertex -35 -35 18
      vertex -30.66285092124747 -29.35344987439019 18
      vertex -30.679070179011735 -29.265938590568393 18
    endloop
  endfacet
  facet normal 0 0 1
    outer loop
      vertex -35 -35 18
      vertex -30.37532889043741 -29.999234928897206 18
      vertex -30.42573996550722 -29.925886359525546 18
    endloop
  endfacet
  facet normal 0 0 1
    outer loop
      vertex -35 -35 18
      vertex -30.42573996550722 -29.925886359525546 18
      vertex -30.472243186433545 -29.85 18
    endloop
  endfacet
  facet normal 0 0 1
    outer loop
      vertex -35 -35 18
      vertex -30.32114813447685 -30.069844664784725 18
      vertex -30.37532889043741 -29.999234928897206 18
    endloop
  endfacet
  facet normal 0 0 1
    outer loop
      vertex -35 -35 18
      vertex -30.690687222126066 -29.17769838755501 18
      vertex -30.697670209082776 -29.088971125613003 18
    endloop
  endfacet
  facet normal 0 0 1
    outer loop
      vertex -35 -35 18
      vertex -30.697670209082776 -29.088971125613003 18
      vertex -30.7 -29 18
    endloop
  endfacet
  facet normal 0 0 1
    outer loop
      vertex -35 -35 18
      vertex -30.679070179011735 -29.265938590568393 18
      vertex -30.690687222126066 -29.17769838755501 18
    endloop
  endfacet
  facet normal 0 0 1
    outer loop
      vertex -35 -35 18
      vertex -29.77178384955723 -30.514711091120226 18
      vertex -29.85 -30.472243186433545 18
    endloop
  endfacet
  facet normal 0 0 1
    outer loop
      vertex -35 -35 18
      vertex -29.69145229322886 -30.55302727799242 18
      vertex -29.77178384955723 -30.514711091120226 18
    endloop
  endfacet
  facet normal 0 0 1
    outer loop
      vertex -35 -35 18
      vertex -29.999234928897206 -30.37532889043741 18
      vertex -30.069844664784725 -30.32114813447685 18
    endloop
  endfacet
  facet normal 0 0 1
    outer loop
      vertex -35 -35 18
      vertex -29.85 -30.472243186433545 18
      vertex -29.925886359525546 -30.42573996550722 18
    endloop
  endfacet
  facet normal 0 0 1
    outer loop
      vertex -35 -35 18
      vertex -29.925886359525546 -30.42573996550722 18
      vertex -29.999234928897206 -30.37532889043741 18
    endloop
  endfacet
  facet normal 0 0 1
    outer loop
      vertex -35 -35 18
      vertex -29.52532889043741 -30.61679607770176 18
      vertex -29.60922551422701 -30.587086725045243 18
    endloop
  endfacet
  facet normal 0 0 1
    outer loop
      vertex -35 -35 18
      vertex -29.60922551422701 -30.587086725045243 18
      vertex -29.69145229322886 -30.55302727799242 18
    endloop
  endfacet
  facet normal 0 0 1
    outer loop
      vertex -35 -35 18
      vertex -29.439992376674287 -30.642073904691415 18
      vertex -29.52532889043741 -30.61679607770176 18
    endloop
  endfacet
  facet normal 0 0 1
    outer loop
      vertex -35 -35 18
      vertex -29.35344987439019 -30.66285092124747 18
      vertex -29.439992376674287 -30.642073904691415 18
    endloop
  endfacet
  facet normal 0 0 1
    outer loop
      vertex -35 -35 18
      vertex -29.265938590568393 -30.679070179011735 18
      vertex -29.35344987439019 -30.66285092124747 18
    endloop
  endfacet
  facet normal 0 0 1
    outer loop
      vertex -35 -35 18
      vertex -29.088971125613003 -30.697670209082776 18
      vertex -29.17769838755501 -30.690687222126066 18
    endloop
  endfacet
  facet normal 0 0 1
    outer loop
      vertex -35 -35 18
      vertex -29.17769838755501 -30.690687222126066 18
      vertex -29.265938590568393 -30.679070179011735 18
    endloop
  endfacet
  facet normal 0 0 1
    outer loop
      vertex -35 -35 18
      vertex -28.911028874386997 -30.697670209082776 18
      vertex -29 -30.7 18
    endloop
  endfacet
  facet normal 0 0 1
    outer loop
      vertex -35 -35 18
      vertex -29 -30.7 18
      vertex -29.088971125613003 -30.697670209082776 18
    endloop
  endfacet
  facet normal 0 0 1
    outer loop
      vertex -35 -35 18
      vertex -28.82230161244499 -30.690687222126066 18
      vertex -28.911028874386997 -30.697670209082776 18
    endloop
  endfacet
  facet normal 0 0 1
    outer loop
      vertex -35 -35 18
      vertex -28.734061409431607 -30.679070179011735 18
      vertex -28.82230161244499 -30.690687222126066 18
    endloop
  endfacet
  facet normal 0 0 1
    outer loop
      vertex -35 -35 18
      vertex -28.64655012560981 -30.66285092124747 18
      vertex -28.734061409431607 -30.679070179011735 18
    endloop
  endfacet
  facet normal 0 0 1
    outer loop
      vertex -35 -35 18
      vertex -28.560007623325713 -30.642073904691415 18
      vertex -28.64655012560981 -30.66285092124747 18
    endloop
  endfacet
  facet normal 0 0 1
    outer loop
      vertex -35 -35 18
      vertex -28.47467110956259 -30.61679607770176 18
      vertex -28.560007623325713 -30.642073904691415 18
    endloop
  endfacet
  facet normal 0 0 1
    outer loop
      vertex -35 -35 18
      vertex -28.39077448577299 -30.587086725045243 18
      vertex -28.47467110956259 -30.61679607770176 18
    endloop
  endfacet
  facet normal 0 0 1
    outer loop
      vertex -35 -35 18
      vertex -28.30854770677114 -30.55302727799242 18
      vertex -28.39077448577299 -30.587086725045243 18
    endloop
  endfacet
  facet normal 0 0 1
    outer loop
      vertex -35 -35 18
      vertex -28.22821615044277 -30.514711091120226 18
      vertex -28.30854770677114 -30.55302727799242 18
    endloop
  endfacet
  facet normal 0 0 1
    outer loop
      vertex -35 -35 18
      vertex -28.15 -30.472243186433545 18
      vertex -28.22821615044277 -30.514711091120226 18
    endloop
  endfacet
  facet normal 0 0 1
    outer loop
      vertex -35 -35 18
      vertex -28.074113640474454 -30.42573996550722 18
      vertex -28.15 -30.472243186433545 18
    endloop
  endfacet
  facet normal 0 0 1
    outer loop
      vertex -28.30854770677114 -27.44697272200758 18
      vertex -28.22821615044277 -27.485288908879774 18
      vertex -9.162475954803758 -5.950181457539172 18
    endloop
  endfacet
  facet normal 0 0 1
    outer loop
      vertex -28.64655012560981 -27.33714907875253 18
      vertex -28.560007623325713 -27.357926095308585 18
      vertex -9.980484124745415 -4.443597825603118 18
    endloop
  endfacet
  facet normal 0 0 1
    outer loop
      vertex -28.560007623325713 -27.357926095308585 18
      vertex -28.47467110956259 -27.38320392229824 18
      vertex -9.73424627675792 -4.9598462096545495 18
    endloop
  endfacet
  facet normal 0 0 1
    outer loop
      vertex -28.47467110956259 -27.38320392229824 18
      vertex -28.39077448577299 -27.412913274954757 18
      vertex -9.73424627675792 -4.9598462096545495 18
    endloop
  endfacet
  facet normal 0 0 1
    outer loop
      vertex -28.39077448577299 -27.412913274954757 18
      vertex -28.30854770677114 -27.44697272200758 18
      vertex -9.461327536344992 -5.4625 18
    endloop
  endfacet
  facet normal 0 0 1
    outer loop
      vertex -29.17769838755501 -27.309312777873934 18
      vertex -29.088971125613003 -27.302329790917224 18
      vertex -10.686262538016829 -2.271435222184021 18
    endloop
  endfacet
  facet normal 0 0 1
    outer loop
      vertex -29.35344987439019 -27.33714907875253 18
      vertex -29.265938590568393 -27.320929820988265 18
      vertex -10.79049512100188 -1.7090465305645224 18
    endloop
  endfacet
  facet normal 0 0 1
    outer loop
      vertex -29.439992376674287 -27.357926095308585 18
      vertex -29.35344987439019 -27.33714907875253 18
      vertex -10.865151706898386 -1.1419734611991141 18
    endloop
  endfacet
  facet normal 0 0 1
    outer loop
      vertex -29.265938590568393 -27.320929820988265 18
      vertex -29.17769838755501 -27.309312777873934 18
      vertex -10.79049512100188 -1.7090465305645224 18
    endloop
  endfacet
  facet normal 0 0 1
    outer loop
      vertex -29.52532889043741 -27.38320392229824 18
      vertex -29.439992376674287 -27.357926095308585 18
      vertex -10.91002766719372 -0.5717703219541614 18
    endloop
  endfacet
  facet normal 0 0 1
    outer loop
      vertex -29.60922551422701 -27.412913274954757 18
      vertex -29.52532889043741 -27.38320392229824 18
      vertex -10.925 0 18
    endloop
  endfacet
  facet normal 0 0 1
    outer loop
      vertex -29.088971125613003 -27.302329790917224 18
      vertex -29 -27.3 18
      vertex -10.552739652208071 -2.8275980677450394 18
    endloop
  endfacet
  facet normal 0 0 1
    outer loop
      vertex -28.911028874386997 -27.302329790917224 18
      vertex -28.82230161244499 -27.309312777873934 18
      vertex -10.390292440524552 -3.3760106635463005 18
    endloop
  endfacet
  facet normal 0 0 1
    outer loop
      vertex -29 -27.3 18
      vertex -28.911028874386997 -27.302329790917224 18
      vertex -10.552739652208071 -2.8275980677450394 18
    endloop
  endfacet
  facet normal 0 0 1
    outer loop
      vertex -28.82230161244499 -27.309312777873934 18
      vertex -28.734061409431607 -27.320929820988265 18
      vertex -10.19936615948193 -3.915169848782406 18
    endloop
  endfacet
  facet normal 0 0 1
    outer loop
      vertex -28.734061409431607 -27.320929820988265 18
      vertex -28.64655012560981 -27.33714907875253 18
      vertex -10.19936615948193 -3.915169848782406 18
    endloop
  endfacet
  facet normal 0 0 1
    outer loop
      vertex -27.357926095308585 -28.560007623325713 18
      vertex -6.421553881295269 -8.838510663546302 18
      vertex -27.38320392229824 -28.47467110956259 18
    endloop
  endfacet
  facet normal 0 0 1
    outer loop
      vertex -27.38320392229824 -28.47467110956259 18
      vertex -6.421553881295269 -8.838510663546302 18
      vertex -27.412913274954757 -28.39077448577299 18
    endloop
  endfacet
  facet normal 0 0 1
    outer loop
      vertex -27.3 -29 18
      vertex -5.4625 -9.461327536344992 18
      vertex -27.302329790917224 -28.911028874386997 18
    endloop
  endfacet
  facet normal 0 0 1
    outer loop
      vertex -27.309312777873934 -28.82230161244499 18
      vertex -5.950181457539172 -9.162475954803758 18
      vertex -27.320929820988265 -28.734061409431607 18
    endloop
  endfacet
  facet normal 0 0 1
    outer loop
      vertex -27.320929820988265 -28.734061409431607 18
      vertex -5.950181457539172 -9.162475954803758 18
      vertex -27.33714907875253 -28.64655012560981 18
    endloop
  endfacet
  facet normal 0 0 1
    outer loop
      vertex -27.302329790917224 -28.911028874386997 18
      vertex -5.4625 -9.461327536344992 18
      vertex -27.309312777873934 -28.82230161244499 18
    endloop
  endfacet
  facet normal 0 0 1
    outer loop
      vertex -27.33714907875253 -28.64655012560981 18
      vertex -5.950181457539172 -9.162475954803758 18
      vertex -27.357926095308585 -28.560007623325713 18
    endloop
  endfacet
  facet normal 0 0 1
    outer loop
      vertex -27.62467110956259 -28.000765071102794 18
      vertex -7.310251874470527 -8.118857218340533 18
      vertex -27.67885186552315 -27.930155335215275 18
    endloop
  endfacet
  facet normal 0 0 1
    outer loop
      vertex -27.527756813566455 -28.15 18
      vertex -7.310251874470527 -8.118857218340533 18
      vertex -27.57426003449278 -28.074113640474454 18
    endloop
  endfacet
  facet normal 0 0 1
    outer loop
      vertex -27.57426003449278 -28.074113640474454 18
      vertex -7.310251874470527 -8.118857218340533 18
      vertex -27.62467110956259 -28.000765071102794 18
    endloop
  endfacet
  facet normal 0 0 1
    outer loop
      vertex -27.73665379668843 -27.862477969189943 18
      vertex -7.7251415844630325 -7.7251415844630325 18
      vertex -27.797918471982868 -27.797918471982868 18
    endloop
  endfacet
  facet normal 0 0 1
    outer loop
      vertex -27.862477969189943 -27.73665379668843 18
      vertex -27.797918471982868 -27.797918471982868 18
      vertex -8.118857218340533 -7.310251874470527 18
    endloop
  endfacet
  facet normal 0 0 1
    outer loop
      vertex -27.930155335215275 -27.67885186552315 18
      vertex -27.862477969189943 -27.73665379668843 18
      vertex -8.118857218340533 -7.310251874470527 18
    endloop
  endfacet
  facet normal 0 0 1
    outer loop
      vertex -27.67885186552315 -27.930155335215275 18
      vertex -7.7251415844630325 -7.7251415844630325 18
      vertex -27.73665379668843 -27.862477969189943 18
    endloop
  endfacet
  facet normal 0 0 1
    outer loop
      vertex -28.15 -27.527756813566455 18
      vertex -28.074113640474454 -27.57426003449278 18
      vertex -8.838510663546302 -6.421553881295269 18
    endloop
  endfacet
  facet normal 0 0 1
    outer loop
      vertex -28.22821615044277 -27.485288908879774 18
      vertex -28.15 -27.527756813566455 18
      vertex -9.162475954803758 -5.950181457539172 18
    endloop
  endfacet
  facet normal 0 0 1
    outer loop
      vertex -28.000765071102794 -27.62467110956259 18
      vertex -27.930155335215275 -27.67885186552315 18
      vertex -8.490319628917408 -6.875325272219474 18
    endloop
  endfacet
  facet normal 0 0 1
    outer loop
      vertex -28.074113640474454 -27.57426003449278 18
      vertex -28.000765071102794 -27.62467110956259 18
      vertex -8.490319628917408 -6.875325272219474 18
    endloop
  endfacet
  facet normal 0 0 1
    outer loop
      vertex -27.412913274954757 -28.39077448577299 18
      vertex -6.875325272219474 -8.490319628917408 18
      vertex -27.44697272200758 -28.30854770677114 18
    endloop
  endfacet
  facet normal 0 0 1
    outer loop
      vertex -27.44697272200758 -28.30854770677114 18
      vertex -6.875325272219474 -8.490319628917408 18
      vertex -27.485288908879774 -28.22821615044277 18
    endloop
  endfacet
  facet normal 0 0 1
    outer loop
      vertex -27.485288908879774 -28.22821615044277 18
      vertex -6.875325272219474 -8.490319628917408 18
      vertex -27.527756813566455 -28.15 18
    endloop
  endfacet
  facet normal -1 0 0
    outer loop
      vertex -35 -35 0
      vertex -35 -35 18
      vertex -35 35 18
    endloop
  endfacet
  facet normal 0 0 1
    outer loop
      vertex -35 -35 18
      vertex -30.7 -29 18
      vertex -29.439992376674287 27.357926095308585 18
    endloop
  endfacet
  facet normal 0 0 1
    outer loop
      vertex -30.697670209082776 -28.911028874386997 18
      vertex -29.439992376674287 27.357926095308585 18
      vertex -30.7 -29 18
    endloop
  endfacet
  facet normal 0 0 1
    outer loop
      vertex -30.690687222126066 -28.82230161244499 18
      vertex -29.439992376674287 27.357926095308585 18
      vertex -30.697670209082776 -28.911028874386997 18
    endloop
  endfacet
  facet normal 0 0 1
    outer loop
      vertex -30.679070179011735 -28.734061409431607 18
      vertex -29.439992376674287 27.357926095308585 18
      vertex -30.690687222126066 -28.82230161244499 18
    endloop
  endfacet
  facet normal 0 0 1
    outer loop
      vertex -30.66285092124747 -28.64655012560981 18
      vertex -29.439992376674287 27.357926095308585 18
      vertex -30.679070179011735 -28.734061409431607 18
    endloop
  endfacet
  facet normal 0 0 1
    outer loop
      vertex -30.642073904691415 -28.560007623325713 18
      vertex -29.439992376674287 27.357926095308585 18
      vertex -30.66285092124747 -28.64655012560981 18
    endloop
  endfacet
  facet normal 0 0 1
    outer loop
      vertex -30.61679607770176 -28.47467110956259 18
      vertex -29.439992376674287 27.357926095308585 18
      vertex -30.642073904691415 -28.560007623325713 18
    endloop
  endfacet
  facet normal 0 0 1
    outer loop
      vertex -30.587086725045243 -28.39077448577299 18
      vertex -29.439992376674287 27.357926095308585 18
      vertex -30.61679607770176 -28.47467110956259 18
    endloop
  endfacet
  facet normal 0 0 1
    outer loop
      vertex -30.55302727799242 -28.30854770677114 18
      vertex -29.439992376674287 27.357926095308585 18
      vertex -30.587086725045243 -28.39077448577299 18
    endloop
  endfacet
  facet normal 0 0 1
    outer loop
      vertex -30.514711091120226 -28.22821615044277 18
      vertex -29.439992376674287 27.357926095308585 18
      vertex -30.55302727799242 -28.30854770677114 18
    endloop
  endfacet
  facet normal 0 0 1
    outer loop
      vertex -30.472243186433545 -28.15 18
      vertex -29.439992376674287 27.357926095308585 18
      vertex -30.514711091120226 -28.22821615044277 18
    endloop
  endfacet
  facet normal 0 0 1
    outer loop
      vertex -30.42573996550722 -28.074113640474454 18
      vertex -29.439992376674287 27.357926095308585 18
      vertex -30.472243186433545 -28.15 18
    endloop
  endfacet
  facet normal 0 0 1
    outer loop
      vertex -30.37532889043741 -28.000765071102794 18
      vertex -29.439992376674287 27.357926095308585 18
      vertex -30.42573996550722 -28.074113640474454 18
    endloop
  endfacet
  facet normal 0 0 1
    outer loop
      vertex -30.32114813447685 -27.930155335215275 18
      vertex -29.439992376674287 27.357926095308585 18
      vertex -30.37532889043741 -28.000765071102794 18
    endloop
  endfacet
  facet normal 0 0 1
    outer loop
      vertex -30.202081528017132 -27.797918471982868 18
      vertex -29.439992376674287 27.357926095308585 18
      vertex -30.26334620331157 -27.862477969189943 18
    endloop
  endfacet
  facet normal 0 0 1
    outer loop
      vertex -30.26334620331157 -27.862477969189943 18
      vertex -29.439992376674287 27.357926095308585 18
      vertex -30.32114813447685 -27.930155335215275 18
    endloop
  endfacet
  facet normal 0 0 1
    outer loop
      vertex -30.202081528017132 -27.797918471982868 18
      vertex -30.137522030810057 -27.73665379668843 18
      vertex -29.439992376674287 27.357926095308585 18
    endloop
  endfacet
  facet normal 0 0 1
    outer loop
      vertex -30.137522030810057 -27.73665379668843 18
      vertex -30.069844664784725 -27.67885186552315 18
      vertex -29.439992376674287 27.357926095308585 18
    endloop
  endfacet
  facet normal 0 0 1
    outer loop
      vertex -30.069844664784725 -27.67885186552315 18
      vertex -29.999234928897206 -27.62467110956259 18
      vertex -29.439992376674287 27.357926095308585 18
    endloop
  endfacet
  facet normal 0 0 1
    outer loop
      vertex -29.925886359525546 -27.57426003449278 18
      vertex -29.85 -27.527756813566455 18
      vertex -29.439992376674287 27.357926095308585 18
    endloop
  endfacet
  facet normal 0 0 1
    outer loop
      vertex -29.999234928897206 -27.62467110956259 18
      vertex -29.925886359525546 -27.57426003449278 18
      vertex -29.439992376674287 27.357926095308585 18
    endloop
  endfacet
  facet normal 0 0 1
    outer loop
      vertex -29.85 -27.527756813566455 18
      vertex -29.77178384955723 -27.485288908879774 18
      vertex -29.439992376674287 27.357926095308585 18
    endloop
  endfacet
  facet normal 0 0 1
    outer loop
      vertex -29.77178384955723 -27.485288908879774 18
      vertex -29.69145229322886 -27.44697272200758 18
      vertex -29.439992376674287 27.357926095308585 18
    endloop
  endfacet
  facet normal 0 0 1
    outer loop
      vertex -29.69145229322886 -27.44697272200758 18
      vertex -29.60922551422701 -27.412913274954757 18
      vertex -29.439992376674287 27.357926095308585 18
    endloop
  endfacet
  facet normal 0 0 1
    outer loop
      vertex -29.60922551422701 -27.412913274954757 18
      vertex -10.925 0 18
      vertex -29.439992376674287 27.357926095308585 18
    endloop
  endfacet
  facet normal 0 -1 0
    outer loop
      vertex -35 -35 0
      vertex 35 -35 18
      vertex -35 -35 18
    endloop
  endfacet
  facet normal 0 0 1
    outer loop
      vertex -35 -35 18
      vertex 27.862477969189943 -30.26334620331157 18
      vertex -28.074113640474454 -30.42573996550722 18
    endloop
  endfacet
  facet normal 0 0 1
    outer loop
      vertex -28.000765071102794 -30.37532889043741 18
      vertex -28.074113640474454 -30.42573996550722 18
      vertex 27.862477969189943 -30.26334620331157 18
    endloop
  endfacet
  facet normal 0 0 1
    outer loop
      vertex -27.930155335215275 -30.32114813447685 18
      vertex -28.000765071102794 -30.37532889043741 18
      vertex 27.862477969189943 -30.26334620331157 18
    endloop
  endfacet
  facet normal 0 0 1
    outer loop
      vertex -27.862477969189943 -30.26334620331157 18
      vertex -27.930155335215275 -30.32114813447685 18
      vertex 27.862477969189943 -30.26334620331157 18
    endloop
  endfacet
  facet normal 0 0 1
    outer loop
      vertex -27.797918471982868 -30.202081528017132 18
      vertex -27.862477969189943 -30.26334620331157 18
      vertex 27.797918471982868 -30.202081528017132 18
    endloop
  endfacet
  facet normal 0 0 1
    outer loop
      vertex -27.797918471982868 -30.202081528017132 18
      vertex 27.73665379668843 -30.137522030810057 18
      vertex -27.73665379668843 -30.137522030810057 18
    endloop
  endfacet
  facet normal 0 0 1
    outer loop
      vertex -27.73665379668843 -30.137522030810057 18
      vertex 27.67885186552315 -30.069844664784725 18
      vertex -27.67885186552315 -30.069844664784725 18
    endloop
  endfacet
  facet normal 0 0 1
    outer loop
      vertex -27.67885186552315 -30.069844664784725 18
      vertex 27.62467110956259 -29.999234928897206 18
      vertex -27.62467110956259 -29.999234928897206 18
    endloop
  endfacet
  facet normal 0 0 1
    outer loop
      vertex -27.62467110956259 -29.999234928897206 18
      vertex 27.57426003449278 -29.925886359525546 18
      vertex -27.57426003449278 -29.925886359525546 18
    endloop
  endfacet
  facet normal 0 0 1
    outer loop
      vertex -27.57426003449278 -29.925886359525546 18
      vertex 27.527756813566455 -29.85 18
      vertex -27.527756813566455 -29.85 18
    endloop
  endfacet
  facet normal 0 0 1
    outer loop
      vertex -27.527756813566455 -29.85 18
      vertex 27.485288908879774 -29.77178384955723 18
      vertex -27.485288908879774 -29.77178384955723 18
    endloop
  endfacet
  facet normal 0 0 1
    outer loop
      vertex -27.485288908879774 -29.77178384955723 18
      vertex 27.44697272200758 -29.69145229322886 18
      vertex -27.44697272200758 -29.69145229322886 18
    endloop
  endfacet
  facet normal 0 0 1
    outer loop
      vertex -27.44697272200758 -29.69145229322886 18
      vertex 27.412913274954757 -29.60922551422701 18
      vertex -27.412913274954757 -29.60922551422701 18
    endloop
  endfacet
  facet normal 0 0 1
    outer loop
      vertex -27.412913274954757 -29.60922551422701 18
      vertex 27.38320392229824 -29.52532889043741 18
      vertex -27.38320392229824 -29.52532889043741 18
    endloop
  endfacet
  facet normal 0 0 1
    outer loop
      vertex -27.38320392229824 -29.52532889043741 18
      vertex 27.357926095308585 -29.439992376674287 18
      vertex -27.357926095308585 -29.439992376674287 18
    endloop
  endfacet
  facet normal 0 0 1
    outer loop
      vertex -27.357926095308585 -29.439992376674287 18
      vertex 27.33714907875253 -29.35344987439019 18
      vertex -27.33714907875253 -29.35344987439019 18
    endloop
  endfacet
  facet normal 0 0 1
    outer loop
      vertex -27.33714907875253 -29.35344987439019 18
      vertex 27.320929820988265 -29.265938590568393 18
      vertex -27.320929820988265 -29.265938590568393 18
    endloop
  endfacet
  facet normal 0 0 1
    outer loop
      vertex -27.320929820988265 -29.265938590568393 18
      vertex 27.309312777873934 -29.17769838755501 18
      vertex -27.309312777873934 -29.17769838755501 18
    endloop
  endfacet
  facet normal 0 0 1
    outer loop
      vertex -27.309312777873934 -29.17769838755501 18
      vertex 27.302329790917224 -29.088971125613003 18
      vertex -27.302329790917224 -29.088971125613003 18
    endloop
  endfacet
  facet normal 0 0 1
    outer loop
      vertex -27.302329790917224 -29.088971125613003 18
      vertex 27.3 -29 18
      vertex -27.3 -29 18
    endloop
  endfacet
  facet normal 0 0 1
    outer loop
      vertex -28.15 -27.527756813566455 18
      vertex -8.838510663546302 -6.421553881295269 18
      vertex -9.162475954803758 -5.950181457539172 18
    endloop
  endfacet
  facet normal 0 0 1
    outer loop
      vertex -27.357926095308585 -28.560007623325713 18
      vertex -5.950181457539172 -9.162475954803758 18
      vertex -6.421553881295269 -8.838510663546302 18
    endloop
  endfacet
  facet normal 0 0 1
    outer loop
      vertex -27.797918471982868 -27.797918471982868 18
      vertex -7.7251415844630325 -7.7251415844630325 18
      vertex -8.118857218340533 -7.310251874470527 18
    endloop
  endfacet
  facet normal 0 0 1
    outer loop
      vertex -27.67885186552315 -27.930155335215275 18
      vertex -7.310251874470527 -8.118857218340533 18
      vertex -7.7251415844630325 -7.7251415844630325 18
    endloop
  endfacet
  facet normal 0 0 1
    outer loop
      vertex -27.930155335215275 -27.67885186552315 18
      vertex -8.118857218340533 -7.310251874470527 18
      vertex -8.490319628917408 -6.875325272219474 18
    endloop
  endfacet
  facet normal 0 0 1
    outer loop
      vertex -28.074113640474454 -27.57426003449278 18
      vertex -8.490319628917408 -6.875325272219474 18
      vertex -8.838510663546302 -6.421553881295269 18
    endloop
  endfacet
  facet normal 0 0 1
    outer loop
      vertex -27.527756813566455 -28.15 18
      vertex -6.875325272219474 -8.490319628917408 18
      vertex -7.310251874470527 -8.118857218340533 18
    endloop
  endfacet
  facet normal 0 0 1
    outer loop
      vertex -27.412913274954757 -28.39077448577299 18
      vertex -6.421553881295269 -8.838510663546302 18
      vertex -6.875325272219474 -8.490319628917408 18
    endloop
  endfacet
  facet normal 0 0 1
    outer loop
      vertex -28.82230161244499 -27.309312777873934 18
      vertex -10.19936615948193 -3.915169848782406 18
      vertex -10.390292440524552 -3.3760106635463005 18
    endloop
  endfacet
  facet normal 0 0 1
    outer loop
      vertex -28.911028874386997 -27.302329790917224 18
      vertex -10.390292440524552 -3.3760106635463005 18
      vertex -10.552739652208071 -2.8275980677450394 18
    endloop
  endfacet
  facet normal 0 0 1
    outer loop
      vertex -28.39077448577299 -27.412913274954757 18
      vertex -9.461327536344992 -5.4625 18
      vertex -9.73424627675792 -4.9598462096545495 18
    endloop
  endfacet
  facet normal 0 0 1
    outer loop
      vertex -28.560007623325713 -27.357926095308585 18
      vertex -9.73424627675792 -4.9598462096545495 18
      vertex -9.980484124745415 -4.443597825603118 18
    endloop
  endfacet
  facet normal 0 0 1
    outer loop
      vertex -28.30854770677114 -27.44697272200758 18
      vertex -9.162475954803758 -5.950181457539172 18
      vertex -9.461327536344992 -5.4625 18
    endloop
  endfacet
  facet normal 0 0 1
    outer loop
      vertex -28.64655012560981 -27.33714907875253 18
      vertex -9.980484124745415 -4.443597825603118 18
      vertex -10.19936615948193 -3.915169848782406 18
    endloop
  endfacet
  facet normal 0 0 1
    outer loop
      vertex -29.35344987439019 -27.33714907875253 18
      vertex -10.79049512100188 -1.7090465305645224 18
      vertex -10.865151706898386 -1.1419734611991141 18
    endloop
  endfacet
  facet normal 0 0 1
    outer loop
      vertex -29.088971125613003 -27.302329790917224 18
      vertex -10.552739652208071 -2.8275980677450394 18
      vertex -10.686262538016829 -2.271435222184021 18
    endloop
  endfacet
  facet normal 0 0 1
    outer loop
      vertex -29.17769838755501 -27.309312777873934 18
      vertex -10.686262538016829 -2.271435222184021 18
      vertex -10.79049512100188 -1.7090465305645224 18
    endloop
  endfacet
  facet normal 0 0 1
    outer loop
      vertex -29.439992376674287 -27.357926095308585 18
      vertex -10.865151706898386 -1.1419734611991141 18
      vertex -10.91002766719372 -0.5717703219541614 18
    endloop
  endfacet
  facet normal 0 0 1
    outer loop
      vertex -29.52532889043741 -27.38320392229824 18
      vertex -10.91002766719372 -0.5717703219541614 18
      vertex -10.925 0 18
    endloop
  endfacet
  facet normal 0 0 1
    outer loop
      vertex -27.309312777873934 -28.82230161244499 18
      vertex -5.4625 -9.461327536344992 18
      vertex -5.950181457539172 -9.162475954803758 18
    endloop
  endfacet
  facet normal 0 0 1
    outer loop
      vertex -27.3 -29 18
      vertex -4.9598462096545495 -9.73424627675792 18
      vertex -5.4625 -9.461327536344992 18
    endloop
  endfacet
  facet normal 0 0 1
    outer loop
      vertex -27.3 -29 18
      vertex -4.443597825603118 -9.980484124745415 18
      vertex -4.9598462096545495 -9.73424627675792 18
    endloop
  endfacet
  facet normal 0 0 1
    outer loop
      vertex -27.3 -29 18
      vertex -3.3760106635463005 -10.390292440524552 18
      vertex -3.915169848782406 -10.19936615948193 18
    endloop
  endfacet
  facet normal 0 0 1
    outer loop
      vertex -27.3 -29 18
      vertex -2.8275980677450394 -10.552739652208071 18
      vertex -3.3760106635463005 -10.390292440524552 18
    endloop
  endfacet
  facet normal 0 0 1
    outer loop
      vertex -27.3 -29 18
      vertex -3.915169848782406 -10.19936615948193 18
      vertex -4.443597825603118 -9.980484124745415 18
    endloop
  endfacet
  facet normal 0 0 1
    outer loop
      vertex -27.3 -29 18
      vertex -2.271435222184021 -10.686262538016829 18
      vertex -2.8275980677450394 -10.552739652208071 18
    endloop
  endfacet
  facet normal 0 0 1
    outer loop
      vertex -27.3 -29 18
      vertex -1.7090465305645224 -10.79049512100188 18
      vertex -2.271435222184021 -10.686262538016829 18
    endloop
  endfacet
  facet normal 0 0 1
    outer loop
      vertex -27.3 -29 18
      vertex -1.1419734611991141 -10.865151706898386 18
      vertex -1.7090465305645224 -10.79049512100188 18
    endloop
  endfacet
  facet normal 0 0 1
    outer loop
      vertex -27.3 -29 18
      vertex -0.5717703219541614 -10.91002766719372 18
      vertex -1.1419734611991141 -10.865151706898386 18
    endloop
  endfacet
  facet normal 0 0 1
    outer loop
      vertex -27.3 -29 18
      vertex 0 -10.925 18
      vertex -0.5717703219541614 -10.91002766719372 18
    endloop
  endfacet
  facet normal 0 0 1
    outer loop
      vertex -27.3 -29 18
      vertex 0.5717703219541614 -10.91002766719372 18
      vertex 0 -10.925 18
    endloop
  endfacet
  facet normal 0 0 1
    outer loop
      vertex -27.3 -29 18
      vertex 1.1419734611991141 -10.865151706898386 18
      vertex 0.5717703219541614 -10.91002766719372 18
    endloop
  endfacet
  facet normal 0 0 1
    outer loop
      vertex -27.3 -29 18
      vertex 1.7090465305645224 -10.79049512100188 18
      vertex 1.1419734611991141 -10.865151706898386 18
    endloop
  endfacet
  facet normal 0 0 1
    outer loop
      vertex -27.3 -29 18
      vertex 2.271435222184021 -10.686262538016829 18
      vertex 1.7090465305645224 -10.79049512100188 18
    endloop
  endfacet
  facet normal 0 0 1
    outer loop
      vertex -27.3 -29 18
      vertex 2.8275980677450394 -10.552739652208071 18
      vertex 2.271435222184021 -10.686262538016829 18
    endloop
  endfacet
  facet normal 0 0 1
    outer loop
      vertex -27.3 -29 18
      vertex 3.3760106635463005 -10.390292440524552 18
      vertex 2.8275980677450394 -10.552739652208071 18
    endloop
  endfacet
  facet normal 0 0 -1
    outer loop
      vertex -35 -35 0
      vertex -29.35344987439019 27.33714907875253 0
      vertex -29.265938590568393 27.320929820988265 0
    endloop
  endfacet
  facet normal 0 0 -1
    outer loop
      vertex -35 -35 0
      vertex -29.265938590568393 27.320929820988265 0
      vertex -29.17769838755501 27.309312777873934 0
    endloop
  endfacet
  facet normal 0 0 -1
    outer loop
      vertex -35 -35 0
      vertex -29.17769838755501 27.309312777873934 0
      vertex -29.088971125613003 27.302329790917224 0
    endloop
  endfacet
  facet normal 0 0 -1
    outer loop
      vertex -35 -35 0
      vertex -29.088971125613003 27.302329790917224 0
      vertex -29 27.3 0
    endloop
  endfacet
  facet normal 0 0 -1
    outer loop
      vertex -35 -35 0
      vertex -29 27.3 0
      vertex -28.911028874386997 27.302329790917224 0
    endloop
  endfacet
  facet normal 0 0 -1
    outer loop
      vertex -35 -35 0
      vertex -28.911028874386997 27.302329790917224 0
      vertex -28.82230161244499 27.309312777873934 0
    endloop
  endfacet
  facet normal 0 0 -1
    outer loop
      vertex -35 -35 0
      vertex -28.82230161244499 27.309312777873934 0
      vertex -28.734061409431607 27.320929820988265 0
    endloop
  endfacet
  facet normal 0 0 -1
    outer loop
      vertex -35 -35 0
      vertex -28.734061409431607 27.320929820988265 0
      vertex -28.64655012560981 27.33714907875253 0
    endloop
  endfacet
  facet normal 0 0 -1
    outer loop
      vertex -35 -35 0
      vertex -30.137522030810057 27.73665379668843 0
      vertex -30.069844664784725 27.67885186552315 0
    endloop
  endfacet
  facet normal 0 0 -1
    outer loop
      vertex -35 -35 0
      vertex -30.32114813447685 27.930155335215275 0
      vertex -30.26334620331157 27.862477969189943 0
    endloop
  endfacet
  facet normal 0 0 -1
    outer loop
      vertex -35 -35 0
      vertex -30.42573996550722 28.074113640474454 0
      vertex -30.37532889043741 28.000765071102794 0
    endloop
  endfacet
  facet normal 0 0 -1
    outer loop
      vertex -35 -35 0
      vertex -30.472243186433545 28.15 0
      vertex -30.42573996550722 28.074113640474454 0
    endloop
  endfacet
  facet normal 0 0 -1
    outer loop
      vertex -35 -35 0
      vertex -30.37532889043741 28.000765071102794 0
      vertex -30.32114813447685 27.930155335215275 0
    endloop
  endfacet
  facet normal 0 0 -1
    outer loop
      vertex -35 -35 0
      vertex -30.26334620331157 27.862477969189943 0
      vertex -30.202081528017132 27.797918471982868 0
    endloop
  endfacet
  facet normal 0 0 -1
    outer loop
      vertex -35 -35 0
      vertex -30.202081528017132 27.797918471982868 0
      vertex -30.137522030810057 27.73665379668843 0
    endloop
  endfacet
  facet normal 0 0 -1
    outer loop
      vertex -35 -35 0
      vertex -30.514711091120226 28.22821615044277 0
      vertex -30.472243186433545 28.15 0
    endloop
  endfacet
  facet normal 0 0 -1
    outer loop
      vertex -35 -35 0
      vertex -30.587086725045243 28.39077448577299 0
      vertex -30.55302727799242 28.30854770677114 0
    endloop
  endfacet
  facet normal 0 0 -1
    outer loop
      vertex -35 -35 0
      vertex -30.55302727799242 28.30854770677114 0
      vertex -30.514711091120226 28.22821615044277 0
    endloop
  endfacet
  facet normal 0 0 -1
    outer loop
      vertex -35 -35 0
      vertex -30.61679607770176 28.47467110956259 0
      vertex -30.587086725045243 28.39077448577299 0
    endloop
  endfacet
  facet normal 0 0 -1
    outer loop
      vertex -35 -35 0
      vertex -30.642073904691415 28.560007623325713 0
      vertex -30.61679607770176 28.47467110956259 0
    endloop
  endfacet
  facet normal 0 0 -1
    outer loop
      vertex -35 -35 0
      vertex -30.697670209082776 28.911028874386997 0
      vertex -30.690687222126066 28.82230161244499 0
    endloop
  endfacet
  facet normal 0 0 -1
    outer loop
      vertex -35 -35 0
      vertex -30.7 29 0
      vertex -30.697670209082776 28.911028874386997 0
    endloop
  endfacet
  facet normal 0 0 -1
    outer loop
      vertex -35 -35 0
      vertex -30.66285092124747 28.64655012560981 0
      vertex -30.642073904691415 28.560007623325713 0
    endloop
  endfacet
  facet normal 0 0 -1
    outer loop
      vertex -35 -35 0
      vertex -30.690687222126066 28.82230161244499 0
      vertex -30.679070179011735 28.734061409431607 0
    endloop
  endfacet
  facet normal 0 0 -1
    outer loop
      vertex -35 -35 0
      vertex -30.679070179011735 28.734061409431607 0
      vertex -30.66285092124747 28.64655012560981 0
    endloop
  endfacet
  facet normal 0 0 -1
    outer loop
      vertex -35 -35 0
      vertex -30.069844664784725 27.67885186552315 0
      vertex -29.999234928897206 27.62467110956259 0
    endloop
  endfacet
  facet normal 0 0 -1
    outer loop
      vertex -35 -35 0
      vertex -29.999234928897206 27.62467110956259 0
      vertex -29.925886359525546 27.57426003449278 0
    endloop
  endfacet
  facet normal 0 0 -1
    outer loop
      vertex -35 -35 0
      vertex -29.925886359525546 27.57426003449278 0
      vertex -29.85 27.527756813566455 0
    endloop
  endfacet
  facet normal 0 0 -1
    outer loop
      vertex -35 -35 0
      vertex -29.85 27.527756813566455 0
      vertex -29.77178384955723 27.485288908879774 0
    endloop
  endfacet
  facet normal 0 0 -1
    outer loop
      vertex -35 -35 0
      vertex -29.77178384955723 27.485288908879774 0
      vertex -29.69145229322886 27.44697272200758 0
    endloop
  endfacet
  facet normal 0 0 -1
    outer loop
      vertex -35 -35 0
      vertex -29.69145229322886 27.44697272200758 0
      vertex -29.60922551422701 27.412913274954757 0
    endloop
  endfacet
  facet normal 0 0 -1
    outer loop
      vertex -35 -35 0
      vertex -29.60922551422701 27.412913274954757 0
      vertex -29.52532889043741 27.38320392229824 0
    endloop
  endfacet
  facet normal 0 0 -1
    outer loop
      vertex -35 -35 0
      vertex -29.52532889043741 27.38320392229824 0
      vertex -29.439992376674287 27.357926095308585 0
    endloop
  endfacet
  facet normal 0 0 -1
    outer loop
      vertex -35 -35 0
      vertex -29.439992376674287 27.357926095308585 0
      vertex -29.35344987439019 27.33714907875253 0
    endloop
  endfacet
  facet normal 0 0 -1
    outer loop
      vertex -35 -35 0
      vertex -28.64655012560981 27.33714907875253 0
      vertex -28.560007623325713 27.357926095308585 0
    endloop
  endfacet
  facet normal 0 0 -1
    outer loop
      vertex -35 -35 0
      vertex -28.560007623325713 27.357926095308585 0
      vertex -28.47467110956259 27.38320392229824 0
    endloop
  endfacet
  facet normal 0 0 -1
    outer loop
      vertex -35 -35 0
      vertex -28.47467110956259 27.38320392229824 0
      vertex -28.39077448577299 27.412913274954757 0
    endloop
  endfacet
  facet normal 0 0 -1
    outer loop
      vertex -35 -35 0
      vertex -28.39077448577299 27.412913274954757 0
      vertex -28.30854770677114 27.44697272200758 0
    endloop
  endfacet
  facet normal 0 0 -1
    outer loop
      vertex -35 -35 0
      vertex -28.30854770677114 27.44697272200758 0
      vertex -28.22821615044277 27.485288908879774 0
    endloop
  endfacet
  facet normal 0 0 -1
    outer loop
      vertex -35 -35 0
      vertex -28.22821615044277 27.485288908879774 0
      vertex -28.15 27.527756813566455 0
    endloop
  endfacet
  facet normal 0 0 -1
    outer loop
      vertex -35 -35 0
      vertex -28.15 27.527756813566455 0
      vertex -28.074113640474454 27.57426003449278 0
    endloop
  endfacet
  facet normal 0 0 -1
    outer loop
      vertex -35 -35 0
      vertex -28.074113640474454 27.57426003449278 0
      vertex -28.000765071102794 27.62467110956259 0
    endloop
  endfacet
  facet normal 0 0 -1
    outer loop
      vertex -35 -35 0
      vertex -28.000765071102794 27.62467110956259 0
      vertex -27.930155335215275 27.67885186552315 0
    endloop
  endfacet
  facet normal 0 0 -1
    outer loop
      vertex -35 -35 0
      vertex -27.930155335215275 27.67885186552315 0
      vertex -27.862477969189943 27.73665379668843 0
    endloop
  endfacet
  facet normal 0 0 -1
    outer loop
      vertex -35 -35 0
      vertex -27.862477969189943 27.73665379668843 0
      vertex -27.797918471982868 27.797918471982868 0
    endloop
  endfacet
  facet normal 0 0 -1
    outer loop
      vertex -35 -35 0
      vertex -27.797918471982868 27.797918471982868 0
      vertex -27.73665379668843 27.862477969189943 0
    endloop
  endfacet
  facet normal 0 0 -1
    outer loop
      vertex -35 -35 0
      vertex -35 35 0
      vertex -30.7 29 0
    endloop
  endfacet
  facet normal 0 0 -1
    outer loop
      vertex -29.439992376674287 -27.357926095308585 0
      vertex -27.73665379668843 27.862477969189943 0
      vertex -4.148291030499578 0.6570247531689697 0
    endloop
  endfacet
  facet normal -1 0 0
    outer loop
      vertex -35 -35 0
      vertex -35 35 18
      vertex -35 35 0
    endloop
  endfacet
  facet normal 0 0 -1
    outer loop
      vertex -35 35 0
      vertex -30.697670209082776 29.088971125613003 0
      vertex -30.7 29 0
    endloop
  endfacet
  facet normal 0 0 -1
    outer loop
      vertex -35 35 0
      vertex -30.690687222126066 29.17769838755501 0
      vertex -30.697670209082776 29.088971125613003 0
    endloop
  endfacet
  facet normal 0 0 -1
    outer loop
      vertex -35 35 0
      vertex -30.679070179011735 29.265938590568393 0
      vertex -30.690687222126066 29.17769838755501 0
    endloop
  endfacet
  facet normal 0 0 -1
    outer loop
      vertex -35 35 0
      vertex -30.66285092124747 29.35344987439019 0
      vertex -30.679070179011735 29.265938590568393 0
    endloop
  endfacet
  facet normal 0 0 -1
    outer loop
      vertex -35 35 0
      vertex -30.642073904691415 29.439992376674287 0
      vertex -30.66285092124747 29.35344987439019 0
    endloop
  endfacet
  facet normal 0 0 -1
    outer loop
      vertex -35 35 0
      vertex -30.61679607770176 29.52532889043741 0
      vertex -30.642073904691415 29.439992376674287 0
    endloop
  endfacet
  facet normal 0 0 -1
    outer loop
      vertex -35 35 0
      vertex -30.587086725045243 29.60922551422701 0
      vertex -30.61679607770176 29.52532889043741 0
    endloop
  endfacet
  facet normal 0 0 -1
    outer loop
      vertex -35 35 0
      vertex -30.55302727799242 29.69145229322886 0
      vertex -30.587086725045243 29.60922551422701 0
    endloop
  endfacet
  facet normal 0 0 -1
    outer loop
      vertex -35 35 0
      vertex -30.514711091120226 29.77178384955723 0
      vertex -30.55302727799242 29.69145229322886 0
    endloop
  endfacet
  facet normal 0 0 -1
    outer loop
      vertex -35 35 0
      vertex -30.472243186433545 29.85 0
      vertex -30.514711091120226 29.77178384955723 0
    endloop
  endfacet
  facet normal 0 0 -1
    outer loop
      vertex -35 35 0
      vertex -30.42573996550722 29.925886359525546 0
      vertex -30.472243186433545 29.85 0
    endloop
  endfacet
  facet normal 0 0 -1
    outer loop
      vertex -35 35 0
      vertex -30.37532889043741 29.999234928897206 0
      vertex -30.42573996550722 29.925886359525546 0
    endloop
  endfacet
  facet normal 0 0 -1
    outer loop
      vertex -35 35 0
      vertex -30.32114813447685 30.069844664784725 0
      vertex -30.37532889043741 29.999234928897206 0
    endloop
  endfacet
  facet normal 0 0 -1
    outer loop
      vertex -35 35 0
      vertex -30.26334620331157 30.137522030810057 0
      vertex -30.32114813447685 30.069844664784725 0
    endloop
  endfacet
  facet normal 0 0 -1
    outer loop
      vertex -35 35 0
      vertex -30.202081528017132 30.202081528017132 0
      vertex -30.26334620331157 30.137522030810057 0
    endloop
  endfacet
  facet normal 0 0 -1
    outer loop
      vertex -35 35 0
      vertex -30.137522030810057 30.26334620331157 0
      vertex -30.202081528017132 30.202081528017132 0
    endloop
  endfacet
  facet normal 0 0 -1
    outer loop
      vertex -35 35 0
      vertex -30.069844664784725 30.32114813447685 0
      vertex -30.137522030810057 30.26334620331157 0
    endloop
  endfacet
  facet normal 0 0 -1
    outer loop
      vertex -35 35 0
      vertex -29.999234928897206 30.37532889043741 0
      vertex -30.069844664784725 30.32114813447685 0
    endloop
  endfacet
  facet normal 0 0 -1
    outer loop
      vertex -35 35 0
      vertex -29.925886359525546 30.42573996550722 0
      vertex -29.999234928897206 30.37532889043741 0
    endloop
  endfacet
  facet normal 0 0 -1
    outer loop
      vertex -35 35 0
      vertex -29.85 30.472243186433545 0
      vertex -29.925886359525546 30.42573996550722 0
    endloop
  endfacet
  facet normal 0 0 -1
    outer loop
      vertex -35 35 0
      vertex -29.77178384955723 30.514711091120226 0
      vertex -29.85 30.472243186433545 0
    endloop
  endfacet
  facet normal 0 0 -1
    outer loop
      vertex -35 35 0
      vertex -29.69145229322886 30.55302727799242 0
      vertex -29.77178384955723 30.514711091120226 0
    endloop
  endfacet
  facet normal 0 0 -1
    outer loop
      vertex -35 35 0
      vertex -29.60922551422701 30.587086725045243 0
      vertex -29.69145229322886 30.55302727799242 0
    endloop
  endfacet
  facet normal 0 0 -1
    outer loop
      vertex -35 35 0
      vertex -29.52532889043741 30.61679607770176 0
      vertex -29.60922551422701 30.587086725045243 0
    endloop
  endfacet
  facet normal 0 0 -1
    outer loop
      vertex -35 35 0
      vertex -29.439992376674287 30.642073904691415 0
      vertex -29.52532889043741 30.61679607770176 0
    endloop
  endfacet
  facet normal 0 0 -1
    outer loop
      vertex -35 35 0
      vertex -29.35344987439019 30.66285092124747 0
      vertex -29.439992376674287 30.642073904691415 0
    endloop
  endfacet
  facet normal 0 0 -1
    outer loop
      vertex -35 35 0
      vertex -29.265938590568393 30.679070179011735 0
      vertex -29.35344987439019 30.66285092124747 0
    endloop
  endfacet
  facet normal 0 0 -1
    outer loop
      vertex -35 35 0
      vertex -29.17769838755501 30.690687222126066 0
      vertex -29.265938590568393 30.679070179011735 0
    endloop
  endfacet
  facet normal 0 0 -1
    outer loop
      vertex -35 35 0
      vertex -29.088971125613003 30.697670209082776 0
      vertex -29.17769838755501 30.690687222126066 0
    endloop
  endfacet
  facet normal 0 0 -1
    outer loop
      vertex -35 35 0
      vertex -29 30.7 0
      vertex -29.088971125613003 30.697670209082776 0
    endloop
  endfacet
  facet normal 0 0 -1
    outer loop
      vertex -35 35 0
      vertex -28.911028874386997 30.697670209082776 0
      vertex -29 30.7 0
    endloop
  endfacet
  facet normal 0 0 -1
    outer loop
      vertex -27.67885186552315 27.930155335215275 0
      vertex -2.8103485467072047 3.121208267005056 0
      vertex -27.73665379668843 27.862477969189943 0
    endloop
  endfacet
  facet normal 0 0 -1
    outer loop
      vertex -27.62467110956259 28.000765071102794 0
      vertex -2.6431456424093174 3.264013038119278 0
      vertex -27.67885186552315 27.930155335215275 0
    endloop
  endfacet
  facet normal 0 0 -1
    outer loop
      vertex -27.57426003449278 28.074113640474454 0
      vertex -2.4686980596283874 3.3978713763747797 0
      vertex -27.62467110956259 28.000765071102794 0
    endloop
  endfacet
  facet normal 0 0 -1
    outer loop
      vertex -27.527756813566455 28.15 0
      vertex -2.2874839470631136 3.5224163853707813 0
      vertex -27.57426003449278 28.074113640474454 0
    endloop
  endfacet
  facet normal 0 0 -1
    outer loop
      vertex -27.485288908879774 28.22821615044277 0
      vertex -2.1 3.637306695894642 0
      vertex -27.527756813566455 28.15 0
    endloop
  endfacet
  facet normal 0 0 -1
    outer loop
      vertex -27.44697272200758 28.30854770677114 0
      vertex -1.9067600989060967 3.7422274015911454 0
      vertex -27.485288908879774 28.22821615044277 0
    endloop
  endfacet
  facet normal 0 0 -1
    outer loop
      vertex -27.412913274954757 28.39077448577299 0
      vertex -1.7082939009183609 3.836890922098924 0
      vertex -27.44697272200758 28.30854770677114 0
    endloop
  endfacet
  facet normal 0 0 -1
    outer loop
      vertex -27.38320392229824 28.47467110956259 0
      vertex -1.5051453880902612 3.9210377912882475 0
      vertex -27.412913274954757 28.39077448577299 0
    endloop
  endfacet
  facet normal 0 0 -1
    outer loop
      vertex -27.357926095308585 28.560007623325713 0
      vertex -1.5051453880902612 3.9210377912882475 0
      vertex -27.38320392229824 28.47467110956259 0
    endloop
  endfacet
  facet normal 0 0 -1
    outer loop
      vertex -27.33714907875253 28.64655012560981 0
      vertex -1.2978713763747791 3.994437368439645 0
      vertex -27.357926095308585 28.560007623325713 0
    endloop
  endfacet
  facet normal 0 0 -1
    outer loop
      vertex -27.320929820988265 28.734061409431607 0
      vertex -1.087039989430587 4.056888470414087 0
      vertex -27.33714907875253 28.64655012560981 0
    endloop
  endfacet
  facet normal 0 0 -1
    outer loop
      vertex -27.309312777873934 28.82230161244499 0
      vertex -0.8732291014345893 4.108219923081984 0
      vertex -27.320929820988265 28.734061409431607 0
    endloop
  endfacet
  facet normal 0 1 0
    outer loop
      vertex -35 35 0
      vertex -35 35 18
      vertex -4 35 6.5
    endloop
  endfacet
  facet normal 0 0 -1
    outer loop
      vertex -4.148291030499578 0.6570247531689697 0
      vertex -27.73665379668843 27.862477969189943 0
      vertex -4.108219923081984 0.8732291014345893 0
    endloop
  endfacet
  facet normal 0 0 -1
    outer loop
      vertex -4.108219923081984 0.8732291014345893 0
      vertex -27.73665379668843 27.862477969189943 0
      vertex -4.056888470414087 1.087039989430587 0
    endloop
  endfacet
  facet normal 0 0 -1
    outer loop
      vertex -4.056888470414087 1.087039989430587 0
      vertex -27.73665379668843 27.862477969189943 0
      vertex -3.994437368439645 1.2978713763747791 0
    endloop
  endfacet
  facet normal 0 0 -1
    outer loop
      vertex -3.994437368439645 1.2978713763747791 0
      vertex -27.73665379668843 27.862477969189943 0
      vertex -3.9210377912882475 1.5051453880902612 0
    endloop
  endfacet
  facet normal 0 0 -1
    outer loop
      vertex -3.9210377912882475 1.5051453880902612 0
      vertex -27.73665379668843 27.862477969189943 0
      vertex -3.836890922098924 1.7082939009183609 0
    endloop
  endfacet
  facet normal 0 0 -1
    outer loop
      vertex -3.836890922098924 1.7082939009183609 0
      vertex -27.73665379668843 27.862477969189943 0
      vertex -3.7422274015911454 1.9067600989060967 0
    endloop
  endfacet
  facet normal 0 0 -1
    outer loop
      vertex -3.7422274015911454 1.9067600989060967 0
      vertex -27.73665379668843 27.862477969189943 0
      vertex -3.637306695894642 2.1 0
    endloop
  endfacet
  facet normal 0 0 -1
    outer loop
      vertex -3.637306695894642 2.1 0
      vertex -27.73665379668843 27.862477969189943 0
      vertex -3.5224163853707813 2.2874839470631136 0
    endloop
  endfacet
  facet normal 0 0 -1
    outer loop
      vertex -3.5224163853707813 2.2874839470631136 0
      vertex -27.73665379668843 27.862477969189943 0
      vertex -3.3978713763747797 2.4686980596283874 0
    endloop
  endfacet
  facet normal 0 0 -1
    outer loop
      vertex -3.3978713763747797 2.4686980596283874 0
      vertex -27.73665379668843 27.862477969189943 0
      vertex -3.264013038119278 2.6431456424093174 0
    endloop
  endfacet
  facet normal 0 0 -1
    outer loop
      vertex -3.264013038119278 2.6431456424093174 0
      vertex -27.73665379668843 27.862477969189943 0
      vertex -3.121208267005056 2.8103485467072047 0
    endloop
  endfacet
  facet normal 0 0 -1
    outer loop
      vertex -3.121208267005056 2.8103485467072047 0
      vertex -27.73665379668843 27.862477969189943 0
      vertex -2.9698484809835 2.9698484809835 0
    endloop
  endfacet
  facet normal 0 0 -1
    outer loop
      vertex -2.9698484809835 2.9698484809835 0
      vertex -27.73665379668843 27.862477969189943 0
      vertex -2.8103485467072047 3.121208267005056 0
    endloop
  endfacet
  facet normal 0 0 -1
    outer loop
      vertex -2.8103485467072047 3.121208267005056 0
      vertex -27.67885186552315 27.930155335215275 0
      vertex -2.6431456424093174 3.264013038119278 0
    endloop
  endfacet
  facet normal 0 0 -1
    outer loop
      vertex -2.6431456424093174 3.264013038119278 0
      vertex -27.62467110956259 28.000765071102794 0
      vertex -2.4686980596283874 3.3978713763747797 0
    endloop
  endfacet
  facet normal 0 0 -1
    outer loop
      vertex -2.4686980596283874 3.3978713763747797 0
      vertex -27.57426003449278 28.074113640474454 0
      vertex -2.2874839470631136 3.5224163853707813 0
    endloop
  endfacet
  facet normal 0 0 -1
    outer loop
      vertex -2.2874839470631136 3.5224163853707813 0
      vertex -27.527756813566455 28.15 0
      vertex -2.1 3.637306695894642 0
    endloop
  endfacet
  facet normal 0 0 -1
    outer loop
      vertex -2.1 3.637306695894642 0
      vertex -27.485288908879774 28.22821615044277 0
      vertex -1.9067600989060967 3.7422274015911454 0
    endloop
  endfacet
  facet normal 0 0 -1
    outer loop
      vertex -1.9067600989060967 3.7422274015911454 0
      vertex -27.44697272200758 28.30854770677114 0
      vertex -1.7082939009183609 3.836890922098924 0
    endloop
  endfacet
  facet normal 0 0 -1
    outer loop
      vertex -1.7082939009183609 3.836890922098924 0
      vertex -27.412913274954757 28.39077448577299 0
      vertex -1.5051453880902612 3.9210377912882475 0
    endloop
  endfacet
  facet normal 0 0 -1
    outer loop
      vertex -27.357926095308585 28.560007623325713 0
      vertex -1.2978713763747791 3.994437368439645 0
      vertex -1.5051453880902612 3.9210377912882475 0
    endloop
  endfacet
  facet normal 0 0 -1
    outer loop
      vertex -1.2978713763747791 3.994437368439645 0
      vertex -27.33714907875253 28.64655012560981 0
      vertex -1.087039989430587 4.056888470414087 0
    endloop
  endfacet
  facet normal 0 0 -1
    outer loop
      vertex -1.087039989430587 4.056888470414087 0
      vertex -27.320929820988265 28.734061409431607 0
      vertex -0.8732291014345893 4.108219923081984 0
    endloop
  endfacet
  facet normal 0 0 -1
    outer loop
      vertex -0.8732291014345893 4.108219923081984 0
      vertex -27.309312777873934 28.82230161244499 0
      vertex -0.6570247531689697 4.148291030499578 0
    endloop
  endfacet
  facet normal 0 0 -1
    outer loop
      vertex -28.82230161244499 30.690687222126066 0
      vertex -28.911028874386997 30.697670209082776 0
      vertex 27.309312777873934 29.17769838755501 0
    endloop
  endfacet
  facet normal 0 0 -1
    outer loop
      vertex -28.734061409431607 30.679070179011735 0
      vertex -28.82230161244499 30.690687222126066 0
      vertex 27.309312777873934 29.17769838755501 0
    endloop
  endfacet
  facet normal 0 0 -1
    outer loop
      vertex -28.64655012560981 30.66285092124747 0
      vertex -28.734061409431607 30.679070179011735 0
      vertex 27.309312777873934 29.17769838755501 0
    endloop
  endfacet
  facet normal 0 0 -1
    outer loop
      vertex -28.560007623325713 30.642073904691415 0
      vertex -28.64655012560981 30.66285092124747 0
      vertex 27.309312777873934 29.17769838755501 0
    endloop
  endfacet
  facet normal 0 0 -1
    outer loop
      vertex -28.47467110956259 30.61679607770176 0
      vertex -28.560007623325713 30.642073904691415 0
      vertex 27.309312777873934 29.17769838755501 0
    endloop
  endfacet
  facet normal 0 0 -1
    outer loop
      vertex -28.39077448577299 30.587086725045243 0
      vertex -28.47467110956259 30.61679607770176 0
      vertex 27.309312777873934 29.17769838755501 0
    endloop
  endfacet
  facet normal 0 0 -1
    outer loop
      vertex -27.302329790917224 28.911028874386997 0
      vertex 27.309312777873934 29.17769838755501 0
      vertex -27.309312777873934 28.82230161244499 0
    endloop
  endfacet
  facet normal 0 0 -1
    outer loop
      vertex -27.3 29 0
      vertex 27.309312777873934 29.17769838755501 0
      vertex -27.302329790917224 28.911028874386997 0
    endloop
  endfacet
  facet normal 0 0 -1
    outer loop
      vertex -27.302329790917224 29.088971125613003 0
      vertex 27.309312777873934 29.17769838755501 0
      vertex -27.3 29 0
    endloop
  endfacet
  facet normal 0 0 -1
    outer loop
      vertex -27.309312777873934 29.17769838755501 0
      vertex 27.309312777873934 29.17769838755501 0
      vertex -27.302329790917224 29.088971125613003 0
    endloop
  endfacet
  facet normal 0 0 -1
    outer loop
      vertex -27.320929820988265 29.265938590568393 0
      vertex 27.309312777873934 29.17769838755501 0
      vertex -27.309312777873934 29.17769838755501 0
    endloop
  endfacet
  facet normal 0 0 -1
    outer loop
      vertex -27.412913274954757 29.60922551422701 0
      vertex 27.309312777873934 29.17769838755501 0
      vertex -27.38320392229824 29.52532889043741 0
    endloop
  endfacet
  facet normal 0 0 -1
    outer loop
      vertex -27.44697272200758 29.69145229322886 0
      vertex 27.309312777873934 29.17769838755501 0
      vertex -27.412913274954757 29.60922551422701 0
    endloop
  endfacet
  facet normal 0 0 -1
    outer loop
      vertex -27.33714907875253 29.35344987439019 0
      vertex 27.309312777873934 29.17769838755501 0
      vertex -27.320929820988265 29.265938590568393 0
    endloop
  endfacet
  facet normal 0 0 -1
    outer loop
      vertex -27.357926095308585 29.439992376674287 0
      vertex 27.309312777873934 29.17769838755501 0
      vertex -27.33714907875253 29.35344987439019 0
    endloop
  endfacet
  facet normal 0 0 -1
    outer loop
      vertex -27.38320392229824 29.52532889043741 0
      vertex 27.309312777873934 29.17769838755501 0
      vertex -27.357926095308585 29.439992376674287 0
    endloop
  endfacet
  facet normal 0 0 -1
    outer loop
      vertex -28.15 30.472243186433545 0
      vertex -28.22821615044277 30.514711091120226 0
      vertex 27.309312777873934 29.17769838755501 0
    endloop
  endfacet
  facet normal 0 0 -1
    outer loop
      vertex -28.000765071102794 30.37532889043741 0
      vertex -28.074113640474454 30.42573996550722 0
      vertex 27.309312777873934 29.17769838755501 0
    endloop
  endfacet
  facet normal 0 0 -1
    outer loop
      vertex -28.074113640474454 30.42573996550722 0
      vertex -28.15 30.472243186433545 0
      vertex 27.309312777873934 29.17769838755501 0
    endloop
  endfacet
  facet normal 0 0 -1
    outer loop
      vertex -27.73665379668843 30.137522030810057 0
      vertex 27.309312777873934 29.17769838755501 0
      vertex -27.67885186552315 30.069844664784725 0
    endloop
  endfacet
  facet normal 0 0 -1
    outer loop
      vertex -27.67885186552315 30.069844664784725 0
      vertex 27.309312777873934 29.17769838755501 0
      vertex -27.62467110956259 29.999234928897206 0
    endloop
  endfacet
  facet normal 0 0 -1
    outer loop
      vertex -27.797918471982868 30.202081528017132 0
      vertex -27.862477969189943 30.26334620331157 0
      vertex 27.309312777873934 29.17769838755501 0
    endloop
  endfacet
  facet normal 0 0 -1
    outer loop
      vertex -27.862477969189943 30.26334620331157 0
      vertex -27.930155335215275 30.32114813447685 0
      vertex 27.309312777873934 29.17769838755501 0
    endloop
  endfacet
  facet normal 0 0 -1
    outer loop
      vertex -27.930155335215275 30.32114813447685 0
      vertex -28.000765071102794 30.37532889043741 0
      vertex 27.309312777873934 29.17769838755501 0
    endloop
  endfacet
  facet normal 0 0 -1
    outer loop
      vertex -27.797918471982868 30.202081528017132 0
      vertex 27.309312777873934 29.17769838755501 0
      vertex -27.73665379668843 30.137522030810057 0
    endloop
  endfacet
  facet normal 0 0 -1
    outer loop
      vertex -28.30854770677114 30.55302727799242 0
      vertex -28.39077448577299 30.587086725045243 0
      vertex 27.309312777873934 29.17769838755501 0
    endloop
  endfacet
  facet normal 0 0 -1
    outer loop
      vertex -28.22821615044277 30.514711091120226 0
      vertex -28.30854770677114 30.55302727799242 0
      vertex 27.309312777873934 29.17769838755501 0
    endloop
  endfacet
  facet normal 0 0 -1
    outer loop
      vertex -27.527756813566455 29.85 0
      vertex 27.309312777873934 29.17769838755501 0
      vertex -27.485288908879774 29.77178384955723 0
    endloop
  endfacet
  facet normal 0 0 -1
    outer loop
      vertex -27.57426003449278 29.925886359525546 0
      vertex 27.309312777873934 29.17769838755501 0
      vertex -27.527756813566455 29.85 0
    endloop
  endfacet
  facet normal 0 0 -1
    outer loop
      vertex -27.485288908879774 29.77178384955723 0
      vertex 27.309312777873934 29.17769838755501 0
      vertex -27.44697272200758 29.69145229322886 0
    endloop
  endfacet
  facet normal 0 0 -1
    outer loop
      vertex -27.62467110956259 29.999234928897206 0
      vertex 27.309312777873934 29.17769838755501 0
      vertex -27.57426003449278 29.925886359525546 0
    endloop
  endfacet
  facet normal 0 0 -1
    outer loop
      vertex -35 35 0
      vertex 27.309312777873934 29.17769838755501 0
      vertex -28.911028874386997 30.697670209082776 0
    endloop
  endfacet
  facet normal 0 1 0
    outer loop
      vertex -35 35 0
      vertex -4 35 6.5
      vertex 4 35 6.5
    endloop
  endfacet
  facet normal 0 0 -1
    outer loop
      vertex -0.6570247531689697 4.148291030499578 0
      vertex -27.309312777873934 28.82230161244499 0
      vertex 27.309312777873934 29.17769838755501 0
    endloop
  endfacet
  facet normal 0 0 1
    outer loop
      vertex -35 -35 18
      vertex -30.069844664784725 27.67885186552315 18
      vertex -30.137522030810057 27.73665379668843 18
    endloop
  endfacet
  facet normal 0 0 1
    outer loop
      vertex -35 -35 18
      vertex -30.26334620331157 27.862477969189943 18
      vertex -30.32114813447685 27.930155335215275 18
    endloop
  endfacet
  facet normal 0 0 1
    outer loop
      vertex -35 -35 18
      vertex -30.37532889043741 28.000765071102794 18
      vertex -30.42573996550722 28.074113640474454 18
    endloop
  endfacet
  facet normal 0 0 1
    outer loop
      vertex -35 -35 18
      vertex -30.42573996550722 28.074113640474454 18
      vertex -30.472243186433545 28.15 18
    endloop
  endfacet
  facet normal 0 0 1
    outer loop
      vertex -35 -35 18
      vertex -30.32114813447685 27.930155335215275 18
      vertex -30.37532889043741 28.000765071102794 18
    endloop
  endfacet
  facet normal 0 0 1
    outer loop
      vertex -35 -35 18
      vertex -30.202081528017132 27.797918471982868 18
      vertex -30.26334620331157 27.862477969189943 18
    endloop
  endfacet
  facet normal 0 0 1
    outer loop
      vertex -35 -35 18
      vertex -30.137522030810057 27.73665379668843 18
      vertex -30.202081528017132 27.797918471982868 18
    endloop
  endfacet
  facet normal 0 0 1
    outer loop
      vertex -35 -35 18
      vertex -30.472243186433545 28.15 18
      vertex -30.514711091120226 28.22821615044277 18
    endloop
  endfacet
  facet normal 0 0 1
    outer loop
      vertex -35 -35 18
      vertex -30.55302727799242 28.30854770677114 18
      vertex -30.587086725045243 28.39077448577299 18
    endloop
  endfacet
  facet normal 0 0 1
    outer loop
      vertex -35 -35 18
      vertex -30.514711091120226 28.22821615044277 18
      vertex -30.55302727799242 28.30854770677114 18
    endloop
  endfacet
  facet normal 0 0 1
    outer loop
      vertex -35 -35 18
      vertex -30.587086725045243 28.39077448577299 18
      vertex -30.61679607770176 28.47467110956259 18
    endloop
  endfacet
  facet normal 0 0 1
    outer loop
      vertex -35 -35 18
      vertex -30.61679607770176 28.47467110956259 18
      vertex -30.642073904691415 28.560007623325713 18
    endloop
  endfacet
  facet normal 0 0 1
    outer loop
      vertex -35 -35 18
      vertex -30.690687222126066 28.82230161244499 18
      vertex -30.697670209082776 28.911028874386997 18
    endloop
  endfacet
  facet normal 0 0 1
    outer loop
      vertex -35 -35 18
      vertex -30.697670209082776 28.911028874386997 18
      vertex -30.7 29 18
    endloop
  endfacet
  facet normal 0 0 1
    outer loop
      vertex -35 -35 18
      vertex -30.642073904691415 28.560007623325713 18
      vertex -30.66285092124747 28.64655012560981 18
    endloop
  endfacet
  facet normal 0 0 1
    outer loop
      vertex -35 -35 18
      vertex -30.679070179011735 28.734061409431607 18
      vertex -30.690687222126066 28.82230161244499 18
    endloop
  endfacet
  facet normal 0 0 1
    outer loop
      vertex -35 -35 18
      vertex -30.66285092124747 28.64655012560981 18
      vertex -30.679070179011735 28.734061409431607 18
    endloop
  endfacet
  facet normal 0 0 1
    outer loop
      vertex -35 -35 18
      vertex -30.7 29 18
      vertex -30.697670209082776 29.088971125613003 18
    endloop
  endfacet
  facet normal 0 0 1
    outer loop
      vertex -35 -35 18
      vertex -29.999234928897206 27.62467110956259 18
      vertex -30.069844664784725 27.67885186552315 18
    endloop
  endfacet
  facet normal 0 0 1
    outer loop
      vertex -35 -35 18
      vertex -29.925886359525546 27.57426003449278 18
      vertex -29.999234928897206 27.62467110956259 18
    endloop
  endfacet
  facet normal 0 0 1
    outer loop
      vertex -35 -35 18
      vertex -29.85 27.527756813566455 18
      vertex -29.925886359525546 27.57426003449278 18
    endloop
  endfacet
  facet normal 0 0 1
    outer loop
      vertex -35 -35 18
      vertex -29.77178384955723 27.485288908879774 18
      vertex -29.85 27.527756813566455 18
    endloop
  endfacet
  facet normal 0 0 1
    outer loop
      vertex -35 -35 18
      vertex -29.69145229322886 27.44697272200758 18
      vertex -29.77178384955723 27.485288908879774 18
    endloop
  endfacet
  facet normal 0 0 1
    outer loop
      vertex -35 -35 18
      vertex -29.60922551422701 27.412913274954757 18
      vertex -29.69145229322886 27.44697272200758 18
    endloop
  endfacet
  facet normal 0 0 1
    outer loop
      vertex -35 -35 18
      vertex -29.52532889043741 27.38320392229824 18
      vertex -29.60922551422701 27.412913274954757 18
    endloop
  endfacet
  facet normal 0 0 1
    outer loop
      vertex -35 -35 18
      vertex -29.439992376674287 27.357926095308585 18
      vertex -29.52532889043741 27.38320392229824 18
    endloop
  endfacet
  facet normal 0 0 1
    outer loop
      vertex -35 -35 18
      vertex -30.697670209082776 29.088971125613003 18
      vertex -35 35 18
    endloop
  endfacet
  facet normal 0 0 1
    outer loop
      vertex -35 35 18
      vertex -30.697670209082776 29.088971125613003 18
      vertex -30.690687222126066 29.17769838755501 18
    endloop
  endfacet
  facet normal 0 0 1
    outer loop
      vertex -35 35 18
      vertex -30.690687222126066 29.17769838755501 18
      vertex -30.679070179011735 29.265938590568393 18
    endloop
  endfacet
  facet normal 0 0 1
    outer loop
      vertex -35 35 18
      vertex -30.679070179011735 29.265938590568393 18
      vertex -30.66285092124747 29.35344987439019 18
    endloop
  endfacet
  facet normal 0 0 1
    outer loop
      vertex -35 35 18
      vertex -30.66285092124747 29.35344987439019 18
      vertex -30.642073904691415 29.439992376674287 18
    endloop
  endfacet
  facet normal 0 0 1
    outer loop
      vertex -35 35 18
      vertex -30.642073904691415 29.439992376674287 18
      vertex -30.61679607770176 29.52532889043741 18
    endloop
  endfacet
  facet normal 0 0 1
    outer loop
      vertex -35 35 18
      vertex -30.61679607770176 29.52532889043741 18
      vertex -30.587086725045243 29.60922551422701 18
    endloop
  endfacet
  facet normal 0 0 1
    outer loop
      vertex -35 35 18
      vertex -30.587086725045243 29.60922551422701 18
      vertex -30.55302727799242 29.69145229322886 18
    endloop
  endfacet
  facet normal 0 0 1
    outer loop
      vertex -35 35 18
      vertex -30.55302727799242 29.69145229322886 18
      vertex -30.514711091120226 29.77178384955723 18
    endloop
  endfacet
  facet normal 0 0 1
    outer loop
      vertex -35 35 18
      vertex -30.514711091120226 29.77178384955723 18
      vertex -30.472243186433545 29.85 18
    endloop
  endfacet
  facet normal 0 0 1
    outer loop
      vertex -35 35 18
      vertex -30.42573996550722 29.925886359525546 18
      vertex -30.37532889043741 29.999234928897206 18
    endloop
  endfacet
  facet normal 0 0 1
    outer loop
      vertex -35 35 18
      vertex -30.472243186433545 29.85 18
      vertex -30.42573996550722 29.925886359525546 18
    endloop
  endfacet
  facet normal 0 0 1
    outer loop
      vertex -35 35 18
      vertex -30.37532889043741 29.999234928897206 18
      vertex -30.32114813447685 30.069844664784725 18
    endloop
  endfacet
  facet normal 0 0 1
    outer loop
      vertex -35 35 18
      vertex -30.32114813447685 30.069844664784725 18
      vertex -30.26334620331157 30.137522030810057 18
    endloop
  endfacet
  facet normal 0 0 1
    outer loop
      vertex -35 35 18
      vertex -30.26334620331157 30.137522030810057 18
      vertex -30.202081528017132 30.202081528017132 18
    endloop
  endfacet
  facet normal 0 0 1
    outer loop
      vertex -35 35 18
      vertex -30.202081528017132 30.202081528017132 18
      vertex -30.137522030810057 30.26334620331157 18
    endloop
  endfacet
  facet normal 0 0 1
    outer loop
      vertex -35 35 18
      vertex -30.137522030810057 30.26334620331157 18
      vertex -30.069844664784725 30.32114813447685 18
    endloop
  endfacet
  facet normal 0 0 1
    outer loop
      vertex -35 35 18
      vertex -30.069844664784725 30.32114813447685 18
      vertex -29.999234928897206 30.37532889043741 18
    endloop
  endfacet
  facet normal 0 0 1
    outer loop
      vertex -35 35 18
      vertex -29.999234928897206 30.37532889043741 18
      vertex -29.925886359525546 30.42573996550722 18
    endloop
  endfacet
  facet normal 0 0 1
    outer loop
      vertex -35 35 18
      vertex -29.925886359525546 30.42573996550722 18
      vertex -29.85 30.472243186433545 18
    endloop
  endfacet
  facet normal 0 0 1
    outer loop
      vertex -35 35 18
      vertex -29.85 30.472243186433545 18
      vertex -29.77178384955723 30.514711091120226 18
    endloop
  endfacet
  facet normal 0 0 1
    outer loop
      vertex -35 35 18
      vertex -29.77178384955723 30.514711091120226 18
      vertex -29.69145229322886 30.55302727799242 18
    endloop
  endfacet
  facet normal 0 0 1
    outer loop
      vertex -35 35 18
      vertex -29.69145229322886 30.55302727799242 18
      vertex -29.60922551422701 30.587086725045243 18
    endloop
  endfacet
  facet normal 0 0 1
    outer loop
      vertex -35 35 18
      vertex -29.60922551422701 30.587086725045243 18
      vertex -29.52532889043741 30.61679607770176 18
    endloop
  endfacet
  facet normal 0 0 1
    outer loop
      vertex -35 35 18
      vertex -29.52532889043741 30.61679607770176 18
      vertex -29.439992376674287 30.642073904691415 18
    endloop
  endfacet
  facet normal 0 0 1
    outer loop
      vertex -35 35 18
      vertex -29.439992376674287 30.642073904691415 18
      vertex -29.35344987439019 30.66285092124747 18
    endloop
  endfacet
  facet normal 0 0 1
    outer loop
      vertex -35 35 18
      vertex -29.35344987439019 30.66285092124747 18
      vertex -29.265938590568393 30.679070179011735 18
    endloop
  endfacet
  facet normal 0 0 1
    outer loop
      vertex -35 35 18
      vertex -29.265938590568393 30.679070179011735 18
      vertex -29.17769838755501 30.690687222126066 18
    endloop
  endfacet
  facet normal 0 0 1
    outer loop
      vertex -35 35 18
      vertex -29.17769838755501 30.690687222126066 18
      vertex -29.088971125613003 30.697670209082776 18
    endloop
  endfacet
  facet normal 0 0 1
    outer loop
      vertex -10.865151706898386 1.1419734611991141 18
      vertex -29.35344987439019 27.33714907875253 18
      vertex -29.439992376674287 27.357926095308585 18
    endloop
  endfacet
  facet normal 0 0 1
    outer loop
      vertex -10.79049512100188 1.7090465305645224 18
      vertex -29.265938590568393 27.320929820988265 18
      vertex -29.35344987439019 27.33714907875253 18
    endloop
  endfacet
  facet normal 0 0 1
    outer loop
      vertex -10.79049512100188 1.7090465305645224 18
      vertex -29.17769838755501 27.309312777873934 18
      vertex -29.265938590568393 27.320929820988265 18
    endloop
  endfacet
  facet normal 0 0 1
    outer loop
      vertex -10.686262538016829 2.271435222184021 18
      vertex -29.088971125613003 27.302329790917224 18
      vertex -29.17769838755501 27.309312777873934 18
    endloop
  endfacet
  facet normal 0 0 1
    outer loop
      vertex -29 27.3 18
      vertex -29.088971125613003 27.302329790917224 18
      vertex -10.552739652208071 2.8275980677450394 18
    endloop
  endfacet
  facet normal 0 0 1
    outer loop
      vertex -28.911028874386997 27.302329790917224 18
      vertex -29 27.3 18
      vertex -10.552739652208071 2.8275980677450394 18
    endloop
  endfacet
  facet normal 0 0 1
    outer loop
      vertex -28.82230161244499 27.309312777873934 18
      vertex -28.911028874386997 27.302329790917224 18
      vertex -10.390292440524552 3.3760106635463005 18
    endloop
  endfacet
  facet normal 0 0 1
    outer loop
      vertex -28.734061409431607 27.320929820988265 18
      vertex -28.82230161244499 27.309312777873934 18
      vertex -10.19936615948193 3.915169848782406 18
    endloop
  endfacet
  facet normal 0 0 1
    outer loop
      vertex -28.64655012560981 27.33714907875253 18
      vertex -28.734061409431607 27.320929820988265 18
      vertex -10.19936615948193 3.915169848782406 18
    endloop
  endfacet
  facet normal 0 0 1
    outer loop
      vertex -28.560007623325713 27.357926095308585 18
      vertex -28.64655012560981 27.33714907875253 18
      vertex -9.980484124745415 4.443597825603118 18
    endloop
  endfacet
  facet normal 0 0 1
    outer loop
      vertex -28.47467110956259 27.38320392229824 18
      vertex -28.560007623325713 27.357926095308585 18
      vertex -9.73424627675792 4.9598462096545495 18
    endloop
  endfacet
  facet normal 0 0 1
    outer loop
      vertex -28.39077448577299 27.412913274954757 18
      vertex -28.47467110956259 27.38320392229824 18
      vertex -9.73424627675792 4.9598462096545495 18
    endloop
  endfacet
  facet normal 0 0 1
    outer loop
      vertex -28.30854770677114 27.44697272200758 18
      vertex -28.39077448577299 27.412913274954757 18
      vertex -9.461327536344992 5.4625 18
    endloop
  endfacet
  facet normal 0 0 1
    outer loop
      vertex -28.22821615044277 27.485288908879774 18
      vertex -28.30854770677114 27.44697272200758 18
      vertex -9.162475954803758 5.950181457539172 18
    endloop
  endfacet
  facet normal 0 0 1
    outer loop
      vertex -28.15 27.527756813566455 18
      vertex -28.22821615044277 27.485288908879774 18
      vertex -9.162475954803758 5.950181457539172 18
    endloop
  endfacet
  facet normal 0 0 1
    outer loop
      vertex -28.074113640474454 27.57426003449278 18
      vertex -28.15 27.527756813566455 18
      vertex -8.838510663546302 6.421553881295269 18
    endloop
  endfacet
  facet normal 0 0 1
    outer loop
      vertex -28.000765071102794 27.62467110956259 18
      vertex -28.074113640474454 27.57426003449278 18
      vertex -8.490319628917408 6.875325272219474 18
    endloop
  endfacet
  facet normal 0 0 1
    outer loop
      vertex -27.930155335215275 27.67885186552315 18
      vertex -28.000765071102794 27.62467110956259 18
      vertex -8.490319628917408 6.875325272219474 18
    endloop
  endfacet
  facet normal 0 0 1
    outer loop
      vertex -27.862477969189943 27.73665379668843 18
      vertex -27.930155335215275 27.67885186552315 18
      vertex -8.118857218340533 7.310251874470527 18
    endloop
  endfacet
  facet normal 0 0 1
    outer loop
      vertex -27.797918471982868 27.797918471982868 18
      vertex -27.862477969189943 27.73665379668843 18
      vertex -7.7251415844630325 7.7251415844630325 18
    endloop
  endfacet
  facet normal 0 0 1
    outer loop
      vertex -27.797918471982868 27.797918471982868 18
      vertex -7.310251874470527 8.118857218340533 18
      vertex -27.73665379668843 27.862477969189943 18
    endloop
  endfacet
  facet normal 0 0 1
    outer loop
      vertex -27.73665379668843 27.862477969189943 18
      vertex -7.310251874470527 8.118857218340533 18
      vertex -27.67885186552315 27.930155335215275 18
    endloop
  endfacet
  facet normal 0 0 1
    outer loop
      vertex -27.67885186552315 27.930155335215275 18
      vertex -6.875325272219474 8.490319628917408 18
      vertex -27.62467110956259 28.000765071102794 18
    endloop
  endfacet
  facet normal 0 0 1
    outer loop
      vertex -27.62467110956259 28.000765071102794 18
      vertex -6.875325272219474 8.490319628917408 18
      vertex -27.57426003449278 28.074113640474454 18
    endloop
  endfacet
  facet normal 0 0 1
    outer loop
      vertex -27.57426003449278 28.074113640474454 18
      vertex -6.421553881295269 8.838510663546302 18
      vertex -27.527756813566455 28.15 18
    endloop
  endfacet
  facet normal 0 0 1
    outer loop
      vertex -27.527756813566455 28.15 18
      vertex -5.950181457539172 9.162475954803758 18
      vertex -27.485288908879774 28.22821615044277 18
    endloop
  endfacet
  facet normal 0 0 1
    outer loop
      vertex -27.485288908879774 28.22821615044277 18
      vertex -5.950181457539172 9.162475954803758 18
      vertex -27.44697272200758 28.30854770677114 18
    endloop
  endfacet
  facet normal 0 0 1
    outer loop
      vertex -27.44697272200758 28.30854770677114 18
      vertex -5.4625 9.461327536344992 18
      vertex -27.412913274954757 28.39077448577299 18
    endloop
  endfacet
  facet normal 0 0 1
    outer loop
      vertex -27.412913274954757 28.39077448577299 18
      vertex -4.9598462096545495 9.73424627675792 18
      vertex -27.38320392229824 28.47467110956259 18
    endloop
  endfacet
  facet normal 0 0 1
    outer loop
      vertex -27.38320392229824 28.47467110956259 18
      vertex -4.9598462096545495 9.73424627675792 18
      vertex -27.357926095308585 28.560007623325713 18
    endloop
  endfacet
  facet normal 0 0 1
    outer loop
      vertex -27.357926095308585 28.560007623325713 18
      vertex -4.443597825603118 9.980484124745415 18
      vertex -27.33714907875253 28.64655012560981 18
    endloop
  endfacet
  facet normal 0 0 1
    outer loop
      vertex -27.33714907875253 28.64655012560981 18
      vertex -3.915169848782406 10.19936615948193 18
      vertex -27.320929820988265 28.734061409431607 18
    endloop
  endfacet
  facet normal 0 0 1
    outer loop
      vertex -27.320929820988265 28.734061409431607 18
      vertex -3.915169848782406 10.19936615948193 18
      vertex -27.309312777873934 28.82230161244499 18
    endloop
  endfacet
  facet normal 0 0 1
    outer loop
      vertex -27.309312777873934 28.82230161244499 18
      vertex -3.3760106635463005 10.390292440524552 18
      vertex -27.302329790917224 28.911028874386997 18
    endloop
  endfacet
  facet normal 0 0 1
    outer loop
      vertex -27.302329790917224 28.911028874386997 18
      vertex -2.8275980677450394 10.552739652208071 18
      vertex -27.3 29 18
    endloop
  endfacet
  facet normal 0 0 1
    outer loop
      vertex -27.3 29 18
      vertex -2.8275980677450394 10.552739652208071 18
      vertex -27.302329790917224 29.088971125613003 18
    endloop
  endfacet
  facet normal 0 0 1
    outer loop
      vertex -27.302329790917224 29.088971125613003 18
      vertex -2.271435222184021 10.686262538016829 18
      vertex -27.309312777873934 29.17769838755501 18
    endloop
  endfacet
  facet normal 0 0 1
    outer loop
      vertex -27.309312777873934 29.17769838755501 18
      vertex -1.7090465305645224 10.79049512100188 18
      vertex -27.320929820988265 29.265938590568393 18
    endloop
  endfacet
  facet normal 0 0 1
    outer loop
      vertex -27.320929820988265 29.265938590568393 18
      vertex -1.7090465305645224 10.79049512100188 18
      vertex -27.33714907875253 29.35344987439019 18
    endloop
  endfacet
  facet normal 0 0 1
    outer loop
      vertex -27.33714907875253 29.35344987439019 18
      vertex -1.1419734611991141 10.865151706898386 18
      vertex -27.357926095308585 29.439992376674287 18
    endloop
  endfacet
  facet normal 0 0 1
    outer loop
      vertex -10.91002766719372 0.5717703219541614 18
      vertex -29.439992376674287 27.357926095308585 18
      vertex -10.925 0 18
    endloop
  endfacet
  facet normal 0 0 1
    outer loop
      vertex -10.865151706898386 1.1419734611991141 18
      vertex -29.439992376674287 27.357926095308585 18
      vertex -10.91002766719372 0.5717703219541614 18
    endloop
  endfacet
  facet normal 0 0 1
    outer loop
      vertex -10.79049512100188 1.7090465305645224 18
      vertex -29.35344987439019 27.33714907875253 18
      vertex -10.865151706898386 1.1419734611991141 18
    endloop
  endfacet
  facet normal 0 0 1
    outer loop
      vertex -10.686262538016829 2.271435222184021 18
      vertex -29.17769838755501 27.309312777873934 18
      vertex -10.79049512100188 1.7090465305645224 18
    endloop
  endfacet
  facet normal 0 0 1
    outer loop
      vertex -10.552739652208071 2.8275980677450394 18
      vertex -29.088971125613003 27.302329790917224 18
      vertex -10.686262538016829 2.271435222184021 18
    endloop
  endfacet
  facet normal 0 0 1
    outer loop
      vertex -28.911028874386997 27.302329790917224 18
      vertex -10.552739652208071 2.8275980677450394 18
      vertex -10.390292440524552 3.3760106635463005 18
    endloop
  endfacet
  facet normal 0 0 1
    outer loop
      vertex -28.82230161244499 27.309312777873934 18
      vertex -10.390292440524552 3.3760106635463005 18
      vertex -10.19936615948193 3.915169848782406 18
    endloop
  endfacet
  facet normal 0 0 1
    outer loop
      vertex -28.64655012560981 27.33714907875253 18
      vertex -10.19936615948193 3.915169848782406 18
      vertex -9.980484124745415 4.443597825603118 18
    endloop
  endfacet
  facet normal 0 0 1
    outer loop
      vertex -28.560007623325713 27.357926095308585 18
      vertex -9.980484124745415 4.443597825603118 18
      vertex -9.73424627675792 4.9598462096545495 18
    endloop
  endfacet
  facet normal 0 0 1
    outer loop
      vertex -28.39077448577299 27.412913274954757 18
      vertex -9.73424627675792 4.9598462096545495 18
      vertex -9.461327536344992 5.4625 18
    endloop
  endfacet
  facet normal 0 0 1
    outer loop
      vertex -28.30854770677114 27.44697272200758 18
      vertex -9.461327536344992 5.4625 18
      vertex -9.162475954803758 5.950181457539172 18
    endloop
  endfacet
  facet normal 0 0 1
    outer loop
      vertex -28.15 27.527756813566455 18
      vertex -9.162475954803758 5.950181457539172 18
      vertex -8.838510663546302 6.421553881295269 18
    endloop
  endfacet
  facet normal 0 0 1
    outer loop
      vertex -28.074113640474454 27.57426003449278 18
      vertex -8.838510663546302 6.421553881295269 18
      vertex -8.490319628917408 6.875325272219474 18
    endloop
  endfacet
  facet normal 0 0 1
    outer loop
      vertex -27.930155335215275 27.67885186552315 18
      vertex -8.490319628917408 6.875325272219474 18
      vertex -8.118857218340533 7.310251874470527 18
    endloop
  endfacet
  facet normal 0 0 1
    outer loop
      vertex -27.862477969189943 27.73665379668843 18
      vertex -8.118857218340533 7.310251874470527 18
      vertex -7.7251415844630325 7.7251415844630325 18
    endloop
  endfacet
  facet normal 0 0 1
    outer loop
      vertex -27.797918471982868 27.797918471982868 18
      vertex -7.7251415844630325 7.7251415844630325 18
      vertex -7.310251874470527 8.118857218340533 18
    endloop
  endfacet
  facet normal 0 0 1
    outer loop
      vertex -27.67885186552315 27.930155335215275 18
      vertex -7.310251874470527 8.118857218340533 18
      vertex -6.875325272219474 8.490319628917408 18
    endloop
  endfacet
  facet normal 0 0 1
    outer loop
      vertex -27.57426003449278 28.074113640474454 18
      vertex -6.875325272219474 8.490319628917408 18
      vertex -6.421553881295269 8.838510663546302 18
    endloop
  endfacet
  facet normal 0 0 1
    outer loop
      vertex -27.527756813566455 28.15 18
      vertex -6.421553881295269 8.838510663546302 18
      vertex -5.950181457539172 9.162475954803758 18
    endloop
  endfacet
  facet normal 0 0 1
    outer loop
      vertex -27.44697272200758 28.30854770677114 18
      vertex -5.950181457539172 9.162475954803758 18
      vertex -5.4625 9.461327536344992 18
    endloop
  endfacet
  facet normal 0 0 1
    outer loop
      vertex -27.412913274954757 28.39077448577299 18
      vertex -5.4625 9.461327536344992 18
      vertex -4.9598462096545495 9.73424627675792 18
    endloop
  endfacet
  facet normal 0 0 1
    outer loop
      vertex -27.357926095308585 28.560007623325713 18
      vertex -4.9598462096545495 9.73424627675792 18
      vertex -4.443597825603118 9.980484124745415 18
    endloop
  endfacet
  facet normal 0 0 1
    outer loop
      vertex -27.33714907875253 28.64655012560981 18
      vertex -4.443597825603118 9.980484124745415 18
      vertex -3.915169848782406 10.19936615948193 18
    endloop
  endfacet
  facet normal 0 0 1
    outer loop
      vertex -27.309312777873934 28.82230161244499 18
      vertex -3.915169848782406 10.19936615948193 18
      vertex -3.3760106635463005 10.390292440524552 18
    endloop
  endfacet
  facet normal 0 0 1
    outer loop
      vertex -27.302329790917224 28.911028874386997 18
      vertex -3.3760106635463005 10.390292440524552 18
      vertex -2.8275980677450394 10.552739652208071 18
    endloop
  endfacet
  facet normal 0 0 1
    outer loop
      vertex -27.302329790917224 29.088971125613003 18
      vertex -2.8275980677450394 10.552739652208071 18
      vertex -2.271435222184021 10.686262538016829 18
    endloop
  endfacet
  facet normal 0 0 1
    outer loop
      vertex -27.309312777873934 29.17769838755501 18
      vertex -2.271435222184021 10.686262538016829 18
      vertex -1.7090465305645224 10.79049512100188 18
    endloop
  endfacet
  facet normal 0 0 1
    outer loop
      vertex -27.33714907875253 29.35344987439019 18
      vertex -1.7090465305645224 10.79049512100188 18
      vertex -1.1419734611991141 10.865151706898386 18
    endloop
  endfacet
  facet normal 0 0 1
    outer loop
      vertex -27.357926095308585 29.439992376674287 18
      vertex -1.1419734611991141 10.865151706898386 18
      vertex -0.5717703219541614 10.91002766719372 18
    endloop
  endfacet
  facet normal 0 1 0
    outer loop
      vertex -35 35 18
      vertex -4 35 11.5
      vertex -4 35 6.5
    endloop
  endfacet
  facet normal 0 0 1
    outer loop
      vertex -35 35 18
      vertex -29.088971125613003 30.697670209082776 18
      vertex 35 35 18
    endloop
  endfacet
  facet normal 0 0 1
    outer loop
      vertex 35 35 18
      vertex -29.088971125613003 30.697670209082776 18
      vertex -29 30.7 18
    endloop
  endfacet
  facet normal 0 0 1
    outer loop
      vertex 35 35 18
      vertex -27.38320392229824 29.52532889043741 18
      vertex -27.357926095308585 29.439992376674287 18
    endloop
  endfacet
  facet normal 0 0 1
    outer loop
      vertex 35 35 18
      vertex -27.44697272200758 29.69145229322886 18
      vertex -27.412913274954757 29.60922551422701 18
    endloop
  endfacet
  facet normal 0 0 1
    outer loop
      vertex 35 35 18
      vertex -27.412913274954757 29.60922551422701 18
      vertex -27.38320392229824 29.52532889043741 18
    endloop
  endfacet
  facet normal 0 0 1
    outer loop
      vertex 35 35 18
      vertex -27.67885186552315 30.069844664784725 18
      vertex -27.62467110956259 29.999234928897206 18
    endloop
  endfacet
  facet normal 0 0 1
    outer loop
      vertex 35 35 18
      vertex -27.62467110956259 29.999234928897206 18
      vertex -27.57426003449278 29.925886359525546 18
    endloop
  endfacet
  facet normal 0 0 1
    outer loop
      vertex 35 35 18
      vertex -27.57426003449278 29.925886359525546 18
      vertex -27.527756813566455 29.85 18
    endloop
  endfacet
  facet normal 0 0 1
    outer loop
      vertex 35 35 18
      vertex -27.485288908879774 29.77178384955723 18
      vertex -27.44697272200758 29.69145229322886 18
    endloop
  endfacet
  facet normal 0 0 1
    outer loop
      vertex 35 35 18
      vertex -27.527756813566455 29.85 18
      vertex -27.485288908879774 29.77178384955723 18
    endloop
  endfacet
  facet normal 0 0 1
    outer loop
      vertex 35 35 18
      vertex -29 30.7 18
      vertex -28.911028874386997 30.697670209082776 18
    endloop
  endfacet
  facet normal 0 0 1
    outer loop
      vertex 35 35 18
      vertex -28.911028874386997 30.697670209082776 18
      vertex -28.82230161244499 30.690687222126066 18
    endloop
  endfacet
  facet normal 0 0 1
    outer loop
      vertex 35 35 18
      vertex -28.82230161244499 30.690687222126066 18
      vertex -28.734061409431607 30.679070179011735 18
    endloop
  endfacet
  facet normal 0 0 1
    outer loop
      vertex 35 35 18
      vertex -28.734061409431607 30.679070179011735 18
      vertex -28.64655012560981 30.66285092124747 18
    endloop
  endfacet
  facet normal 0 0 1
    outer loop
      vertex 35 35 18
      vertex -28.64655012560981 30.66285092124747 18
      vertex -28.560007623325713 30.642073904691415 18
    endloop
  endfacet
  facet normal 0 0 1
    outer loop
      vertex 35 35 18
      vertex -28.560007623325713 30.642073904691415 18
      vertex -28.47467110956259 30.61679607770176 18
    endloop
  endfacet
  facet normal 0 0 1
    outer loop
      vertex 35 35 18
      vertex -28.47467110956259 30.61679607770176 18
      vertex -28.39077448577299 30.587086725045243 18
    endloop
  endfacet
  facet normal 0 0 1
    outer loop
      vertex 35 35 18
      vertex -28.39077448577299 30.587086725045243 18
      vertex -28.30854770677114 30.55302727799242 18
    endloop
  endfacet
  facet normal 0 0 1
    outer loop
      vertex 35 35 18
      vertex -28.30854770677114 30.55302727799242 18
      vertex -28.22821615044277 30.514711091120226 18
    endloop
  endfacet
  facet normal 0 0 1
    outer loop
      vertex 35 35 18
      vertex -28.22821615044277 30.514711091120226 18
      vertex -28.15 30.472243186433545 18
    endloop
  endfacet
  facet normal 0 0 1
    outer loop
      vertex 35 35 18
      vertex -28.15 30.472243186433545 18
      vertex -28.074113640474454 30.42573996550722 18
    endloop
  endfacet
  facet normal 0 0 1
    outer loop
      vertex 35 35 18
      vertex -28.000765071102794 30.37532889043741 18
      vertex -27.930155335215275 30.32114813447685 18
    endloop
  endfacet
  facet normal 0 0 1
    outer loop
      vertex 35 35 18
      vertex -28.074113640474454 30.42573996550722 18
      vertex -28.000765071102794 30.37532889043741 18
    endloop
  endfacet
  facet normal 0 0 1
    outer loop
      vertex 35 35 18
      vertex -27.797918471982868 30.202081528017132 18
      vertex -27.73665379668843 30.137522030810057 18
    endloop
  endfacet
  facet normal 0 0 1
    outer loop
      vertex 35 35 18
      vertex -27.862477969189943 30.26334620331157 18
      vertex -27.797918471982868 30.202081528017132 18
    endloop
  endfacet
  facet normal 0 0 1
    outer loop
      vertex 35 35 18
      vertex -27.930155335215275 30.32114813447685 18
      vertex -27.862477969189943 30.26334620331157 18
    endloop
  endfacet
  facet normal 0 0 1
    outer loop
      vertex 35 35 18
      vertex -27.73665379668843 30.137522030810057 18
      vertex -27.67885186552315 30.069844664784725 18
    endloop
  endfacet
  facet normal 0 1 0
    outer loop
      vertex -35 35 18
      vertex 35 35 18
      vertex -4 35 11.5
    endloop
  endfacet
  facet normal 0 0 -1
    outer loop
      vertex 35 -35 0
      vertex -27.862477969189943 -30.26334620331157 0
      vertex 28.074113640474454 -30.42573996550722 0
    endloop
  endfacet
  facet normal 0 0 -1
    outer loop
      vertex -27.797918471982868 -30.202081528017132 0
      vertex 27.797918471982868 -30.202081528017132 0
      vertex 27.862477969189943 -30.26334620331157 0
    endloop
  endfacet
  facet normal 0 0 -1
    outer loop
      vertex -27.73665379668843 -30.137522030810057 0
      vertex 27.73665379668843 -30.137522030810057 0
      vertex 27.797918471982868 -30.202081528017132 0
    endloop
  endfacet
  facet normal 0 0 -1
    outer loop
      vertex -27.67885186552315 -30.069844664784725 0
      vertex 27.67885186552315 -30.069844664784725 0
      vertex 27.73665379668843 -30.137522030810057 0
    endloop
  endfacet
  facet normal 0 0 -1
    outer loop
      vertex -27.62467110956259 -29.999234928897206 0
      vertex 27.62467110956259 -29.999234928897206 0
      vertex 27.67885186552315 -30.069844664784725 0
    endloop
  endfacet
  facet normal 0 0 -1
    outer loop
      vertex -27.57426003449278 -29.925886359525546 0
      vertex 27.57426003449278 -29.925886359525546 0
      vertex 27.62467110956259 -29.999234928897206 0
    endloop
  endfacet
  facet normal 0 0 -1
    outer loop
      vertex -27.527756813566455 -29.85 0
      vertex 27.527756813566455 -29.85 0
      vertex 27.57426003449278 -29.925886359525546 0
    endloop
  endfacet
  facet normal 0 0 -1
    outer loop
      vertex -27.412913274954757 -29.60922551422701 0
      vertex 27.412913274954757 -29.60922551422701 0
      vertex 27.44697272200758 -29.69145229322886 0
    endloop
  endfacet
  facet normal 0 0 -1
    outer loop
      vertex -27.38320392229824 -29.52532889043741 0
      vertex 27.38320392229824 -29.52532889043741 0
      vertex 27.412913274954757 -29.60922551422701 0
    endloop
  endfacet
  facet normal 0 0 -1
    outer loop
      vertex -27.485288908879774 -29.77178384955723 0
      vertex 27.485288908879774 -29.77178384955723 0
      vertex 27.527756813566455 -29.85 0
    endloop
  endfacet
  facet normal 0 0 -1
    outer loop
      vertex -27.44697272200758 -29.69145229322886 0
      vertex 27.44697272200758 -29.69145229322886 0
      vertex 27.485288908879774 -29.77178384955723 0
    endloop
  endfacet
  facet normal 0 0 -1
    outer loop
      vertex -27.862477969189943 -30.26334620331157 0
      vertex 28.000765071102794 -30.37532889043741 0
      vertex 28.074113640474454 -30.42573996550722 0
    endloop
  endfacet
  facet normal 0 0 -1
    outer loop
      vertex -27.862477969189943 -30.26334620331157 0
      vertex 27.930155335215275 -30.32114813447685 0
      vertex 28.000765071102794 -30.37532889043741 0
    endloop
  endfacet
  facet normal 0 0 -1
    outer loop
      vertex -27.862477969189943 -30.26334620331157 0
      vertex 27.862477969189943 -30.26334620331157 0
      vertex 27.930155335215275 -30.32114813447685 0
    endloop
  endfacet
  facet normal 0 0 -1
    outer loop
      vertex -27.357926095308585 -29.439992376674287 0
      vertex 27.357926095308585 -29.439992376674287 0
      vertex 27.38320392229824 -29.52532889043741 0
    endloop
  endfacet
  facet normal 0 0 -1
    outer loop
      vertex -27.33714907875253 -29.35344987439019 0
      vertex 27.33714907875253 -29.35344987439019 0
      vertex 27.357926095308585 -29.439992376674287 0
    endloop
  endfacet
  facet normal 0 0 -1
    outer loop
      vertex -27.320929820988265 -29.265938590568393 0
      vertex 27.320929820988265 -29.265938590568393 0
      vertex 27.33714907875253 -29.35344987439019 0
    endloop
  endfacet
  facet normal 0 0 -1
    outer loop
      vertex -27.309312777873934 -29.17769838755501 0
      vertex 27.309312777873934 -29.17769838755501 0
      vertex 27.320929820988265 -29.265938590568393 0
    endloop
  endfacet
  facet normal 0 0 -1
    outer loop
      vertex -27.302329790917224 -29.088971125613003 0
      vertex 27.302329790917224 -29.088971125613003 0
      vertex 27.309312777873934 -29.17769838755501 0
    endloop
  endfacet
  facet normal 0 0 -1
    outer loop
      vertex -27.3 -29 0
      vertex 27.3 -29 0
      vertex 27.302329790917224 -29.088971125613003 0
    endloop
  endfacet
  facet normal 0 0 -1
    outer loop
      vertex -27.302329790917224 -28.911028874386997 0
      vertex 27.302329790917224 -28.911028874386997 0
      vertex 27.3 -29 0
    endloop
  endfacet
  facet normal 0 0 -1
    outer loop
      vertex -27.309312777873934 -28.82230161244499 0
      vertex 27.309312777873934 -28.82230161244499 0
      vertex 27.302329790917224 -28.911028874386997 0
    endloop
  endfacet
  facet normal 0 0 -1
    outer loop
      vertex -27.320929820988265 -28.734061409431607 0
      vertex 27.320929820988265 -28.734061409431607 0
      vertex 27.309312777873934 -28.82230161244499 0
    endloop
  endfacet
  facet normal 0 0 -1
    outer loop
      vertex -27.33714907875253 -28.64655012560981 0
      vertex 27.33714907875253 -28.64655012560981 0
      vertex 27.320929820988265 -28.734061409431607 0
    endloop
  endfacet
  facet normal 0 0 -1
    outer loop
      vertex -27.357926095308585 -28.560007623325713 0
      vertex 27.357926095308585 -28.560007623325713 0
      vertex 27.33714907875253 -28.64655012560981 0
    endloop
  endfacet
  facet normal 0 0 -1
    outer loop
      vertex -27.38320392229824 -28.47467110956259 0
      vertex 27.38320392229824 -28.47467110956259 0
      vertex 27.357926095308585 -28.560007623325713 0
    endloop
  endfacet
  facet normal 0 0 -1
    outer loop
      vertex -27.412913274954757 -28.39077448577299 0
      vertex 27.412913274954757 -28.39077448577299 0
      vertex 27.38320392229824 -28.47467110956259 0
    endloop
  endfacet
  facet normal 0 -1 0
    outer loop
      vertex -35 -35 0
      vertex 35 -35 0
      vertex 35 -35 18
    endloop
  endfacet
  facet normal 0 0 -1
    outer loop
      vertex -1.7082939009183609 -3.836890922098924 0
      vertex -1.5051453880902612 -3.9210377912882475 0
      vertex 27.412913274954757 -28.39077448577299 0
    endloop
  endfacet
  facet normal 0 0 -1
    outer loop
      vertex -1.5051453880902612 -3.9210377912882475 0
      vertex -1.2978713763747791 -3.994437368439645 0
      vertex 27.412913274954757 -28.39077448577299 0
    endloop
  endfacet
  facet normal 0 0 -1
    outer loop
      vertex -1.2978713763747791 -3.994437368439645 0
      vertex -1.087039989430587 -4.056888470414087 0
      vertex 27.412913274954757 -28.39077448577299 0
    endloop
  endfacet
  facet normal 0 0 -1
    outer loop
      vertex -1.087039989430587 -4.056888470414087 0
      vertex -0.8732291014345893 -4.108219923081984 0
      vertex 27.412913274954757 -28.39077448577299 0
    endloop
  endfacet
  facet normal 0 0 -1
    outer loop
      vertex -0.8732291014345893 -4.108219923081984 0
      vertex -0.6570247531689697 -4.148291030499578 0
      vertex 27.412913274954757 -28.39077448577299 0
    endloop
  endfacet
  facet normal 0 0 -1
    outer loop
      vertex -0.6570247531689697 -4.148291030499578 0
      vertex -0.4390195457241446 -4.176991960546748 0
      vertex 27.412913274954757 -28.39077448577299 0
    endloop
  endfacet
  facet normal 0 0 -1
    outer loop
      vertex -0.4390195457241446 -4.176991960546748 0
      vertex -0.2198110162203641 -4.19424404596921 0
      vertex 27.412913274954757 -28.39077448577299 0
    endloop
  endfacet
  facet normal 0 0 -1
    outer loop
      vertex -0.2198110162203641 -4.19424404596921 0
      vertex 0 -4.2 0
      vertex 27.412913274954757 -28.39077448577299 0
    endloop
  endfacet
  facet normal 0 0 -1
    outer loop
      vertex 0 -4.2 0
      vertex 0.2198110162203641 -4.19424404596921 0
      vertex 27.412913274954757 -28.39077448577299 0
    endloop
  endfacet
  facet normal 0 0 -1
    outer loop
      vertex 0.2198110162203641 -4.19424404596921 0
      vertex 0.4390195457241446 -4.176991960546748 0
      vertex 27.412913274954757 -28.39077448577299 0
    endloop
  endfacet
  facet normal 0 0 -1
    outer loop
      vertex 0.4390195457241446 -4.176991960546748 0
      vertex 0.6570247531689697 -4.148291030499578 0
      vertex 27.412913274954757 -28.39077448577299 0
    endloop
  endfacet
  facet normal 0 0 -1
    outer loop
      vertex 0.6570247531689697 -4.148291030499578 0
      vertex 0.8732291014345893 -4.108219923081984 0
      vertex 27.412913274954757 -28.39077448577299 0
    endloop
  endfacet
  facet normal 0 0 -1
    outer loop
      vertex 0.8732291014345893 -4.108219923081984 0
      vertex 1.087039989430587 -4.056888470414087 0
      vertex 27.412913274954757 -28.39077448577299 0
    endloop
  endfacet
  facet normal 0 0 -1
    outer loop
      vertex 1.087039989430587 -4.056888470414087 0
      vertex 1.2978713763747791 -3.994437368439645 0
      vertex 27.412913274954757 -28.39077448577299 0
    endloop
  endfacet
  facet normal 0 0 -1
    outer loop
      vertex 1.2978713763747791 -3.994437368439645 0
      vertex 1.5051453880902612 -3.9210377912882475 0
      vertex 27.412913274954757 -28.39077448577299 0
    endloop
  endfacet
  facet normal 0 0 -1
    outer loop
      vertex 1.5051453880902612 -3.9210377912882475 0
      vertex 1.7082939009183609 -3.836890922098924 0
      vertex 27.412913274954757 -28.39077448577299 0
    endloop
  endfacet
  facet normal 0 0 -1
    outer loop
      vertex 1.7082939009183609 -3.836890922098924 0
      vertex 1.9067600989060967 -3.7422274015911454 0
      vertex 27.412913274954757 -28.39077448577299 0
    endloop
  endfacet
  facet normal 0 0 -1
    outer loop
      vertex 1.9067600989060967 -3.7422274015911454 0
      vertex 2.1 -3.637306695894642 0
      vertex 27.412913274954757 -28.39077448577299 0
    endloop
  endfacet
  facet normal 0 0 -1
    outer loop
      vertex 2.1 -3.637306695894642 0
      vertex 2.2874839470631136 -3.5224163853707813 0
      vertex 27.412913274954757 -28.39077448577299 0
    endloop
  endfacet
  facet normal 0 0 -1
    outer loop
      vertex 2.2874839470631136 -3.5224163853707813 0
      vertex 2.4686980596283874 -3.3978713763747797 0
      vertex 27.485288908879774 -28.22821615044277 0
    endloop
  endfacet
  facet normal 0 0 -1
    outer loop
      vertex 2.4686980596283874 -3.3978713763747797 0
      vertex 2.6431456424093174 -3.264013038119278 0
      vertex 27.57426003449278 -28.074113640474454 0
    endloop
  endfacet
  facet normal 0 0 -1
    outer loop
      vertex 2.6431456424093174 -3.264013038119278 0
      vertex 2.8103485467072047 -3.121208267005056 0
      vertex 27.62467110956259 -28.000765071102794 0
    endloop
  endfacet
  facet normal 0 0 -1
    outer loop
      vertex 2.8103485467072047 -3.121208267005056 0
      vertex 2.9698484809835 -2.9698484809835 0
      vertex 27.73665379668843 -27.862477969189943 0
    endloop
  endfacet
  facet normal 0 0 -1
    outer loop
      vertex 2.9698484809835 -2.9698484809835 0
      vertex 3.121208267005056 -2.8103485467072047 0
      vertex 27.797918471982868 -27.797918471982868 0
    endloop
  endfacet
  facet normal 0 0 -1
    outer loop
      vertex 3.264013038119278 -2.6431456424093174 0
      vertex 27.930155335215275 -27.67885186552315 0
      vertex 3.121208267005056 -2.8103485467072047 0
    endloop
  endfacet
  facet normal 0 0 -1
    outer loop
      vertex 3.3978713763747797 -2.4686980596283874 0
      vertex 28.000765071102794 -27.62467110956259 0
      vertex 3.264013038119278 -2.6431456424093174 0
    endloop
  endfacet
  facet normal 0 0 -1
    outer loop
      vertex 3.5224163853707813 -2.2874839470631136 0
      vertex 28.074113640474454 -27.57426003449278 0
      vertex 3.3978713763747797 -2.4686980596283874 0
    endloop
  endfacet
  facet normal 0 0 -1
    outer loop
      vertex 3.637306695894642 -2.1 0
      vertex 28.15 -27.527756813566455 0
      vertex 3.5224163853707813 -2.2874839470631136 0
    endloop
  endfacet
  facet normal 0 0 -1
    outer loop
      vertex 3.7422274015911454 -1.9067600989060967 0
      vertex 28.22821615044277 -27.485288908879774 0
      vertex 3.637306695894642 -2.1 0
    endloop
  endfacet
  facet normal 0 0 -1
    outer loop
      vertex 3.836890922098924 -1.7082939009183609 0
      vertex 28.30854770677114 -27.44697272200758 0
      vertex 3.7422274015911454 -1.9067600989060967 0
    endloop
  endfacet
  facet normal 0 0 -1
    outer loop
      vertex 3.9210377912882475 -1.5051453880902612 0
      vertex 28.39077448577299 -27.412913274954757 0
      vertex 3.836890922098924 -1.7082939009183609 0
    endloop
  endfacet
  facet normal 0 0 -1
    outer loop
      vertex 3.994437368439645 -1.2978713763747791 0
      vertex 28.47467110956259 -27.38320392229824 0
      vertex 3.9210377912882475 -1.5051453880902612 0
    endloop
  endfacet
  facet normal 0 0 -1
    outer loop
      vertex 4.056888470414087 -1.087039989430587 0
      vertex 28.64655012560981 -27.33714907875253 0
      vertex 3.994437368439645 -1.2978713763747791 0
    endloop
  endfacet
  facet normal 0 0 -1
    outer loop
      vertex 4.108219923081984 -0.8732291014345893 0
      vertex 28.734061409431607 -27.320929820988265 0
      vertex 4.056888470414087 -1.087039989430587 0
    endloop
  endfacet
  facet normal 0 0 -1
    outer loop
      vertex 4.148291030499578 -0.6570247531689697 0
      vertex 28.82230161244499 -27.309312777873934 0
      vertex 4.108219923081984 -0.8732291014345893 0
    endloop
  endfacet
  facet normal 0 0 -1
    outer loop
      vertex 4.176991960546748 -0.4390195457241446 0
      vertex 28.911028874386997 -27.302329790917224 0
      vertex 4.148291030499578 -0.6570247531689697 0
    endloop
  endfacet
  facet normal 0 0 -1
    outer loop
      vertex 4.19424404596921 -0.2198110162203641 0
      vertex 29 -27.3 0
      vertex 4.176991960546748 -0.4390195457241446 0
    endloop
  endfacet
  facet normal 0 0 -1
    outer loop
      vertex 4.2 0 0
      vertex 29.088971125613003 -27.302329790917224 0
      vertex 4.19424404596921 -0.2198110162203641 0
    endloop
  endfacet
  facet normal 0 0 -1
    outer loop
      vertex 2.2874839470631136 -3.5224163853707813 0
      vertex 27.44697272200758 -28.30854770677114 0
      vertex 27.412913274954757 -28.39077448577299 0
    endloop
  endfacet
  facet normal 0 0 -1
    outer loop
      vertex 2.2874839470631136 -3.5224163853707813 0
      vertex 27.485288908879774 -28.22821615044277 0
      vertex 27.44697272200758 -28.30854770677114 0
    endloop
  endfacet
  facet normal 0 0 -1
    outer loop
      vertex 2.4686980596283874 -3.3978713763747797 0
      vertex 27.527756813566455 -28.15 0
      vertex 27.485288908879774 -28.22821615044277 0
    endloop
  endfacet
  facet normal 0 0 -1
    outer loop
      vertex 2.4686980596283874 -3.3978713763747797 0
      vertex 27.57426003449278 -28.074113640474454 0
      vertex 27.527756813566455 -28.15 0
    endloop
  endfacet
  facet normal 0 0 -1
    outer loop
      vertex 2.6431456424093174 -3.264013038119278 0
      vertex 27.62467110956259 -28.000765071102794 0
      vertex 27.57426003449278 -28.074113640474454 0
    endloop
  endfacet
  facet normal 0 0 -1
    outer loop
      vertex 2.8103485467072047 -3.121208267005056 0
      vertex 27.67885186552315 -27.930155335215275 0
      vertex 27.62467110956259 -28.000765071102794 0
    endloop
  endfacet
  facet normal 0 0 -1
    outer loop
      vertex 2.8103485467072047 -3.121208267005056 0
      vertex 27.73665379668843 -27.862477969189943 0
      vertex 27.67885186552315 -27.930155335215275 0
    endloop
  endfacet
  facet normal 0 0 -1
    outer loop
      vertex 2.9698484809835 -2.9698484809835 0
      vertex 27.797918471982868 -27.797918471982868 0
      vertex 27.73665379668843 -27.862477969189943 0
    endloop
  endfacet
  facet normal 0 0 -1
    outer loop
      vertex 3.121208267005056 -2.8103485467072047 0
      vertex 27.862477969189943 -27.73665379668843 0
      vertex 27.797918471982868 -27.797918471982868 0
    endloop
  endfacet
  facet normal 0 0 -1
    outer loop
      vertex 3.121208267005056 -2.8103485467072047 0
      vertex 27.930155335215275 -27.67885186552315 0
      vertex 27.862477969189943 -27.73665379668843 0
    endloop
  endfacet
  facet normal 0 0 -1
    outer loop
      vertex 3.264013038119278 -2.6431456424093174 0
      vertex 28.000765071102794 -27.62467110956259 0
      vertex 27.930155335215275 -27.67885186552315 0
    endloop
  endfacet
  facet normal 0 0 -1
    outer loop
      vertex 3.3978713763747797 -2.4686980596283874 0
      vertex 28.074113640474454 -27.57426003449278 0
      vertex 28.000765071102794 -27.62467110956259 0
    endloop
  endfacet
  facet normal 0 0 -1
    outer loop
      vertex 3.5224163853707813 -2.2874839470631136 0
      vertex 28.15 -27.527756813566455 0
      vertex 28.074113640474454 -27.57426003449278 0
    endloop
  endfacet
  facet normal 0 0 -1
    outer loop
      vertex 3.637306695894642 -2.1 0
      vertex 28.22821615044277 -27.485288908879774 0
      vertex 28.15 -27.527756813566455 0
    endloop
  endfacet
  facet normal 0 0 -1
    outer loop
      vertex 3.7422274015911454 -1.9067600989060967 0
      vertex 28.30854770677114 -27.44697272200758 0
      vertex 28.22821615044277 -27.485288908879774 0
    endloop
  endfacet
  facet normal 0 0 -1
    outer loop
      vertex 3.836890922098924 -1.7082939009183609 0
      vertex 28.39077448577299 -27.412913274954757 0
      vertex 28.30854770677114 -27.44697272200758 0
    endloop
  endfacet
  facet normal 0 0 -1
    outer loop
      vertex 3.9210377912882475 -1.5051453880902612 0
      vertex 28.47467110956259 -27.38320392229824 0
      vertex 28.39077448577299 -27.412913274954757 0
    endloop
  endfacet
  facet normal 0 0 -1
    outer loop
      vertex 3.994437368439645 -1.2978713763747791 0
      vertex 28.560007623325713 -27.357926095308585 0
      vertex 28.47467110956259 -27.38320392229824 0
    endloop
  endfacet
  facet normal 0 0 -1
    outer loop
      vertex 3.994437368439645 -1.2978713763747791 0
      vertex 28.64655012560981 -27.33714907875253 0
      vertex 28.560007623325713 -27.357926095308585 0
    endloop
  endfacet
  facet normal 0 0 -1
    outer loop
      vertex 4.056888470414087 -1.087039989430587 0
      vertex 28.734061409431607 -27.320929820988265 0
      vertex 28.64655012560981 -27.33714907875253 0
    endloop
  endfacet
  facet normal 0 0 -1
    outer loop
      vertex 4.108219923081984 -0.8732291014345893 0
      vertex 28.82230161244499 -27.309312777873934 0
      vertex 28.734061409431607 -27.320929820988265 0
    endloop
  endfacet
  facet normal 0 0 -1
    outer loop
      vertex 4.148291030499578 -0.6570247531689697 0
      vertex 28.911028874386997 -27.302329790917224 0
      vertex 28.82230161244499 -27.309312777873934 0
    endloop
  endfacet
  facet normal 0 0 -1
    outer loop
      vertex 4.176991960546748 -0.4390195457241446 0
      vertex 29 -27.3 0
      vertex 28.911028874386997 -27.302329790917224 0
    endloop
  endfacet
  facet normal 0 0 -1
    outer loop
      vertex 4.19424404596921 -0.2198110162203641 0
      vertex 29.088971125613003 -27.302329790917224 0
      vertex 29 -27.3 0
    endloop
  endfacet
  facet normal 0 0 -1
    outer loop
      vertex 35 -35 0
      vertex 28.15 -30.472243186433545 0
      vertex 28.22821615044277 -30.514711091120226 0
    endloop
  endfacet
  facet normal 0 0 -1
    outer loop
      vertex 35 -35 0
      vertex 28.22821615044277 -30.514711091120226 0
      vertex 28.30854770677114 -30.55302727799242 0
    endloop
  endfacet
  facet normal 0 0 -1
    outer loop
      vertex 35 -35 0
      vertex 28.39077448577299 -30.587086725045243 0
      vertex 28.47467110956259 -30.61679607770176 0
    endloop
  endfacet
  facet normal 0 0 -1
    outer loop
      vertex 35 -35 0
      vertex 28.30854770677114 -30.55302727799242 0
      vertex 28.39077448577299 -30.587086725045243 0
    endloop
  endfacet
  facet normal 0 0 -1
    outer loop
      vertex 35 -35 0
      vertex 28.074113640474454 -30.42573996550722 0
      vertex 28.15 -30.472243186433545 0
    endloop
  endfacet
  facet normal 0 0 -1
    outer loop
      vertex 35 -35 0
      vertex 28.47467110956259 -30.61679607770176 0
      vertex 28.560007623325713 -30.642073904691415 0
    endloop
  endfacet
  facet normal 0 0 -1
    outer loop
      vertex 35 -35 0
      vertex 28.560007623325713 -30.642073904691415 0
      vertex 28.64655012560981 -30.66285092124747 0
    endloop
  endfacet
  facet normal 0 0 -1
    outer loop
      vertex 35 -35 0
      vertex 28.64655012560981 -30.66285092124747 0
      vertex 28.734061409431607 -30.679070179011735 0
    endloop
  endfacet
  facet normal 0 0 -1
    outer loop
      vertex 35 -35 0
      vertex 28.734061409431607 -30.679070179011735 0
      vertex 28.82230161244499 -30.690687222126066 0
    endloop
  endfacet
  facet normal 0 0 -1
    outer loop
      vertex 35 -35 0
      vertex 28.82230161244499 -30.690687222126066 0
      vertex 28.911028874386997 -30.697670209082776 0
    endloop
  endfacet
  facet normal 0 0 -1
    outer loop
      vertex 35 -35 0
      vertex 28.911028874386997 -30.697670209082776 0
      vertex 29 -30.7 0
    endloop
  endfacet
  facet normal 0 0 -1
    outer loop
      vertex 35 -35 0
      vertex 29 -30.7 0
      vertex 29.088971125613003 -30.697670209082776 0
    endloop
  endfacet
  facet normal 0 0 -1
    outer loop
      vertex 35 -35 0
      vertex 29.088971125613003 -30.697670209082776 0
      vertex 29.17769838755501 -30.690687222126066 0
    endloop
  endfacet
  facet normal 0 0 -1
    outer loop
      vertex 35 -35 0
      vertex 29.17769838755501 -30.690687222126066 0
      vertex 29.265938590568393 -30.679070179011735 0
    endloop
  endfacet
  facet normal 0 0 -1
    outer loop
      vertex 35 -35 0
      vertex 29.265938590568393 -30.679070179011735 0
      vertex 29.35344987439019 -30.66285092124747 0
    endloop
  endfacet
  facet normal 0 0 -1
    outer loop
      vertex 35 -35 0
      vertex 29.35344987439019 -30.66285092124747 0
      vertex 29.439992376674287 -30.642073904691415 0
    endloop
  endfacet
  facet normal 0 0 -1
    outer loop
      vertex 35 -35 0
      vertex 29.439992376674287 -30.642073904691415 0
      vertex 29.52532889043741 -30.61679607770176 0
    endloop
  endfacet
  facet normal 0 0 -1
    outer loop
      vertex 35 -35 0
      vertex 29.52532889043741 -30.61679607770176 0
      vertex 29.60922551422701 -30.587086725045243 0
    endloop
  endfacet
  facet normal 0 0 -1
    outer loop
      vertex 35 -35 0
      vertex 29.60922551422701 -30.587086725045243 0
      vertex 29.69145229322886 -30.55302727799242 0
    endloop
  endfacet
  facet normal 0 0 -1
    outer loop
      vertex 35 -35 0
      vertex 29.69145229322886 -30.55302727799242 0
      vertex 29.77178384955723 -30.514711091120226 0
    endloop
  endfacet
  facet normal 0 0 -1
    outer loop
      vertex 35 -35 0
      vertex 29.77178384955723 -30.514711091120226 0
      vertex 29.85 -30.472243186433545 0
    endloop
  endfacet
  facet normal 0 0 -1
    outer loop
      vertex 35 -35 0
      vertex 29.85 -30.472243186433545 0
      vertex 29.925886359525546 -30.42573996550722 0
    endloop
  endfacet
  facet normal 0 0 -1
    outer loop
      vertex 35 -35 0
      vertex 29.925886359525546 -30.42573996550722 0
      vertex 29.999234928897206 -30.37532889043741 0
    endloop
  endfacet
  facet normal 0 0 -1
    outer loop
      vertex 35 -35 0
      vertex 29.999234928897206 -30.37532889043741 0
      vertex 30.069844664784725 -30.32114813447685 0
    endloop
  endfacet
  facet normal 0 0 -1
    outer loop
      vertex 35 -35 0
      vertex 30.069844664784725 -30.32114813447685 0
      vertex 30.137522030810057 -30.26334620331157 0
    endloop
  endfacet
  facet normal 0 0 -1
    outer loop
      vertex 35 -35 0
      vertex 30.137522030810057 -30.26334620331157 0
      vertex 30.202081528017132 -30.202081528017132 0
    endloop
  endfacet
  facet normal 0 0 -1
    outer loop
      vertex 35 -35 0
      vertex 30.202081528017132 -30.202081528017132 0
      vertex 30.26334620331157 -30.137522030810057 0
    endloop
  endfacet
  facet normal 0 0 -1
    outer loop
      vertex 35 -35 0
      vertex 30.26334620331157 -30.137522030810057 0
      vertex 30.32114813447685 -30.069844664784725 0
    endloop
  endfacet
  facet normal 0 0 -1
    outer loop
      vertex 35 -35 0
      vertex 30.32114813447685 -30.069844664784725 0
      vertex 30.37532889043741 -29.999234928897206 0
    endloop
  endfacet
  facet normal 0 0 -1
    outer loop
      vertex 35 -35 0
      vertex 30.37532889043741 -29.999234928897206 0
      vertex 30.42573996550722 -29.925886359525546 0
    endloop
  endfacet
  facet normal 0 0 -1
    outer loop
      vertex 35 -35 0
      vertex 30.42573996550722 -29.925886359525546 0
      vertex 30.472243186433545 -29.85 0
    endloop
  endfacet
  facet normal 0 0 -1
    outer loop
      vertex 35 -35 0
      vertex 30.472243186433545 -29.85 0
      vertex 30.514711091120226 -29.77178384955723 0
    endloop
  endfacet
  facet normal 0 0 -1
    outer loop
      vertex 35 -35 0
      vertex 30.514711091120226 -29.77178384955723 0
      vertex 30.55302727799242 -29.69145229322886 0
    endloop
  endfacet
  facet normal 0 0 -1
    outer loop
      vertex 35 -35 0
      vertex 30.55302727799242 -29.69145229322886 0
      vertex 30.587086725045243 -29.60922551422701 0
    endloop
  endfacet
  facet normal 0 0 -1
    outer loop
      vertex 35 -35 0
      vertex 30.587086725045243 -29.60922551422701 0
      vertex 30.61679607770176 -29.52532889043741 0
    endloop
  endfacet
  facet normal 0 0 -1
    outer loop
      vertex 35 -35 0
      vertex 30.61679607770176 -29.52532889043741 0
      vertex 30.642073904691415 -29.439992376674287 0
    endloop
  endfacet
  facet normal 0 0 -1
    outer loop
      vertex 35 -35 0
      vertex 30.642073904691415 -29.439992376674287 0
      vertex 30.66285092124747 -29.35344987439019 0
    endloop
  endfacet
  facet normal 0 0 -1
    outer loop
      vertex 35 -35 0
      vertex 30.66285092124747 -29.35344987439019 0
      vertex 30.679070179011735 -29.265938590568393 0
    endloop
  endfacet
  facet normal 0 0 -1
    outer loop
      vertex 35 -35 0
      vertex 30.679070179011735 -29.265938590568393 0
      vertex 30.690687222126066 -29.17769838755501 0
    endloop
  endfacet
  facet normal 0 0 -1
    outer loop
      vertex 35 -35 0
      vertex 30.690687222126066 -29.17769838755501 0
      vertex 30.697670209082776 -29.088971125613003 0
    endloop
  endfacet
  facet normal 0 0 -1
    outer loop
      vertex 35 -35 0
      vertex 30.697670209082776 -29.088971125613003 0
      vertex 30.7 -29 0
    endloop
  endfacet
  facet normal 0 0 -1
    outer loop
      vertex 29.17769838755501 -27.309312777873934 0
      vertex 29.088971125613003 -27.302329790917224 0
      vertex 29.17769838755501 27.309312777873934 0
    endloop
  endfacet
  facet normal 0 0 -1
    outer loop
      vertex 29.265938590568393 -27.320929820988265 0
      vertex 29.17769838755501 -27.309312777873934 0
      vertex 29.265938590568393 27.320929820988265 0
    endloop
  endfacet
  facet normal 0 0 -1
    outer loop
      vertex 29.35344987439019 -27.33714907875253 0
      vertex 29.265938590568393 -27.320929820988265 0
      vertex 29.35344987439019 27.33714907875253 0
    endloop
  endfacet
  facet normal 0 0 -1
    outer loop
      vertex 29.439992376674287 -27.357926095308585 0
      vertex 29.35344987439019 -27.33714907875253 0
      vertex 29.439992376674287 27.357926095308585 0
    endloop
  endfacet
  facet normal 0 0 -1
    outer loop
      vertex 29.52532889043741 -27.38320392229824 0
      vertex 29.439992376674287 -27.357926095308585 0
      vertex 29.52532889043741 27.38320392229824 0
    endloop
  endfacet
  facet normal 0 0 -1
    outer loop
      vertex 30.697670209082776 -28.911028874386997 0
      vertex 30.26334620331157 27.862477969189943 0
      vertex 30.7 -29 0
    endloop
  endfacet
  facet normal 0 0 -1
    outer loop
      vertex 30.690687222126066 -28.82230161244499 0
      vertex 30.26334620331157 27.862477969189943 0
      vertex 30.697670209082776 -28.911028874386997 0
    endloop
  endfacet
  facet normal 0 0 -1
    outer loop
      vertex 30.679070179011735 -28.734061409431607 0
      vertex 30.26334620331157 27.862477969189943 0
      vertex 30.690687222126066 -28.82230161244499 0
    endloop
  endfacet
  facet normal 0 0 -1
    outer loop
      vertex 29.60922551422701 -27.412913274954757 0
      vertex 29.52532889043741 -27.38320392229824 0
      vertex 29.60922551422701 27.412913274954757 0
    endloop
  endfacet
  facet normal 0 0 -1
    outer loop
      vertex 29.69145229322886 -27.44697272200758 0
      vertex 29.60922551422701 -27.412913274954757 0
      vertex 29.69145229322886 27.44697272200758 0
    endloop
  endfacet
  facet normal 0 0 -1
    outer loop
      vertex 29.77178384955723 -27.485288908879774 0
      vertex 29.69145229322886 -27.44697272200758 0
      vertex 29.77178384955723 27.485288908879774 0
    endloop
  endfacet
  facet normal 0 0 -1
    outer loop
      vertex 29.85 -27.527756813566455 0
      vertex 29.77178384955723 -27.485288908879774 0
      vertex 29.85 27.527756813566455 0
    endloop
  endfacet
  facet normal 0 0 -1
    outer loop
      vertex 29.925886359525546 -27.57426003449278 0
      vertex 29.85 -27.527756813566455 0
      vertex 29.925886359525546 27.57426003449278 0
    endloop
  endfacet
  facet normal 0 0 -1
    outer loop
      vertex 29.999234928897206 -27.62467110956259 0
      vertex 29.925886359525546 -27.57426003449278 0
      vertex 29.999234928897206 27.62467110956259 0
    endloop
  endfacet
  facet normal 0 0 -1
    outer loop
      vertex 30.069844664784725 -27.67885186552315 0
      vertex 29.999234928897206 -27.62467110956259 0
      vertex 30.069844664784725 27.67885186552315 0
    endloop
  endfacet
  facet normal 0 0 -1
    outer loop
      vertex 30.26334620331157 -27.862477969189943 0
      vertex 30.26334620331157 27.862477969189943 0
      vertex 30.32114813447685 -27.930155335215275 0
    endloop
  endfacet
  facet normal 0 0 -1
    outer loop
      vertex 30.32114813447685 -27.930155335215275 0
      vertex 30.26334620331157 27.862477969189943 0
      vertex 30.37532889043741 -28.000765071102794 0
    endloop
  endfacet
  facet normal 0 0 -1
    outer loop
      vertex 30.55302727799242 -28.30854770677114 0
      vertex 30.26334620331157 27.862477969189943 0
      vertex 30.587086725045243 -28.39077448577299 0
    endloop
  endfacet
  facet normal 0 0 -1
    outer loop
      vertex 30.66285092124747 -28.64655012560981 0
      vertex 30.26334620331157 27.862477969189943 0
      vertex 30.679070179011735 -28.734061409431607 0
    endloop
  endfacet
  facet normal 0 0 -1
    outer loop
      vertex 30.642073904691415 -28.560007623325713 0
      vertex 30.26334620331157 27.862477969189943 0
      vertex 30.66285092124747 -28.64655012560981 0
    endloop
  endfacet
  facet normal 0 0 -1
    outer loop
      vertex 30.61679607770176 -28.47467110956259 0
      vertex 30.26334620331157 27.862477969189943 0
      vertex 30.642073904691415 -28.560007623325713 0
    endloop
  endfacet
  facet normal 0 0 -1
    outer loop
      vertex 30.587086725045243 -28.39077448577299 0
      vertex 30.26334620331157 27.862477969189943 0
      vertex 30.61679607770176 -28.47467110956259 0
    endloop
  endfacet
  facet normal 0 0 -1
    outer loop
      vertex 30.472243186433545 -28.15 0
      vertex 30.26334620331157 27.862477969189943 0
      vertex 30.514711091120226 -28.22821615044277 0
    endloop
  endfacet
  facet normal 0 0 -1
    outer loop
      vertex 30.42573996550722 -28.074113640474454 0
      vertex 30.26334620331157 27.862477969189943 0
      vertex 30.472243186433545 -28.15 0
    endloop
  endfacet
  facet normal 0 0 -1
    outer loop
      vertex 30.514711091120226 -28.22821615044277 0
      vertex 30.26334620331157 27.862477969189943 0
      vertex 30.55302727799242 -28.30854770677114 0
    endloop
  endfacet
  facet normal 0 0 -1
    outer loop
      vertex 30.37532889043741 -28.000765071102794 0
      vertex 30.26334620331157 27.862477969189943 0
      vertex 30.42573996550722 -28.074113640474454 0
    endloop
  endfacet
  facet normal 0 0 -1
    outer loop
      vertex 30.137522030810057 -27.73665379668843 0
      vertex 30.069844664784725 -27.67885186552315 0
      vertex 30.137522030810057 27.73665379668843 0
    endloop
  endfacet
  facet normal 0 0 -1
    outer loop
      vertex 30.137522030810057 -27.73665379668843 0
      vertex 30.202081528017132 27.797918471982868 0
      vertex 30.202081528017132 -27.797918471982868 0
    endloop
  endfacet
  facet normal 0 0 -1
    outer loop
      vertex 30.202081528017132 -27.797918471982868 0
      vertex 30.26334620331157 27.862477969189943 0
      vertex 30.26334620331157 -27.862477969189943 0
    endloop
  endfacet
  facet normal 0 0 -1
    outer loop
      vertex 35 -35 0
      vertex 30.7 -29 0
      vertex 30.26334620331157 27.862477969189943 0
    endloop
  endfacet
  facet normal 1 0 0
    outer loop
      vertex 35 -35 0
      vertex 35 35 0
      vertex 35 -35 18
    endloop
  endfacet
  facet normal 0 0 1
    outer loop
      vertex -35 -35 18
      vertex 27.930155335215275 -30.32114813447685 18
      vertex 27.862477969189943 -30.26334620331157 18
    endloop
  endfacet
  facet normal 0 0 1
    outer loop
      vertex -35 -35 18
      vertex 28.074113640474454 -30.42573996550722 18
      vertex 28.000765071102794 -30.37532889043741 18
    endloop
  endfacet
  facet normal 0 0 1
    outer loop
      vertex -35 -35 18
      vertex 28.000765071102794 -30.37532889043741 18
      vertex 27.930155335215275 -30.32114813447685 18
    endloop
  endfacet
  facet normal 0 0 1
    outer loop
      vertex -35 -35 18
      vertex 28.15 -30.472243186433545 18
      vertex 28.074113640474454 -30.42573996550722 18
    endloop
  endfacet
  facet normal 0 0 1
    outer loop
      vertex -35 -35 18
      vertex 28.22821615044277 -30.514711091120226 18
      vertex 28.15 -30.472243186433545 18
    endloop
  endfacet
  facet normal 0 0 1
    outer loop
      vertex -35 -35 18
      vertex 28.39077448577299 -30.587086725045243 18
      vertex 28.30854770677114 -30.55302727799242 18
    endloop
  endfacet
  facet normal 0 0 1
    outer loop
      vertex -35 -35 18
      vertex 28.30854770677114 -30.55302727799242 18
      vertex 28.22821615044277 -30.514711091120226 18
    endloop
  endfacet
  facet normal 0 0 1
    outer loop
      vertex -35 -35 18
      vertex 28.47467110956259 -30.61679607770176 18
      vertex 28.39077448577299 -30.587086725045243 18
    endloop
  endfacet
  facet normal 0 0 1
    outer loop
      vertex -35 -35 18
      vertex 28.560007623325713 -30.642073904691415 18
      vertex 28.47467110956259 -30.61679607770176 18
    endloop
  endfacet
  facet normal 0 0 1
    outer loop
      vertex -35 -35 18
      vertex 28.64655012560981 -30.66285092124747 18
      vertex 28.560007623325713 -30.642073904691415 18
    endloop
  endfacet
  facet normal 0 0 1
    outer loop
      vertex -35 -35 18
      vertex 28.82230161244499 -30.690687222126066 18
      vertex 28.734061409431607 -30.679070179011735 18
    endloop
  endfacet
  facet normal 0 0 1
    outer loop
      vertex -35 -35 18
      vertex 28.734061409431607 -30.679070179011735 18
      vertex 28.64655012560981 -30.66285092124747 18
    endloop
  endfacet
  facet normal 0 0 1
    outer loop
      vertex -35 -35 18
      vertex 28.911028874386997 -30.697670209082776 18
      vertex 28.82230161244499 -30.690687222126066 18
    endloop
  endfacet
  facet normal 0 0 1
    outer loop
      vertex -35 -35 18
      vertex 29 -30.7 18
      vertex 28.911028874386997 -30.697670209082776 18
    endloop
  endfacet
  facet normal 0 0 1
    outer loop
      vertex -35 -35 18
      vertex 29.088971125613003 -30.697670209082776 18
      vertex 29 -30.7 18
    endloop
  endfacet
  facet normal 0 0 1
    outer loop
      vertex -27.3 -29 18
      vertex 27.302329790917224 -28.911028874386997 18
      vertex 3.3760106635463005 -10.390292440524552 18
    endloop
  endfacet
  facet normal 0 0 1
    outer loop
      vertex -35 -35 18
      vertex 35 -35 18
      vertex 29.088971125613003 -30.697670209082776 18
    endloop
  endfacet
  facet normal 0 0 1
    outer loop
      vertex -27.862477969189943 -30.26334620331157 18
      vertex 27.862477969189943 -30.26334620331157 18
      vertex 27.797918471982868 -30.202081528017132 18
    endloop
  endfacet
  facet normal 0 0 1
    outer loop
      vertex -27.73665379668843 -30.137522030810057 18
      vertex 27.73665379668843 -30.137522030810057 18
      vertex 27.67885186552315 -30.069844664784725 18
    endloop
  endfacet
  facet normal 0 0 1
    outer loop
      vertex -27.797918471982868 -30.202081528017132 18
      vertex 27.797918471982868 -30.202081528017132 18
      vertex 27.73665379668843 -30.137522030810057 18
    endloop
  endfacet
  facet normal 0 0 1
    outer loop
      vertex -27.67885186552315 -30.069844664784725 18
      vertex 27.67885186552315 -30.069844664784725 18
      vertex 27.62467110956259 -29.999234928897206 18
    endloop
  endfacet
  facet normal 0 0 1
    outer loop
      vertex -27.62467110956259 -29.999234928897206 18
      vertex 27.62467110956259 -29.999234928897206 18
      vertex 27.57426003449278 -29.925886359525546 18
    endloop
  endfacet
  facet normal 0 0 1
    outer loop
      vertex -27.57426003449278 -29.925886359525546 18
      vertex 27.57426003449278 -29.925886359525546 18
      vertex 27.527756813566455 -29.85 18
    endloop
  endfacet
  facet normal 0 0 1
    outer loop
      vertex -27.527756813566455 -29.85 18
      vertex 27.527756813566455 -29.85 18
      vertex 27.485288908879774 -29.77178384955723 18
    endloop
  endfacet
  facet normal 0 0 1
    outer loop
      vertex -27.485288908879774 -29.77178384955723 18
      vertex 27.485288908879774 -29.77178384955723 18
      vertex 27.44697272200758 -29.69145229322886 18
    endloop
  endfacet
  facet normal 0 0 1
    outer loop
      vertex -27.44697272200758 -29.69145229322886 18
      vertex 27.44697272200758 -29.69145229322886 18
      vertex 27.412913274954757 -29.60922551422701 18
    endloop
  endfacet
  facet normal 0 0 1
    outer loop
      vertex -27.412913274954757 -29.60922551422701 18
      vertex 27.412913274954757 -29.60922551422701 18
      vertex 27.38320392229824 -29.52532889043741 18
    endloop
  endfacet
  facet normal 0 0 1
    outer loop
      vertex -27.38320392229824 -29.52532889043741 18
      vertex 27.38320392229824 -29.52532889043741 18
      vertex 27.357926095308585 -29.439992376674287 18
    endloop
  endfacet
  facet normal 0 0 1
    outer loop
      vertex -27.357926095308585 -29.439992376674287 18
      vertex 27.357926095308585 -29.439992376674287 18
      vertex 27.33714907875253 -29.35344987439019 18
    endloop
  endfacet
  facet normal 0 0 1
    outer loop
      vertex -27.33714907875253 -29.35344987439019 18
      vertex 27.33714907875253 -29.35344987439019 18
      vertex 27.320929820988265 -29.265938590568393 18
    endloop
  endfacet
  facet normal 0 0 1
    outer loop
      vertex -27.320929820988265 -29.265938590568393 18
      vertex 27.320929820988265 -29.265938590568393 18
      vertex 27.309312777873934 -29.17769838755501 18
    endloop
  endfacet
  facet normal 0 0 1
    outer loop
      vertex -27.309312777873934 -29.17769838755501 18
      vertex 27.309312777873934 -29.17769838755501 18
      vertex 27.302329790917224 -29.088971125613003 18
    endloop
  endfacet
  facet normal 0 0 1
    outer loop
      vertex -27.302329790917224 -29.088971125613003 18
      vertex 27.302329790917224 -29.088971125613003 18
      vertex 27.3 -29 18
    endloop
  endfacet
  facet normal 0 0 1
    outer loop
      vertex -27.3 -29 18
      vertex 27.3 -29 18
      vertex 27.302329790917224 -28.911028874386997 18
    endloop
  endfacet
  facet normal 0 0 1
    outer loop
      vertex 3.915169848782406 -10.19936615948193 18
      vertex 3.3760106635463005 -10.390292440524552 18
      vertex 27.309312777873934 -28.82230161244499 18
    endloop
  endfacet
  facet normal 0 0 1
    outer loop
      vertex 4.443597825603118 -9.980484124745415 18
      vertex 3.915169848782406 -10.19936615948193 18
      vertex 27.33714907875253 -28.64655012560981 18
    endloop
  endfacet
  facet normal 0 0 1
    outer loop
      vertex 4.9598462096545495 -9.73424627675792 18
      vertex 4.443597825603118 -9.980484124745415 18
      vertex 27.357926095308585 -28.560007623325713 18
    endloop
  endfacet
  facet normal 0 0 1
    outer loop
      vertex 5.4625 -9.461327536344992 18
      vertex 4.9598462096545495 -9.73424627675792 18
      vertex 27.412913274954757 -28.39077448577299 18
    endloop
  endfacet
  facet normal 0 0 1
    outer loop
      vertex 5.950181457539172 -9.162475954803758 18
      vertex 5.4625 -9.461327536344992 18
      vertex 27.44697272200758 -28.30854770677114 18
    endloop
  endfacet
  facet normal 0 0 1
    outer loop
      vertex 6.421553881295269 -8.838510663546302 18
      vertex 5.950181457539172 -9.162475954803758 18
      vertex 27.527756813566455 -28.15 18
    endloop
  endfacet
  facet normal 0 0 1
    outer loop
      vertex 6.875325272219474 -8.490319628917408 18
      vertex 6.421553881295269 -8.838510663546302 18
      vertex 27.57426003449278 -28.074113640474454 18
    endloop
  endfacet
  facet normal 0 0 1
    outer loop
      vertex 7.310251874470527 -8.118857218340533 18
      vertex 6.875325272219474 -8.490319628917408 18
      vertex 27.67885186552315 -27.930155335215275 18
    endloop
  endfacet
  facet normal 0 0 1
    outer loop
      vertex 27.797918471982868 -27.797918471982868 18
      vertex 7.7251415844630325 -7.7251415844630325 18
      vertex 7.310251874470527 -8.118857218340533 18
    endloop
  endfacet
  facet normal 0 0 1
    outer loop
      vertex 27.862477969189943 -27.73665379668843 18
      vertex 8.118857218340533 -7.310251874470527 18
      vertex 7.7251415844630325 -7.7251415844630325 18
    endloop
  endfacet
  facet normal 0 0 1
    outer loop
      vertex 27.930155335215275 -27.67885186552315 18
      vertex 8.490319628917408 -6.875325272219474 18
      vertex 8.118857218340533 -7.310251874470527 18
    endloop
  endfacet
  facet normal 0 0 1
    outer loop
      vertex 28.074113640474454 -27.57426003449278 18
      vertex 8.838510663546302 -6.421553881295269 18
      vertex 8.490319628917408 -6.875325272219474 18
    endloop
  endfacet
  facet normal 0 0 1
    outer loop
      vertex 28.15 -27.527756813566455 18
      vertex 9.162475954803758 -5.950181457539172 18
      vertex 8.838510663546302 -6.421553881295269 18
    endloop
  endfacet
  facet normal 0 0 1
    outer loop
      vertex 28.30854770677114 -27.44697272200758 18
      vertex 9.461327536344992 -5.4625 18
      vertex 9.162475954803758 -5.950181457539172 18
    endloop
  endfacet
  facet normal 0 0 1
    outer loop
      vertex 28.39077448577299 -27.412913274954757 18
      vertex 9.73424627675792 -4.9598462096545495 18
      vertex 9.461327536344992 -5.4625 18
    endloop
  endfacet
  facet normal 0 0 1
    outer loop
      vertex 28.560007623325713 -27.357926095308585 18
      vertex 9.980484124745415 -4.443597825603118 18
      vertex 9.73424627675792 -4.9598462096545495 18
    endloop
  endfacet
  facet normal 0 0 1
    outer loop
      vertex 28.64655012560981 -27.33714907875253 18
      vertex 10.19936615948193 -3.915169848782406 18
      vertex 9.980484124745415 -4.443597825603118 18
    endloop
  endfacet
  facet normal 0 0 1
    outer loop
      vertex 28.82230161244499 -27.309312777873934 18
      vertex 10.390292440524552 -3.3760106635463005 18
      vertex 10.19936615948193 -3.915169848782406 18
    endloop
  endfacet
  facet normal 0 0 1
    outer loop
      vertex 28.911028874386997 -27.302329790917224 18
      vertex 10.552739652208071 -2.8275980677450394 18
      vertex 10.390292440524552 -3.3760106635463005 18
    endloop
  endfacet
  facet normal 0 0 1
    outer loop
      vertex 29.088971125613003 -27.302329790917224 18
      vertex 10.686262538016829 -2.271435222184021 18
      vertex 10.552739652208071 -2.8275980677450394 18
    endloop
  endfacet
  facet normal 0 0 1
    outer loop
      vertex 29.17769838755501 -27.309312777873934 18
      vertex 10.79049512100188 -1.7090465305645224 18
      vertex 10.686262538016829 -2.271435222184021 18
    endloop
  endfacet
  facet normal 0 0 1
    outer loop
      vertex 29.35344987439019 -27.33714907875253 18
      vertex 10.865151706898386 -1.1419734611991141 18
      vertex 10.79049512100188 -1.7090465305645224 18
    endloop
  endfacet
  facet normal 0 0 1
    outer loop
      vertex 29.439992376674287 -27.357926095308585 18
      vertex 10.91002766719372 -0.5717703219541614 18
      vertex 10.865151706898386 -1.1419734611991141 18
    endloop
  endfacet
  facet normal 0 0 1
    outer loop
      vertex 29.52532889043741 -27.38320392229824 18
      vertex 10.925 0 18
      vertex 10.91002766719372 -0.5717703219541614 18
    endloop
  endfacet
  facet normal 0 0 1
    outer loop
      vertex 29.69145229322886 -27.44697272200758 18
      vertex 10.91002766719372 0.5717703219541614 18
      vertex 10.925 0 18
    endloop
  endfacet
  facet normal 0 0 1
    outer loop
      vertex 29.77178384955723 -27.485288908879774 18
      vertex 10.865151706898386 1.1419734611991141 18
      vertex 10.91002766719372 0.5717703219541614 18
    endloop
  endfacet
  facet normal 0 0 1
    outer loop
      vertex 29.85 -27.527756813566455 18
      vertex 10.79049512100188 1.7090465305645224 18
      vertex 10.865151706898386 1.1419734611991141 18
    endloop
  endfacet
  facet normal 0 0 1
    outer loop
      vertex 27.309312777873934 -28.82230161244499 18
      vertex 3.3760106635463005 -10.390292440524552 18
      vertex 27.302329790917224 -28.911028874386997 18
    endloop
  endfacet
  facet normal 0 0 1
    outer loop
      vertex 27.320929820988265 -28.734061409431607 18
      vertex 3.915169848782406 -10.19936615948193 18
      vertex 27.309312777873934 -28.82230161244499 18
    endloop
  endfacet
  facet normal 0 0 1
    outer loop
      vertex 27.33714907875253 -28.64655012560981 18
      vertex 3.915169848782406 -10.19936615948193 18
      vertex 27.320929820988265 -28.734061409431607 18
    endloop
  endfacet
  facet normal 0 0 1
    outer loop
      vertex 27.357926095308585 -28.560007623325713 18
      vertex 4.443597825603118 -9.980484124745415 18
      vertex 27.33714907875253 -28.64655012560981 18
    endloop
  endfacet
  facet normal 0 0 1
    outer loop
      vertex 27.38320392229824 -28.47467110956259 18
      vertex 4.9598462096545495 -9.73424627675792 18
      vertex 27.357926095308585 -28.560007623325713 18
    endloop
  endfacet
  facet normal 0 0 1
    outer loop
      vertex 27.412913274954757 -28.39077448577299 18
      vertex 4.9598462096545495 -9.73424627675792 18
      vertex 27.38320392229824 -28.47467110956259 18
    endloop
  endfacet
  facet normal 0 0 1
    outer loop
      vertex 27.44697272200758 -28.30854770677114 18
      vertex 5.4625 -9.461327536344992 18
      vertex 27.412913274954757 -28.39077448577299 18
    endloop
  endfacet
  facet normal 0 0 1
    outer loop
      vertex 27.485288908879774 -28.22821615044277 18
      vertex 5.950181457539172 -9.162475954803758 18
      vertex 27.44697272200758 -28.30854770677114 18
    endloop
  endfacet
  facet normal 0 0 1
    outer loop
      vertex 27.527756813566455 -28.15 18
      vertex 5.950181457539172 -9.162475954803758 18
      vertex 27.485288908879774 -28.22821615044277 18
    endloop
  endfacet
  facet normal 0 0 1
    outer loop
      vertex 27.57426003449278 -28.074113640474454 18
      vertex 6.421553881295269 -8.838510663546302 18
      vertex 27.527756813566455 -28.15 18
    endloop
  endfacet
  facet normal 0 0 1
    outer loop
      vertex 27.62467110956259 -28.000765071102794 18
      vertex 6.875325272219474 -8.490319628917408 18
      vertex 27.57426003449278 -28.074113640474454 18
    endloop
  endfacet
  facet normal 0 0 1
    outer loop
      vertex 27.67885186552315 -27.930155335215275 18
      vertex 6.875325272219474 -8.490319628917408 18
      vertex 27.62467110956259 -28.000765071102794 18
    endloop
  endfacet
  facet normal 0 0 1
    outer loop
      vertex 27.73665379668843 -27.862477969189943 18
      vertex 7.310251874470527 -8.118857218340533 18
      vertex 27.67885186552315 -27.930155335215275 18
    endloop
  endfacet
  facet normal 0 0 1
    outer loop
      vertex 27.797918471982868 -27.797918471982868 18
      vertex 7.310251874470527 -8.118857218340533 18
      vertex 27.73665379668843 -27.862477969189943 18
    endloop
  endfacet
  facet normal 0 0 1
    outer loop
      vertex 27.797918471982868 -27.797918471982868 18
      vertex 27.862477969189943 -27.73665379668843 18
      vertex 7.7251415844630325 -7.7251415844630325 18
    endloop
  endfacet
  facet normal 0 0 1
    outer loop
      vertex 27.862477969189943 -27.73665379668843 18
      vertex 27.930155335215275 -27.67885186552315 18
      vertex 8.118857218340533 -7.310251874470527 18
    endloop
  endfacet
  facet normal 0 0 1
    outer loop
      vertex 27.930155335215275 -27.67885186552315 18
      vertex 28.000765071102794 -27.62467110956259 18
      vertex 8.490319628917408 -6.875325272219474 18
    endloop
  endfacet
  facet normal 0 0 1
    outer loop
      vertex 28.000765071102794 -27.62467110956259 18
      vertex 28.074113640474454 -27.57426003449278 18
      vertex 8.490319628917408 -6.875325272219474 18
    endloop
  endfacet
  facet normal 0 0 1
    outer loop
      vertex 28.074113640474454 -27.57426003449278 18
      vertex 28.15 -27.527756813566455 18
      vertex 8.838510663546302 -6.421553881295269 18
    endloop
  endfacet
  facet normal 0 0 1
    outer loop
      vertex 28.15 -27.527756813566455 18
      vertex 28.22821615044277 -27.485288908879774 18
      vertex 9.162475954803758 -5.950181457539172 18
    endloop
  endfacet
  facet normal 0 0 1
    outer loop
      vertex 28.22821615044277 -27.485288908879774 18
      vertex 28.30854770677114 -27.44697272200758 18
      vertex 9.162475954803758 -5.950181457539172 18
    endloop
  endfacet
  facet normal 0 0 1
    outer loop
      vertex 28.30854770677114 -27.44697272200758 18
      vertex 28.39077448577299 -27.412913274954757 18
      vertex 9.461327536344992 -5.4625 18
    endloop
  endfacet
  facet normal 0 0 1
    outer loop
      vertex 28.39077448577299 -27.412913274954757 18
      vertex 28.47467110956259 -27.38320392229824 18
      vertex 9.73424627675792 -4.9598462096545495 18
    endloop
  endfacet
  facet normal 0 0 1
    outer loop
      vertex 28.47467110956259 -27.38320392229824 18
      vertex 28.560007623325713 -27.357926095308585 18
      vertex 9.73424627675792 -4.9598462096545495 18
    endloop
  endfacet
  facet normal 0 0 1
    outer loop
      vertex 28.560007623325713 -27.357926095308585 18
      vertex 28.64655012560981 -27.33714907875253 18
      vertex 9.980484124745415 -4.443597825603118 18
    endloop
  endfacet
  facet normal 0 0 1
    outer loop
      vertex 28.64655012560981 -27.33714907875253 18
      vertex 28.734061409431607 -27.320929820988265 18
      vertex 10.19936615948193 -3.915169848782406 18
    endloop
  endfacet
  facet normal 0 0 1
    outer loop
      vertex 28.734061409431607 -27.320929820988265 18
      vertex 28.82230161244499 -27.309312777873934 18
      vertex 10.19936615948193 -3.915169848782406 18
    endloop
  endfacet
  facet normal 0 0 1
    outer loop
      vertex 28.82230161244499 -27.309312777873934 18
      vertex 28.911028874386997 -27.302329790917224 18
      vertex 10.390292440524552 -3.3760106635463005 18
    endloop
  endfacet
  facet normal 0 0 1
    outer loop
      vertex 28.911028874386997 -27.302329790917224 18
      vertex 29 -27.3 18
      vertex 10.552739652208071 -2.8275980677450394 18
    endloop
  endfacet
  facet normal 0 0 1
    outer loop
      vertex 29 -27.3 18
      vertex 29.088971125613003 -27.302329790917224 18
      vertex 10.552739652208071 -2.8275980677450394 18
    endloop
  endfacet
  facet normal 0 0 1
    outer loop
      vertex 29.088971125613003 -27.302329790917224 18
      vertex 29.17769838755501 -27.309312777873934 18
      vertex 10.686262538016829 -2.271435222184021 18
    endloop
  endfacet
  facet normal 0 0 1
    outer loop
      vertex 29.17769838755501 -27.309312777873934 18
      vertex 29.265938590568393 -27.320929820988265 18
      vertex 10.79049512100188 -1.7090465305645224 18
    endloop
  endfacet
  facet normal 0 0 1
    outer loop
      vertex 29.265938590568393 -27.320929820988265 18
      vertex 29.35344987439019 -27.33714907875253 18
      vertex 10.79049512100188 -1.7090465305645224 18
    endloop
  endfacet
  facet normal 0 0 1
    outer loop
      vertex 29.35344987439019 -27.33714907875253 18
      vertex 29.439992376674287 -27.357926095308585 18
      vertex 10.865151706898386 -1.1419734611991141 18
    endloop
  endfacet
  facet normal 0 0 1
    outer loop
      vertex 29.439992376674287 -27.357926095308585 18
      vertex 29.52532889043741 -27.38320392229824 18
      vertex 10.91002766719372 -0.5717703219541614 18
    endloop
  endfacet
  facet normal 0 0 1
    outer loop
      vertex 29.52532889043741 -27.38320392229824 18
      vertex 29.60922551422701 -27.412913274954757 18
      vertex 10.925 0 18
    endloop
  endfacet
  facet normal 0 0 1
    outer loop
      vertex 29.60922551422701 -27.412913274954757 18
      vertex 29.69145229322886 -27.44697272200758 18
      vertex 10.925 0 18
    endloop
  endfacet
  facet normal 0 0 1
    outer loop
      vertex 29.69145229322886 -27.44697272200758 18
      vertex 29.77178384955723 -27.485288908879774 18
      vertex 10.91002766719372 0.5717703219541614 18
    endloop
  endfacet
  facet normal 0 0 1
    outer loop
      vertex 29.77178384955723 -27.485288908879774 18
      vertex 29.85 -27.527756813566455 18
      vertex 10.865151706898386 1.1419734611991141 18
    endloop
  endfacet
  facet normal 0 0 1
    outer loop
      vertex 30.37532889043741 -28.000765071102794 18
      vertex 10.79049512100188 1.7090465305645224 18
      vertex 30.32114813447685 -27.930155335215275 18
    endloop
  endfacet
  facet normal 0 0 1
    outer loop
      vertex 30.42573996550722 -28.074113640474454 18
      vertex 10.79049512100188 1.7090465305645224 18
      vertex 30.37532889043741 -28.000765071102794 18
    endloop
  endfacet
  facet normal 0 0 1
    outer loop
      vertex 29.85 -27.527756813566455 18
      vertex 29.925886359525546 -27.57426003449278 18
      vertex 10.79049512100188 1.7090465305645224 18
    endloop
  endfacet
  facet normal 0 0 1
    outer loop
      vertex 29.925886359525546 -27.57426003449278 18
      vertex 29.999234928897206 -27.62467110956259 18
      vertex 10.79049512100188 1.7090465305645224 18
    endloop
  endfacet
  facet normal 0 0 1
    outer loop
      vertex 29.999234928897206 -27.62467110956259 18
      vertex 30.069844664784725 -27.67885186552315 18
      vertex 10.79049512100188 1.7090465305645224 18
    endloop
  endfacet
  facet normal 0 0 1
    outer loop
      vertex 30.137522030810057 -27.73665379668843 18
      vertex 30.202081528017132 -27.797918471982868 18
      vertex 10.79049512100188 1.7090465305645224 18
    endloop
  endfacet
  facet normal 0 0 1
    outer loop
      vertex 30.26334620331157 -27.862477969189943 18
      vertex 10.79049512100188 1.7090465305645224 18
      vertex 30.202081528017132 -27.797918471982868 18
    endloop
  endfacet
  facet normal 0 0 1
    outer loop
      vertex 30.069844664784725 -27.67885186552315 18
      vertex 30.137522030810057 -27.73665379668843 18
      vertex 10.79049512100188 1.7090465305645224 18
    endloop
  endfacet
  facet normal 0 0 1
    outer loop
      vertex 30.32114813447685 -27.930155335215275 18
      vertex 10.79049512100188 1.7090465305645224 18
      vertex 30.26334620331157 -27.862477969189943 18
    endloop
  endfacet
  facet normal 0 0 1
    outer loop
      vertex 35 -35 18
      vertex 10.79049512100188 1.7090465305645224 18
      vertex 30.42573996550722 -28.074113640474454 18
    endloop
  endfacet
  facet normal 0 0 1
    outer loop
      vertex 35 -35 18
      vertex 29.17769838755501 -30.690687222126066 18
      vertex 29.088971125613003 -30.697670209082776 18
    endloop
  endfacet
  facet normal 0 0 1
    outer loop
      vertex 35 -35 18
      vertex 29.265938590568393 -30.679070179011735 18
      vertex 29.17769838755501 -30.690687222126066 18
    endloop
  endfacet
  facet normal 0 0 1
    outer loop
      vertex 35 -35 18
      vertex 29.35344987439019 -30.66285092124747 18
      vertex 29.265938590568393 -30.679070179011735 18
    endloop
  endfacet
  facet normal 0 0 1
    outer loop
      vertex 35 -35 18
      vertex 29.439992376674287 -30.642073904691415 18
      vertex 29.35344987439019 -30.66285092124747 18
    endloop
  endfacet
  facet normal 0 0 1
    outer loop
      vertex 35 -35 18
      vertex 29.52532889043741 -30.61679607770176 18
      vertex 29.439992376674287 -30.642073904691415 18
    endloop
  endfacet
  facet normal 0 0 1
    outer loop
      vertex 35 -35 18
      vertex 29.60922551422701 -30.587086725045243 18
      vertex 29.52532889043741 -30.61679607770176 18
    endloop
  endfacet
  facet normal 0 0 1
    outer loop
      vertex 35 -35 18
      vertex 29.69145229322886 -30.55302727799242 18
      vertex 29.60922551422701 -30.587086725045243 18
    endloop
  endfacet
  facet normal 0 0 1
    outer loop
      vertex 35 -35 18
      vertex 29.77178384955723 -30.514711091120226 18
      vertex 29.69145229322886 -30.55302727799242 18
    endloop
  endfacet
  facet normal 0 0 1
    outer loop
      vertex 35 -35 18
      vertex 29.85 -30.472243186433545 18
      vertex 29.77178384955723 -30.514711091120226 18
    endloop
  endfacet
  facet normal 0 0 1
    outer loop
      vertex 35 -35 18
      vertex 29.999234928897206 -30.37532889043741 18
      vertex 29.925886359525546 -30.42573996550722 18
    endloop
  endfacet
  facet normal 0 0 1
    outer loop
      vertex 35 -35 18
      vertex 29.925886359525546 -30.42573996550722 18
      vertex 29.85 -30.472243186433545 18
    endloop
  endfacet
  facet normal 0 0 1
    outer loop
      vertex 35 -35 18
      vertex 30.069844664784725 -30.32114813447685 18
      vertex 29.999234928897206 -30.37532889043741 18
    endloop
  endfacet
  facet normal 0 0 1
    outer loop
      vertex 35 -35 18
      vertex 30.137522030810057 -30.26334620331157 18
      vertex 30.069844664784725 -30.32114813447685 18
    endloop
  endfacet
  facet normal 0 0 1
    outer loop
      vertex 35 -35 18
      vertex 30.202081528017132 -30.202081528017132 18
      vertex 30.137522030810057 -30.26334620331157 18
    endloop
  endfacet
  facet normal 0 0 1
    outer loop
      vertex 35 -35 18
      vertex 30.26334620331157 -30.137522030810057 18
      vertex 30.202081528017132 -30.202081528017132 18
    endloop
  endfacet
  facet normal 0 0 1
    outer loop
      vertex 35 -35 18
      vertex 30.32114813447685 -30.069844664784725 18
      vertex 30.26334620331157 -30.137522030810057 18
    endloop
  endfacet
  facet normal 0 0 1
    outer loop
      vertex 35 -35 18
      vertex 30.37532889043741 -29.999234928897206 18
      vertex 30.32114813447685 -30.069844664784725 18
    endloop
  endfacet
  facet normal 0 0 1
    outer loop
      vertex 35 -35 18
      vertex 30.42573996550722 -29.925886359525546 18
      vertex 30.37532889043741 -29.999234928897206 18
    endloop
  endfacet
  facet normal 0 0 1
    outer loop
      vertex 35 -35 18
      vertex 30.472243186433545 -29.85 18
      vertex 30.42573996550722 -29.925886359525546 18
    endloop
  endfacet
  facet normal 0 0 1
    outer loop
      vertex 35 -35 18
      vertex 30.514711091120226 -29.77178384955723 18
      vertex 30.472243186433545 -29.85 18
    endloop
  endfacet
  facet normal 0 0 1
    outer loop
      vertex 35 -35 18
      vertex 30.55302727799242 -29.69145229322886 18
      vertex 30.514711091120226 -29.77178384955723 18
    endloop
  endfacet
  facet normal 0 0 1
    outer loop
      vertex 35 -35 18
      vertex 30.587086725045243 -29.60922551422701 18
      vertex 30.55302727799242 -29.69145229322886 18
    endloop
  endfacet
  facet normal 0 0 1
    outer loop
      vertex 35 -35 18
      vertex 30.61679607770176 -29.52532889043741 18
      vertex 30.587086725045243 -29.60922551422701 18
    endloop
  endfacet
  facet normal 0 0 1
    outer loop
      vertex 35 -35 18
      vertex 30.642073904691415 -29.439992376674287 18
      vertex 30.61679607770176 -29.52532889043741 18
    endloop
  endfacet
  facet normal 0 0 1
    outer loop
      vertex 35 -35 18
      vertex 30.66285092124747 -29.35344987439019 18
      vertex 30.642073904691415 -29.439992376674287 18
    endloop
  endfacet
  facet normal 0 0 1
    outer loop
      vertex 35 -35 18
      vertex 30.679070179011735 -29.265938590568393 18
      vertex 30.66285092124747 -29.35344987439019 18
    endloop
  endfacet
  facet normal 0 0 1
    outer loop
      vertex 35 -35 18
      vertex 30.690687222126066 -29.17769838755501 18
      vertex 30.679070179011735 -29.265938590568393 18
    endloop
  endfacet
  facet normal 0 0 1
    outer loop
      vertex 35 -35 18
      vertex 30.697670209082776 -29.088971125613003 18
      vertex 30.690687222126066 -29.17769838755501 18
    endloop
  endfacet
  facet normal 0 0 1
    outer loop
      vertex 35 -35 18
      vertex 30.7 -29 18
      vertex 30.697670209082776 -29.088971125613003 18
    endloop
  endfacet
  facet normal 0 0 1
    outer loop
      vertex 35 -35 18
      vertex 30.697670209082776 -28.911028874386997 18
      vertex 30.7 -29 18
    endloop
  endfacet
  facet normal 0 0 1
    outer loop
      vertex 35 -35 18
      vertex 30.690687222126066 -28.82230161244499 18
      vertex 30.697670209082776 -28.911028874386997 18
    endloop
  endfacet
  facet normal 0 0 1
    outer loop
      vertex 35 -35 18
      vertex 30.679070179011735 -28.734061409431607 18
      vertex 30.690687222126066 -28.82230161244499 18
    endloop
  endfacet
  facet normal 0 0 1
    outer loop
      vertex 35 -35 18
      vertex 30.66285092124747 -28.64655012560981 18
      vertex 30.679070179011735 -28.734061409431607 18
    endloop
  endfacet
  facet normal 0 0 1
    outer loop
      vertex 35 -35 18
      vertex 30.642073904691415 -28.560007623325713 18
      vertex 30.66285092124747 -28.64655012560981 18
    endloop
  endfacet
  facet normal 0 0 1
    outer loop
      vertex 35 -35 18
      vertex 30.61679607770176 -28.47467110956259 18
      vertex 30.642073904691415 -28.560007623325713 18
    endloop
  endfacet
  facet normal 0 0 1
    outer loop
      vertex 35 -35 18
      vertex 30.42573996550722 -28.074113640474454 18
      vertex 30.472243186433545 -28.15 18
    endloop
  endfacet
  facet normal 0 0 1
    outer loop
      vertex 35 -35 18
      vertex 30.55302727799242 -28.30854770677114 18
      vertex 30.587086725045243 -28.39077448577299 18
    endloop
  endfacet
  facet normal 0 0 1
    outer loop
      vertex 35 -35 18
      vertex 30.514711091120226 -28.22821615044277 18
      vertex 30.55302727799242 -28.30854770677114 18
    endloop
  endfacet
  facet normal 0 0 1
    outer loop
      vertex 35 -35 18
      vertex 30.587086725045243 -28.39077448577299 18
      vertex 30.61679607770176 -28.47467110956259 18
    endloop
  endfacet
  facet normal 0 0 1
    outer loop
      vertex 35 -35 18
      vertex 30.472243186433545 -28.15 18
      vertex 30.514711091120226 -28.22821615044277 18
    endloop
  endfacet
  facet normal 0 0 1
    outer loop
      vertex 35 -35 18
      vertex 10.686262538016829 2.271435222184021 18
      vertex 10.79049512100188 1.7090465305645224 18
    endloop
  endfacet
  facet normal 0 0 1
    outer loop
      vertex 35 -35 18
      vertex 10.552739652208071 2.8275980677450394 18
      vertex 10.686262538016829 2.271435222184021 18
    endloop
  endfacet
  facet normal 0 0 1
    outer loop
      vertex 35 -35 18
      vertex 27.797918471982868 27.797918471982868 18
      vertex 10.552739652208071 2.8275980677450394 18
    endloop
  endfacet
  facet normal 0 0 -1
    outer loop
      vertex -0.6570247531689697 4.148291030499578 0
      vertex 27.309312777873934 29.17769838755501 0
      vertex -0.4390195457241446 4.176991960546748 0
    endloop
  endfacet
  facet normal 0 0 -1
    outer loop
      vertex -0.4390195457241446 4.176991960546748 0
      vertex 27.309312777873934 29.17769838755501 0
      vertex -0.2198110162203641 4.19424404596921 0
    endloop
  endfacet
  facet normal 0 0 -1
    outer loop
      vertex -0.2198110162203641 4.19424404596921 0
      vertex 27.309312777873934 29.17769838755501 0
      vertex 0 4.2 0
    endloop
  endfacet
  facet normal 0 0 -1
    outer loop
      vertex 0 4.2 0
      vertex 27.302329790917224 29.088971125613003 0
      vertex 0.2198110162203641 4.19424404596921 0
    endloop
  endfacet
  facet normal 0 0 -1
    outer loop
      vertex 0.2198110162203641 4.19424404596921 0
      vertex 27.3 29 0
      vertex 0.4390195457241446 4.176991960546748 0
    endloop
  endfacet
  facet normal 0 0 -1
    outer loop
      vertex 0.4390195457241446 4.176991960546748 0
      vertex 27.302329790917224 28.911028874386997 0
      vertex 0.6570247531689697 4.148291030499578 0
    endloop
  endfacet
  facet normal 0 0 -1
    outer loop
      vertex 0.8732291014345893 4.108219923081984 0
      vertex 27.320929820988265 28.734061409431607 0
      vertex 1.087039989430587 4.056888470414087 0
    endloop
  endfacet
  facet normal 0 0 -1
    outer loop
      vertex 0.6570247531689697 4.148291030499578 0
      vertex 27.309312777873934 28.82230161244499 0
      vertex 0.8732291014345893 4.108219923081984 0
    endloop
  endfacet
  facet normal 0 0 -1
    outer loop
      vertex 1.7082939009183609 3.836890922098924 0
      vertex 27.44697272200758 28.30854770677114 0
      vertex 1.9067600989060967 3.7422274015911454 0
    endloop
  endfacet
  facet normal 0 0 -1
    outer loop
      vertex 1.9067600989060967 3.7422274015911454 0
      vertex 27.485288908879774 28.22821615044277 0
      vertex 2.1 3.637306695894642 0
    endloop
  endfacet
  facet normal 0 0 -1
    outer loop
      vertex 2.1 3.637306695894642 0
      vertex 27.527756813566455 28.15 0
      vertex 2.2874839470631136 3.5224163853707813 0
    endloop
  endfacet
  facet normal 0 0 -1
    outer loop
      vertex 2.2874839470631136 3.5224163853707813 0
      vertex 27.57426003449278 28.074113640474454 0
      vertex 2.4686980596283874 3.3978713763747797 0
    endloop
  endfacet
  facet normal 0 0 -1
    outer loop
      vertex 2.4686980596283874 3.3978713763747797 0
      vertex 27.62467110956259 28.000765071102794 0
      vertex 2.6431456424093174 3.264013038119278 0
    endloop
  endfacet
  facet normal 0 0 -1
    outer loop
      vertex 1.087039989430587 4.056888470414087 0
      vertex 27.33714907875253 28.64655012560981 0
      vertex 1.2978713763747791 3.994437368439645 0
    endloop
  endfacet
  facet normal 0 0 -1
    outer loop
      vertex 1.2978713763747791 3.994437368439645 0
      vertex 27.38320392229824 28.47467110956259 0
      vertex 1.5051453880902612 3.9210377912882475 0
    endloop
  endfacet
  facet normal 0 0 -1
    outer loop
      vertex 1.5051453880902612 3.9210377912882475 0
      vertex 27.412913274954757 28.39077448577299 0
      vertex 1.7082939009183609 3.836890922098924 0
    endloop
  endfacet
  facet normal 0 0 -1
    outer loop
      vertex 3.7422274015911454 1.9067600989060967 0
      vertex 28.30854770677114 27.44697272200758 0
      vertex 3.836890922098924 1.7082939009183609 0
    endloop
  endfacet
  facet normal 0 0 -1
    outer loop
      vertex 3.264013038119278 2.6431456424093174 0
      vertex 28.000765071102794 27.62467110956259 0
      vertex 3.3978713763747797 2.4686980596283874 0
    endloop
  endfacet
  facet normal 0 0 -1
    outer loop
      vertex 3.3978713763747797 2.4686980596283874 0
      vertex 28.074113640474454 27.57426003449278 0
      vertex 3.5224163853707813 2.2874839470631136 0
    endloop
  endfacet
  facet normal 0 0 -1
    outer loop
      vertex 3.637306695894642 2.1 0
      vertex 28.22821615044277 27.485288908879774 0
      vertex 3.7422274015911454 1.9067600989060967 0
    endloop
  endfacet
  facet normal 0 0 -1
    outer loop
      vertex 3.5224163853707813 2.2874839470631136 0
      vertex 28.15 27.527756813566455 0
      vertex 3.637306695894642 2.1 0
    endloop
  endfacet
  facet normal 0 0 -1
    outer loop
      vertex 4.19424404596921 0.2198110162203641 0
      vertex 29.088971125613003 27.302329790917224 0
      vertex 4.2 0 0
    endloop
  endfacet
  facet normal 0 0 -1
    outer loop
      vertex 4.056888470414087 1.087039989430587 0
      vertex 28.734061409431607 27.320929820988265 0
      vertex 4.108219923081984 0.8732291014345893 0
    endloop
  endfacet
  facet normal 0 0 -1
    outer loop
      vertex 4.148291030499578 0.6570247531689697 0
      vertex 28.911028874386997 27.302329790917224 0
      vertex 4.176991960546748 0.4390195457241446 0
    endloop
  endfacet
  facet normal 0 0 -1
    outer loop
      vertex 4.176991960546748 0.4390195457241446 0
      vertex 29 27.3 0
      vertex 4.19424404596921 0.2198110162203641 0
    endloop
  endfacet
  facet normal 0 0 -1
    outer loop
      vertex 4.108219923081984 0.8732291014345893 0
      vertex 28.82230161244499 27.309312777873934 0
      vertex 4.148291030499578 0.6570247531689697 0
    endloop
  endfacet
  facet normal 0 0 -1
    outer loop
      vertex 3.9210377912882475 1.5051453880902612 0
      vertex 28.560007623325713 27.357926095308585 0
      vertex 3.994437368439645 1.2978713763747791 0
    endloop
  endfacet
  facet normal 0 0 -1
    outer loop
      vertex 3.994437368439645 1.2978713763747791 0
      vertex 28.64655012560981 27.33714907875253 0
      vertex 4.056888470414087 1.087039989430587 0
    endloop
  endfacet
  facet normal 0 0 -1
    outer loop
      vertex 3.836890922098924 1.7082939009183609 0
      vertex 28.39077448577299 27.412913274954757 0
      vertex 3.9210377912882475 1.5051453880902612 0
    endloop
  endfacet
  facet normal 0 0 -1
    outer loop
      vertex 2.6431456424093174 3.264013038119278 0
      vertex 27.67885186552315 27.930155335215275 0
      vertex 2.8103485467072047 3.121208267005056 0
    endloop
  endfacet
  facet normal 0 0 -1
    outer loop
      vertex 2.9698484809834995 2.9698484809835004 0
      vertex 2.8103485467072047 3.121208267005056 0
      vertex 27.797918471982868 27.797918471982868 0
    endloop
  endfacet
  facet normal 0 0 -1
    outer loop
      vertex 2.9698484809834995 2.9698484809835004 0
      vertex 27.862477969189943 27.73665379668843 0
      vertex 3.121208267005056 2.8103485467072047 0
    endloop
  endfacet
  facet normal 0 0 -1
    outer loop
      vertex 3.264013038119278 2.6431456424093174 0
      vertex 3.121208267005056 2.8103485467072047 0
      vertex 27.930155335215275 27.67885186552315 0
    endloop
  endfacet
  facet normal 0 1 0
    outer loop
      vertex -35 35 0
      vertex 4 35 6.5
      vertex 35 35 0
    endloop
  endfacet
  facet normal 0 0 -1
    outer loop
      vertex -35 35 0
      vertex 27.320929820988265 29.265938590568393 0
      vertex 27.309312777873934 29.17769838755501 0
    endloop
  endfacet
  facet normal 0 0 -1
    outer loop
      vertex -35 35 0
      vertex 27.33714907875253 29.35344987439019 0
      vertex 27.320929820988265 29.265938590568393 0
    endloop
  endfacet
  facet normal 0 0 -1
    outer loop
      vertex -35 35 0
      vertex 27.357926095308585 29.439992376674287 0
      vertex 27.33714907875253 29.35344987439019 0
    endloop
  endfacet
  facet normal 0 0 -1
    outer loop
      vertex -35 35 0
      vertex 27.38320392229824 29.52532889043741 0
      vertex 27.357926095308585 29.439992376674287 0
    endloop
  endfacet
  facet normal 0 0 -1
    outer loop
      vertex -35 35 0
      vertex 27.44697272200758 29.69145229322886 0
      vertex 27.412913274954757 29.60922551422701 0
    endloop
  endfacet
  facet normal 0 0 -1
    outer loop
      vertex -35 35 0
      vertex 27.412913274954757 29.60922551422701 0
      vertex 27.38320392229824 29.52532889043741 0
    endloop
  endfacet
  facet normal 0 0 -1
    outer loop
      vertex -35 35 0
      vertex 27.485288908879774 29.77178384955723 0
      vertex 27.44697272200758 29.69145229322886 0
    endloop
  endfacet
  facet normal 0 0 -1
    outer loop
      vertex -35 35 0
      vertex 27.527756813566455 29.85 0
      vertex 27.485288908879774 29.77178384955723 0
    endloop
  endfacet
  facet normal 0 0 -1
    outer loop
      vertex -35 35 0
      vertex 27.62467110956259 29.999234928897206 0
      vertex 27.57426003449278 29.925886359525546 0
    endloop
  endfacet
  facet normal 0 0 -1
    outer loop
      vertex -35 35 0
      vertex 27.57426003449278 29.925886359525546 0
      vertex 27.527756813566455 29.85 0
    endloop
  endfacet
  facet normal 0 0 -1
    outer loop
      vertex -35 35 0
      vertex 27.67885186552315 30.069844664784725 0
      vertex 27.62467110956259 29.999234928897206 0
    endloop
  endfacet
  facet normal 0 0 -1
    outer loop
      vertex -35 35 0
      vertex 27.73665379668843 30.137522030810057 0
      vertex 27.67885186552315 30.069844664784725 0
    endloop
  endfacet
  facet normal 0 0 -1
    outer loop
      vertex -35 35 0
      vertex 27.797918471982868 30.202081528017132 0
      vertex 27.73665379668843 30.137522030810057 0
    endloop
  endfacet
  facet normal 0 0 -1
    outer loop
      vertex -35 35 0
      vertex 27.862477969189943 30.26334620331157 0
      vertex 27.797918471982868 30.202081528017132 0
    endloop
  endfacet
  facet normal 0 0 -1
    outer loop
      vertex -35 35 0
      vertex 27.930155335215275 30.32114813447685 0
      vertex 27.862477969189943 30.26334620331157 0
    endloop
  endfacet
  facet normal 0 0 -1
    outer loop
      vertex -35 35 0
      vertex 28.000765071102794 30.37532889043741 0
      vertex 27.930155335215275 30.32114813447685 0
    endloop
  endfacet
  facet normal 0 0 -1
    outer loop
      vertex -35 35 0
      vertex 28.074113640474454 30.42573996550722 0
      vertex 28.000765071102794 30.37532889043741 0
    endloop
  endfacet
  facet normal 0 0 -1
    outer loop
      vertex -35 35 0
      vertex 28.15 30.472243186433545 0
      vertex 28.074113640474454 30.42573996550722 0
    endloop
  endfacet
  facet normal 0 0 -1
    outer loop
      vertex -35 35 0
      vertex 28.22821615044277 30.514711091120226 0
      vertex 28.15 30.472243186433545 0
    endloop
  endfacet
  facet normal 0 0 -1
    outer loop
      vertex -35 35 0
      vertex 28.39077448577299 30.587086725045243 0
      vertex 28.30854770677114 30.55302727799242 0
    endloop
  endfacet
  facet normal 0 0 -1
    outer loop
      vertex -35 35 0
      vertex 28.30854770677114 30.55302727799242 0
      vertex 28.22821615044277 30.514711091120226 0
    endloop
  endfacet
  facet normal 0 0 -1
    outer loop
      vertex -35 35 0
      vertex 28.47467110956259 30.61679607770176 0
      vertex 28.39077448577299 30.587086725045243 0
    endloop
  endfacet
  facet normal 0 0 -1
    outer loop
      vertex -35 35 0
      vertex 28.560007623325713 30.642073904691415 0
      vertex 28.47467110956259 30.61679607770176 0
    endloop
  endfacet
  facet normal 0 0 -1
    outer loop
      vertex -35 35 0
      vertex 28.64655012560981 30.66285092124747 0
      vertex 28.560007623325713 30.642073904691415 0
    endloop
  endfacet
  facet normal 0 0 -1
    outer loop
      vertex -35 35 0
      vertex 28.82230161244499 30.690687222126066 0
      vertex 28.734061409431607 30.679070179011735 0
    endloop
  endfacet
  facet normal 0 0 -1
    outer loop
      vertex -35 35 0
      vertex 28.734061409431607 30.679070179011735 0
      vertex 28.64655012560981 30.66285092124747 0
    endloop
  endfacet
  facet normal 0 0 -1
    outer loop
      vertex -35 35 0
      vertex 28.911028874386997 30.697670209082776 0
      vertex 28.82230161244499 30.690687222126066 0
    endloop
  endfacet
  facet normal 0 0 -1
    outer loop
      vertex -35 35 0
      vertex 29 30.7 0
      vertex 28.911028874386997 30.697670209082776 0
    endloop
  endfacet
  facet normal 0 0 -1
    outer loop
      vertex -35 35 0
      vertex 29.088971125613003 30.697670209082776 0
      vertex 29 30.7 0
    endloop
  endfacet
  facet normal 0 0 -1
    outer loop
      vertex -35 35 0
      vertex 35 35 0
      vertex 29.088971125613003 30.697670209082776 0
    endloop
  endfacet
  facet normal 0 0 -1
    outer loop
      vertex 4.2 0 0
      vertex 29.088971125613003 27.302329790917224 0
      vertex 29.088971125613003 -27.302329790917224 0
    endloop
  endfacet
  facet normal 0 0 -1
    outer loop
      vertex 35 -35 0
      vertex 30.26334620331157 27.862477969189943 0
      vertex 30.32114813447685 27.930155335215275 0
    endloop
  endfacet
  facet normal 0 0 -1
    outer loop
      vertex 35 -35 0
      vertex 30.32114813447685 27.930155335215275 0
      vertex 30.37532889043741 28.000765071102794 0
    endloop
  endfacet
  facet normal 0 0 -1
    outer loop
      vertex 35 -35 0
      vertex 30.37532889043741 28.000765071102794 0
      vertex 30.42573996550722 28.074113640474454 0
    endloop
  endfacet
  facet normal 0 0 -1
    outer loop
      vertex 35 -35 0
      vertex 30.42573996550722 28.074113640474454 0
      vertex 30.472243186433545 28.15 0
    endloop
  endfacet
  facet normal 0 0 -1
    outer loop
      vertex 35 -35 0
      vertex 30.472243186433545 28.15 0
      vertex 30.514711091120226 28.22821615044277 0
    endloop
  endfacet
  facet normal 0 0 -1
    outer loop
      vertex 35 -35 0
      vertex 30.55302727799242 28.30854770677114 0
      vertex 30.587086725045243 28.39077448577299 0
    endloop
  endfacet
  facet normal 0 0 -1
    outer loop
      vertex 35 -35 0
      vertex 30.514711091120226 28.22821615044277 0
      vertex 30.55302727799242 28.30854770677114 0
    endloop
  endfacet
  facet normal 0 0 -1
    outer loop
      vertex 35 -35 0
      vertex 30.587086725045243 28.39077448577299 0
      vertex 30.61679607770176 28.47467110956259 0
    endloop
  endfacet
  facet normal 0 0 -1
    outer loop
      vertex 35 -35 0
      vertex 30.61679607770176 28.47467110956259 0
      vertex 30.642073904691415 28.560007623325713 0
    endloop
  endfacet
  facet normal 0 0 -1
    outer loop
      vertex 35 -35 0
      vertex 30.642073904691415 28.560007623325713 0
      vertex 30.66285092124747 28.64655012560981 0
    endloop
  endfacet
  facet normal 0 0 -1
    outer loop
      vertex 35 -35 0
      vertex 30.679070179011735 28.734061409431607 0
      vertex 30.690687222126066 28.82230161244499 0
    endloop
  endfacet
  facet normal 0 0 -1
    outer loop
      vertex 35 -35 0
      vertex 30.66285092124747 28.64655012560981 0
      vertex 30.679070179011735 28.734061409431607 0
    endloop
  endfacet
  facet normal 0 0 -1
    outer loop
      vertex 35 -35 0
      vertex 30.690687222126066 28.82230161244499 0
      vertex 30.697670209082776 28.911028874386997 0
    endloop
  endfacet
  facet normal 0 0 -1
    outer loop
      vertex 35 -35 0
      vertex 30.697670209082776 28.911028874386997 0
      vertex 30.7 29 0
    endloop
  endfacet
  facet normal 0 0 -1
    outer loop
      vertex 35 -35 0
      vertex 30.7 29 0
      vertex 30.697670209082776 29.088971125613003 0
    endloop
  endfacet
  facet normal 0 0 -1
    outer loop
      vertex 29.088971125613003 -27.302329790917224 0
      vertex 29.088971125613003 27.302329790917224 0
      vertex 29.17769838755501 27.309312777873934 0
    endloop
  endfacet
  facet normal 0 0 -1
    outer loop
      vertex 29.17769838755501 -27.309312777873934 0
      vertex 29.17769838755501 27.309312777873934 0
      vertex 29.265938590568393 27.320929820988265 0
    endloop
  endfacet
  facet normal 0 0 -1
    outer loop
      vertex 29.265938590568393 -27.320929820988265 0
      vertex 29.265938590568393 27.320929820988265 0
      vertex 29.35344987439019 27.33714907875253 0
    endloop
  endfacet
  facet normal 0 0 -1
    outer loop
      vertex 29.35344987439019 -27.33714907875253 0
      vertex 29.35344987439019 27.33714907875253 0
      vertex 29.439992376674287 27.357926095308585 0
    endloop
  endfacet
  facet normal 0 0 -1
    outer loop
      vertex 29.439992376674287 -27.357926095308585 0
      vertex 29.439992376674287 27.357926095308585 0
      vertex 29.52532889043741 27.38320392229824 0
    endloop
  endfacet
  facet normal 0 0 -1
    outer loop
      vertex 29.52532889043741 -27.38320392229824 0
      vertex 29.52532889043741 27.38320392229824 0
      vertex 29.60922551422701 27.412913274954757 0
    endloop
  endfacet
  facet normal 0 0 -1
    outer loop
      vertex 29.60922551422701 -27.412913274954757 0
      vertex 29.60922551422701 27.412913274954757 0
      vertex 29.69145229322886 27.44697272200758 0
    endloop
  endfacet
  facet normal 0 0 -1
    outer loop
      vertex 29.69145229322886 -27.44697272200758 0
      vertex 29.69145229322886 27.44697272200758 0
      vertex 29.77178384955723 27.485288908879774 0
    endloop
  endfacet
  facet normal 0 0 -1
    outer loop
      vertex 29.77178384955723 -27.485288908879774 0
      vertex 29.77178384955723 27.485288908879774 0
      vertex 29.85 27.527756813566455 0
    endloop
  endfacet
  facet normal 0 0 -1
    outer loop
      vertex 29.85 -27.527756813566455 0
      vertex 29.85 27.527756813566455 0
      vertex 29.925886359525546 27.57426003449278 0
    endloop
  endfacet
  facet normal 0 0 -1
    outer loop
      vertex 29.925886359525546 -27.57426003449278 0
      vertex 29.925886359525546 27.57426003449278 0
      vertex 29.999234928897206 27.62467110956259 0
    endloop
  endfacet
  facet normal 0 0 -1
    outer loop
      vertex 29.999234928897206 -27.62467110956259 0
      vertex 29.999234928897206 27.62467110956259 0
      vertex 30.069844664784725 27.67885186552315 0
    endloop
  endfacet
  facet normal 0 0 -1
    outer loop
      vertex 30.069844664784725 -27.67885186552315 0
      vertex 30.069844664784725 27.67885186552315 0
      vertex 30.137522030810057 27.73665379668843 0
    endloop
  endfacet
  facet normal 0 0 -1
    outer loop
      vertex 30.137522030810057 -27.73665379668843 0
      vertex 30.137522030810057 27.73665379668843 0
      vertex 30.202081528017132 27.797918471982868 0
    endloop
  endfacet
  facet normal 0 0 -1
    outer loop
      vertex 30.202081528017132 -27.797918471982868 0
      vertex 30.202081528017132 27.797918471982868 0
      vertex 30.26334620331157 27.862477969189943 0
    endloop
  endfacet
  facet normal 0 0 -1
    outer loop
      vertex 35 -35 0
      vertex 30.697670209082776 29.088971125613003 0
      vertex 35 35 0
    endloop
  endfacet
  facet normal 0 0 -1
    outer loop
      vertex 2.8103485467072047 3.121208267005056 0
      vertex 27.67885186552315 27.930155335215275 0
      vertex 27.73665379668843 27.862477969189943 0
    endloop
  endfacet
  facet normal 0 0 -1
    outer loop
      vertex 3.121208267005056 2.8103485467072047 0
      vertex 27.862477969189943 27.73665379668843 0
      vertex 27.930155335215275 27.67885186552315 0
    endloop
  endfacet
  facet normal 0 0 -1
    outer loop
      vertex 2.9698484809834995 2.9698484809835004 0
      vertex 27.797918471982868 27.797918471982868 0
      vertex 27.862477969189943 27.73665379668843 0
    endloop
  endfacet
  facet normal 0 0 -1
    outer loop
      vertex 2.8103485467072047 3.121208267005056 0
      vertex 27.73665379668843 27.862477969189943 0
      vertex 27.797918471982868 27.797918471982868 0
    endloop
  endfacet
  facet normal 0 0 -1
    outer loop
      vertex 0.2198110162203641 4.19424404596921 0
      vertex 27.302329790917224 29.088971125613003 0
      vertex 27.3 29 0
    endloop
  endfacet
  facet normal 0 0 -1
    outer loop
      vertex 1.087039989430587 4.056888470414087 0
      vertex 27.320929820988265 28.734061409431607 0
      vertex 27.33714907875253 28.64655012560981 0
    endloop
  endfacet
  facet normal 0 0 -1
    outer loop
      vertex 0.6570247531689697 4.148291030499578 0
      vertex 27.302329790917224 28.911028874386997 0
      vertex 27.309312777873934 28.82230161244499 0
    endloop
  endfacet
  facet normal 0 0 -1
    outer loop
      vertex 0.4390195457241446 4.176991960546748 0
      vertex 27.3 29 0
      vertex 27.302329790917224 28.911028874386997 0
    endloop
  endfacet
  facet normal 0 0 -1
    outer loop
      vertex 0.8732291014345893 4.108219923081984 0
      vertex 27.309312777873934 28.82230161244499 0
      vertex 27.320929820988265 28.734061409431607 0
    endloop
  endfacet
  facet normal 0 0 -1
    outer loop
      vertex 0 4.2 0
      vertex 27.309312777873934 29.17769838755501 0
      vertex 27.302329790917224 29.088971125613003 0
    endloop
  endfacet
  facet normal 0 0 -1
    outer loop
      vertex 1.7082939009183609 3.836890922098924 0
      vertex 27.412913274954757 28.39077448577299 0
      vertex 27.44697272200758 28.30854770677114 0
    endloop
  endfacet
  facet normal 0 0 -1
    outer loop
      vertex 2.2874839470631136 3.5224163853707813 0
      vertex 27.527756813566455 28.15 0
      vertex 27.57426003449278 28.074113640474454 0
    endloop
  endfacet
  facet normal 0 0 -1
    outer loop
      vertex 1.9067600989060967 3.7422274015911454 0
      vertex 27.44697272200758 28.30854770677114 0
      vertex 27.485288908879774 28.22821615044277 0
    endloop
  endfacet
  facet normal 0 0 -1
    outer loop
      vertex 2.1 3.637306695894642 0
      vertex 27.485288908879774 28.22821615044277 0
      vertex 27.527756813566455 28.15 0
    endloop
  endfacet
  facet normal 0 0 -1
    outer loop
      vertex 1.2978713763747791 3.994437368439645 0
      vertex 27.357926095308585 28.560007623325713 0
      vertex 27.38320392229824 28.47467110956259 0
    endloop
  endfacet
  facet normal 0 0 -1
    outer loop
      vertex 1.2978713763747791 3.994437368439645 0
      vertex 27.33714907875253 28.64655012560981 0
      vertex 27.357926095308585 28.560007623325713 0
    endloop
  endfacet
  facet normal 0 0 -1
    outer loop
      vertex 1.5051453880902612 3.9210377912882475 0
      vertex 27.38320392229824 28.47467110956259 0
      vertex 27.412913274954757 28.39077448577299 0
    endloop
  endfacet
  facet normal 0 0 -1
    outer loop
      vertex 2.4686980596283874 3.3978713763747797 0
      vertex 27.57426003449278 28.074113640474454 0
      vertex 27.62467110956259 28.000765071102794 0
    endloop
  endfacet
  facet normal 0 0 -1
    outer loop
      vertex 2.6431456424093174 3.264013038119278 0
      vertex 27.62467110956259 28.000765071102794 0
      vertex 27.67885186552315 27.930155335215275 0
    endloop
  endfacet
  facet normal 0 0 -1
    outer loop
      vertex 4.056888470414087 1.087039989430587 0
      vertex 28.64655012560981 27.33714907875253 0
      vertex 28.734061409431607 27.320929820988265 0
    endloop
  endfacet
  facet normal 0 0 -1
    outer loop
      vertex 4.19424404596921 0.2198110162203641 0
      vertex 29 27.3 0
      vertex 29.088971125613003 27.302329790917224 0
    endloop
  endfacet
  facet normal 0 0 -1
    outer loop
      vertex 4.148291030499578 0.6570247531689697 0
      vertex 28.82230161244499 27.309312777873934 0
      vertex 28.911028874386997 27.302329790917224 0
    endloop
  endfacet
  facet normal 0 0 -1
    outer loop
      vertex 4.108219923081984 0.8732291014345893 0
      vertex 28.734061409431607 27.320929820988265 0
      vertex 28.82230161244499 27.309312777873934 0
    endloop
  endfacet
  facet normal 0 0 -1
    outer loop
      vertex 4.176991960546748 0.4390195457241446 0
      vertex 28.911028874386997 27.302329790917224 0
      vertex 29 27.3 0
    endloop
  endfacet
  facet normal 0 0 -1
    outer loop
      vertex 3.5224163853707813 2.2874839470631136 0
      vertex 28.074113640474454 27.57426003449278 0
      vertex 28.15 27.527756813566455 0
    endloop
  endfacet
  facet normal 0 0 -1
    outer loop
      vertex 3.836890922098924 1.7082939009183609 0
      vertex 28.30854770677114 27.44697272200758 0
      vertex 28.39077448577299 27.412913274954757 0
    endloop
  endfacet
  facet normal 0 0 -1
    outer loop
      vertex 3.7422274015911454 1.9067600989060967 0
      vertex 28.22821615044277 27.485288908879774 0
      vertex 28.30854770677114 27.44697272200758 0
    endloop
  endfacet
  facet normal 0 0 -1
    outer loop
      vertex 3.637306695894642 2.1 0
      vertex 28.15 27.527756813566455 0
      vertex 28.22821615044277 27.485288908879774 0
    endloop
  endfacet
  facet normal 0 0 -1
    outer loop
      vertex 3.264013038119278 2.6431456424093174 0
      vertex 27.930155335215275 27.67885186552315 0
      vertex 28.000765071102794 27.62467110956259 0
    endloop
  endfacet
  facet normal 0 0 -1
    outer loop
      vertex 3.3978713763747797 2.4686980596283874 0
      vertex 28.000765071102794 27.62467110956259 0
      vertex 28.074113640474454 27.57426003449278 0
    endloop
  endfacet
  facet normal 0 0 -1
    outer loop
      vertex 3.9210377912882475 1.5051453880902612 0
      vertex 28.39077448577299 27.412913274954757 0
      vertex 28.47467110956259 27.38320392229824 0
    endloop
  endfacet
  facet normal 0 0 -1
    outer loop
      vertex 3.9210377912882475 1.5051453880902612 0
      vertex 28.47467110956259 27.38320392229824 0
      vertex 28.560007623325713 27.357926095308585 0
    endloop
  endfacet
  facet normal 0 0 -1
    outer loop
      vertex 3.994437368439645 1.2978713763747791 0
      vertex 28.560007623325713 27.357926095308585 0
      vertex 28.64655012560981 27.33714907875253 0
    endloop
  endfacet
  facet normal 0 0 -1
    outer loop
      vertex 35 35 0
      vertex 29.265938590568393 30.679070179011735 0
      vertex 29.17769838755501 30.690687222126066 0
    endloop
  endfacet
  facet normal 0 0 -1
    outer loop
      vertex 35 35 0
      vertex 29.17769838755501 30.690687222126066 0
      vertex 29.088971125613003 30.697670209082776 0
    endloop
  endfacet
  facet normal 0 0 -1
    outer loop
      vertex 35 35 0
      vertex 29.35344987439019 30.66285092124747 0
      vertex 29.265938590568393 30.679070179011735 0
    endloop
  endfacet
  facet normal 0 0 -1
    outer loop
      vertex 35 35 0
      vertex 29.439992376674287 30.642073904691415 0
      vertex 29.35344987439019 30.66285092124747 0
    endloop
  endfacet
  facet normal 0 0 -1
    outer loop
      vertex 35 35 0
      vertex 29.52532889043741 30.61679607770176 0
      vertex 29.439992376674287 30.642073904691415 0
    endloop
  endfacet
  facet normal 0 0 -1
    outer loop
      vertex 35 35 0
      vertex 29.69145229322886 30.55302727799242 0
      vertex 29.60922551422701 30.587086725045243 0
    endloop
  endfacet
  facet normal 0 0 -1
    outer loop
      vertex 35 35 0
      vertex 29.60922551422701 30.587086725045243 0
      vertex 29.52532889043741 30.61679607770176 0
    endloop
  endfacet
  facet normal 0 0 -1
    outer loop
      vertex 35 35 0
      vertex 29.999234928897206 30.37532889043741 0
      vertex 29.925886359525546 30.42573996550722 0
    endloop
  endfacet
  facet normal 0 0 -1
    outer loop
      vertex 35 35 0
      vertex 29.925886359525546 30.42573996550722 0
      vertex 29.85 30.472243186433545 0
    endloop
  endfacet
  facet normal 0 0 -1
    outer loop
      vertex 35 35 0
      vertex 30.069844664784725 30.32114813447685 0
      vertex 29.999234928897206 30.37532889043741 0
    endloop
  endfacet
  facet normal 0 0 -1
    outer loop
      vertex 35 35 0
      vertex 29.77178384955723 30.514711091120226 0
      vertex 29.69145229322886 30.55302727799242 0
    endloop
  endfacet
  facet normal 0 0 -1
    outer loop
      vertex 35 35 0
      vertex 29.85 30.472243186433545 0
      vertex 29.77178384955723 30.514711091120226 0
    endloop
  endfacet
  facet normal 0 0 -1
    outer loop
      vertex 35 35 0
      vertex 30.690687222126066 29.17769838755501 0
      vertex 30.679070179011735 29.265938590568393 0
    endloop
  endfacet
  facet normal 0 0 -1
    outer loop
      vertex 35 35 0
      vertex 30.697670209082776 29.088971125613003 0
      vertex 30.690687222126066 29.17769838755501 0
    endloop
  endfacet
  facet normal 0 0 -1
    outer loop
      vertex 35 35 0
      vertex 30.37532889043741 29.999234928897206 0
      vertex 30.32114813447685 30.069844664784725 0
    endloop
  endfacet
  facet normal 0 0 -1
    outer loop
      vertex 35 35 0
      vertex 30.42573996550722 29.925886359525546 0
      vertex 30.37532889043741 29.999234928897206 0
    endloop
  endfacet
  facet normal 0 0 -1
    outer loop
      vertex 35 35 0
      vertex 30.472243186433545 29.85 0
      vertex 30.42573996550722 29.925886359525546 0
    endloop
  endfacet
  facet normal 0 0 -1
    outer loop
      vertex 35 35 0
      vertex 30.679070179011735 29.265938590568393 0
      vertex 30.66285092124747 29.35344987439019 0
    endloop
  endfacet
  facet normal 0 0 -1
    outer loop
      vertex 35 35 0
      vertex 30.66285092124747 29.35344987439019 0
      vertex 30.642073904691415 29.439992376674287 0
    endloop
  endfacet
  facet normal 0 0 -1
    outer loop
      vertex 35 35 0
      vertex 30.587086725045243 29.60922551422701 0
      vertex 30.55302727799242 29.69145229322886 0
    endloop
  endfacet
  facet normal 0 0 -1
    outer loop
      vertex 35 35 0
      vertex 30.642073904691415 29.439992376674287 0
      vertex 30.61679607770176 29.52532889043741 0
    endloop
  endfacet
  facet normal 0 0 -1
    outer loop
      vertex 35 35 0
      vertex 30.61679607770176 29.52532889043741 0
      vertex 30.587086725045243 29.60922551422701 0
    endloop
  endfacet
  facet normal 0 0 -1
    outer loop
      vertex 35 35 0
      vertex 30.55302727799242 29.69145229322886 0
      vertex 30.514711091120226 29.77178384955723 0
    endloop
  endfacet
  facet normal 0 0 -1
    outer loop
      vertex 35 35 0
      vertex 30.514711091120226 29.77178384955723 0
      vertex 30.472243186433545 29.85 0
    endloop
  endfacet
  facet normal 0 0 -1
    outer loop
      vertex 35 35 0
      vertex 30.202081528017132 30.202081528017132 0
      vertex 30.137522030810057 30.26334620331157 0
    endloop
  endfacet
  facet normal 0 0 -1
    outer loop
      vertex 35 35 0
      vertex 30.26334620331157 30.137522030810057 0
      vertex 30.202081528017132 30.202081528017132 0
    endloop
  endfacet
  facet normal 0 0 -1
    outer loop
      vertex 35 35 0
      vertex 30.137522030810057 30.26334620331157 0
      vertex 30.069844664784725 30.32114813447685 0
    endloop
  endfacet
  facet normal 0 0 -1
    outer loop
      vertex 35 35 0
      vertex 30.32114813447685 30.069844664784725 0
      vertex 30.26334620331157 30.137522030810057 0
    endloop
  endfacet
  facet normal 0 1 0
    outer loop
      vertex 35 35 0
      vertex 4 35 6.5
      vertex 35 35 18
    endloop
  endfacet
  facet normal 0 0 1
    outer loop
      vertex 0 10.925 18
      vertex 28.000765071102794 30.37532889043741 18
      vertex -0.5717703219541614 10.91002766719372 18
    endloop
  endfacet
  facet normal 0 0 1
    outer loop
      vertex 28.000765071102794 30.37532889043741 18
      vertex 0 10.925 18
      vertex 0.5717703219541614 10.91002766719372 18
    endloop
  endfacet
  facet normal 0 0 1
    outer loop
      vertex 28.000765071102794 30.37532889043741 18
      vertex 0.5717703219541614 10.91002766719372 18
      vertex 1.1419734611991141 10.865151706898386 18
    endloop
  endfacet
  facet normal 0 0 1
    outer loop
      vertex 28.000765071102794 30.37532889043741 18
      vertex 1.1419734611991141 10.865151706898386 18
      vertex 1.7090465305645224 10.79049512100188 18
    endloop
  endfacet
  facet normal 0 0 1
    outer loop
      vertex 28.000765071102794 30.37532889043741 18
      vertex 1.7090465305645224 10.79049512100188 18
      vertex 2.271435222184021 10.686262538016829 18
    endloop
  endfacet
  facet normal 0 0 1
    outer loop
      vertex 27.930155335215275 30.32114813447685 18
      vertex 2.271435222184021 10.686262538016829 18
      vertex 2.8275980677450394 10.552739652208071 18
    endloop
  endfacet
  facet normal 0 0 1
    outer loop
      vertex 3.3760106635463005 10.390292440524552 18
      vertex 27.67885186552315 30.069844664784725 18
      vertex 2.8275980677450394 10.552739652208071 18
    endloop
  endfacet
  facet normal 0 0 1
    outer loop
      vertex 3.915169848782406 10.19936615948193 18
      vertex 27.527756813566455 29.85 18
      vertex 3.3760106635463005 10.390292440524552 18
    endloop
  endfacet
  facet normal 0 0 1
    outer loop
      vertex 4.443597825603118 9.980484124745415 18
      vertex 27.412913274954757 29.60922551422701 18
      vertex 3.915169848782406 10.19936615948193 18
    endloop
  endfacet
  facet normal 0 0 1
    outer loop
      vertex 4.443597825603118 9.980484124745415 18
      vertex 4.9598462096545495 9.73424627675792 18
      vertex 27.33714907875253 29.35344987439019 18
    endloop
  endfacet
  facet normal 0 0 1
    outer loop
      vertex 4.9598462096545495 9.73424627675792 18
      vertex 5.4625 9.461327536344992 18
      vertex 27.302329790917224 29.088971125613003 18
    endloop
  endfacet
  facet normal 0 0 1
    outer loop
      vertex 5.4625 9.461327536344992 18
      vertex 5.950181457539172 9.162475954803758 18
      vertex 27.309312777873934 28.82230161244499 18
    endloop
  endfacet
  facet normal 0 0 1
    outer loop
      vertex 10.552739652208071 2.8275980677450394 18
      vertex 27.797918471982868 27.797918471982868 18
      vertex 10.390292440524552 3.3760106635463005 18
    endloop
  endfacet
  facet normal 0 0 1
    outer loop
      vertex 10.390292440524552 3.3760106635463005 18
      vertex 27.797918471982868 27.797918471982868 18
      vertex 10.19936615948193 3.915169848782406 18
    endloop
  endfacet
  facet normal 0 0 1
    outer loop
      vertex 9.980484124745415 4.443597825603118 18
      vertex 27.797918471982868 27.797918471982868 18
      vertex 9.73424627675792 4.9598462096545495 18
    endloop
  endfacet
  facet normal 0 0 1
    outer loop
      vertex 9.461327536344992 5.4625 18
      vertex 27.797918471982868 27.797918471982868 18
      vertex 9.162475954803758 5.950181457539172 18
    endloop
  endfacet
  facet normal 0 0 1
    outer loop
      vertex 9.73424627675792 4.9598462096545495 18
      vertex 27.797918471982868 27.797918471982868 18
      vertex 9.461327536344992 5.4625 18
    endloop
  endfacet
  facet normal 0 0 1
    outer loop
      vertex 10.19936615948193 3.915169848782406 18
      vertex 27.797918471982868 27.797918471982868 18
      vertex 9.980484124745415 4.443597825603118 18
    endloop
  endfacet
  facet normal 0 0 1
    outer loop
      vertex 6.421553881295269 8.838510663546302 18
      vertex 6.875325272219474 8.490319628917408 18
      vertex 27.412913274954757 28.39077448577299 18
    endloop
  endfacet
  facet normal 0 0 1
    outer loop
      vertex 6.875325272219474 8.490319628917408 18
      vertex 7.310251874470527 8.118857218340533 18
      vertex 27.527756813566455 28.15 18
    endloop
  endfacet
  facet normal 0 0 1
    outer loop
      vertex 9.162475954803758 5.950181457539172 18
      vertex 27.797918471982868 27.797918471982868 18
      vertex 8.838510663546302 6.421553881295269 18
    endloop
  endfacet
  facet normal 0 0 1
    outer loop
      vertex 8.490319628917408 6.875325272219474 18
      vertex 27.797918471982868 27.797918471982868 18
      vertex 8.118857218340533 7.310251874470527 18
    endloop
  endfacet
  facet normal 0 0 1
    outer loop
      vertex 8.838510663546302 6.421553881295269 18
      vertex 27.797918471982868 27.797918471982868 18
      vertex 8.490319628917408 6.875325272219474 18
    endloop
  endfacet
  facet normal 0 0 1
    outer loop
      vertex 7.310251874470527 8.118857218340533 18
      vertex 7.7251415844630325 7.7251415844630325 18
      vertex 27.67885186552315 27.930155335215275 18
    endloop
  endfacet
  facet normal 0 0 1
    outer loop
      vertex 8.118857218340533 7.310251874470527 18
      vertex 27.797918471982868 27.797918471982868 18
      vertex 7.7251415844630325 7.7251415844630325 18
    endloop
  endfacet
  facet normal 0 0 1
    outer loop
      vertex 5.950181457539172 9.162475954803758 18
      vertex 6.421553881295269 8.838510663546302 18
      vertex 27.357926095308585 28.560007623325713 18
    endloop
  endfacet
  facet normal 0 1 0
    outer loop
      vertex 35 35 18
      vertex 4 35 6.5
      vertex 4 35 11.5
    endloop
  endfacet
  facet normal 0 0 1
    outer loop
      vertex -27.357926095308585 29.439992376674287 18
      vertex -0.5717703219541614 10.91002766719372 18
      vertex 28.074113640474454 30.42573996550722 18
    endloop
  endfacet
  facet normal 0 1 0
    outer loop
      vertex 35 35 18
      vertex 4 35 11.5
      vertex -4 35 11.5
    endloop
  endfacet
  facet normal 0 0 1
    outer loop
      vertex -27.357926095308585 29.439992376674287 18
      vertex 28.074113640474454 30.42573996550722 18
      vertex 28.15 30.472243186433545 18
    endloop
  endfacet
  facet normal 0 0 1
    outer loop
      vertex -27.357926095308585 29.439992376674287 18
      vertex 28.15 30.472243186433545 18
      vertex 28.22821615044277 30.514711091120226 18
    endloop
  endfacet
  facet normal 0 0 1
    outer loop
      vertex -27.357926095308585 29.439992376674287 18
      vertex 28.22821615044277 30.514711091120226 18
      vertex 28.30854770677114 30.55302727799242 18
    endloop
  endfacet
  facet normal 0 0 1
    outer loop
      vertex -27.357926095308585 29.439992376674287 18
      vertex 28.39077448577299 30.587086725045243 18
      vertex 28.47467110956259 30.61679607770176 18
    endloop
  endfacet
  facet normal 0 0 1
    outer loop
      vertex -27.357926095308585 29.439992376674287 18
      vertex 28.30854770677114 30.55302727799242 18
      vertex 28.39077448577299 30.587086725045243 18
    endloop
  endfacet
  facet normal 0 0 1
    outer loop
      vertex -27.357926095308585 29.439992376674287 18
      vertex 28.47467110956259 30.61679607770176 18
      vertex 28.560007623325713 30.642073904691415 18
    endloop
  endfacet
  facet normal 0 0 1
    outer loop
      vertex -27.357926095308585 29.439992376674287 18
      vertex 28.560007623325713 30.642073904691415 18
      vertex 28.64655012560981 30.66285092124747 18
    endloop
  endfacet
  facet normal 0 0 1
    outer loop
      vertex -27.357926095308585 29.439992376674287 18
      vertex 28.64655012560981 30.66285092124747 18
      vertex 28.734061409431607 30.679070179011735 18
    endloop
  endfacet
  facet normal 0 0 1
    outer loop
      vertex -27.357926095308585 29.439992376674287 18
      vertex 28.734061409431607 30.679070179011735 18
      vertex 28.82230161244499 30.690687222126066 18
    endloop
  endfacet
  facet normal 0 0 1
    outer loop
      vertex -27.357926095308585 29.439992376674287 18
      vertex 28.911028874386997 30.697670209082776 18
      vertex 29 30.7 18
    endloop
  endfacet
  facet normal 0 0 1
    outer loop
      vertex -27.357926095308585 29.439992376674287 18
      vertex 28.82230161244499 30.690687222126066 18
      vertex 28.911028874386997 30.697670209082776 18
    endloop
  endfacet
  facet normal 0 0 1
    outer loop
      vertex 35 35 18
      vertex -27.357926095308585 29.439992376674287 18
      vertex 29 30.7 18
    endloop
  endfacet
  facet normal 1 0 0
    outer loop
      vertex 35 -35 18
      vertex 35 35 0
      vertex 35 35 18
    endloop
  endfacet
  facet normal 0 0 1
    outer loop
      vertex 35 -35 18
      vertex 27.930155335215275 27.67885186552315 18
      vertex 27.862477969189943 27.73665379668843 18
    endloop
  endfacet
  facet normal 0 0 1
    outer loop
      vertex 35 -35 18
      vertex 28.000765071102794 27.62467110956259 18
      vertex 27.930155335215275 27.67885186552315 18
    endloop
  endfacet
  facet normal 0 0 1
    outer loop
      vertex 35 -35 18
      vertex 27.862477969189943 27.73665379668843 18
      vertex 27.797918471982868 27.797918471982868 18
    endloop
  endfacet
  facet normal 0 0 1
    outer loop
      vertex 35 -35 18
      vertex 28.22821615044277 27.485288908879774 18
      vertex 28.15 27.527756813566455 18
    endloop
  endfacet
  facet normal 0 0 1
    outer loop
      vertex 35 -35 18
      vertex 28.15 27.527756813566455 18
      vertex 28.074113640474454 27.57426003449278 18
    endloop
  endfacet
  facet normal 0 0 1
    outer loop
      vertex 35 -35 18
      vertex 28.074113640474454 27.57426003449278 18
      vertex 28.000765071102794 27.62467110956259 18
    endloop
  endfacet
  facet normal 0 0 1
    outer loop
      vertex 35 -35 18
      vertex 28.30854770677114 27.44697272200758 18
      vertex 28.22821615044277 27.485288908879774 18
    endloop
  endfacet
  facet normal 0 0 1
    outer loop
      vertex 35 -35 18
      vertex 28.47467110956259 27.38320392229824 18
      vertex 28.39077448577299 27.412913274954757 18
    endloop
  endfacet
  facet normal 0 0 1
    outer loop
      vertex 35 -35 18
      vertex 28.39077448577299 27.412913274954757 18
      vertex 28.30854770677114 27.44697272200758 18
    endloop
  endfacet
  facet normal 0 0 1
    outer loop
      vertex 35 -35 18
      vertex 28.734061409431607 27.320929820988265 18
      vertex 28.64655012560981 27.33714907875253 18
    endloop
  endfacet
  facet normal 0 0 1
    outer loop
      vertex 35 -35 18
      vertex 28.82230161244499 27.309312777873934 18
      vertex 28.734061409431607 27.320929820988265 18
    endloop
  endfacet
  facet normal 0 0 1
    outer loop
      vertex 35 -35 18
      vertex 28.911028874386997 27.302329790917224 18
      vertex 28.82230161244499 27.309312777873934 18
    endloop
  endfacet
  facet normal 0 0 1
    outer loop
      vertex 35 -35 18
      vertex 29.088971125613003 27.302329790917224 18
      vertex 29 27.3 18
    endloop
  endfacet
  facet normal 0 0 1
    outer loop
      vertex 35 -35 18
      vertex 29 27.3 18
      vertex 28.911028874386997 27.302329790917224 18
    endloop
  endfacet
  facet normal 0 0 1
    outer loop
      vertex 35 -35 18
      vertex 29.17769838755501 27.309312777873934 18
      vertex 29.088971125613003 27.302329790917224 18
    endloop
  endfacet
  facet normal 0 0 1
    outer loop
      vertex 35 -35 18
      vertex 29.265938590568393 27.320929820988265 18
      vertex 29.17769838755501 27.309312777873934 18
    endloop
  endfacet
  facet normal 0 0 1
    outer loop
      vertex 35 -35 18
      vertex 29.35344987439019 27.33714907875253 18
      vertex 29.265938590568393 27.320929820988265 18
    endloop
  endfacet
  facet normal 0 0 1
    outer loop
      vertex 35 -35 18
      vertex 28.560007623325713 27.357926095308585 18
      vertex 28.47467110956259 27.38320392229824 18
    endloop
  endfacet
  facet normal 0 0 1
    outer loop
      vertex 35 -35 18
      vertex 28.64655012560981 27.33714907875253 18
      vertex 28.560007623325713 27.357926095308585 18
    endloop
  endfacet
  facet normal 0 0 1
    outer loop
      vertex 35 -35 18
      vertex 29.439992376674287 27.357926095308585 18
      vertex 29.35344987439019 27.33714907875253 18
    endloop
  endfacet
  facet normal 0 0 1
    outer loop
      vertex 35 -35 18
      vertex 29.52532889043741 27.38320392229824 18
      vertex 29.439992376674287 27.357926095308585 18
    endloop
  endfacet
  facet normal 0 0 1
    outer loop
      vertex 35 -35 18
      vertex 29.69145229322886 27.44697272200758 18
      vertex 29.60922551422701 27.412913274954757 18
    endloop
  endfacet
  facet normal 0 0 1
    outer loop
      vertex 35 -35 18
      vertex 29.60922551422701 27.412913274954757 18
      vertex 29.52532889043741 27.38320392229824 18
    endloop
  endfacet
  facet normal 0 0 1
    outer loop
      vertex 35 -35 18
      vertex 29.77178384955723 27.485288908879774 18
      vertex 29.69145229322886 27.44697272200758 18
    endloop
  endfacet
  facet normal 0 0 1
    outer loop
      vertex 35 -35 18
      vertex 29.85 27.527756813566455 18
      vertex 29.77178384955723 27.485288908879774 18
    endloop
  endfacet
  facet normal 0 0 1
    outer loop
      vertex 35 -35 18
      vertex 29.999234928897206 27.62467110956259 18
      vertex 29.925886359525546 27.57426003449278 18
    endloop
  endfacet
  facet normal 0 0 1
    outer loop
      vertex 35 -35 18
      vertex 29.925886359525546 27.57426003449278 18
      vertex 29.85 27.527756813566455 18
    endloop
  endfacet
  facet normal 0 0 1
    outer loop
      vertex 35 -35 18
      vertex 30.069844664784725 27.67885186552315 18
      vertex 29.999234928897206 27.62467110956259 18
    endloop
  endfacet
  facet normal 0 0 1
    outer loop
      vertex 35 -35 18
      vertex 30.137522030810057 27.73665379668843 18
      vertex 30.069844664784725 27.67885186552315 18
    endloop
  endfacet
  facet normal 0 0 1
    outer loop
      vertex 35 -35 18
      vertex 30.202081528017132 27.797918471982868 18
      vertex 30.137522030810057 27.73665379668843 18
    endloop
  endfacet
  facet normal 0 0 1
    outer loop
      vertex 35 -35 18
      vertex 30.26334620331157 27.862477969189943 18
      vertex 30.202081528017132 27.797918471982868 18
    endloop
  endfacet
  facet normal 0 0 1
    outer loop
      vertex 35 -35 18
      vertex 30.32114813447685 27.930155335215275 18
      vertex 30.26334620331157 27.862477969189943 18
    endloop
  endfacet
  facet normal 0 0 1
    outer loop
      vertex 35 -35 18
      vertex 30.37532889043741 28.000765071102794 18
      vertex 30.32114813447685 27.930155335215275 18
    endloop
  endfacet
  facet normal 0 0 1
    outer loop
      vertex 35 -35 18
      vertex 30.42573996550722 28.074113640474454 18
      vertex 30.37532889043741 28.000765071102794 18
    endloop
  endfacet
  facet normal 0 0 1
    outer loop
      vertex 35 -35 18
      vertex 30.472243186433545 28.15 18
      vertex 30.42573996550722 28.074113640474454 18
    endloop
  endfacet
  facet normal 0 0 1
    outer loop
      vertex 35 -35 18
      vertex 30.514711091120226 28.22821615044277 18
      vertex 30.472243186433545 28.15 18
    endloop
  endfacet
  facet normal 0 0 1
    outer loop
      vertex 35 -35 18
      vertex 30.587086725045243 28.39077448577299 18
      vertex 30.55302727799242 28.30854770677114 18
    endloop
  endfacet
  facet normal 0 0 1
    outer loop
      vertex 35 -35 18
      vertex 30.55302727799242 28.30854770677114 18
      vertex 30.514711091120226 28.22821615044277 18
    endloop
  endfacet
  facet normal 0 0 1
    outer loop
      vertex 35 -35 18
      vertex 30.61679607770176 28.47467110956259 18
      vertex 30.587086725045243 28.39077448577299 18
    endloop
  endfacet
  facet normal 0 0 1
    outer loop
      vertex 35 -35 18
      vertex 30.642073904691415 28.560007623325713 18
      vertex 30.61679607770176 28.47467110956259 18
    endloop
  endfacet
  facet normal 0 0 1
    outer loop
      vertex 35 -35 18
      vertex 30.66285092124747 28.64655012560981 18
      vertex 30.642073904691415 28.560007623325713 18
    endloop
  endfacet
  facet normal 0 0 1
    outer loop
      vertex 35 -35 18
      vertex 30.690687222126066 28.82230161244499 18
      vertex 30.679070179011735 28.734061409431607 18
    endloop
  endfacet
  facet normal 0 0 1
    outer loop
      vertex 35 -35 18
      vertex 30.679070179011735 28.734061409431607 18
      vertex 30.66285092124747 28.64655012560981 18
    endloop
  endfacet
  facet normal 0 0 1
    outer loop
      vertex 35 -35 18
      vertex 30.697670209082776 28.911028874386997 18
      vertex 30.690687222126066 28.82230161244499 18
    endloop
  endfacet
  facet normal 0 0 1
    outer loop
      vertex 35 -35 18
      vertex 30.7 29 18
      vertex 30.697670209082776 28.911028874386997 18
    endloop
  endfacet
  facet normal 0 0 1
    outer loop
      vertex 35 -35 18
      vertex 35 35 18
      vertex 30.7 29 18
    endloop
  endfacet
  facet normal 0 0 1
    outer loop
      vertex 27.485288908879774 28.22821615044277 18
      vertex 6.875325272219474 8.490319628917408 18
      vertex 27.527756813566455 28.15 18
    endloop
  endfacet
  facet normal 0 0 1
    outer loop
      vertex 27.412913274954757 28.39077448577299 18
      vertex 6.875325272219474 8.490319628917408 18
      vertex 27.44697272200758 28.30854770677114 18
    endloop
  endfacet
  facet normal 0 0 1
    outer loop
      vertex 27.44697272200758 28.30854770677114 18
      vertex 6.875325272219474 8.490319628917408 18
      vertex 27.485288908879774 28.22821615044277 18
    endloop
  endfacet
  facet normal 0 0 1
    outer loop
      vertex 27.67885186552315 27.930155335215275 18
      vertex 7.7251415844630325 7.7251415844630325 18
      vertex 27.73665379668843 27.862477969189943 18
    endloop
  endfacet
  facet normal 0 0 1
    outer loop
      vertex 27.73665379668843 27.862477969189943 18
      vertex 7.7251415844630325 7.7251415844630325 18
      vertex 27.797918471982868 27.797918471982868 18
    endloop
  endfacet
  facet normal 0 0 1
    outer loop
      vertex 27.527756813566455 28.15 18
      vertex 7.310251874470527 8.118857218340533 18
      vertex 27.57426003449278 28.074113640474454 18
    endloop
  endfacet
  facet normal 0 0 1
    outer loop
      vertex 27.57426003449278 28.074113640474454 18
      vertex 7.310251874470527 8.118857218340533 18
      vertex 27.62467110956259 28.000765071102794 18
    endloop
  endfacet
  facet normal 0 0 1
    outer loop
      vertex 27.62467110956259 28.000765071102794 18
      vertex 7.310251874470527 8.118857218340533 18
      vertex 27.67885186552315 27.930155335215275 18
    endloop
  endfacet
  facet normal 0 0 1
    outer loop
      vertex -0.5717703219541614 10.91002766719372 18
      vertex 28.000765071102794 30.37532889043741 18
      vertex 28.074113640474454 30.42573996550722 18
    endloop
  endfacet
  facet normal 0 0 1
    outer loop
      vertex 27.44697272200758 29.69145229322886 18
      vertex 3.915169848782406 10.19936615948193 18
      vertex 27.412913274954757 29.60922551422701 18
    endloop
  endfacet
  facet normal 0 0 1
    outer loop
      vertex 27.485288908879774 29.77178384955723 18
      vertex 3.915169848782406 10.19936615948193 18
      vertex 27.44697272200758 29.69145229322886 18
    endloop
  endfacet
  facet normal 0 0 1
    outer loop
      vertex 27.62467110956259 29.999234928897206 18
      vertex 3.3760106635463005 10.390292440524552 18
      vertex 27.57426003449278 29.925886359525546 18
    endloop
  endfacet
  facet normal 0 0 1
    outer loop
      vertex 27.57426003449278 29.925886359525546 18
      vertex 3.3760106635463005 10.390292440524552 18
      vertex 27.527756813566455 29.85 18
    endloop
  endfacet
  facet normal 0 0 1
    outer loop
      vertex 27.527756813566455 29.85 18
      vertex 3.915169848782406 10.19936615948193 18
      vertex 27.485288908879774 29.77178384955723 18
    endloop
  endfacet
  facet normal 0 0 1
    outer loop
      vertex 27.67885186552315 30.069844664784725 18
      vertex 3.3760106635463005 10.390292440524552 18
      vertex 27.62467110956259 29.999234928897206 18
    endloop
  endfacet
  facet normal 0 0 1
    outer loop
      vertex 27.930155335215275 30.32114813447685 18
      vertex 28.000765071102794 30.37532889043741 18
      vertex 2.271435222184021 10.686262538016829 18
    endloop
  endfacet
  facet normal 0 0 1
    outer loop
      vertex 27.797918471982868 30.202081528017132 18
      vertex 2.8275980677450394 10.552739652208071 18
      vertex 27.73665379668843 30.137522030810057 18
    endloop
  endfacet
  facet normal 0 0 1
    outer loop
      vertex 27.73665379668843 30.137522030810057 18
      vertex 2.8275980677450394 10.552739652208071 18
      vertex 27.67885186552315 30.069844664784725 18
    endloop
  endfacet
  facet normal 0 0 1
    outer loop
      vertex 27.862477969189943 30.26334620331157 18
      vertex 27.930155335215275 30.32114813447685 18
      vertex 2.8275980677450394 10.552739652208071 18
    endloop
  endfacet
  facet normal 0 0 1
    outer loop
      vertex 27.797918471982868 30.202081528017132 18
      vertex 27.862477969189943 30.26334620331157 18
      vertex 2.8275980677450394 10.552739652208071 18
    endloop
  endfacet
  facet normal 0 0 1
    outer loop
      vertex 27.33714907875253 28.64655012560981 18
      vertex 5.950181457539172 9.162475954803758 18
      vertex 27.357926095308585 28.560007623325713 18
    endloop
  endfacet
  facet normal 0 0 1
    outer loop
      vertex 27.302329790917224 28.911028874386997 18
      vertex 5.4625 9.461327536344992 18
      vertex 27.309312777873934 28.82230161244499 18
    endloop
  endfacet
  facet normal 0 0 1
    outer loop
      vertex 27.320929820988265 28.734061409431607 18
      vertex 5.950181457539172 9.162475954803758 18
      vertex 27.33714907875253 28.64655012560981 18
    endloop
  endfacet
  facet normal 0 0 1
    outer loop
      vertex 27.309312777873934 28.82230161244499 18
      vertex 5.950181457539172 9.162475954803758 18
      vertex 27.320929820988265 28.734061409431607 18
    endloop
  endfacet
  facet normal 0 0 1
    outer loop
      vertex 27.309312777873934 29.17769838755501 18
      vertex 4.9598462096545495 9.73424627675792 18
      vertex 27.302329790917224 29.088971125613003 18
    endloop
  endfacet
  facet normal 0 0 1
    outer loop
      vertex 27.357926095308585 29.439992376674287 18
      vertex 4.443597825603118 9.980484124745415 18
      vertex 27.33714907875253 29.35344987439019 18
    endloop
  endfacet
  facet normal 0 0 1
    outer loop
      vertex 27.320929820988265 29.265938590568393 18
      vertex 4.9598462096545495 9.73424627675792 18
      vertex 27.309312777873934 29.17769838755501 18
    endloop
  endfacet
  facet normal 0 0 1
    outer loop
      vertex 27.33714907875253 29.35344987439019 18
      vertex 4.9598462096545495 9.73424627675792 18
      vertex 27.320929820988265 29.265938590568393 18
    endloop
  endfacet
  facet normal 0 0 1
    outer loop
      vertex 27.3 29 18
      vertex 5.4625 9.461327536344992 18
      vertex 27.302329790917224 28.911028874386997 18
    endloop
  endfacet
  facet normal 0 0 1
    outer loop
      vertex 27.302329790917224 29.088971125613003 18
      vertex 5.4625 9.461327536344992 18
      vertex 27.3 29 18
    endloop
  endfacet
  facet normal 0 0 1
    outer loop
      vertex 27.38320392229824 28.47467110956259 18
      vertex 6.421553881295269 8.838510663546302 18
      vertex 27.412913274954757 28.39077448577299 18
    endloop
  endfacet
  facet normal 0 0 1
    outer loop
      vertex 27.357926095308585 28.560007623325713 18
      vertex 6.421553881295269 8.838510663546302 18
      vertex 27.38320392229824 28.47467110956259 18
    endloop
  endfacet
  facet normal 0 0 1
    outer loop
      vertex 27.38320392229824 29.52532889043741 18
      vertex 4.443597825603118 9.980484124745415 18
      vertex 27.357926095308585 29.439992376674287 18
    endloop
  endfacet
  facet normal 0 0 1
    outer loop
      vertex 27.412913274954757 29.60922551422701 18
      vertex 4.443597825603118 9.980484124745415 18
      vertex 27.38320392229824 29.52532889043741 18
    endloop
  endfacet
  facet normal 0 0 1
    outer loop
      vertex 35 35 18
      vertex 29 30.7 18
      vertex 29.088971125613003 30.697670209082776 18
    endloop
  endfacet
  facet normal 0 0 1
    outer loop
      vertex 35 35 18
      vertex 29.17769838755501 30.690687222126066 18
      vertex 29.265938590568393 30.679070179011735 18
    endloop
  endfacet
  facet normal 0 0 1
    outer loop
      vertex 35 35 18
      vertex 29.088971125613003 30.697670209082776 18
      vertex 29.17769838755501 30.690687222126066 18
    endloop
  endfacet
  facet normal 0 0 1
    outer loop
      vertex 35 35 18
      vertex 29.265938590568393 30.679070179011735 18
      vertex 29.35344987439019 30.66285092124747 18
    endloop
  endfacet
  facet normal 0 0 1
    outer loop
      vertex 35 35 18
      vertex 29.35344987439019 30.66285092124747 18
      vertex 29.439992376674287 30.642073904691415 18
    endloop
  endfacet
  facet normal 0 0 1
    outer loop
      vertex 35 35 18
      vertex 29.439992376674287 30.642073904691415 18
      vertex 29.52532889043741 30.61679607770176 18
    endloop
  endfacet
  facet normal 0 0 1
    outer loop
      vertex 35 35 18
      vertex 29.60922551422701 30.587086725045243 18
      vertex 29.69145229322886 30.55302727799242 18
    endloop
  endfacet
  facet normal 0 0 1
    outer loop
      vertex 35 35 18
      vertex 29.52532889043741 30.61679607770176 18
      vertex 29.60922551422701 30.587086725045243 18
    endloop
  endfacet
  facet normal 0 0 1
    outer loop
      vertex 35 35 18
      vertex 29.925886359525546 30.42573996550722 18
      vertex 29.999234928897206 30.37532889043741 18
    endloop
  endfacet
  facet normal 0 0 1
    outer loop
      vertex 35 35 18
      vertex 29.85 30.472243186433545 18
      vertex 29.925886359525546 30.42573996550722 18
    endloop
  endfacet
  facet normal 0 0 1
    outer loop
      vertex 35 35 18
      vertex 29.999234928897206 30.37532889043741 18
      vertex 30.069844664784725 30.32114813447685 18
    endloop
  endfacet
  facet normal 0 0 1
    outer loop
      vertex 35 35 18
      vertex 29.69145229322886 30.55302727799242 18
      vertex 29.77178384955723 30.514711091120226 18
    endloop
  endfacet
  facet normal 0 0 1
    outer loop
      vertex 35 35 18
      vertex 29.77178384955723 30.514711091120226 18
      vertex 29.85 30.472243186433545 18
    endloop
  endfacet
  facet normal 0 0 1
    outer loop
      vertex 35 35 18
      vertex 30.679070179011735 29.265938590568393 18
      vertex 30.690687222126066 29.17769838755501 18
    endloop
  endfacet
  facet normal 0 0 1
    outer loop
      vertex 35 35 18
      vertex 30.697670209082776 29.088971125613003 18
      vertex 30.7 29 18
    endloop
  endfacet
  facet normal 0 0 1
    outer loop
      vertex 35 35 18
      vertex 30.690687222126066 29.17769838755501 18
      vertex 30.697670209082776 29.088971125613003 18
    endloop
  endfacet
  facet normal 0 0 1
    outer loop
      vertex 35 35 18
      vertex 30.32114813447685 30.069844664784725 18
      vertex 30.37532889043741 29.999234928897206 18
    endloop
  endfacet
  facet normal 0 0 1
    outer loop
      vertex 35 35 18
      vertex 30.42573996550722 29.925886359525546 18
      vertex 30.472243186433545 29.85 18
    endloop
  endfacet
  facet normal 0 0 1
    outer loop
      vertex 35 35 18
      vertex 30.37532889043741 29.999234928897206 18
      vertex 30.42573996550722 29.925886359525546 18
    endloop
  endfacet
  facet normal 0 0 1
    outer loop
      vertex 35 35 18
      vertex 30.66285092124747 29.35344987439019 18
      vertex 30.679070179011735 29.265938590568393 18
    endloop
  endfacet
  facet normal 0 0 1
    outer loop
      vertex 35 35 18
      vertex 30.642073904691415 29.439992376674287 18
      vertex 30.66285092124747 29.35344987439019 18
    endloop
  endfacet
  facet normal 0 0 1
    outer loop
      vertex 35 35 18
      vertex 30.55302727799242 29.69145229322886 18
      vertex 30.587086725045243 29.60922551422701 18
    endloop
  endfacet
  facet normal 0 0 1
    outer loop
      vertex 35 35 18
      vertex 30.61679607770176 29.52532889043741 18
      vertex 30.642073904691415 29.439992376674287 18
    endloop
  endfacet
  facet normal 0 0 1
    outer loop
      vertex 35 35 18
      vertex 30.587086725045243 29.60922551422701 18
      vertex 30.61679607770176 29.52532889043741 18
    endloop
  endfacet
  facet normal 0 0 1
    outer loop
      vertex 35 35 18
      vertex 30.514711091120226 29.77178384955723 18
      vertex 30.55302727799242 29.69145229322886 18
    endloop
  endfacet
  facet normal 0 0 1
    outer loop
      vertex 35 35 18
      vertex 30.472243186433545 29.85 18
      vertex 30.514711091120226 29.77178384955723 18
    endloop
  endfacet
  facet normal 0 0 1
    outer loop
      vertex 35 35 18
      vertex 30.137522030810057 30.26334620331157 18
      vertex 30.202081528017132 30.202081528017132 18
    endloop
  endfacet
  facet normal 0 0 1
    outer loop
      vertex 35 35 18
      vertex 30.202081528017132 30.202081528017132 18
      vertex 30.26334620331157 30.137522030810057 18
    endloop
  endfacet
  facet normal 0 0 1
    outer loop
      vertex 35 35 18
      vertex 30.069844664784725 30.32114813447685 18
      vertex 30.137522030810057 30.26334620331157 18
    endloop
  endfacet
  facet normal 0 0 1
    outer loop
      vertex 35 35 18
      vertex 30.26334620331157 30.137522030810057 18
      vertex 30.32114813447685 30.069844664784725 18
    endloop
  endfacet
  facet normal 0 0 1
    outer loop
      vertex -10.19936615948193 -3.915169848782406 10
      vertex -10.19936615948193 3.915169848782406 10
      vertex -10.390292440524552 -3.3760106635463005 10
    endloop
  endfacet
  facet normal 0 0 1
    outer loop
      vertex -10.19936615948193 -3.915169848782406 10
      vertex -9.980484124745415 -4.443597825603118 10
      vertex -9.980484124745415 4.443597825603118 10
    endloop
  endfacet
  facet normal 0 0 1
    outer loop
      vertex -10.686262538016829 -2.271435222184021 10
      vertex -10.686262538016829 2.271435222184021 10
      vertex -10.79049512100188 -1.7090465305645224 10
    endloop
  endfacet
  facet normal 0 0 1
    outer loop
      vertex -10.390292440524552 -3.3760106635463005 10
      vertex -10.390292440524552 3.3760106635463005 10
      vertex -10.552739652208071 -2.8275980677450394 10
    endloop
  endfacet
  facet normal 0 0 1
    outer loop
      vertex -10.686262538016829 -2.271435222184021 10
      vertex -10.552739652208071 -2.8275980677450394 10
      vertex -10.552739652208071 2.8275980677450394 10
    endloop
  endfacet
  facet normal 0 0 1
    outer loop
      vertex -10.79049512100188 -1.7090465305645224 10
      vertex -10.79049512100188 1.7090465305645224 10
      vertex -10.865151706898386 -1.1419734611991141 10
    endloop
  endfacet
  facet normal 0 0 1
    outer loop
      vertex -10.865151706898386 -1.1419734611991141 10
      vertex -10.865151706898386 1.1419734611991141 10
      vertex -10.91002766719372 -0.5717703219541614 10
    endloop
  endfacet
  facet normal 0 0 1
    outer loop
      vertex -9.73424627675792 -4.9598462096545495 10
      vertex -9.461327536344992 -5.4625 10
      vertex -9.461327536344992 5.4625 10
    endloop
  endfacet
  facet normal 0 0 1
    outer loop
      vertex -9.73424627675792 -4.9598462096545495 10
      vertex -9.73424627675792 4.9598462096545495 10
      vertex -9.980484124745415 -4.443597825603118 10
    endloop
  endfacet
  facet normal 0 0 1
    outer loop
      vertex -9.162475954803758 -5.950181457539172 10
      vertex -9.162475954803758 5.950181457539172 10
      vertex -9.461327536344992 -5.4625 10
    endloop
  endfacet
  facet normal 0 0 1
    outer loop
      vertex -9.162475954803758 -5.950181457539172 10
      vertex -8.838510663546302 -6.421553881295269 10
      vertex -8.838510663546302 6.421553881295269 10
    endloop
  endfacet
  facet normal 0.9025852843498616 0.4305110968082927 -2.5735890999219485e-18
    outer loop
      vertex -9.73424627675792 -4.9598462096545495 10
      vertex -9.980484124745415 -4.443597825603118 10
      vertex -9.980484124745415 -4.443597825603118 18
    endloop
  endfacet
  facet normal 0.8526401643540931 0.5224985647159475 6.01433862336394e-19
    outer loop
      vertex -9.162475954803758 -5.950181457539172 10
      vertex -9.461327536344992 -5.4625 10
      vertex -9.461327536344992 -5.4625 18
    endloop
  endfacet
  facet normal 0.8241261886220155 0.5664062369248329 0
    outer loop
      vertex -9.162475954803758 -5.950181457539172 10
      vertex -9.162475954803758 -5.950181457539172 18
      vertex -8.838510663546302 -6.421553881295269 10
    endloop
  endfacet
  facet normal 0.8788171126619642 0.4771587602596106 0
    outer loop
      vertex -9.73424627675792 -4.9598462096545495 10
      vertex -9.73424627675792 -4.9598462096545495 18
      vertex -9.461327536344992 -5.4625 10
    endloop
  endfacet
  facet normal 0.9238795325112866 0.38268343236509034 0
    outer loop
      vertex -10.19936615948193 -3.915169848782406 10
      vertex -10.19936615948193 -3.915169848782406 18
      vertex -9.980484124745415 -4.443597825603118 10
    endloop
  endfacet
  facet normal 0.9426414910921787 0.3338068592337698 1.4918184746869292e-18
    outer loop
      vertex -10.19936615948193 -3.915169848782406 10
      vertex -10.390292440524552 -3.3760106635463005 10
      vertex -10.390292440524552 -3.3760106635463005 18
    endloop
  endfacet
  facet normal 0.9588197348681926 0.2840153447039238 4.656445754575338e-20
    outer loop
      vertex -10.390292440524552 -3.3760106635463005 10
      vertex -10.552739652208071 -2.8275980677450394 10
      vertex -10.552739652208071 -2.8275980677450394 18
    endloop
  endfacet
  facet normal 0.9723699203976759 0.23344536385590803 0
    outer loop
      vertex -10.686262538016829 -2.271435222184021 10
      vertex -10.686262538016829 -2.271435222184021 18
      vertex -10.552739652208071 -2.8275980677450394 10
    endloop
  endfacet
  facet normal 0.983254907563955 0.1822355254921455 3.30329934246831e-20
    outer loop
      vertex -10.686262538016829 -2.271435222184021 10
      vertex -10.79049512100188 -1.7090465305645224 10
      vertex -10.79049512100188 -1.7090465305645224 18
    endloop
  endfacet
  facet normal 0.9914448613738106 0.1305261922200499 6.212021426478134e-19
    outer loop
      vertex -10.79049512100188 -1.7090465305645224 10
      vertex -10.865151706898386 -1.1419734611991141 10
      vertex -10.865151706898386 -1.1419734611991141 18
    endloop
  endfacet
  facet normal 0.9969173337331279 0.0784590957278463 8.750123012508787e-20
    outer loop
      vertex -10.865151706898386 -1.1419734611991141 10
      vertex -10.91002766719372 -0.5717703219541614 10
      vertex -10.91002766719372 -0.5717703219541614 18
    endloop
  endfacet
  facet normal 0.9996573249755573 0.02617694830787331 5.800434857246694e-20
    outer loop
      vertex -10.91002766719372 -0.5717703219541614 10
      vertex -10.925 0 10
      vertex -10.925 0 18
    endloop
  endfacet
  facet normal 0.5664062369248329 0.8241261886220155 0
    outer loop
      vertex -6.421553881295269 -8.838510663546302 10
      vertex -6.421553881295269 -8.838510663546302 18
      vertex -5.950181457539172 -9.162475954803758 10
    endloop
  endfacet
  facet normal 0.5224985647159475 0.8526401643540931 0
    outer loop
      vertex -5.950181457539172 -9.162475954803758 10
      vertex -5.950181457539172 -9.162475954803758 18
      vertex -5.4625 -9.461327536344992 10
    endloop
  endfacet
  facet normal 0.4771587602596106 0.8788171126619642 0
    outer loop
      vertex -5.4625 -9.461327536344992 10
      vertex -5.4625 -9.461327536344992 18
      vertex -4.9598462096545495 -9.73424627675792 10
    endloop
  endfacet
  facet normal 0.4305110968082927 0.9025852843498616 -2.5735890999219485e-18
    outer loop
      vertex -4.443597825603118 -9.980484124745415 10
      vertex -4.9598462096545495 -9.73424627675792 10
      vertex -4.9598462096545495 -9.73424627675792 18
    endloop
  endfacet
  facet normal 0.38268343236509034 0.9238795325112866 0
    outer loop
      vertex -4.443597825603118 -9.980484124745415 10
      vertex -4.443597825603118 -9.980484124745415 18
      vertex -3.915169848782406 -10.19936615948193 10
    endloop
  endfacet
  facet normal 0.3338068592337698 0.9426414910921787 0
    outer loop
      vertex -3.915169848782406 -10.19936615948193 10
      vertex -3.915169848782406 -10.19936615948193 18
      vertex -3.3760106635463005 -10.390292440524552 10
    endloop
  endfacet
  facet normal 0.2840153447039238 0.9588197348681926 0
    outer loop
      vertex -3.3760106635463005 -10.390292440524552 10
      vertex -3.3760106635463005 -10.390292440524552 18
      vertex -2.8275980677450394 -10.552739652208071 10
    endloop
  endfacet
  facet normal 0.23344536385590803 0.9723699203976759 0
    outer loop
      vertex -2.8275980677450394 -10.552739652208071 10
      vertex -2.8275980677450394 -10.552739652208071 18
      vertex -2.271435222184021 -10.686262538016829 10
    endloop
  endfacet
  facet normal 0.1822355254921455 0.983254907563955 0
    outer loop
      vertex -2.271435222184021 -10.686262538016829 10
      vertex -2.271435222184021 -10.686262538016829 18
      vertex -1.7090465305645224 -10.79049512100188 10
    endloop
  endfacet
  facet normal 0.1305261922200499 0.9914448613738106 0
    outer loop
      vertex -1.7090465305645224 -10.79049512100188 10
      vertex -1.7090465305645224 -10.79049512100188 18
      vertex -1.1419734611991141 -10.865151706898386 10
    endloop
  endfacet
  facet normal 0.0784590957278463 0.9969173337331279 0
    outer loop
      vertex -1.1419734611991141 -10.865151706898386 10
      vertex -1.1419734611991141 -10.865151706898386 18
      vertex -0.5717703219541614 -10.91002766719372 10
    endloop
  endfacet
  facet normal 0.02617694830787331 0.9996573249755573 0
    outer loop
      vertex -0.5717703219541614 -10.91002766719372 10
      vertex -0.5717703219541614 -10.91002766719372 18
      vertex 0 -10.925 10
    endloop
  endfacet
  facet normal 0 0 1
    outer loop
      vertex -8.490319628917408 -6.875325272219474 10
      vertex -8.118857218340533 -7.310251874470527 10
      vertex -8.118857218340533 7.310251874470527 10
    endloop
  endfacet
  facet normal 0 0 1
    outer loop
      vertex -8.118857218340533 -7.310251874470527 10
      vertex -7.7251415844630325 -7.7251415844630325 10
      vertex -7.7251415844630325 7.7251415844630325 10
    endloop
  endfacet
  facet normal 0 0 1
    outer loop
      vertex -7.7251415844630325 -7.7251415844630325 10
      vertex -7.310251874470527 -8.118857218340533 10
      vertex -7.310251874470527 8.118857218340533 10
    endloop
  endfacet
  facet normal 0 0 1
    outer loop
      vertex -6.875325272219474 -8.490319628917408 10
      vertex -6.421553881295269 -8.838510663546302 10
      vertex -6.421553881295269 8.838510663546302 10
    endloop
  endfacet
  facet normal 0 0 1
    outer loop
      vertex -7.310251874470527 -8.118857218340533 10
      vertex -6.875325272219474 -8.490319628917408 10
      vertex -6.875325272219474 8.490319628917408 10
    endloop
  endfacet
  facet normal 0 0 1
    outer loop
      vertex -8.838510663546302 -6.421553881295269 10
      vertex -8.490319628917408 -6.875325272219474 10
      vertex -8.490319628917408 6.875325272219474 10
    endloop
  endfacet
  facet normal 0 0 1
    outer loop
      vertex -6.421553881295269 -8.838510663546302 10
      vertex -5.950181457539172 -9.162475954803758 10
      vertex -5.950181457539172 9.162475954803758 10
    endloop
  endfacet
  facet normal 0 0 1
    outer loop
      vertex -5.950181457539172 -9.162475954803758 10
      vertex -5.4625 -9.461327536344992 10
      vertex -5.4625 9.461327536344992 10
    endloop
  endfacet
  facet normal 0 0 1
    outer loop
      vertex -5.4625 -9.461327536344992 10
      vertex -4.9598462096545495 -9.73424627675792 10
      vertex -4.9598462096545495 9.73424627675792 10
    endloop
  endfacet
  facet normal 0 0 1
    outer loop
      vertex -4.443597825603118 -9.980484124745415 10
      vertex -4.443597825603118 9.980484124745415 10
      vertex -4.9598462096545495 -9.73424627675792 10
    endloop
  endfacet
  facet normal 0 0 1
    outer loop
      vertex -3.915169848782406 -10.19936615948193 10
      vertex -3.3760106635463005 -10.390292440524552 10
      vertex -3.264013038119278 -2.6431456424093174 10
    endloop
  endfacet
  facet normal 0 0 1
    outer loop
      vertex -4.443597825603118 -9.980484124745415 10
      vertex -3.915169848782406 -10.19936615948193 10
      vertex -3.836890922098924 -1.7082939009183609 10
    endloop
  endfacet
  facet normal 0 0 1
    outer loop
      vertex -3.3760106635463005 -10.390292440524552 10
      vertex -2.8275980677450394 -10.552739652208071 10
      vertex -2.8103485467072047 -3.121208267005056 10
    endloop
  endfacet
  facet normal 0 0 1
    outer loop
      vertex -2.8275980677450394 -10.552739652208071 10
      vertex -2.271435222184021 -10.686262538016829 10
      vertex -2.1 -3.637306695894642 10
    endloop
  endfacet
  facet normal 0 0 1
    outer loop
      vertex -4.443597825603118 -9.980484124745415 10
      vertex -3.836890922098924 -1.7082939009183609 10
      vertex -3.9210377912882475 -1.5051453880902612 10
    endloop
  endfacet
  facet normal 0 0 1
    outer loop
      vertex -3.915169848782406 -10.19936615948193 10
      vertex -3.7422274015911454 -1.9067600989060967 10
      vertex -3.836890922098924 -1.7082939009183609 10
    endloop
  endfacet
  facet normal 0 0 1
    outer loop
      vertex -3.915169848782406 -10.19936615948193 10
      vertex -3.3978713763747797 -2.4686980596283874 10
      vertex -3.5224163853707813 -2.2874839470631136 10
    endloop
  endfacet
  facet normal 0 0 1
    outer loop
      vertex -3.915169848782406 -10.19936615948193 10
      vertex -3.264013038119278 -2.6431456424093174 10
      vertex -3.3978713763747797 -2.4686980596283874 10
    endloop
  endfacet
  facet normal 0 0 1
    outer loop
      vertex -3.915169848782406 -10.19936615948193 10
      vertex -3.5224163853707813 -2.2874839470631136 10
      vertex -3.637306695894642 -2.1 10
    endloop
  endfacet
  facet normal 0 0 1
    outer loop
      vertex -3.915169848782406 -10.19936615948193 10
      vertex -3.637306695894642 -2.1 10
      vertex -3.7422274015911454 -1.9067600989060967 10
    endloop
  endfacet
  facet normal 0 0 1
    outer loop
      vertex -3.3760106635463005 -10.390292440524552 10
      vertex -2.8103485467072047 -3.121208267005056 10
      vertex -2.9698484809835 -2.9698484809835 10
    endloop
  endfacet
  facet normal 0 0 1
    outer loop
      vertex -2.8275980677450394 -10.552739652208071 10
      vertex -2.6431456424093174 -3.264013038119278 10
      vertex -2.8103485467072047 -3.121208267005056 10
    endloop
  endfacet
  facet normal 0 0 1
    outer loop
      vertex -2.8275980677450394 -10.552739652208071 10
      vertex -2.2874839470631136 -3.5224163853707813 10
      vertex -2.4686980596283874 -3.3978713763747797 10
    endloop
  endfacet
  facet normal 0 0 1
    outer loop
      vertex -2.8275980677450394 -10.552739652208071 10
      vertex -2.4686980596283874 -3.3978713763747797 10
      vertex -2.6431456424093174 -3.264013038119278 10
    endloop
  endfacet
  facet normal 0 0 1
    outer loop
      vertex -2.8275980677450394 -10.552739652208071 10
      vertex -2.1 -3.637306695894642 10
      vertex -2.2874839470631136 -3.5224163853707813 10
    endloop
  endfacet
  facet normal 0 0 1
    outer loop
      vertex -3.3760106635463005 -10.390292440524552 10
      vertex -2.9698484809835 -2.9698484809835 10
      vertex -3.121208267005056 -2.8103485467072047 10
    endloop
  endfacet
  facet normal 0 0 1
    outer loop
      vertex -3.3760106635463005 -10.390292440524552 10
      vertex -3.121208267005056 -2.8103485467072047 10
      vertex -3.264013038119278 -2.6431456424093174 10
    endloop
  endfacet
  facet normal 0 0 1
    outer loop
      vertex -2.271435222184021 -10.686262538016829 10
      vertex -1.7090465305645224 -10.79049512100188 10
      vertex -1.7082939009183609 -3.836890922098924 10
    endloop
  endfacet
  facet normal 0 0 1
    outer loop
      vertex -1.7090465305645224 -10.79049512100188 10
      vertex -1.1419734611991141 -10.865151706898386 10
      vertex -1.087039989430587 -4.056888470414087 10
    endloop
  endfacet
  facet normal 0 0 1
    outer loop
      vertex -1.1419734611991141 -10.865151706898386 10
      vertex -0.5717703219541614 -10.91002766719372 10
      vertex -0.4390195457241446 -4.176991960546748 10
    endloop
  endfacet
  facet normal 0 0 1
    outer loop
      vertex -0.5717703219541614 -10.91002766719372 10
      vertex 0 -10.925 10
      vertex 0 -4.2 10
    endloop
  endfacet
  facet normal 0 0 1
    outer loop
      vertex -2.271435222184021 -10.686262538016829 10
      vertex -1.9067600989060967 -3.7422274015911454 10
      vertex -2.1 -3.637306695894642 10
    endloop
  endfacet
  facet normal 0 0 1
    outer loop
      vertex -2.271435222184021 -10.686262538016829 10
      vertex -1.7082939009183609 -3.836890922098924 10
      vertex -1.9067600989060967 -3.7422274015911454 10
    endloop
  endfacet
  facet normal 0 0 1
    outer loop
      vertex -1.7090465305645224 -10.79049512100188 10
      vertex -1.5051453880902612 -3.9210377912882475 10
      vertex -1.7082939009183609 -3.836890922098924 10
    endloop
  endfacet
  facet normal 0 0 1
    outer loop
      vertex -1.7090465305645224 -10.79049512100188 10
      vertex -1.2978713763747791 -3.994437368439645 10
      vertex -1.5051453880902612 -3.9210377912882475 10
    endloop
  endfacet
  facet normal 0 0 1
    outer loop
      vertex -1.7090465305645224 -10.79049512100188 10
      vertex -1.087039989430587 -4.056888470414087 10
      vertex -1.2978713763747791 -3.994437368439645 10
    endloop
  endfacet
  facet normal 0 0 1
    outer loop
      vertex -1.1419734611991141 -10.865151706898386 10
      vertex -0.8732291014345893 -4.108219923081984 10
      vertex -1.087039989430587 -4.056888470414087 10
    endloop
  endfacet
  facet normal 0 0 1
    outer loop
      vertex -1.1419734611991141 -10.865151706898386 10
      vertex -0.6570247531689697 -4.148291030499578 10
      vertex -0.8732291014345893 -4.108219923081984 10
    endloop
  endfacet
  facet normal 0 0 1
    outer loop
      vertex -1.1419734611991141 -10.865151706898386 10
      vertex -0.4390195457241446 -4.176991960546748 10
      vertex -0.6570247531689697 -4.148291030499578 10
    endloop
  endfacet
  facet normal 0 0 1
    outer loop
      vertex -0.5717703219541614 -10.91002766719372 10
      vertex -0.2198110162203641 -4.19424404596921 10
      vertex -0.4390195457241446 -4.176991960546748 10
    endloop
  endfacet
  facet normal 0 0 1
    outer loop
      vertex -0.5717703219541614 -10.91002766719372 10
      vertex 0 -4.2 10
      vertex -0.2198110162203641 -4.19424404596921 10
    endloop
  endfacet
  facet normal 0 0 1
    outer loop
      vertex -4.443597825603118 -9.980484124745415 10
      vertex -3.9210377912882475 -1.5051453880902612 10
      vertex -3.994437368439645 -1.2978713763747791 10
    endloop
  endfacet
  facet normal 0 0 1
    outer loop
      vertex -4.443597825603118 -9.980484124745415 10
      vertex -3.994437368439645 -1.2978713763747791 10
      vertex -4.056888470414087 -1.087039989430587 10
    endloop
  endfacet
  facet normal 0 0 1
    outer loop
      vertex -4.443597825603118 -9.980484124745415 10
      vertex -4.056888470414087 -1.087039989430587 10
      vertex -4.108219923081984 -0.8732291014345893 10
    endloop
  endfacet
  facet normal 0 0 1
    outer loop
      vertex -4.443597825603118 -9.980484124745415 10
      vertex -4.108219923081984 -0.8732291014345893 10
      vertex -4.148291030499578 -0.6570247531689697 10
    endloop
  endfacet
  facet normal 0 0 1
    outer loop
      vertex -4.443597825603118 -9.980484124745415 10
      vertex -4.148291030499578 -0.6570247531689697 10
      vertex -4.176991960546748 -0.4390195457241446 10
    endloop
  endfacet
  facet normal 0 0 1
    outer loop
      vertex -4.443597825603118 -9.980484124745415 10
      vertex -4.176991960546748 -0.4390195457241446 10
      vertex -4.19424404596921 -0.2198110162203641 10
    endloop
  endfacet
  facet normal 0 0 1
    outer loop
      vertex -4.443597825603118 -9.980484124745415 10
      vertex -4.19424404596921 -0.2198110162203641 10
      vertex -4.2 0 10
    endloop
  endfacet
  facet normal 0.793353340291235 0.6087614290087208 0
    outer loop
      vertex -8.838510663546302 -6.421553881295269 10
      vertex -8.838510663546302 -6.421553881295269 18
      vertex -8.490319628917408 -6.875325272219474 10
    endloop
  endfacet
  facet normal 0.760405965600032 0.6494480483301823 0
    outer loop
      vertex -8.490319628917408 -6.875325272219474 10
      vertex -8.490319628917408 -6.875325272219474 18
      vertex -8.118857218340533 -7.310251874470527 10
    endloop
  endfacet
  facet normal 0.7253743710122866 0.6883545756937549 0
    outer loop
      vertex -8.118857218340533 -7.310251874470527 10
      vertex -8.118857218340533 -7.310251874470527 18
      vertex -7.7251415844630325 -7.7251415844630325 10
    endloop
  endfacet
  facet normal 0.6494480483301823 0.760405965600032 0
    outer loop
      vertex -7.310251874470527 -8.118857218340533 10
      vertex -7.310251874470527 -8.118857218340533 18
      vertex -6.875325272219474 -8.490319628917408 10
    endloop
  endfacet
  facet normal 0.6883545756937549 0.7253743710122866 0
    outer loop
      vertex -7.7251415844630325 -7.7251415844630325 10
      vertex -7.7251415844630325 -7.7251415844630325 18
      vertex -7.310251874470527 -8.118857218340533 10
    endloop
  endfacet
  facet normal 0.6087614290087208 0.793353340291235 0
    outer loop
      vertex -6.875325272219474 -8.490319628917408 10
      vertex -6.875325272219474 -8.490319628917408 18
      vertex -6.421553881295269 -8.838510663546302 10
    endloop
  endfacet
  facet normal 0.8241261886220155 0.5664062369248329 0
    outer loop
      vertex -8.838510663546302 -6.421553881295269 10
      vertex -9.162475954803758 -5.950181457539172 18
      vertex -8.838510663546302 -6.421553881295269 18
    endloop
  endfacet
  facet normal 0.8526401643540931 0.5224985647159475 0
    outer loop
      vertex -9.162475954803758 -5.950181457539172 10
      vertex -9.461327536344992 -5.4625 18
      vertex -9.162475954803758 -5.950181457539172 18
    endloop
  endfacet
  facet normal 0.8788171126619642 0.4771587602596106 0
    outer loop
      vertex -9.461327536344992 -5.4625 10
      vertex -9.73424627675792 -4.9598462096545495 18
      vertex -9.461327536344992 -5.4625 18
    endloop
  endfacet
  facet normal 0.9025852843498616 0.4305110968082927 0
    outer loop
      vertex -9.73424627675792 -4.9598462096545495 10
      vertex -9.980484124745415 -4.443597825603118 18
      vertex -9.73424627675792 -4.9598462096545495 18
    endloop
  endfacet
  facet normal 0.9238795325112866 0.38268343236509034 0
    outer loop
      vertex -9.980484124745415 -4.443597825603118 10
      vertex -10.19936615948193 -3.915169848782406 18
      vertex -9.980484124745415 -4.443597825603118 18
    endloop
  endfacet
  facet normal 0.9426414910921787 0.3338068592337698 0
    outer loop
      vertex -10.19936615948193 -3.915169848782406 10
      vertex -10.390292440524552 -3.3760106635463005 18
      vertex -10.19936615948193 -3.915169848782406 18
    endloop
  endfacet
  facet normal 0.9588197348681926 0.2840153447039238 0
    outer loop
      vertex -10.390292440524552 -3.3760106635463005 10
      vertex -10.552739652208071 -2.8275980677450394 18
      vertex -10.390292440524552 -3.3760106635463005 18
    endloop
  endfacet
  facet normal 0.9723699203976759 0.23344536385590803 0
    outer loop
      vertex -10.552739652208071 -2.8275980677450394 10
      vertex -10.686262538016829 -2.271435222184021 18
      vertex -10.552739652208071 -2.8275980677450394 18
    endloop
  endfacet
  facet normal 0.983254907563955 0.1822355254921455 0
    outer loop
      vertex -10.686262538016829 -2.271435222184021 10
      vertex -10.79049512100188 -1.7090465305645224 18
      vertex -10.686262538016829 -2.271435222184021 18
    endloop
  endfacet
  facet normal 0.9914448613738106 0.1305261922200499 0
    outer loop
      vertex -10.79049512100188 -1.7090465305645224 10
      vertex -10.865151706898386 -1.1419734611991141 18
      vertex -10.79049512100188 -1.7090465305645224 18
    endloop
  endfacet
  facet normal 0.9969173337331279 0.0784590957278463 0
    outer loop
      vertex -10.865151706898386 -1.1419734611991141 10
      vertex -10.91002766719372 -0.5717703219541614 18
      vertex -10.865151706898386 -1.1419734611991141 18
    endloop
  endfacet
  facet normal 0.9996573249755573 0.02617694830787331 0
    outer loop
      vertex -10.91002766719372 -0.5717703219541614 10
      vertex -10.925 0 18
      vertex -10.91002766719372 -0.5717703219541614 18
    endloop
  endfacet
  facet normal 0.5664062369248329 0.8241261886220155 0
    outer loop
      vertex -5.950181457539172 -9.162475954803758 10
      vertex -6.421553881295269 -8.838510663546302 18
      vertex -5.950181457539172 -9.162475954803758 18
    endloop
  endfacet
  facet normal 0.5224985647159475 0.8526401643540931 0
    outer loop
      vertex -5.4625 -9.461327536344992 10
      vertex -5.950181457539172 -9.162475954803758 18
      vertex -5.4625 -9.461327536344992 18
    endloop
  endfacet
  facet normal 0.4305110968082927 0.9025852843498616 0
    outer loop
      vertex -4.443597825603118 -9.980484124745415 10
      vertex -4.9598462096545495 -9.73424627675792 18
      vertex -4.443597825603118 -9.980484124745415 18
    endloop
  endfacet
  facet normal 0.4771587602596106 0.8788171126619642 0
    outer loop
      vertex -4.9598462096545495 -9.73424627675792 10
      vertex -5.4625 -9.461327536344992 18
      vertex -4.9598462096545495 -9.73424627675792 18
    endloop
  endfacet
  facet normal 0.38268343236509034 0.9238795325112866 0
    outer loop
      vertex -3.915169848782406 -10.19936615948193 10
      vertex -4.443597825603118 -9.980484124745415 18
      vertex -3.915169848782406 -10.19936615948193 18
    endloop
  endfacet
  facet normal 0.3338068592337698 0.9426414910921787 0
    outer loop
      vertex -3.3760106635463005 -10.390292440524552 10
      vertex -3.915169848782406 -10.19936615948193 18
      vertex -3.3760106635463005 -10.390292440524552 18
    endloop
  endfacet
  facet normal 0.2840153447039238 0.9588197348681926 0
    outer loop
      vertex -2.8275980677450394 -10.552739652208071 10
      vertex -3.3760106635463005 -10.390292440524552 18
      vertex -2.8275980677450394 -10.552739652208071 18
    endloop
  endfacet
  facet normal 0.23344536385590803 0.9723699203976759 0
    outer loop
      vertex -2.271435222184021 -10.686262538016829 10
      vertex -2.8275980677450394 -10.552739652208071 18
      vertex -2.271435222184021 -10.686262538016829 18
    endloop
  endfacet
  facet normal 0.1822355254921455 0.983254907563955 0
    outer loop
      vertex -1.7090465305645224 -10.79049512100188 10
      vertex -2.271435222184021 -10.686262538016829 18
      vertex -1.7090465305645224 -10.79049512100188 18
    endloop
  endfacet
  facet normal 0.1305261922200499 0.9914448613738106 0
    outer loop
      vertex -1.1419734611991141 -10.865151706898386 10
      vertex -1.7090465305645224 -10.79049512100188 18
      vertex -1.1419734611991141 -10.865151706898386 18
    endloop
  endfacet
  facet normal 0.0784590957278463 0.9969173337331279 0
    outer loop
      vertex -0.5717703219541614 -10.91002766719372 10
      vertex -1.1419734611991141 -10.865151706898386 18
      vertex -0.5717703219541614 -10.91002766719372 18
    endloop
  endfacet
  facet normal 0.02617694830787331 0.9996573249755573 0
    outer loop
      vertex 0 -10.925 10
      vertex -0.5717703219541614 -10.91002766719372 18
      vertex 0 -10.925 18
    endloop
  endfacet
  facet normal 0.760405965600032 0.6494480483301823 0
    outer loop
      vertex -8.118857218340533 -7.310251874470527 10
      vertex -8.490319628917408 -6.875325272219474 18
      vertex -8.118857218340533 -7.310251874470527 18
    endloop
  endfacet
  facet normal 0.793353340291235 0.6087614290087208 0
    outer loop
      vertex -8.490319628917408 -6.875325272219474 10
      vertex -8.838510663546302 -6.421553881295269 18
      vertex -8.490319628917408 -6.875325272219474 18
    endloop
  endfacet
  facet normal 0.7253743710122866 0.6883545756937549 0
    outer loop
      vertex -7.7251415844630325 -7.7251415844630325 10
      vertex -8.118857218340533 -7.310251874470527 18
      vertex -7.7251415844630325 -7.7251415844630325 18
    endloop
  endfacet
  facet normal 0.6883545756937549 0.7253743710122866 0
    outer loop
      vertex -7.310251874470527 -8.118857218340533 10
      vertex -7.7251415844630325 -7.7251415844630325 18
      vertex -7.310251874470527 -8.118857218340533 18
    endloop
  endfacet
  facet normal 0.6494480483301823 0.760405965600032 0
    outer loop
      vertex -6.875325272219474 -8.490319628917408 10
      vertex -7.310251874470527 -8.118857218340533 18
      vertex -6.875325272219474 -8.490319628917408 18
    endloop
  endfacet
  facet normal 0.6087614290087208 0.793353340291235 0
    outer loop
      vertex -6.421553881295269 -8.838510663546302 10
      vertex -6.875325272219474 -8.490319628917408 18
      vertex -6.421553881295269 -8.838510663546302 18
    endloop
  endfacet
  facet normal 0 0 1
    outer loop
      vertex -10.91002766719372 -0.5717703219541614 10
      vertex -10.91002766719372 0.5717703219541614 10
      vertex -10.925 0 10
    endloop
  endfacet
  facet normal 0 0 1
    outer loop
      vertex -10.91002766719372 -0.5717703219541614 10
      vertex -10.865151706898386 1.1419734611991141 10
      vertex -10.91002766719372 0.5717703219541614 10
    endloop
  endfacet
  facet normal 0 0 1
    outer loop
      vertex -10.865151706898386 -1.1419734611991141 10
      vertex -10.79049512100188 1.7090465305645224 10
      vertex -10.865151706898386 1.1419734611991141 10
    endloop
  endfacet
  facet normal 0 0 1
    outer loop
      vertex -10.79049512100188 -1.7090465305645224 10
      vertex -10.686262538016829 2.271435222184021 10
      vertex -10.79049512100188 1.7090465305645224 10
    endloop
  endfacet
  facet normal 0 0 1
    outer loop
      vertex -10.686262538016829 -2.271435222184021 10
      vertex -10.552739652208071 2.8275980677450394 10
      vertex -10.686262538016829 2.271435222184021 10
    endloop
  endfacet
  facet normal 0 0 1
    outer loop
      vertex -10.552739652208071 -2.8275980677450394 10
      vertex -10.390292440524552 3.3760106635463005 10
      vertex -10.552739652208071 2.8275980677450394 10
    endloop
  endfacet
  facet normal 0 0 1
    outer loop
      vertex -10.390292440524552 -3.3760106635463005 10
      vertex -10.19936615948193 3.915169848782406 10
      vertex -10.390292440524552 3.3760106635463005 10
    endloop
  endfacet
  facet normal 0 0 1
    outer loop
      vertex -10.19936615948193 -3.915169848782406 10
      vertex -9.980484124745415 4.443597825603118 10
      vertex -10.19936615948193 3.915169848782406 10
    endloop
  endfacet
  facet normal 0 0 1
    outer loop
      vertex -9.980484124745415 -4.443597825603118 10
      vertex -9.73424627675792 4.9598462096545495 10
      vertex -9.980484124745415 4.443597825603118 10
    endloop
  endfacet
  facet normal 0 0 1
    outer loop
      vertex -9.73424627675792 -4.9598462096545495 10
      vertex -9.461327536344992 5.4625 10
      vertex -9.73424627675792 4.9598462096545495 10
    endloop
  endfacet
  facet normal 0 0 1
    outer loop
      vertex -9.461327536344992 -5.4625 10
      vertex -9.162475954803758 5.950181457539172 10
      vertex -9.461327536344992 5.4625 10
    endloop
  endfacet
  facet normal 0 0 1
    outer loop
      vertex -9.162475954803758 -5.950181457539172 10
      vertex -8.838510663546302 6.421553881295269 10
      vertex -9.162475954803758 5.950181457539172 10
    endloop
  endfacet
  facet normal 0.9996573249755573 -0.02617694830787331 -5.800434857246694e-20
    outer loop
      vertex -10.925 0 10
      vertex -10.91002766719372 0.5717703219541614 10
      vertex -10.91002766719372 0.5717703219541614 18
    endloop
  endfacet
  facet normal 0.9969173337331279 -0.0784590957278463 -8.750123012508787e-20
    outer loop
      vertex -10.91002766719372 0.5717703219541614 10
      vertex -10.865151706898386 1.1419734611991141 10
      vertex -10.865151706898386 1.1419734611991141 18
    endloop
  endfacet
  facet normal 0.9914448613738106 -0.1305261922200499 -6.212021426478134e-19
    outer loop
      vertex -10.865151706898386 1.1419734611991141 10
      vertex -10.79049512100188 1.7090465305645224 10
      vertex -10.79049512100188 1.7090465305645224 18
    endloop
  endfacet
  facet normal 0.983254907563955 -0.1822355254921455 -3.30329934246831e-20
    outer loop
      vertex -10.79049512100188 1.7090465305645224 10
      vertex -10.686262538016829 2.271435222184021 10
      vertex -10.686262538016829 2.271435222184021 18
    endloop
  endfacet
  facet normal 0.9723699203976759 -0.23344536385590803 -1.451478208078682e-18
    outer loop
      vertex -10.686262538016829 2.271435222184021 10
      vertex -10.552739652208071 2.8275980677450394 10
      vertex -10.552739652208071 2.8275980677450394 18
    endloop
  endfacet
  facet normal 0.9588197348681926 -0.2840153447039238 -4.656445754575338e-20
    outer loop
      vertex -10.552739652208071 2.8275980677450394 10
      vertex -10.390292440524552 3.3760106635463005 10
      vertex -10.390292440524552 3.3760106635463005 18
    endloop
  endfacet
  facet normal 0.9426414910921787 -0.3338068592337698 -1.4918184746869292e-18
    outer loop
      vertex -10.390292440524552 3.3760106635463005 10
      vertex -10.19936615948193 3.915169848782406 10
      vertex -10.19936615948193 3.915169848782406 18
    endloop
  endfacet
  facet normal 0.9238795325112866 -0.38268343236509034 -1.3797862802838044e-18
    outer loop
      vertex -10.19936615948193 3.915169848782406 10
      vertex -9.980484124745415 4.443597825603118 10
      vertex -9.980484124745415 4.443597825603118 18
    endloop
  endfacet
  facet normal 0.9025852843498616 -0.4305110968082927 2.5735890999219485e-18
    outer loop
      vertex -9.980484124745415 4.443597825603118 10
      vertex -9.73424627675792 4.9598462096545495 10
      vertex -9.73424627675792 4.9598462096545495 18
    endloop
  endfacet
  facet normal 0.8788171126619642 -0.4771587602596106 -2.723106360751555e-18
    outer loop
      vertex -9.73424627675792 4.9598462096545495 10
      vertex -9.461327536344992 5.4625 10
      vertex -9.461327536344992 5.4625 18
    endloop
  endfacet
  facet normal 0.8526401643540931 -0.5224985647159475 -6.01433862336394e-19
    outer loop
      vertex -9.461327536344992 5.4625 10
      vertex -9.162475954803758 5.950181457539172 10
      vertex -9.162475954803758 5.950181457539172 18
    endloop
  endfacet
  facet normal 0.8241261886220155 -0.5664062369248329 -2.045662003293395e-18
    outer loop
      vertex -9.162475954803758 5.950181457539172 10
      vertex -8.838510663546302 6.421553881295269 10
      vertex -8.838510663546302 6.421553881295269 18
    endloop
  endfacet
  facet normal 0 0 1
    outer loop
      vertex -8.838510663546302 -6.421553881295269 10
      vertex -8.490319628917408 6.875325272219474 10
      vertex -8.838510663546302 6.421553881295269 10
    endloop
  endfacet
  facet normal 0 0 1
    outer loop
      vertex -8.490319628917408 -6.875325272219474 10
      vertex -8.118857218340533 7.310251874470527 10
      vertex -8.490319628917408 6.875325272219474 10
    endloop
  endfacet
  facet normal 0 0 1
    outer loop
      vertex -8.118857218340533 -7.310251874470527 10
      vertex -7.7251415844630325 7.7251415844630325 10
      vertex -8.118857218340533 7.310251874470527 10
    endloop
  endfacet
  facet normal 0 0 1
    outer loop
      vertex -7.7251415844630325 -7.7251415844630325 10
      vertex -7.310251874470527 8.118857218340533 10
      vertex -7.7251415844630325 7.7251415844630325 10
    endloop
  endfacet
  facet normal 0 0 1
    outer loop
      vertex -7.310251874470527 -8.118857218340533 10
      vertex -6.875325272219474 8.490319628917408 10
      vertex -7.310251874470527 8.118857218340533 10
    endloop
  endfacet
  facet normal 0 0 1
    outer loop
      vertex -6.875325272219474 -8.490319628917408 10
      vertex -6.421553881295269 8.838510663546302 10
      vertex -6.875325272219474 8.490319628917408 10
    endloop
  endfacet
  facet normal 0 0 1
    outer loop
      vertex -6.421553881295269 -8.838510663546302 10
      vertex -5.950181457539172 9.162475954803758 10
      vertex -6.421553881295269 8.838510663546302 10
    endloop
  endfacet
  facet normal 0 0 1
    outer loop
      vertex -5.950181457539172 -9.162475954803758 10
      vertex -5.4625 9.461327536344992 10
      vertex -5.950181457539172 9.162475954803758 10
    endloop
  endfacet
  facet normal 0 0 1
    outer loop
      vertex -5.4625 -9.461327536344992 10
      vertex -4.9598462096545495 9.73424627675792 10
      vertex -5.4625 9.461327536344992 10
    endloop
  endfacet
  facet normal 0 0 1
    outer loop
      vertex -4.9598462096545495 -9.73424627675792 10
      vertex -4.443597825603118 9.980484124745415 10
      vertex -4.9598462096545495 9.73424627675792 10
    endloop
  endfacet
  facet normal 0 0 1
    outer loop
      vertex -4.443597825603118 -9.980484124745415 10
      vertex -4.2 0 10
      vertex -4.443597825603118 9.980484124745415 10
    endloop
  endfacet
  facet normal 0 0 1
    outer loop
      vertex -4.2 0 10
      vertex -4.19424404596921 0.2198110162203641 10
      vertex -4.443597825603118 9.980484124745415 10
    endloop
  endfacet
  facet normal 0 0 1
    outer loop
      vertex -4.19424404596921 0.2198110162203641 10
      vertex -4.176991960546748 0.4390195457241446 10
      vertex -4.443597825603118 9.980484124745415 10
    endloop
  endfacet
  facet normal 0 0 1
    outer loop
      vertex -4.176991960546748 0.4390195457241446 10
      vertex -4.148291030499578 0.6570247531689697 10
      vertex -4 10.16422836034944 10
    endloop
  endfacet
  facet normal 0 0 1
    outer loop
      vertex -4.148291030499578 0.6570247531689697 10
      vertex -4.108219923081984 0.8732291014345893 10
      vertex -4 10.16422836034944 10
    endloop
  endfacet
  facet normal 0 0 1
    outer loop
      vertex -4.108219923081984 0.8732291014345893 10
      vertex -4.056888470414087 1.087039989430587 10
      vertex -4 10.16422836034944 10
    endloop
  endfacet
  facet normal 0 0 1
    outer loop
      vertex -4.056888470414087 1.087039989430587 10
      vertex -4 1.2790922469463004 10
      vertex -4 10.16422836034944 10
    endloop
  endfacet
  facet normal 0 0 1
    outer loop
      vertex -4.176991960546748 0.4390195457241446 10
      vertex -4 10.16422836034944 10
      vertex -4.443597825603118 9.980484124745415 10
    endloop
  endfacet
  facet normal 0.793353340291235 -0.6087614290087208 -2.9275515202574842e-18
    outer loop
      vertex -8.838510663546302 6.421553881295269 10
      vertex -8.490319628917408 6.875325272219474 10
      vertex -8.490319628917408 6.875325272219474 18
    endloop
  endfacet
  facet normal 0.760405965600032 -0.6494480483301823 -3.028513679693877e-19
    outer loop
      vertex -8.490319628917408 6.875325272219474 10
      vertex -8.118857218340533 7.310251874470527 10
      vertex -8.118857218340533 7.310251874470527 18
    endloop
  endfacet
  facet normal 0.7253743710122866 -0.6883545756937549 2.5390329204021943e-19
    outer loop
      vertex -8.118857218340533 7.310251874470527 10
      vertex -7.7251415844630325 7.7251415844630325 10
      vertex -7.7251415844630325 7.7251415844630325 18
    endloop
  endfacet
  facet normal 0.6883545756937549 -0.7253743710122866 2.5390329204021943e-19
    outer loop
      vertex -7.7251415844630325 7.7251415844630325 10
      vertex -7.310251874470527 8.118857218340533 10
      vertex -7.310251874470527 8.118857218340533 18
    endloop
  endfacet
  facet normal 0.6494480483301823 -0.760405965600032 -3.028513679693877e-19
    outer loop
      vertex -7.310251874470527 8.118857218340533 10
      vertex -6.875325272219474 8.490319628917408 10
      vertex -6.875325272219474 8.490319628917408 18
    endloop
  endfacet
  facet normal 0.6087614290087208 -0.793353340291235 -2.9275515202574842e-18
    outer loop
      vertex -6.875325272219474 8.490319628917408 10
      vertex -6.421553881295269 8.838510663546302 10
      vertex -6.421553881295269 8.838510663546302 18
    endloop
  endfacet
  facet normal 0.5664062369248329 -0.8241261886220155 -2.045662003293395e-18
    outer loop
      vertex -6.421553881295269 8.838510663546302 10
      vertex -5.950181457539172 9.162475954803758 10
      vertex -5.950181457539172 9.162475954803758 18
    endloop
  endfacet
  facet normal 0.5224985647159475 -0.8526401643540931 -6.01433862336394e-19
    outer loop
      vertex -5.950181457539172 9.162475954803758 10
      vertex -5.4625 9.461327536344992 10
      vertex -5.4625 9.461327536344992 18
    endloop
  endfacet
  facet normal 0.4771587602596106 -0.8788171126619642 -2.723106360751555e-18
    outer loop
      vertex -5.4625 9.461327536344992 10
      vertex -4.9598462096545495 9.73424627675792 10
      vertex -4.9598462096545495 9.73424627675792 18
    endloop
  endfacet
  facet normal 0.4305110968082927 -0.9025852843498616 2.5735890999219485e-18
    outer loop
      vertex -4.9598462096545495 9.73424627675792 10
      vertex -4.443597825603118 9.980484124745415 10
      vertex -4.443597825603118 9.980484124745415 18
    endloop
  endfacet
  facet normal 0.382683432365089 -0.9238795325112871 0
    outer loop
      vertex -4.443597825603118 9.980484124745415 10
      vertex -4 10.16422836034944 10
      vertex -4.443597825603118 9.980484124745415 18
    endloop
  endfacet
  facet normal 0.382683432365089 -0.9238795325112872 0
    outer loop
      vertex -4 10.16422836034944 10
      vertex -4 10.16422836034944 11.5
      vertex -4.443597825603118 9.980484124745415 18
    endloop
  endfacet
  facet normal 0.9996573249755573 -0.02617694830787331 0
    outer loop
      vertex -10.925 0 10
      vertex -10.91002766719372 0.5717703219541614 18
      vertex -10.925 0 18
    endloop
  endfacet
  facet normal 0.9969173337331279 -0.0784590957278463 0
    outer loop
      vertex -10.91002766719372 0.5717703219541614 10
      vertex -10.865151706898386 1.1419734611991141 18
      vertex -10.91002766719372 0.5717703219541614 18
    endloop
  endfacet
  facet normal 0.9914448613738106 -0.1305261922200499 0
    outer loop
      vertex -10.865151706898386 1.1419734611991141 10
      vertex -10.79049512100188 1.7090465305645224 18
      vertex -10.865151706898386 1.1419734611991141 18
    endloop
  endfacet
  facet normal 0.983254907563955 -0.1822355254921455 0
    outer loop
      vertex -10.79049512100188 1.7090465305645224 10
      vertex -10.686262538016829 2.271435222184021 18
      vertex -10.79049512100188 1.7090465305645224 18
    endloop
  endfacet
  facet normal 0.9723699203976759 -0.23344536385590803 0
    outer loop
      vertex -10.686262538016829 2.271435222184021 10
      vertex -10.552739652208071 2.8275980677450394 18
      vertex -10.686262538016829 2.271435222184021 18
    endloop
  endfacet
  facet normal 0.9588197348681926 -0.2840153447039238 0
    outer loop
      vertex -10.552739652208071 2.8275980677450394 10
      vertex -10.390292440524552 3.3760106635463005 18
      vertex -10.552739652208071 2.8275980677450394 18
    endloop
  endfacet
  facet normal 0.9426414910921787 -0.3338068592337698 0
    outer loop
      vertex -10.390292440524552 3.3760106635463005 10
      vertex -10.19936615948193 3.915169848782406 18
      vertex -10.390292440524552 3.3760106635463005 18
    endloop
  endfacet
  facet normal 0.9238795325112866 -0.38268343236509034 0
    outer loop
      vertex -10.19936615948193 3.915169848782406 10
      vertex -9.980484124745415 4.443597825603118 18
      vertex -10.19936615948193 3.915169848782406 18
    endloop
  endfacet
  facet normal 0.9025852843498616 -0.4305110968082927 0
    outer loop
      vertex -9.980484124745415 4.443597825603118 10
      vertex -9.73424627675792 4.9598462096545495 18
      vertex -9.980484124745415 4.443597825603118 18
    endloop
  endfacet
  facet normal 0.8788171126619642 -0.4771587602596106 0
    outer loop
      vertex -9.73424627675792 4.9598462096545495 10
      vertex -9.461327536344992 5.4625 18
      vertex -9.73424627675792 4.9598462096545495 18
    endloop
  endfacet
  facet normal 0.8526401643540931 -0.5224985647159475 0
    outer loop
      vertex -9.461327536344992 5.4625 10
      vertex -9.162475954803758 5.950181457539172 18
      vertex -9.461327536344992 5.4625 18
    endloop
  endfacet
  facet normal 0.8241261886220155 -0.5664062369248329 0
    outer loop
      vertex -9.162475954803758 5.950181457539172 10
      vertex -8.838510663546302 6.421553881295269 18
      vertex -9.162475954803758 5.950181457539172 18
    endloop
  endfacet
  facet normal 0.793353340291235 -0.6087614290087208 0
    outer loop
      vertex -8.838510663546302 6.421553881295269 10
      vertex -8.490319628917408 6.875325272219474 18
      vertex -8.838510663546302 6.421553881295269 18
    endloop
  endfacet
  facet normal 0.760405965600032 -0.6494480483301823 0
    outer loop
      vertex -8.490319628917408 6.875325272219474 10
      vertex -8.118857218340533 7.310251874470527 18
      vertex -8.490319628917408 6.875325272219474 18
    endloop
  endfacet
  facet normal 0.7253743710122866 -0.6883545756937549 0
    outer loop
      vertex -8.118857218340533 7.310251874470527 10
      vertex -7.7251415844630325 7.7251415844630325 18
      vertex -8.118857218340533 7.310251874470527 18
    endloop
  endfacet
  facet normal 0.6883545756937549 -0.7253743710122866 0
    outer loop
      vertex -7.7251415844630325 7.7251415844630325 10
      vertex -7.310251874470527 8.118857218340533 18
      vertex -7.7251415844630325 7.7251415844630325 18
    endloop
  endfacet
  facet normal 0.6494480483301823 -0.760405965600032 0
    outer loop
      vertex -7.310251874470527 8.118857218340533 10
      vertex -6.875325272219474 8.490319628917408 18
      vertex -7.310251874470527 8.118857218340533 18
    endloop
  endfacet
  facet normal 0.6087614290087208 -0.793353340291235 0
    outer loop
      vertex -6.875325272219474 8.490319628917408 10
      vertex -6.421553881295269 8.838510663546302 18
      vertex -6.875325272219474 8.490319628917408 18
    endloop
  endfacet
  facet normal 0.5664062369248329 -0.8241261886220155 0
    outer loop
      vertex -6.421553881295269 8.838510663546302 10
      vertex -5.950181457539172 9.162475954803758 18
      vertex -6.421553881295269 8.838510663546302 18
    endloop
  endfacet
  facet normal 0.5224985647159475 -0.8526401643540931 0
    outer loop
      vertex -5.950181457539172 9.162475954803758 10
      vertex -5.4625 9.461327536344992 18
      vertex -5.950181457539172 9.162475954803758 18
    endloop
  endfacet
  facet normal 0.4771587602596106 -0.8788171126619642 0
    outer loop
      vertex -5.4625 9.461327536344992 10
      vertex -4.9598462096545495 9.73424627675792 18
      vertex -5.4625 9.461327536344992 18
    endloop
  endfacet
  facet normal 0.4305110968082927 -0.9025852843498616 0
    outer loop
      vertex -4.9598462096545495 9.73424627675792 10
      vertex -4.443597825603118 9.980484124745415 18
      vertex -4.9598462096545495 9.73424627675792 18
    endloop
  endfacet
  facet normal 0.3826834323650971 -0.9238795325112837 9.62351373177909e-20
    outer loop
      vertex -4 10.16422836034944 11.5
      vertex -3.915169848782406 10.19936615948193 11.5
      vertex -3.915169848782406 10.19936615948193 18
    endloop
  endfacet
  facet normal 0.33380685923376985 -0.9426414910921789 -1.8360842765377594e-18
    outer loop
      vertex -3.915169848782406 10.19936615948193 11.5
      vertex -3.3760106635463005 10.390292440524552 11.5
      vertex -3.3760106635463005 10.390292440524552 18
    endloop
  endfacet
  facet normal 0.28401534470392376 -0.9588197348681927 -5.731010159477339e-20
    outer loop
      vertex -3.3760106635463005 10.390292440524552 11.5
      vertex -2.8275980677450394 10.552739652208071 11.5
      vertex -2.8275980677450394 10.552739652208071 18
    endloop
  endfacet
  facet normal 0.23344536385590803 -0.972369920397676 -1.7864347176353008e-18
    outer loop
      vertex -2.8275980677450394 10.552739652208071 11.5
      vertex -2.271435222184021 10.686262538016829 11.5
      vertex -2.271435222184021 10.686262538016829 18
    endloop
  endfacet
  facet normal 0.1822355254921455 -0.983254907563955 -4.065599190730228e-20
    outer loop
      vertex -2.271435222184021 10.686262538016829 11.5
      vertex -1.7090465305645224 10.79049512100188 11.5
      vertex -1.7090465305645224 10.79049512100188 18
    endloop
  endfacet
  facet normal 0.1305261922200499 -0.9914448613738107 -7.645564832588473e-19
    outer loop
      vertex -1.7090465305645224 10.79049512100188 11.5
      vertex -1.1419734611991141 10.865151706898386 11.5
      vertex -1.1419734611991141 10.865151706898386 18
    endloop
  endfacet
  facet normal 0.0784590957278463 -0.9969173337331279 -1.0769382169241584e-19
    outer loop
      vertex -1.1419734611991141 10.865151706898386 11.5
      vertex -0.5717703219541614 10.91002766719372 11.5
      vertex -0.5717703219541614 10.91002766719372 18
    endloop
  endfacet
  facet normal 0.02617694830787331 -0.9996573249755574 -7.138996747380546e-20
    outer loop
      vertex -0.5717703219541614 10.91002766719372 11.5
      vertex 0 10.925 11.5
      vertex 0 10.925 18
    endloop
  endfacet
  facet normal 0.3826834323650903 -0.9238795325112865 1.0424437863800149e-16
    outer loop
      vertex -4 10.16422836034944 11.5
      vertex -3.915169848782406 10.19936615948193 18
      vertex -4.443597825603118 9.980484124745415 18
    endloop
  endfacet
  facet normal 0.33380685923376985 -0.9426414910921789 0
    outer loop
      vertex -3.915169848782406 10.19936615948193 11.5
      vertex -3.3760106635463005 10.390292440524552 18
      vertex -3.915169848782406 10.19936615948193 18
    endloop
  endfacet
  facet normal 0.28401534470392376 -0.9588197348681927 0
    outer loop
      vertex -3.3760106635463005 10.390292440524552 11.5
      vertex -2.8275980677450394 10.552739652208071 18
      vertex -3.3760106635463005 10.390292440524552 18
    endloop
  endfacet
  facet normal 0.23344536385590803 -0.972369920397676 0
    outer loop
      vertex -2.8275980677450394 10.552739652208071 11.5
      vertex -2.271435222184021 10.686262538016829 18
      vertex -2.8275980677450394 10.552739652208071 18
    endloop
  endfacet
  facet normal 0.1822355254921455 -0.983254907563955 0
    outer loop
      vertex -2.271435222184021 10.686262538016829 11.5
      vertex -1.7090465305645224 10.79049512100188 18
      vertex -2.271435222184021 10.686262538016829 18
    endloop
  endfacet
  facet normal 0.1305261922200499 -0.9914448613738107 0
    outer loop
      vertex -1.7090465305645224 10.79049512100188 11.5
      vertex -1.1419734611991141 10.865151706898386 18
      vertex -1.7090465305645224 10.79049512100188 18
    endloop
  endfacet
  facet normal 0.0784590957278463 -0.9969173337331279 0
    outer loop
      vertex -1.1419734611991141 10.865151706898386 11.5
      vertex -0.5717703219541614 10.91002766719372 18
      vertex -1.1419734611991141 10.865151706898386 18
    endloop
  endfacet
  facet normal 0.02617694830787331 -0.9996573249755574 0
    outer loop
      vertex -0.5717703219541614 10.91002766719372 11.5
      vertex 0 10.925 18
      vertex -0.5717703219541614 10.91002766719372 18
    endloop
  endfacet
  facet normal -0.02617694830787331 0.9996573249755573 0
    outer loop
      vertex 0 -10.925 10
      vertex 0 -10.925 18
      vertex 0.5717703219541614 -10.91002766719372 10
    endloop
  endfacet
  facet normal -0.0784590957278463 0.9969173337331279 0
    outer loop
      vertex 0.5717703219541614 -10.91002766719372 10
      vertex 0.5717703219541614 -10.91002766719372 18
      vertex 1.1419734611991141 -10.865151706898386 10
    endloop
  endfacet
  facet normal -0.1305261922200499 0.9914448613738106 0
    outer loop
      vertex 1.1419734611991141 -10.865151706898386 10
      vertex 1.1419734611991141 -10.865151706898386 18
      vertex 1.7090465305645224 -10.79049512100188 10
    endloop
  endfacet
  facet normal -0.1822355254921455 0.983254907563955 0
    outer loop
      vertex 1.7090465305645224 -10.79049512100188 10
      vertex 1.7090465305645224 -10.79049512100188 18
      vertex 2.271435222184021 -10.686262538016829 10
    endloop
  endfacet
  facet normal -0.23344536385590803 0.9723699203976759 0
    outer loop
      vertex 2.271435222184021 -10.686262538016829 10
      vertex 2.271435222184021 -10.686262538016829 18
      vertex 2.8275980677450394 -10.552739652208071 10
    endloop
  endfacet
  facet normal -0.2840153447039238 0.9588197348681926 0
    outer loop
      vertex 2.8275980677450394 -10.552739652208071 10
      vertex 2.8275980677450394 -10.552739652208071 18
      vertex 3.3760106635463005 -10.390292440524552 10
    endloop
  endfacet
  facet normal -0.3338068592337698 0.9426414910921787 0
    outer loop
      vertex 3.3760106635463005 -10.390292440524552 10
      vertex 3.3760106635463005 -10.390292440524552 18
      vertex 3.915169848782406 -10.19936615948193 10
    endloop
  endfacet
  facet normal -0.38268343236509034 0.9238795325112866 0
    outer loop
      vertex 3.915169848782406 -10.19936615948193 10
      vertex 3.915169848782406 -10.19936615948193 18
      vertex 4.443597825603118 -9.980484124745415 10
    endloop
  endfacet
  facet normal -0.4305110968082927 0.9025852843498616 0
    outer loop
      vertex 4.443597825603118 -9.980484124745415 10
      vertex 4.443597825603118 -9.980484124745415 18
      vertex 4.9598462096545495 -9.73424627675792 10
    endloop
  endfacet
  facet normal -0.4771587602596106 0.8788171126619642 0
    outer loop
      vertex 4.9598462096545495 -9.73424627675792 10
      vertex 4.9598462096545495 -9.73424627675792 18
      vertex 5.4625 -9.461327536344992 10
    endloop
  endfacet
  facet normal -0.5224985647159475 0.8526401643540931 0
    outer loop
      vertex 5.4625 -9.461327536344992 10
      vertex 5.4625 -9.461327536344992 18
      vertex 5.950181457539172 -9.162475954803758 10
    endloop
  endfacet
  facet normal -0.5664062369248329 0.8241261886220155 0
    outer loop
      vertex 5.950181457539172 -9.162475954803758 10
      vertex 5.950181457539172 -9.162475954803758 18
      vertex 6.421553881295269 -8.838510663546302 10
    endloop
  endfacet
  facet normal 0 0 1
    outer loop
      vertex 0 -10.925 10
      vertex 0.5717703219541614 -10.91002766719372 10
      vertex 0.2198110162203641 -4.19424404596921 10
    endloop
  endfacet
  facet normal 0 0 1
    outer loop
      vertex 0.5717703219541614 -10.91002766719372 10
      vertex 1.1419734611991141 -10.865151706898386 10
      vertex 0.8732291014345893 -4.108219923081984 10
    endloop
  endfacet
  facet normal 0 0 1
    outer loop
      vertex 1.1419734611991141 -10.865151706898386 10
      vertex 1.7090465305645224 -10.79049512100188 10
      vertex 1.5051453880902612 -3.9210377912882475 10
    endloop
  endfacet
  facet normal 0 0 1
    outer loop
      vertex 1.7090465305645224 -10.79049512100188 10
      vertex 2.271435222184021 -10.686262538016829 10
      vertex 1.9067600989060967 -3.7422274015911454 10
    endloop
  endfacet
  facet normal 0 0 1
    outer loop
      vertex 0 -10.925 10
      vertex 0.2198110162203641 -4.19424404596921 10
      vertex 0 -4.2 10
    endloop
  endfacet
  facet normal 0 0 1
    outer loop
      vertex 0.5717703219541614 -10.91002766719372 10
      vertex 0.4390195457241446 -4.176991960546748 10
      vertex 0.2198110162203641 -4.19424404596921 10
    endloop
  endfacet
  facet normal 0 0 1
    outer loop
      vertex 0.5717703219541614 -10.91002766719372 10
      vertex 0.6570247531689697 -4.148291030499578 10
      vertex 0.4390195457241446 -4.176991960546748 10
    endloop
  endfacet
  facet normal 0 0 1
    outer loop
      vertex 0.5717703219541614 -10.91002766719372 10
      vertex 0.8732291014345893 -4.108219923081984 10
      vertex 0.6570247531689697 -4.148291030499578 10
    endloop
  endfacet
  facet normal 0 0 1
    outer loop
      vertex 1.1419734611991141 -10.865151706898386 10
      vertex 1.087039989430587 -4.056888470414087 10
      vertex 0.8732291014345893 -4.108219923081984 10
    endloop
  endfacet
  facet normal 0 0 1
    outer loop
      vertex 1.1419734611991141 -10.865151706898386 10
      vertex 1.2978713763747791 -3.994437368439645 10
      vertex 1.087039989430587 -4.056888470414087 10
    endloop
  endfacet
  facet normal 0 0 1
    outer loop
      vertex 1.1419734611991141 -10.865151706898386 10
      vertex 1.5051453880902612 -3.9210377912882475 10
      vertex 1.2978713763747791 -3.994437368439645 10
    endloop
  endfacet
  facet normal 0 0 1
    outer loop
      vertex 1.7090465305645224 -10.79049512100188 10
      vertex 1.7082939009183609 -3.836890922098924 10
      vertex 1.5051453880902612 -3.9210377912882475 10
    endloop
  endfacet
  facet normal 0 0 1
    outer loop
      vertex 1.7090465305645224 -10.79049512100188 10
      vertex 1.9067600989060967 -3.7422274015911454 10
      vertex 1.7082939009183609 -3.836890922098924 10
    endloop
  endfacet
  facet normal 0 0 1
    outer loop
      vertex 2.271435222184021 -10.686262538016829 10
      vertex 2.1 -3.637306695894642 10
      vertex 1.9067600989060967 -3.7422274015911454 10
    endloop
  endfacet
  facet normal 0 0 1
    outer loop
      vertex 2.271435222184021 -10.686262538016829 10
      vertex 2.8275980677450394 -10.552739652208071 10
      vertex 2.4686980596283874 -3.3978713763747797 10
    endloop
  endfacet
  facet normal 0 0 1
    outer loop
      vertex 2.8275980677450394 -10.552739652208071 10
      vertex 3.3760106635463005 -10.390292440524552 10
      vertex 3.121208267005056 -2.8103485467072047 10
    endloop
  endfacet
  facet normal 0 0 1
    outer loop
      vertex 3.3760106635463005 -10.390292440524552 10
      vertex 3.915169848782406 -10.19936615948193 10
      vertex 3.637306695894642 -2.1 10
    endloop
  endfacet
  facet normal 0 0 1
    outer loop
      vertex 3.915169848782406 -10.19936615948193 10
      vertex 4.443597825603118 -9.980484124745415 10
      vertex 4.176991960546748 -0.4390195457241446 10
    endloop
  endfacet
  facet normal 0 0 1
    outer loop
      vertex 2.271435222184021 -10.686262538016829 10
      vertex 2.2874839470631136 -3.5224163853707813 10
      vertex 2.1 -3.637306695894642 10
    endloop
  endfacet
  facet normal 0 0 1
    outer loop
      vertex 2.271435222184021 -10.686262538016829 10
      vertex 2.4686980596283874 -3.3978713763747797 10
      vertex 2.2874839470631136 -3.5224163853707813 10
    endloop
  endfacet
  facet normal 0 0 1
    outer loop
      vertex 2.8275980677450394 -10.552739652208071 10
      vertex 2.6431456424093174 -3.264013038119278 10
      vertex 2.4686980596283874 -3.3978713763747797 10
    endloop
  endfacet
  facet normal 0 0 1
    outer loop
      vertex 2.8275980677450394 -10.552739652208071 10
      vertex 2.8103485467072047 -3.121208267005056 10
      vertex 2.6431456424093174 -3.264013038119278 10
    endloop
  endfacet
  facet normal 0 0 1
    outer loop
      vertex 2.8275980677450394 -10.552739652208071 10
      vertex 2.9698484809835 -2.9698484809835 10
      vertex 2.8103485467072047 -3.121208267005056 10
    endloop
  endfacet
  facet normal 0 0 1
    outer loop
      vertex 2.8275980677450394 -10.552739652208071 10
      vertex 3.121208267005056 -2.8103485467072047 10
      vertex 2.9698484809835 -2.9698484809835 10
    endloop
  endfacet
  facet normal 0 0 1
    outer loop
      vertex 3.3760106635463005 -10.390292440524552 10
      vertex 3.264013038119278 -2.6431456424093174 10
      vertex 3.121208267005056 -2.8103485467072047 10
    endloop
  endfacet
  facet normal 0 0 1
    outer loop
      vertex 3.3760106635463005 -10.390292440524552 10
      vertex 3.3978713763747797 -2.4686980596283874 10
      vertex 3.264013038119278 -2.6431456424093174 10
    endloop
  endfacet
  facet normal 0 0 1
    outer loop
      vertex 3.3760106635463005 -10.390292440524552 10
      vertex 3.5224163853707813 -2.2874839470631136 10
      vertex 3.3978713763747797 -2.4686980596283874 10
    endloop
  endfacet
  facet normal 0 0 1
    outer loop
      vertex 3.3760106635463005 -10.390292440524552 10
      vertex 3.637306695894642 -2.1 10
      vertex 3.5224163853707813 -2.2874839470631136 10
    endloop
  endfacet
  facet normal 0 0 1
    outer loop
      vertex 3.915169848782406 -10.19936615948193 10
      vertex 3.7422274015911454 -1.9067600989060967 10
      vertex 3.637306695894642 -2.1 10
    endloop
  endfacet
  facet normal 0 0 1
    outer loop
      vertex 3.915169848782406 -10.19936615948193 10
      vertex 3.836890922098924 -1.7082939009183609 10
      vertex 3.7422274015911454 -1.9067600989060967 10
    endloop
  endfacet
  facet normal 0 0 1
    outer loop
      vertex 3.915169848782406 -10.19936615948193 10
      vertex 3.9210377912882475 -1.5051453880902612 10
      vertex 3.836890922098924 -1.7082939009183609 10
    endloop
  endfacet
  facet normal 0 0 1
    outer loop
      vertex 3.915169848782406 -10.19936615948193 10
      vertex 3.994437368439645 -1.2978713763747791 10
      vertex 3.9210377912882475 -1.5051453880902612 10
    endloop
  endfacet
  facet normal 0 0 1
    outer loop
      vertex 3.915169848782406 -10.19936615948193 10
      vertex 4.056888470414087 -1.087039989430587 10
      vertex 3.994437368439645 -1.2978713763747791 10
    endloop
  endfacet
  facet normal 0 0 1
    outer loop
      vertex 3.915169848782406 -10.19936615948193 10
      vertex 4.108219923081984 -0.8732291014345893 10
      vertex 4.056888470414087 -1.087039989430587 10
    endloop
  endfacet
  facet normal 0 0 1
    outer loop
      vertex 3.915169848782406 -10.19936615948193 10
      vertex 4.148291030499578 -0.6570247531689697 10
      vertex 4.108219923081984 -0.8732291014345893 10
    endloop
  endfacet
  facet normal 0 0 1
    outer loop
      vertex 3.915169848782406 -10.19936615948193 10
      vertex 4.176991960546748 -0.4390195457241446 10
      vertex 4.148291030499578 -0.6570247531689697 10
    endloop
  endfacet
  facet normal 0 0 1
    outer loop
      vertex 4.443597825603118 -9.980484124745415 10
      vertex 4.19424404596921 -0.2198110162203641 10
      vertex 4.176991960546748 -0.4390195457241446 10
    endloop
  endfacet
  facet normal 0 0 1
    outer loop
      vertex 4.443597825603118 -9.980484124745415 10
      vertex 4.2 0 10
      vertex 4.19424404596921 -0.2198110162203641 10
    endloop
  endfacet
  facet normal 0 0 1
    outer loop
      vertex 4.443597825603118 -9.980484124745415 10
      vertex 4.9598462096545495 -9.73424627675792 10
      vertex 4.9598462096545495 9.73424627675792 10
    endloop
  endfacet
  facet normal 0 0 1
    outer loop
      vertex 4.9598462096545495 -9.73424627675792 10
      vertex 5.4625 -9.461327536344992 10
      vertex 5.4625 9.461327536344992 10
    endloop
  endfacet
  facet normal 0 0 1
    outer loop
      vertex 5.4625 -9.461327536344992 10
      vertex 5.950181457539172 -9.162475954803758 10
      vertex 5.950181457539172 9.162475954803758 10
    endloop
  endfacet
  facet normal 0 0 1
    outer loop
      vertex 5.950181457539172 -9.162475954803758 10
      vertex 6.421553881295269 -8.838510663546302 10
      vertex 6.421553881295269 8.838510663546302 10
    endloop
  endfacet
  facet normal 0 0 1
    outer loop
      vertex 6.421553881295269 -8.838510663546302 10
      vertex 6.875325272219474 -8.490319628917408 10
      vertex 6.875325272219474 8.490319628917408 10
    endloop
  endfacet
  facet normal 0 0 1
    outer loop
      vertex 6.875325272219474 -8.490319628917408 10
      vertex 7.310251874470527 -8.118857218340533 10
      vertex 7.310251874470527 8.118857218340533 10
    endloop
  endfacet
  facet normal 0 0 1
    outer loop
      vertex 7.310251874470527 -8.118857218340533 10
      vertex 7.7251415844630325 -7.7251415844630325 10
      vertex 7.7251415844630325 7.7251415844630325 10
    endloop
  endfacet
  facet normal 0 0 1
    outer loop
      vertex 7.7251415844630325 -7.7251415844630325 10
      vertex 8.118857218340533 -7.310251874470527 10
      vertex 8.118857218340533 7.310251874470527 10
    endloop
  endfacet
  facet normal 0 0 1
    outer loop
      vertex 8.118857218340533 -7.310251874470527 10
      vertex 8.490319628917408 -6.875325272219474 10
      vertex 8.490319628917408 6.875325272219474 10
    endloop
  endfacet
  facet normal 0 0 1
    outer loop
      vertex 8.490319628917408 -6.875325272219474 10
      vertex 8.838510663546302 -6.421553881295269 10
      vertex 8.838510663546302 6.421553881295269 10
    endloop
  endfacet
  facet normal -0.6087614290087208 0.793353340291235 0
    outer loop
      vertex 6.421553881295269 -8.838510663546302 10
      vertex 6.421553881295269 -8.838510663546302 18
      vertex 6.875325272219474 -8.490319628917408 10
    endloop
  endfacet
  facet normal -0.6494480483301823 0.760405965600032 0
    outer loop
      vertex 6.875325272219474 -8.490319628917408 10
      vertex 6.875325272219474 -8.490319628917408 18
      vertex 7.310251874470527 -8.118857218340533 10
    endloop
  endfacet
  facet normal -0.6883545756937549 0.7253743710122866 0
    outer loop
      vertex 7.310251874470527 -8.118857218340533 10
      vertex 7.310251874470527 -8.118857218340533 18
      vertex 7.7251415844630325 -7.7251415844630325 10
    endloop
  endfacet
  facet normal -0.7253743710122866 0.6883545756937549 0
    outer loop
      vertex 7.7251415844630325 -7.7251415844630325 10
      vertex 7.7251415844630325 -7.7251415844630325 18
      vertex 8.118857218340533 -7.310251874470527 10
    endloop
  endfacet
  facet normal -0.760405965600032 0.6494480483301823 0
    outer loop
      vertex 8.118857218340533 -7.310251874470527 10
      vertex 8.118857218340533 -7.310251874470527 18
      vertex 8.490319628917408 -6.875325272219474 10
    endloop
  endfacet
  facet normal -0.793353340291235 0.6087614290087208 0
    outer loop
      vertex 8.490319628917408 -6.875325272219474 10
      vertex 8.490319628917408 -6.875325272219474 18
      vertex 8.838510663546302 -6.421553881295269 10
    endloop
  endfacet
  facet normal 0 0 1
    outer loop
      vertex 8.838510663546302 -6.421553881295269 10
      vertex 9.162475954803758 -5.950181457539172 10
      vertex 9.162475954803758 5.950181457539172 10
    endloop
  endfacet
  facet normal 0 0 1
    outer loop
      vertex 9.162475954803758 -5.950181457539172 10
      vertex 9.461327536344992 -5.4625 10
      vertex 9.461327536344992 5.4625 10
    endloop
  endfacet
  facet normal 0 0 1
    outer loop
      vertex 9.461327536344992 -5.4625 10
      vertex 9.73424627675792 -4.9598462096545495 10
      vertex 9.73424627675792 4.9598462096545495 10
    endloop
  endfacet
  facet normal 0 0 1
    outer loop
      vertex 9.73424627675792 -4.9598462096545495 10
      vertex 9.980484124745415 -4.443597825603118 10
      vertex 9.980484124745415 4.443597825603118 10
    endloop
  endfacet
  facet normal 0 0 1
    outer loop
      vertex 9.980484124745415 -4.443597825603118 10
      vertex 10.19936615948193 -3.915169848782406 10
      vertex 10.19936615948193 3.915169848782406 10
    endloop
  endfacet
  facet normal 0 0 1
    outer loop
      vertex 10.19936615948193 -3.915169848782406 10
      vertex 10.390292440524552 -3.3760106635463005 10
      vertex 10.390292440524552 3.3760106635463005 10
    endloop
  endfacet
  facet normal 0 0 1
    outer loop
      vertex 10.390292440524552 -3.3760106635463005 10
      vertex 10.552739652208071 -2.8275980677450394 10
      vertex 10.552739652208071 2.8275980677450394 10
    endloop
  endfacet
  facet normal 0 0 1
    outer loop
      vertex 10.552739652208071 -2.8275980677450394 10
      vertex 10.686262538016829 -2.271435222184021 10
      vertex 10.686262538016829 2.271435222184021 10
    endloop
  endfacet
  facet normal 0 0 1
    outer loop
      vertex 10.686262538016829 -2.271435222184021 10
      vertex 10.79049512100188 -1.7090465305645224 10
      vertex 10.79049512100188 1.7090465305645224 10
    endloop
  endfacet
  facet normal 0 0 1
    outer loop
      vertex 10.79049512100188 -1.7090465305645224 10
      vertex 10.865151706898386 -1.1419734611991141 10
      vertex 10.865151706898386 1.1419734611991141 10
    endloop
  endfacet
  facet normal 0 0 1
    outer loop
      vertex 10.865151706898386 -1.1419734611991141 10
      vertex 10.91002766719372 -0.5717703219541614 10
      vertex 10.91002766719372 0.5717703219541614 10
    endloop
  endfacet
  facet normal -0.8241261886220155 0.5664062369248329 0
    outer loop
      vertex 8.838510663546302 -6.421553881295269 10
      vertex 8.838510663546302 -6.421553881295269 18
      vertex 9.162475954803758 -5.950181457539172 10
    endloop
  endfacet
  facet normal -0.8526401643540931 0.5224985647159475 0
    outer loop
      vertex 9.162475954803758 -5.950181457539172 10
      vertex 9.162475954803758 -5.950181457539172 18
      vertex 9.461327536344992 -5.4625 10
    endloop
  endfacet
  facet normal -0.8788171126619642 0.4771587602596106 0
    outer loop
      vertex 9.461327536344992 -5.4625 10
      vertex 9.461327536344992 -5.4625 18
      vertex 9.73424627675792 -4.9598462096545495 10
    endloop
  endfacet
  facet normal -0.9025852843498616 0.4305110968082927 0
    outer loop
      vertex 9.73424627675792 -4.9598462096545495 10
      vertex 9.73424627675792 -4.9598462096545495 18
      vertex 9.980484124745415 -4.443597825603118 10
    endloop
  endfacet
  facet normal -0.9238795325112866 0.38268343236509034 0
    outer loop
      vertex 9.980484124745415 -4.443597825603118 10
      vertex 9.980484124745415 -4.443597825603118 18
      vertex 10.19936615948193 -3.915169848782406 10
    endloop
  endfacet
  facet normal -0.9426414910921787 0.3338068592337698 0
    outer loop
      vertex 10.19936615948193 -3.915169848782406 10
      vertex 10.19936615948193 -3.915169848782406 18
      vertex 10.390292440524552 -3.3760106635463005 10
    endloop
  endfacet
  facet normal -0.9588197348681926 0.2840153447039238 0
    outer loop
      vertex 10.390292440524552 -3.3760106635463005 10
      vertex 10.390292440524552 -3.3760106635463005 18
      vertex 10.552739652208071 -2.8275980677450394 10
    endloop
  endfacet
  facet normal -0.9723699203976759 0.23344536385590803 0
    outer loop
      vertex 10.552739652208071 -2.8275980677450394 10
      vertex 10.552739652208071 -2.8275980677450394 18
      vertex 10.686262538016829 -2.271435222184021 10
    endloop
  endfacet
  facet normal -0.983254907563955 0.1822355254921455 0
    outer loop
      vertex 10.686262538016829 -2.271435222184021 10
      vertex 10.686262538016829 -2.271435222184021 18
      vertex 10.79049512100188 -1.7090465305645224 10
    endloop
  endfacet
  facet normal -0.9914448613738106 0.1305261922200499 0
    outer loop
      vertex 10.79049512100188 -1.7090465305645224 10
      vertex 10.79049512100188 -1.7090465305645224 18
      vertex 10.865151706898386 -1.1419734611991141 10
    endloop
  endfacet
  facet normal -0.9969173337331279 0.0784590957278463 0
    outer loop
      vertex 10.865151706898386 -1.1419734611991141 10
      vertex 10.865151706898386 -1.1419734611991141 18
      vertex 10.91002766719372 -0.5717703219541614 10
    endloop
  endfacet
  facet normal -0.9996573249755573 0.02617694830787331 0
    outer loop
      vertex 10.91002766719372 -0.5717703219541614 10
      vertex 10.91002766719372 -0.5717703219541614 18
      vertex 10.925 0 10
    endloop
  endfacet
  facet normal -0.02617694830787331 0.9996573249755573 0
    outer loop
      vertex 0.5717703219541614 -10.91002766719372 10
      vertex 0 -10.925 18
      vertex 0.5717703219541614 -10.91002766719372 18
    endloop
  endfacet
  facet normal -0.0784590957278463 0.9969173337331279 0
    outer loop
      vertex 1.1419734611991141 -10.865151706898386 10
      vertex 0.5717703219541614 -10.91002766719372 18
      vertex 1.1419734611991141 -10.865151706898386 18
    endloop
  endfacet
  facet normal -0.1305261922200499 0.9914448613738106 0
    outer loop
      vertex 1.7090465305645224 -10.79049512100188 10
      vertex 1.1419734611991141 -10.865151706898386 18
      vertex 1.7090465305645224 -10.79049512100188 18
    endloop
  endfacet
  facet normal -0.1822355254921455 0.983254907563955 0
    outer loop
      vertex 2.271435222184021 -10.686262538016829 10
      vertex 1.7090465305645224 -10.79049512100188 18
      vertex 2.271435222184021 -10.686262538016829 18
    endloop
  endfacet
  facet normal -0.23344536385590803 0.9723699203976759 0
    outer loop
      vertex 2.8275980677450394 -10.552739652208071 10
      vertex 2.271435222184021 -10.686262538016829 18
      vertex 2.8275980677450394 -10.552739652208071 18
    endloop
  endfacet
  facet normal -0.2840153447039238 0.9588197348681926 0
    outer loop
      vertex 3.3760106635463005 -10.390292440524552 10
      vertex 2.8275980677450394 -10.552739652208071 18
      vertex 3.3760106635463005 -10.390292440524552 18
    endloop
  endfacet
  facet normal -0.3338068592337698 0.9426414910921787 0
    outer loop
      vertex 3.915169848782406 -10.19936615948193 10
      vertex 3.3760106635463005 -10.390292440524552 18
      vertex 3.915169848782406 -10.19936615948193 18
    endloop
  endfacet
  facet normal -0.38268343236509034 0.9238795325112866 0
    outer loop
      vertex 4.443597825603118 -9.980484124745415 10
      vertex 3.915169848782406 -10.19936615948193 18
      vertex 4.443597825603118 -9.980484124745415 18
    endloop
  endfacet
  facet normal -0.4305110968082927 0.9025852843498616 0
    outer loop
      vertex 4.9598462096545495 -9.73424627675792 10
      vertex 4.443597825603118 -9.980484124745415 18
      vertex 4.9598462096545495 -9.73424627675792 18
    endloop
  endfacet
  facet normal -0.4771587602596106 0.8788171126619642 0
    outer loop
      vertex 5.4625 -9.461327536344992 10
      vertex 4.9598462096545495 -9.73424627675792 18
      vertex 5.4625 -9.461327536344992 18
    endloop
  endfacet
  facet normal -0.5224985647159475 0.8526401643540931 0
    outer loop
      vertex 5.950181457539172 -9.162475954803758 10
      vertex 5.4625 -9.461327536344992 18
      vertex 5.950181457539172 -9.162475954803758 18
    endloop
  endfacet
  facet normal -0.5664062369248329 0.8241261886220155 0
    outer loop
      vertex 6.421553881295269 -8.838510663546302 10
      vertex 5.950181457539172 -9.162475954803758 18
      vertex 6.421553881295269 -8.838510663546302 18
    endloop
  endfacet
  facet normal -0.6087614290087208 0.793353340291235 0
    outer loop
      vertex 6.875325272219474 -8.490319628917408 10
      vertex 6.421553881295269 -8.838510663546302 18
      vertex 6.875325272219474 -8.490319628917408 18
    endloop
  endfacet
  facet normal -0.6494480483301823 0.760405965600032 0
    outer loop
      vertex 7.310251874470527 -8.118857218340533 10
      vertex 6.875325272219474 -8.490319628917408 18
      vertex 7.310251874470527 -8.118857218340533 18
    endloop
  endfacet
  facet normal -0.6883545756937549 0.7253743710122866 0
    outer loop
      vertex 7.7251415844630325 -7.7251415844630325 10
      vertex 7.310251874470527 -8.118857218340533 18
      vertex 7.7251415844630325 -7.7251415844630325 18
    endloop
  endfacet
  facet normal -0.7253743710122866 0.6883545756937549 0
    outer loop
      vertex 8.118857218340533 -7.310251874470527 10
      vertex 7.7251415844630325 -7.7251415844630325 18
      vertex 8.118857218340533 -7.310251874470527 18
    endloop
  endfacet
  facet normal -0.760405965600032 0.6494480483301823 0
    outer loop
      vertex 8.490319628917408 -6.875325272219474 10
      vertex 8.118857218340533 -7.310251874470527 18
      vertex 8.490319628917408 -6.875325272219474 18
    endloop
  endfacet
  facet normal -0.793353340291235 0.6087614290087208 0
    outer loop
      vertex 8.838510663546302 -6.421553881295269 10
      vertex 8.490319628917408 -6.875325272219474 18
      vertex 8.838510663546302 -6.421553881295269 18
    endloop
  endfacet
  facet normal -0.8241261886220155 0.5664062369248329 0
    outer loop
      vertex 9.162475954803758 -5.950181457539172 10
      vertex 8.838510663546302 -6.421553881295269 18
      vertex 9.162475954803758 -5.950181457539172 18
    endloop
  endfacet
  facet normal -0.8526401643540931 0.5224985647159475 0
    outer loop
      vertex 9.461327536344992 -5.4625 10
      vertex 9.162475954803758 -5.950181457539172 18
      vertex 9.461327536344992 -5.4625 18
    endloop
  endfacet
  facet normal -0.8788171126619642 0.4771587602596106 0
    outer loop
      vertex 9.73424627675792 -4.9598462096545495 10
      vertex 9.461327536344992 -5.4625 18
      vertex 9.73424627675792 -4.9598462096545495 18
    endloop
  endfacet
  facet normal -0.9025852843498616 0.4305110968082927 0
    outer loop
      vertex 9.980484124745415 -4.443597825603118 10
      vertex 9.73424627675792 -4.9598462096545495 18
      vertex 9.980484124745415 -4.443597825603118 18
    endloop
  endfacet
  facet normal -0.9238795325112866 0.38268343236509034 0
    outer loop
      vertex 10.19936615948193 -3.915169848782406 10
      vertex 9.980484124745415 -4.443597825603118 18
      vertex 10.19936615948193 -3.915169848782406 18
    endloop
  endfacet
  facet normal -0.9426414910921787 0.3338068592337698 0
    outer loop
      vertex 10.390292440524552 -3.3760106635463005 10
      vertex 10.19936615948193 -3.915169848782406 18
      vertex 10.390292440524552 -3.3760106635463005 18
    endloop
  endfacet
  facet normal -0.9588197348681926 0.2840153447039238 0
    outer loop
      vertex 10.552739652208071 -2.8275980677450394 10
      vertex 10.390292440524552 -3.3760106635463005 18
      vertex 10.552739652208071 -2.8275980677450394 18
    endloop
  endfacet
  facet normal -0.9723699203976759 0.23344536385590803 0
    outer loop
      vertex 10.686262538016829 -2.271435222184021 10
      vertex 10.552739652208071 -2.8275980677450394 18
      vertex 10.686262538016829 -2.271435222184021 18
    endloop
  endfacet
  facet normal -0.983254907563955 0.1822355254921455 0
    outer loop
      vertex 10.79049512100188 -1.7090465305645224 10
      vertex 10.686262538016829 -2.271435222184021 18
      vertex 10.79049512100188 -1.7090465305645224 18
    endloop
  endfacet
  facet normal -0.9914448613738106 0.1305261922200499 0
    outer loop
      vertex 10.865151706898386 -1.1419734611991141 10
      vertex 10.79049512100188 -1.7090465305645224 18
      vertex 10.865151706898386 -1.1419734611991141 18
    endloop
  endfacet
  facet normal -0.9969173337331279 0.0784590957278463 0
    outer loop
      vertex 10.91002766719372 -0.5717703219541614 10
      vertex 10.865151706898386 -1.1419734611991141 18
      vertex 10.91002766719372 -0.5717703219541614 18
    endloop
  endfacet
  facet normal -0.9996573249755573 0.02617694830787331 0
    outer loop
      vertex 10.925 0 10
      vertex 10.91002766719372 -0.5717703219541614 18
      vertex 10.925 0 18
    endloop
  endfacet
  facet normal 0 0 1
    outer loop
      vertex 4.443597825603118 -9.980484124745415 10
      vertex 4.443597825603118 9.980484124745415 10
      vertex 4.2 0 10
    endloop
  endfacet
  facet normal 0 0 1
    outer loop
      vertex 4.2 0 10
      vertex 4.443597825603118 9.980484124745415 10
      vertex 4.19424404596921 0.2198110162203641 10
    endloop
  endfacet
  facet normal 0 0 1
    outer loop
      vertex 4.19424404596921 0.2198110162203641 10
      vertex 4.443597825603118 9.980484124745415 10
      vertex 4.176991960546748 0.4390195457241446 10
    endloop
  endfacet
  facet normal 0 0 1
    outer loop
      vertex 4.176991960546748 0.4390195457241446 10
      vertex 4.443597825603118 9.980484124745415 10
      vertex 4.148291030499578 0.6570247531689697 10
    endloop
  endfacet
  facet normal 0 0 1
    outer loop
      vertex 4.148291030499578 0.6570247531689697 10
      vertex 4.443597825603118 9.980484124745415 10
      vertex 4.108219923081984 0.8732291014345893 10
    endloop
  endfacet
  facet normal 0 0 1
    outer loop
      vertex 4.108219923081984 0.8732291014345893 10
      vertex 4.443597825603118 9.980484124745415 10
      vertex 4.056888470414087 1.087039989430587 10
    endloop
  endfacet
  facet normal 0 0 1
    outer loop
      vertex 4.056888470414087 1.087039989430587 10
      vertex 4.443597825603118 9.980484124745415 10
      vertex 4 1.2790922469463004 10
    endloop
  endfacet
  facet normal 0 0 1
    outer loop
      vertex 4 1.2790922469463004 10
      vertex 4.443597825603118 9.980484124745415 10
      vertex 4 10.16422836034944 10
    endloop
  endfacet
  facet normal 0 0 1
    outer loop
      vertex 4.443597825603118 -9.980484124745415 10
      vertex 4.9598462096545495 9.73424627675792 10
      vertex 4.443597825603118 9.980484124745415 10
    endloop
  endfacet
  facet normal 0 0 1
    outer loop
      vertex 4.9598462096545495 -9.73424627675792 10
      vertex 5.4625 9.461327536344992 10
      vertex 4.9598462096545495 9.73424627675792 10
    endloop
  endfacet
  facet normal 0 0 1
    outer loop
      vertex 5.4625 -9.461327536344992 10
      vertex 5.950181457539172 9.162475954803758 10
      vertex 5.4625 9.461327536344992 10
    endloop
  endfacet
  facet normal 0 0 1
    outer loop
      vertex 5.950181457539172 -9.162475954803758 10
      vertex 6.421553881295269 8.838510663546302 10
      vertex 5.950181457539172 9.162475954803758 10
    endloop
  endfacet
  facet normal 0 0 1
    outer loop
      vertex 8.490319628917408 -6.875325272219474 10
      vertex 8.838510663546302 6.421553881295269 10
      vertex 8.490319628917408 6.875325272219474 10
    endloop
  endfacet
  facet normal 0 0 1
    outer loop
      vertex 6.875325272219474 -8.490319628917408 10
      vertex 7.310251874470527 8.118857218340533 10
      vertex 6.875325272219474 8.490319628917408 10
    endloop
  endfacet
  facet normal 0 0 1
    outer loop
      vertex 6.421553881295269 -8.838510663546302 10
      vertex 6.875325272219474 8.490319628917408 10
      vertex 6.421553881295269 8.838510663546302 10
    endloop
  endfacet
  facet normal 0 0 1
    outer loop
      vertex 7.310251874470527 -8.118857218340533 10
      vertex 7.7251415844630325 7.7251415844630325 10
      vertex 7.310251874470527 8.118857218340533 10
    endloop
  endfacet
  facet normal 0 0 1
    outer loop
      vertex 7.7251415844630325 -7.7251415844630325 10
      vertex 8.118857218340533 7.310251874470527 10
      vertex 7.7251415844630325 7.7251415844630325 10
    endloop
  endfacet
  facet normal 0 0 1
    outer loop
      vertex 8.118857218340533 -7.310251874470527 10
      vertex 8.490319628917408 6.875325272219474 10
      vertex 8.118857218340533 7.310251874470527 10
    endloop
  endfacet
  facet normal -0.6087614290087208 -0.793353340291235 2.9275515202574842e-18
    outer loop
      vertex 6.421553881295269 8.838510663546302 10
      vertex 6.875325272219474 8.490319628917408 10
      vertex 6.875325272219474 8.490319628917408 18
    endloop
  endfacet
  facet normal -0.6883545756937549 -0.7253743710122866 -2.5390329204021943e-19
    outer loop
      vertex 7.310251874470527 8.118857218340533 10
      vertex 7.7251415844630325 7.7251415844630325 10
      vertex 7.7251415844630325 7.7251415844630325 18
    endloop
  endfacet
  facet normal -0.6494480483301823 -0.760405965600032 3.028513679693877e-19
    outer loop
      vertex 6.875325272219474 8.490319628917408 10
      vertex 7.310251874470527 8.118857218340533 10
      vertex 7.310251874470527 8.118857218340533 18
    endloop
  endfacet
  facet normal -0.7253743710122866 -0.6883545756937549 0
    outer loop
      vertex 8.118857218340533 7.310251874470527 10
      vertex 8.118857218340533 7.310251874470527 18
      vertex 7.7251415844630325 7.7251415844630325 10
    endloop
  endfacet
  facet normal -0.760405965600032 -0.6494480483301823 3.028513679693877e-19
    outer loop
      vertex 8.118857218340533 7.310251874470527 10
      vertex 8.490319628917408 6.875325272219474 10
      vertex 8.490319628917408 6.875325272219474 18
    endloop
  endfacet
  facet normal -0.793353340291235 -0.6087614290087208 0
    outer loop
      vertex 8.838510663546302 6.421553881295269 10
      vertex 8.838510663546302 6.421553881295269 18
      vertex 8.490319628917408 6.875325272219474 10
    endloop
  endfacet
  facet normal -0.382683432365089 -0.9238795325112872 0
    outer loop
      vertex 4 10.16422836034944 10
      vertex 4.443597825603118 9.980484124745415 10
      vertex 4 10.16422836034944 11.5
    endloop
  endfacet
  facet normal -0.382683432365089 -0.9238795325112871 0
    outer loop
      vertex 4.443597825603118 9.980484124745415 10
      vertex 4.443597825603118 9.980484124745415 18
      vertex 4 10.16422836034944 11.5
    endloop
  endfacet
  facet normal -0.4305110968082927 -0.9025852843498616 -2.5735890999219485e-18
    outer loop
      vertex 4.443597825603118 9.980484124745415 10
      vertex 4.9598462096545495 9.73424627675792 10
      vertex 4.9598462096545495 9.73424627675792 18
    endloop
  endfacet
  facet normal -0.4771587602596106 -0.8788171126619642 2.723106360751555e-18
    outer loop
      vertex 4.9598462096545495 9.73424627675792 10
      vertex 5.4625 9.461327536344992 10
      vertex 5.4625 9.461327536344992 18
    endloop
  endfacet
  facet normal -0.5224985647159475 -0.8526401643540931 6.01433862336394e-19
    outer loop
      vertex 5.4625 9.461327536344992 10
      vertex 5.950181457539172 9.162475954803758 10
      vertex 5.950181457539172 9.162475954803758 18
    endloop
  endfacet
  facet normal -0.5664062369248329 -0.8241261886220155 0
    outer loop
      vertex 6.421553881295269 8.838510663546302 10
      vertex 6.421553881295269 8.838510663546302 18
      vertex 5.950181457539172 9.162475954803758 10
    endloop
  endfacet
  facet normal 0 0 1
    outer loop
      vertex 8.838510663546302 -6.421553881295269 10
      vertex 9.162475954803758 5.950181457539172 10
      vertex 8.838510663546302 6.421553881295269 10
    endloop
  endfacet
  facet normal 0 0 1
    outer loop
      vertex 9.162475954803758 -5.950181457539172 10
      vertex 9.461327536344992 5.4625 10
      vertex 9.162475954803758 5.950181457539172 10
    endloop
  endfacet
  facet normal 0 0 1
    outer loop
      vertex 9.73424627675792 -4.9598462096545495 10
      vertex 9.980484124745415 4.443597825603118 10
      vertex 9.73424627675792 4.9598462096545495 10
    endloop
  endfacet
  facet normal 0 0 1
    outer loop
      vertex 9.461327536344992 -5.4625 10
      vertex 9.73424627675792 4.9598462096545495 10
      vertex 9.461327536344992 5.4625 10
    endloop
  endfacet
  facet normal 0 0 1
    outer loop
      vertex 10.91002766719372 -0.5717703219541614 10
      vertex 10.925 0 10
      vertex 10.91002766719372 0.5717703219541614 10
    endloop
  endfacet
  facet normal 0 0 1
    outer loop
      vertex 10.865151706898386 -1.1419734611991141 10
      vertex 10.91002766719372 0.5717703219541614 10
      vertex 10.865151706898386 1.1419734611991141 10
    endloop
  endfacet
  facet normal 0 0 1
    outer loop
      vertex 10.79049512100188 -1.7090465305645224 10
      vertex 10.865151706898386 1.1419734611991141 10
      vertex 10.79049512100188 1.7090465305645224 10
    endloop
  endfacet
  facet normal 0 0 1
    outer loop
      vertex 10.552739652208071 -2.8275980677450394 10
      vertex 10.686262538016829 2.271435222184021 10
      vertex 10.552739652208071 2.8275980677450394 10
    endloop
  endfacet
  facet normal 0 0 1
    outer loop
      vertex 10.390292440524552 -3.3760106635463005 10
      vertex 10.552739652208071 2.8275980677450394 10
      vertex 10.390292440524552 3.3760106635463005 10
    endloop
  endfacet
  facet normal 0 0 1
    outer loop
      vertex 10.686262538016829 -2.271435222184021 10
      vertex 10.79049512100188 1.7090465305645224 10
      vertex 10.686262538016829 2.271435222184021 10
    endloop
  endfacet
  facet normal 0 0 1
    outer loop
      vertex 9.980484124745415 -4.443597825603118 10
      vertex 10.19936615948193 3.915169848782406 10
      vertex 9.980484124745415 4.443597825603118 10
    endloop
  endfacet
  facet normal 0 0 1
    outer loop
      vertex 10.19936615948193 -3.915169848782406 10
      vertex 10.390292440524552 3.3760106635463005 10
      vertex 10.19936615948193 3.915169848782406 10
    endloop
  endfacet
  facet normal -0.9996573249755573 -0.02617694830787331 0
    outer loop
      vertex 10.925 0 10
      vertex 10.925 0 18
      vertex 10.91002766719372 0.5717703219541614 10
    endloop
  endfacet
  facet normal -0.9969173337331279 -0.0784590957278463 0
    outer loop
      vertex 10.91002766719372 0.5717703219541614 10
      vertex 10.91002766719372 0.5717703219541614 18
      vertex 10.865151706898386 1.1419734611991141 10
    endloop
  endfacet
  facet normal -0.9914448613738106 -0.1305261922200499 0
    outer loop
      vertex 10.865151706898386 1.1419734611991141 10
      vertex 10.865151706898386 1.1419734611991141 18
      vertex 10.79049512100188 1.7090465305645224 10
    endloop
  endfacet
  facet normal -0.983254907563955 -0.1822355254921455 0
    outer loop
      vertex 10.79049512100188 1.7090465305645224 10
      vertex 10.79049512100188 1.7090465305645224 18
      vertex 10.686262538016829 2.271435222184021 10
    endloop
  endfacet
  facet normal -0.9723699203976759 -0.23344536385590803 0
    outer loop
      vertex 10.686262538016829 2.271435222184021 10
      vertex 10.686262538016829 2.271435222184021 18
      vertex 10.552739652208071 2.8275980677450394 10
    endloop
  endfacet
  facet normal -0.9588197348681926 -0.2840153447039238 0
    outer loop
      vertex 10.552739652208071 2.8275980677450394 10
      vertex 10.552739652208071 2.8275980677450394 18
      vertex 10.390292440524552 3.3760106635463005 10
    endloop
  endfacet
  facet normal -0.9426414910921787 -0.3338068592337698 0
    outer loop
      vertex 10.390292440524552 3.3760106635463005 10
      vertex 10.390292440524552 3.3760106635463005 18
      vertex 10.19936615948193 3.915169848782406 10
    endloop
  endfacet
  facet normal -0.9238795325112866 -0.38268343236509034 1.3797862802838044e-18
    outer loop
      vertex 9.980484124745415 4.443597825603118 10
      vertex 10.19936615948193 3.915169848782406 10
      vertex 10.19936615948193 3.915169848782406 18
    endloop
  endfacet
  facet normal -0.8788171126619642 -0.4771587602596106 2.723106360751555e-18
    outer loop
      vertex 9.461327536344992 5.4625 10
      vertex 9.73424627675792 4.9598462096545495 10
      vertex 9.73424627675792 4.9598462096545495 18
    endloop
  endfacet
  facet normal -0.8241261886220155 -0.5664062369248329 2.045662003293395e-18
    outer loop
      vertex 8.838510663546302 6.421553881295269 10
      vertex 9.162475954803758 5.950181457539172 10
      vertex 9.162475954803758 5.950181457539172 18
    endloop
  endfacet
  facet normal -0.8526401643540931 -0.5224985647159475 0
    outer loop
      vertex 9.461327536344992 5.4625 10
      vertex 9.461327536344992 5.4625 18
      vertex 9.162475954803758 5.950181457539172 10
    endloop
  endfacet
  facet normal -0.9025852843498616 -0.4305110968082927 0
    outer loop
      vertex 9.980484124745415 4.443597825603118 10
      vertex 9.980484124745415 4.443597825603118 18
      vertex 9.73424627675792 4.9598462096545495 10
    endloop
  endfacet
  facet normal -0.6087614290087208 -0.793353340291235 0
    outer loop
      vertex 6.421553881295269 8.838510663546302 10
      vertex 6.875325272219474 8.490319628917408 18
      vertex 6.421553881295269 8.838510663546302 18
    endloop
  endfacet
  facet normal -0.6494480483301823 -0.760405965600032 0
    outer loop
      vertex 6.875325272219474 8.490319628917408 10
      vertex 7.310251874470527 8.118857218340533 18
      vertex 6.875325272219474 8.490319628917408 18
    endloop
  endfacet
  facet normal -0.6883545756937549 -0.7253743710122866 0
    outer loop
      vertex 7.310251874470527 8.118857218340533 10
      vertex 7.7251415844630325 7.7251415844630325 18
      vertex 7.310251874470527 8.118857218340533 18
    endloop
  endfacet
  facet normal -0.7253743710122866 -0.6883545756937549 0
    outer loop
      vertex 7.7251415844630325 7.7251415844630325 10
      vertex 8.118857218340533 7.310251874470527 18
      vertex 7.7251415844630325 7.7251415844630325 18
    endloop
  endfacet
  facet normal -0.793353340291235 -0.6087614290087208 0
    outer loop
      vertex 8.490319628917408 6.875325272219474 10
      vertex 8.838510663546302 6.421553881295269 18
      vertex 8.490319628917408 6.875325272219474 18
    endloop
  endfacet
  facet normal -0.760405965600032 -0.6494480483301823 0
    outer loop
      vertex 8.118857218340533 7.310251874470527 10
      vertex 8.490319628917408 6.875325272219474 18
      vertex 8.118857218340533 7.310251874470527 18
    endloop
  endfacet
  facet normal -0.02617694830787331 -0.9996573249755574 7.138996747380546e-20
    outer loop
      vertex 0 10.925 11.5
      vertex 0.5717703219541614 10.91002766719372 11.5
      vertex 0.5717703219541614 10.91002766719372 18
    endloop
  endfacet
  facet normal -0.0784590957278463 -0.9969173337331279 1.0769382169241584e-19
    outer loop
      vertex 0.5717703219541614 10.91002766719372 11.5
      vertex 1.1419734611991141 10.865151706898386 11.5
      vertex 1.1419734611991141 10.865151706898386 18
    endloop
  endfacet
  facet normal -0.1305261922200499 -0.9914448613738107 7.645564832588473e-19
    outer loop
      vertex 1.1419734611991141 10.865151706898386 11.5
      vertex 1.7090465305645224 10.79049512100188 11.5
      vertex 1.7090465305645224 10.79049512100188 18
    endloop
  endfacet
  facet normal -0.1822355254921455 -0.983254907563955 4.065599190730228e-20
    outer loop
      vertex 1.7090465305645224 10.79049512100188 11.5
      vertex 2.271435222184021 10.686262538016829 11.5
      vertex 2.271435222184021 10.686262538016829 18
    endloop
  endfacet
  facet normal -0.23344536385590803 -0.972369920397676 1.7864347176353008e-18
    outer loop
      vertex 2.271435222184021 10.686262538016829 11.5
      vertex 2.8275980677450394 10.552739652208071 11.5
      vertex 2.8275980677450394 10.552739652208071 18
    endloop
  endfacet
  facet normal -0.28401534470392376 -0.9588197348681927 5.731010159477339e-20
    outer loop
      vertex 2.8275980677450394 10.552739652208071 11.5
      vertex 3.3760106635463005 10.390292440524552 11.5
      vertex 3.3760106635463005 10.390292440524552 18
    endloop
  endfacet
  facet normal -0.33380685923376985 -0.9426414910921789 1.8360842765377594e-18
    outer loop
      vertex 3.3760106635463005 10.390292440524552 11.5
      vertex 3.915169848782406 10.19936615948193 11.5
      vertex 3.915169848782406 10.19936615948193 18
    endloop
  endfacet
  facet normal -0.3826834323650971 -0.9238795325112837 6.485411177721164e-16
    outer loop
      vertex 3.915169848782406 10.19936615948193 11.5
      vertex 4 10.16422836034944 11.5
      vertex 4.443597825603118 9.980484124745415 18
    endloop
  endfacet
  facet normal -0.4771587602596106 -0.8788171126619642 0
    outer loop
      vertex 4.9598462096545495 9.73424627675792 10
      vertex 5.4625 9.461327536344992 18
      vertex 4.9598462096545495 9.73424627675792 18
    endloop
  endfacet
  facet normal -0.4305110968082927 -0.9025852843498616 0
    outer loop
      vertex 4.443597825603118 9.980484124745415 10
      vertex 4.9598462096545495 9.73424627675792 18
      vertex 4.443597825603118 9.980484124745415 18
    endloop
  endfacet
  facet normal -0.5224985647159475 -0.8526401643540931 0
    outer loop
      vertex 5.4625 9.461327536344992 10
      vertex 5.950181457539172 9.162475954803758 18
      vertex 5.4625 9.461327536344992 18
    endloop
  endfacet
  facet normal -0.5664062369248329 -0.8241261886220155 0
    outer loop
      vertex 5.950181457539172 9.162475954803758 10
      vertex 6.421553881295269 8.838510663546302 18
      vertex 5.950181457539172 9.162475954803758 18
    endloop
  endfacet
  facet normal -0.02617694830787331 -0.9996573249755574 0
    outer loop
      vertex 0 10.925 11.5
      vertex 0.5717703219541614 10.91002766719372 18
      vertex 0 10.925 18
    endloop
  endfacet
  facet normal -0.0784590957278463 -0.9969173337331279 0
    outer loop
      vertex 0.5717703219541614 10.91002766719372 11.5
      vertex 1.1419734611991141 10.865151706898386 18
      vertex 0.5717703219541614 10.91002766719372 18
    endloop
  endfacet
  facet normal -0.1305261922200499 -0.9914448613738107 0
    outer loop
      vertex 1.1419734611991141 10.865151706898386 11.5
      vertex 1.7090465305645224 10.79049512100188 18
      vertex 1.1419734611991141 10.865151706898386 18
    endloop
  endfacet
  facet normal -0.1822355254921455 -0.983254907563955 0
    outer loop
      vertex 1.7090465305645224 10.79049512100188 11.5
      vertex 2.271435222184021 10.686262538016829 18
      vertex 1.7090465305645224 10.79049512100188 18
    endloop
  endfacet
  facet normal -0.23344536385590803 -0.972369920397676 0
    outer loop
      vertex 2.271435222184021 10.686262538016829 11.5
      vertex 2.8275980677450394 10.552739652208071 18
      vertex 2.271435222184021 10.686262538016829 18
    endloop
  endfacet
  facet normal -0.28401534470392376 -0.9588197348681927 0
    outer loop
      vertex 2.8275980677450394 10.552739652208071 11.5
      vertex 3.3760106635463005 10.390292440524552 18
      vertex 2.8275980677450394 10.552739652208071 18
    endloop
  endfacet
  facet normal -0.33380685923376985 -0.9426414910921789 0
    outer loop
      vertex 3.3760106635463005 10.390292440524552 11.5
      vertex 3.915169848782406 10.19936615948193 18
      vertex 3.3760106635463005 10.390292440524552 18
    endloop
  endfacet
  facet normal -0.3826834323650903 -0.9238795325112865 0
    outer loop
      vertex 3.915169848782406 10.19936615948193 11.5
      vertex 4.443597825603118 9.980484124745415 18
      vertex 3.915169848782406 10.19936615948193 18
    endloop
  endfacet
  facet normal -0.9996573249755573 -0.02617694830787331 0
    outer loop
      vertex 10.91002766719372 0.5717703219541614 10
      vertex 10.925 0 18
      vertex 10.91002766719372 0.5717703219541614 18
    endloop
  endfacet
  facet normal -0.9969173337331279 -0.0784590957278463 0
    outer loop
      vertex 10.865151706898386 1.1419734611991141 10
      vertex 10.91002766719372 0.5717703219541614 18
      vertex 10.865151706898386 1.1419734611991141 18
    endloop
  endfacet
  facet normal -0.9914448613738106 -0.1305261922200499 0
    outer loop
      vertex 10.79049512100188 1.7090465305645224 10
      vertex 10.865151706898386 1.1419734611991141 18
      vertex 10.79049512100188 1.7090465305645224 18
    endloop
  endfacet
  facet normal -0.983254907563955 -0.1822355254921455 0
    outer loop
      vertex 10.686262538016829 2.271435222184021 10
      vertex 10.79049512100188 1.7090465305645224 18
      vertex 10.686262538016829 2.271435222184021 18
    endloop
  endfacet
  facet normal -0.9723699203976759 -0.23344536385590803 0
    outer loop
      vertex 10.552739652208071 2.8275980677450394 10
      vertex 10.686262538016829 2.271435222184021 18
      vertex 10.552739652208071 2.8275980677450394 18
    endloop
  endfacet
  facet normal -0.9588197348681926 -0.2840153447039238 0
    outer loop
      vertex 10.390292440524552 3.3760106635463005 10
      vertex 10.552739652208071 2.8275980677450394 18
      vertex 10.390292440524552 3.3760106635463005 18
    endloop
  endfacet
  facet normal -0.9426414910921787 -0.3338068592337698 0
    outer loop
      vertex 10.19936615948193 3.915169848782406 10
      vertex 10.390292440524552 3.3760106635463005 18
      vertex 10.19936615948193 3.915169848782406 18
    endloop
  endfacet
  facet normal -0.9238795325112866 -0.38268343236509034 0
    outer loop
      vertex 9.980484124745415 4.443597825603118 10
      vertex 10.19936615948193 3.915169848782406 18
      vertex 9.980484124745415 4.443597825603118 18
    endloop
  endfacet
  facet normal -0.9025852843498616 -0.4305110968082927 0
    outer loop
      vertex 9.73424627675792 4.9598462096545495 10
      vertex 9.980484124745415 4.443597825603118 18
      vertex 9.73424627675792 4.9598462096545495 18
    endloop
  endfacet
  facet normal -0.8788171126619642 -0.4771587602596106 0
    outer loop
      vertex 9.461327536344992 5.4625 10
      vertex 9.73424627675792 4.9598462096545495 18
      vertex 9.461327536344992 5.4625 18
    endloop
  endfacet
  facet normal -0.8526401643540931 -0.5224985647159475 0
    outer loop
      vertex 9.162475954803758 5.950181457539172 10
      vertex 9.461327536344992 5.4625 18
      vertex 9.162475954803758 5.950181457539172 18
    endloop
  endfacet
  facet normal -0.8241261886220155 -0.5664062369248329 0
    outer loop
      vertex 8.838510663546302 6.421553881295269 10
      vertex 9.162475954803758 5.950181457539172 18
      vertex 8.838510663546302 6.421553881295269 18
    endloop
  endfacet
  facet normal 0.793353340291234 0.6087614290087221 0
    outer loop
      vertex -3.3978713763747797 -2.4686980596283874 10
      vertex -3.264013038119278 -2.6431456424093174 0
      vertex -3.3978713763747797 -2.4686980596283874 0
    endloop
  endfacet
  facet normal 0.8241261886220165 0.5664062369248317 0
    outer loop
      vertex -3.5224163853707813 -2.2874839470631136 10
      vertex -3.3978713763747797 -2.4686980596283874 0
      vertex -3.5224163853707813 -2.2874839470631136 0
    endloop
  endfacet
  facet normal 0.6087614290087221 0.793353340291234 0
    outer loop
      vertex -2.6431456424093174 -3.264013038119278 10
      vertex -2.4686980596283874 -3.3978713763747797 0
      vertex -2.6431456424093174 -3.264013038119278 0
    endloop
  endfacet
  facet normal 0.5224985647159472 0.8526401643540933 0
    outer loop
      vertex -2.2874839470631136 -3.5224163853707813 10
      vertex -2.1 -3.637306695894642 0
      vertex -2.2874839470631136 -3.5224163853707813 0
    endloop
  endfacet
  facet normal 0.5664062369248317 0.8241261886220165 0
    outer loop
      vertex -2.4686980596283874 -3.3978713763747797 10
      vertex -2.2874839470631136 -3.5224163853707813 0
      vertex -2.4686980596283874 -3.3978713763747797 0
    endloop
  endfacet
  facet normal 0.7253743710122881 0.6883545756937534 0
    outer loop
      vertex -3.121208267005056 -2.8103485467072047 10
      vertex -2.9698484809834995 -2.9698484809835004 0
      vertex -3.121208267005056 -2.8103485467072047 0
    endloop
  endfacet
  facet normal 0.6883545756937534 0.7253743710122883 -1.6440091651819243e-18
    outer loop
      vertex -2.9698484809835 -2.9698484809835 10
      vertex -2.8103485467072047 -3.121208267005056 0
      vertex -2.9698484809834995 -2.9698484809835004 0
    endloop
  endfacet
  facet normal 0.649448048330183 0.7604059656000316 0
    outer loop
      vertex -2.8103485467072047 -3.121208267005056 10
      vertex -2.6431456424093174 -3.264013038119278 0
      vertex -2.8103485467072047 -3.121208267005056 0
    endloop
  endfacet
  facet normal 0.7604059656000316 0.649448048330183 0
    outer loop
      vertex -3.264013038119278 -2.6431456424093174 10
      vertex -3.121208267005056 -2.8103485467072047 0
      vertex -3.264013038119278 -2.6431456424093174 0
    endloop
  endfacet
  facet normal 0.9238795325112866 0.3826834323650903 0
    outer loop
      vertex -3.9210377912882475 -1.5051453880902612 10
      vertex -3.836890922098924 -1.7082939009183609 0
      vertex -3.9210377912882475 -1.5051453880902612 0
    endloop
  endfacet
  facet normal 0.9426414910921787 0.33380685923377035 0
    outer loop
      vertex -3.994437368439645 -1.2978713763747791 10
      vertex -3.9210377912882475 -1.5051453880902612 0
      vertex -3.994437368439645 -1.2978713763747791 0
    endloop
  endfacet
  facet normal 0.9588197348681928 0.2840153447039236 0
    outer loop
      vertex -4.056888470414087 -1.087039989430587 10
      vertex -3.994437368439645 -1.2978713763747791 0
      vertex -4.056888470414087 -1.087039989430587 0
    endloop
  endfacet
  facet normal 0.8788171126619639 0.47715876025961074 0
    outer loop
      vertex -3.7422274015911454 -1.9067600989060967 10
      vertex -3.637306695894642 -2.1 0
      vertex -3.7422274015911454 -1.9067600989060967 0
    endloop
  endfacet
  facet normal 0.8526401643540933 0.5224985647159472 0
    outer loop
      vertex -3.637306695894642 -2.1 10
      vertex -3.5224163853707813 -2.2874839470631136 0
      vertex -3.637306695894642 -2.1 0
    endloop
  endfacet
  facet normal 0.9025852843498613 0.4305110968082935 0
    outer loop
      vertex -3.836890922098924 -1.7082939009183609 10
      vertex -3.7422274015911454 -1.9067600989060967 0
      vertex -3.836890922098924 -1.7082939009183609 0
    endloop
  endfacet
  facet normal 0.9832549075639552 0.18223552549214456 0
    outer loop
      vertex -4.148291030499578 -0.6570247531689697 10
      vertex -4.108219923081984 -0.8732291014345893 0
      vertex -4.148291030499578 -0.6570247531689697 0
    endloop
  endfacet
  facet normal 0.9723699203976762 0.23344536385590695 0
    outer loop
      vertex -4.108219923081984 -0.8732291014345893 10
      vertex -4.056888470414087 -1.087039989430587 0
      vertex -4.108219923081984 -0.8732291014345893 0
    endloop
  endfacet
  facet normal 0.9914448613738102 0.13052619222005202 0
    outer loop
      vertex -4.176991960546748 -0.4390195457241446 10
      vertex -4.148291030499578 -0.6570247531689697 0
      vertex -4.176991960546748 -0.4390195457241446 0
    endloop
  endfacet
  facet normal 0.9969173337331281 0.07845909572784396 0
    outer loop
      vertex -4.19424404596921 -0.2198110162203641 10
      vertex -4.176991960546748 -0.4390195457241446 0
      vertex -4.19424404596921 -0.2198110162203641 0
    endloop
  endfacet
  facet normal 0.9996573249755571 0.026176948307874832 0
    outer loop
      vertex -4.2 0 10
      vertex -4.19424404596921 -0.2198110162203641 0
      vertex -4.2 0 0
    endloop
  endfacet
  facet normal 0.47715876025961074 0.8788171126619639 0
    outer loop
      vertex -2.1 -3.637306695894642 10
      vertex -1.9067600989060967 -3.7422274015911454 0
      vertex -2.1 -3.637306695894642 0
    endloop
  endfacet
  facet normal 0.4305110968082935 0.9025852843498613 0
    outer loop
      vertex -1.9067600989060967 -3.7422274015911454 10
      vertex -1.7082939009183609 -3.836890922098924 0
      vertex -1.9067600989060967 -3.7422274015911454 0
    endloop
  endfacet
  facet normal 0.3826834323650903 0.9238795325112866 0
    outer loop
      vertex -1.7082939009183609 -3.836890922098924 10
      vertex -1.5051453880902612 -3.9210377912882475 0
      vertex -1.7082939009183609 -3.836890922098924 0
    endloop
  endfacet
  facet normal 0.33380685923377035 0.9426414910921787 0
    outer loop
      vertex -1.5051453880902612 -3.9210377912882475 10
      vertex -1.2978713763747791 -3.994437368439645 0
      vertex -1.5051453880902612 -3.9210377912882475 0
    endloop
  endfacet
  facet normal 0.2840153447039236 0.9588197348681928 0
    outer loop
      vertex -1.2978713763747791 -3.994437368439645 10
      vertex -1.087039989430587 -4.056888470414087 0
      vertex -1.2978713763747791 -3.994437368439645 0
    endloop
  endfacet
  facet normal 0.23344536385590695 0.9723699203976762 0
    outer loop
      vertex -1.087039989430587 -4.056888470414087 10
      vertex -0.8732291014345893 -4.108219923081984 0
      vertex -1.087039989430587 -4.056888470414087 0
    endloop
  endfacet
  facet normal 0.18223552549214456 0.9832549075639552 0
    outer loop
      vertex -0.8732291014345893 -4.108219923081984 10
      vertex -0.6570247531689697 -4.148291030499578 0
      vertex -0.8732291014345893 -4.108219923081984 0
    endloop
  endfacet
  facet normal 0.13052619222005202 0.9914448613738102 0
    outer loop
      vertex -0.6570247531689697 -4.148291030499578 10
      vertex -0.4390195457241446 -4.176991960546748 0
      vertex -0.6570247531689697 -4.148291030499578 0
    endloop
  endfacet
  facet normal 0.07845909572784396 0.9969173337331281 0
    outer loop
      vertex -0.4390195457241446 -4.176991960546748 10
      vertex -0.2198110162203641 -4.19424404596921 0
      vertex -0.4390195457241446 -4.176991960546748 0
    endloop
  endfacet
  facet normal 0.026176948307874832 0.9996573249755571 0
    outer loop
      vertex -0.2198110162203641 -4.19424404596921 10
      vertex 0 -4.2 0
      vertex -0.2198110162203641 -4.19424404596921 0
    endloop
  endfacet
  facet normal 0.8526401643540933 0.5224985647159472 3.831555363493682e-19
    outer loop
      vertex -3.637306695894642 -2.1 10
      vertex -3.5224163853707813 -2.2874839470631136 10
      vertex -3.5224163853707813 -2.2874839470631136 0
    endloop
  endfacet
  facet normal 0.793353340291234 0.6087614290087221 0
    outer loop
      vertex -3.264013038119278 -2.6431456424093174 10
      vertex -3.264013038119278 -2.6431456424093174 0
      vertex -3.3978713763747797 -2.4686980596283874 10
    endloop
  endfacet
  facet normal 0.8241261886220165 0.5664062369248317 0
    outer loop
      vertex -3.3978713763747797 -2.4686980596283874 10
      vertex -3.3978713763747797 -2.4686980596283874 0
      vertex -3.5224163853707813 -2.2874839470631136 10
    endloop
  endfacet
  facet normal 0.6087614290087221 0.793353340291234 -1.6367126139026888e-19
    outer loop
      vertex -2.6431456424093174 -3.264013038119278 10
      vertex -2.4686980596283874 -3.3978713763747797 10
      vertex -2.4686980596283874 -3.3978713763747797 0
    endloop
  endfacet
  facet normal 0.5664062369248317 0.8241261886220165 1.558860654320966e-20
    outer loop
      vertex -2.4686980596283874 -3.3978713763747797 10
      vertex -2.2874839470631136 -3.5224163853707813 10
      vertex -2.2874839470631136 -3.5224163853707813 0
    endloop
  endfacet
  facet normal 0.7604059656000316 0.649448048330183 2.566249411014392e-19
    outer loop
      vertex -3.264013038119278 -2.6431456424093174 10
      vertex -3.121208267005056 -2.8103485467072047 10
      vertex -3.121208267005056 -2.8103485467072047 0
    endloop
  endfacet
  facet normal 0.7253743710122882 0.6883545756937532 1.5553429027436177e-18
    outer loop
      vertex -3.121208267005056 -2.8103485467072047 10
      vertex -2.9698484809835 -2.9698484809835 10
      vertex -2.9698484809834995 -2.9698484809835004 0
    endloop
  endfacet
  facet normal 0.6883545756937532 0.7253743710122882 5.677003747857384e-19
    outer loop
      vertex -2.9698484809835 -2.9698484809835 10
      vertex -2.8103485467072047 -3.121208267005056 10
      vertex -2.8103485467072047 -3.121208267005056 0
    endloop
  endfacet
  facet normal 0.649448048330183 0.7604059656000316 2.566249411014392e-19
    outer loop
      vertex -2.8103485467072047 -3.121208267005056 10
      vertex -2.6431456424093174 -3.264013038119278 10
      vertex -2.6431456424093174 -3.264013038119278 0
    endloop
  endfacet
  facet normal 0.9238795325112866 0.3826834323650903 -2.005892584360127e-19
    outer loop
      vertex -3.9210377912882475 -1.5051453880902612 10
      vertex -3.836890922098924 -1.7082939009183609 10
      vertex -3.836890922098924 -1.7082939009183609 0
    endloop
  endfacet
  facet normal 0.9426414910921787 0.33380685923377035 -3.0415288727564373e-20
    outer loop
      vertex -3.994437368439645 -1.2978713763747791 10
      vertex -3.9210377912882475 -1.5051453880902612 10
      vertex -3.9210377912882475 -1.5051453880902612 0
    endloop
  endfacet
  facet normal 0.9588197348681928 0.2840153447039236 0
    outer loop
      vertex -3.994437368439645 -1.2978713763747791 10
      vertex -3.994437368439645 -1.2978713763747791 0
      vertex -4.056888470414087 -1.087039989430587 10
    endloop
  endfacet
  facet normal 0.8788171126619639 0.47715876025961074 0
    outer loop
      vertex -3.637306695894642 -2.1 10
      vertex -3.637306695894642 -2.1 0
      vertex -3.7422274015911454 -1.9067600989060967 10
    endloop
  endfacet
  facet normal 0.9025852843498613 0.4305110968082935 0
    outer loop
      vertex -3.7422274015911454 -1.9067600989060967 10
      vertex -3.7422274015911454 -1.9067600989060967 0
      vertex -3.836890922098924 -1.7082939009183609 10
    endloop
  endfacet
  facet normal 0.9832549075639552 0.18223552549214456 0
    outer loop
      vertex -4.108219923081984 -0.8732291014345893 10
      vertex -4.108219923081984 -0.8732291014345893 0
      vertex -4.148291030499578 -0.6570247531689697 10
    endloop
  endfacet
  facet normal 0.9914448613738102 0.13052619222005202 0
    outer loop
      vertex -4.148291030499578 -0.6570247531689697 10
      vertex -4.148291030499578 -0.6570247531689697 0
      vertex -4.176991960546748 -0.4390195457241446 10
    endloop
  endfacet
  facet normal 0.9723699203976762 0.23344536385590695 0
    outer loop
      vertex -4.056888470414087 -1.087039989430587 10
      vertex -4.056888470414087 -1.087039989430587 0
      vertex -4.108219923081984 -0.8732291014345893 10
    endloop
  endfacet
  facet normal 0.9969173337331281 0.07845909572784396 0
    outer loop
      vertex -4.176991960546748 -0.4390195457241446 10
      vertex -4.176991960546748 -0.4390195457241446 0
      vertex -4.19424404596921 -0.2198110162203641 10
    endloop
  endfacet
  facet normal 0.9996573249755571 0.026176948307874832 0
    outer loop
      vertex -4.19424404596921 -0.2198110162203641 10
      vertex -4.19424404596921 -0.2198110162203641 0
      vertex -4.2 0 10
    endloop
  endfacet
  facet normal 0.5224985647159472 0.8526401643540933 0
    outer loop
      vertex -2.1 -3.637306695894642 10
      vertex -2.1 -3.637306695894642 0
      vertex -2.2874839470631136 -3.5224163853707813 10
    endloop
  endfacet
  facet normal 0.47715876025961074 0.8788171126619639 -4.824505075527239e-19
    outer loop
      vertex -2.1 -3.637306695894642 10
      vertex -1.9067600989060967 -3.7422274015911454 10
      vertex -1.9067600989060967 -3.7422274015911454 0
    endloop
  endfacet
  facet normal 0.4305110968082935 0.9025852843498613 -2.943041717482688e-19
    outer loop
      vertex -1.9067600989060967 -3.7422274015911454 10
      vertex -1.7082939009183609 -3.836890922098924 10
      vertex -1.7082939009183609 -3.836890922098924 0
    endloop
  endfacet
  facet normal 0.3826834323650903 0.9238795325112866 -2.005892584360127e-19
    outer loop
      vertex -1.7082939009183609 -3.836890922098924 10
      vertex -1.5051453880902612 -3.9210377912882475 10
      vertex -1.5051453880902612 -3.9210377912882475 0
    endloop
  endfacet
  facet normal 0.33380685923377035 0.9426414910921787 -3.0415288727564373e-20
    outer loop
      vertex -1.5051453880902612 -3.9210377912882475 10
      vertex -1.2978713763747791 -3.994437368439645 10
      vertex -1.2978713763747791 -3.994437368439645 0
    endloop
  endfacet
  facet normal 0.2840153447039236 0.9588197348681928 -1.5233324275770316e-19
    outer loop
      vertex -1.2978713763747791 -3.994437368439645 10
      vertex -1.087039989430587 -4.056888470414087 10
      vertex -1.087039989430587 -4.056888470414087 0
    endloop
  endfacet
  facet normal 0.23344536385590695 0.9723699203976762 5.285285392255789e-20
    outer loop
      vertex -1.087039989430587 -4.056888470414087 10
      vertex -0.8732291014345893 -4.108219923081984 10
      vertex -0.8732291014345893 -4.108219923081984 0
    endloop
  endfacet
  facet normal 0.18223552549214456 0.9832549075639552 0
    outer loop
      vertex -0.6570247531689697 -4.148291030499578 10
      vertex -0.6570247531689697 -4.148291030499578 0
      vertex -0.8732291014345893 -4.108219923081984 10
    endloop
  endfacet
  facet normal 0.13052619222005202 0.9914448613738102 1.6852876936835658e-19
    outer loop
      vertex -0.6570247531689697 -4.148291030499578 10
      vertex -0.4390195457241446 -4.176991960546748 10
      vertex -0.4390195457241446 -4.176991960546748 0
    endloop
  endfacet
  facet normal 0.07845909572784396 0.9969173337331281 4.7628216293916934e-20
    outer loop
      vertex -0.4390195457241446 -4.176991960546748 10
      vertex -0.2198110162203641 -4.19424404596921 10
      vertex -0.2198110162203641 -4.19424404596921 0
    endloop
  endfacet
  facet normal 0.026176948307874832 0.9996573249755571 1.9308196714136625e-20
    outer loop
      vertex -0.2198110162203641 -4.19424404596921 10
      vertex 0 -4.2 10
      vertex 0 -4.2 0
    endloop
  endfacet
  facet normal 0.9588197348681927 -0.28401534470392353 0
    outer loop
      vertex -3.994437368439645 1.2978713763747791 6.5
      vertex -4.056888470414087 1.087039989430587 0
      vertex -3.994437368439645 1.2978713763747791 0
    endloop
  endfacet
  facet normal 0.9426414910921787 -0.33380685923377035 0
    outer loop
      vertex -3.9210377912882475 1.5051453880902612 6.5
      vertex -3.994437368439645 1.2978713763747791 0
      vertex -3.9210377912882475 1.5051453880902612 0
    endloop
  endfacet
  facet normal 0.9238795325112865 -0.3826834323650903 0
    outer loop
      vertex -3.836890922098924 1.7082939009183609 6.5
      vertex -3.9210377912882475 1.5051453880902612 0
      vertex -3.836890922098924 1.7082939009183609 0
    endloop
  endfacet
  facet normal 0.9025852843498614 -0.4305110968082936 0
    outer loop
      vertex -3.7422274015911454 1.9067600989060967 6.5
      vertex -3.836890922098924 1.7082939009183609 0
      vertex -3.7422274015911454 1.9067600989060967 0
    endloop
  endfacet
  facet normal 0.8788171126619642 -0.4771587602596108 0
    outer loop
      vertex -3.637306695894642 2.1 6.5
      vertex -3.7422274015911454 1.9067600989060967 0
      vertex -3.637306695894642 2.1 0
    endloop
  endfacet
  facet normal 0.8526401643540932 -0.5224985647159472 0
    outer loop
      vertex -3.5224163853707813 2.2874839470631136 6.5
      vertex -3.637306695894642 2.1 0
      vertex -3.5224163853707813 2.2874839470631136 0
    endloop
  endfacet
  facet normal 0.8241261886220165 -0.5664062369248317 0
    outer loop
      vertex -3.3978713763747797 2.4686980596283874 6.5
      vertex -3.5224163853707813 2.2874839470631136 0
      vertex -3.3978713763747797 2.4686980596283874 0
    endloop
  endfacet
  facet normal 0.793353340291234 -0.6087614290087222 0
    outer loop
      vertex -3.264013038119278 2.6431456424093174 6.5
      vertex -3.3978713763747797 2.4686980596283874 0
      vertex -3.264013038119278 2.6431456424093174 0
    endloop
  endfacet
  facet normal 0.7604059656000316 -0.649448048330183 0
    outer loop
      vertex -3.121208267005056 2.8103485467072047 6.5
      vertex -3.264013038119278 2.6431456424093174 0
      vertex -3.121208267005056 2.8103485467072047 0
    endloop
  endfacet
  facet normal 0.7253743710122883 -0.6883545756937535 0
    outer loop
      vertex -2.9698484809835 2.9698484809835 6.5
      vertex -3.121208267005056 2.8103485467072047 0
      vertex -2.9698484809835 2.9698484809835 0
    endloop
  endfacet
  facet normal 0.6883545756937535 -0.7253743710122883 0
    outer loop
      vertex -2.8103485467072047 3.121208267005056 6.5
      vertex -2.9698484809835 2.9698484809835 0
      vertex -2.8103485467072047 3.121208267005056 0
    endloop
  endfacet
  facet normal 0.649448048330183 -0.7604059656000316 0
    outer loop
      vertex -2.6431456424093174 3.264013038119278 6.5
      vertex -2.8103485467072047 3.121208267005056 0
      vertex -2.6431456424093174 3.264013038119278 0
    endloop
  endfacet
  facet normal 0.6087614290087222 -0.793353340291234 0
    outer loop
      vertex -2.4686980596283874 3.3978713763747797 6.5
      vertex -2.6431456424093174 3.264013038119278 0
      vertex -2.4686980596283874 3.3978713763747797 0
    endloop
  endfacet
  facet normal 0.5664062369248317 -0.8241261886220165 0
    outer loop
      vertex -2.2874839470631136 3.5224163853707813 6.5
      vertex -2.4686980596283874 3.3978713763747797 0
      vertex -2.2874839470631136 3.5224163853707813 0
    endloop
  endfacet
  facet normal 0.5224985647159472 -0.8526401643540932 0
    outer loop
      vertex -2.1 3.637306695894642 6.5
      vertex -2.2874839470631136 3.5224163853707813 0
      vertex -2.1 3.637306695894642 0
    endloop
  endfacet
  facet normal 0.4771587602596108 -0.8788171126619642 0
    outer loop
      vertex -1.9067600989060967 3.7422274015911454 6.5
      vertex -2.1 3.637306695894642 0
      vertex -1.9067600989060967 3.7422274015911454 0
    endloop
  endfacet
  facet normal 0.4305110968082936 -0.9025852843498614 0
    outer loop
      vertex -1.7082939009183609 3.836890922098924 6.5
      vertex -1.9067600989060967 3.7422274015911454 0
      vertex -1.7082939009183609 3.836890922098924 0
    endloop
  endfacet
  facet normal 0.3826834323650903 -0.9238795325112865 0
    outer loop
      vertex -1.5051453880902612 3.9210377912882475 6.5
      vertex -1.7082939009183609 3.836890922098924 0
      vertex -1.5051453880902612 3.9210377912882475 0
    endloop
  endfacet
  facet normal 0.33380685923377035 -0.9426414910921787 0
    outer loop
      vertex -1.2978713763747791 3.994437368439645 6.5
      vertex -1.5051453880902612 3.9210377912882475 0
      vertex -1.2978713763747791 3.994437368439645 0
    endloop
  endfacet
  facet normal 0.28401534470392353 -0.9588197348681927 0
    outer loop
      vertex -1.087039989430587 4.056888470414087 6.5
      vertex -1.2978713763747791 3.994437368439645 0
      vertex -1.087039989430587 4.056888470414087 0
    endloop
  endfacet
  facet normal 0.23344536385590695 -0.9723699203976762 0
    outer loop
      vertex -0.8732291014345893 4.108219923081984 6.5
      vertex -1.087039989430587 4.056888470414087 0
      vertex -0.8732291014345893 4.108219923081984 0
    endloop
  endfacet
  facet normal 0.18223552549214453 -0.9832549075639551 0
    outer loop
      vertex -0.6570247531689697 4.148291030499578 6.5
      vertex -0.8732291014345893 4.108219923081984 0
      vertex -0.6570247531689697 4.148291030499578 0
    endloop
  endfacet
  facet normal 0.13052619222005205 -0.9914448613738104 0
    outer loop
      vertex -0.4390195457241446 4.176991960546748 6.5
      vertex -0.6570247531689697 4.148291030499578 0
      vertex -0.4390195457241446 4.176991960546748 0
    endloop
  endfacet
  facet normal 0.07845909572784396 -0.996917333733128 0
    outer loop
      vertex -0.2198110162203641 4.19424404596921 6.5
      vertex -0.4390195457241446 4.176991960546748 0
      vertex -0.2198110162203641 4.19424404596921 0
    endloop
  endfacet
  facet normal 0.026176948307874835 -0.9996573249755573 0
    outer loop
      vertex 0 4.2 6.5
      vertex -0.2198110162203641 4.19424404596921 0
      vertex 0 4.2 0
    endloop
  endfacet
  facet normal 0.9996573249755571 -0.026176948307874832 0
    outer loop
      vertex -4.19424404596921 0.2198110162203641 10
      vertex -4.2 0 0
      vertex -4.19424404596921 0.2198110162203641 0
    endloop
  endfacet
  facet normal 0.9969173337331281 -0.07845909572784396 0
    outer loop
      vertex -4.176991960546748 0.4390195457241446 10
      vertex -4.19424404596921 0.2198110162203641 0
      vertex -4.176991960546748 0.4390195457241446 0
    endloop
  endfacet
  facet normal 0.9914448613738102 -0.13052619222005202 0
    outer loop
      vertex -4.148291030499578 0.6570247531689697 10
      vertex -4.176991960546748 0.4390195457241446 0
      vertex -4.148291030499578 0.6570247531689697 0
    endloop
  endfacet
  facet normal 0.9832549075639552 -0.18223552549214456 0
    outer loop
      vertex -4.108219923081984 0.8732291014345893 10
      vertex -4.148291030499578 0.6570247531689697 0
      vertex -4.108219923081984 0.8732291014345893 0
    endloop
  endfacet
  facet normal 0.9723699203976762 -0.23344536385590695 0
    outer loop
      vertex -4.056888470414087 1.087039989430587 10
      vertex -4.108219923081984 0.8732291014345893 0
      vertex -4.056888470414087 1.087039989430587 0
    endloop
  endfacet
  facet normal 0.9588197348681925 -0.28401534470392453 3.298375852612358e-17
    outer loop
      vertex -4 1.2790922469463004 6.5
      vertex -4.056888470414087 1.087039989430587 0
      vertex -3.994437368439645 1.2978713763747791 6.5
    endloop
  endfacet
  facet normal 0.9426414910921787 -0.33380685923377035 0
    outer loop
      vertex -3.994437368439645 1.2978713763747791 6.5
      vertex -3.994437368439645 1.2978713763747791 0
      vertex -3.9210377912882475 1.5051453880902612 6.5
    endloop
  endfacet
  facet normal 0.9238795325112865 -0.3826834323650903 0
    outer loop
      vertex -3.9210377912882475 1.5051453880902612 6.5
      vertex -3.9210377912882475 1.5051453880902612 0
      vertex -3.836890922098924 1.7082939009183609 6.5
    endloop
  endfacet
  facet normal 0.9025852843498614 -0.4305110968082936 0
    outer loop
      vertex -3.836890922098924 1.7082939009183609 6.5
      vertex -3.836890922098924 1.7082939009183609 0
      vertex -3.7422274015911454 1.9067600989060967 6.5
    endloop
  endfacet
  facet normal 0.8788171126619642 -0.4771587602596108 0
    outer loop
      vertex -3.7422274015911454 1.9067600989060967 6.5
      vertex -3.7422274015911454 1.9067600989060967 0
      vertex -3.637306695894642 2.1 6.5
    endloop
  endfacet
  facet normal 0.8526401643540932 -0.5224985647159472 0
    outer loop
      vertex -3.637306695894642 2.1 6.5
      vertex -3.637306695894642 2.1 0
      vertex -3.5224163853707813 2.2874839470631136 6.5
    endloop
  endfacet
  facet normal 0.8241261886220165 -0.5664062369248317 0
    outer loop
      vertex -3.5224163853707813 2.2874839470631136 6.5
      vertex -3.5224163853707813 2.2874839470631136 0
      vertex -3.3978713763747797 2.4686980596283874 6.5
    endloop
  endfacet
  facet normal 0.793353340291234 -0.6087614290087222 0
    outer loop
      vertex -3.3978713763747797 2.4686980596283874 6.5
      vertex -3.3978713763747797 2.4686980596283874 0
      vertex -3.264013038119278 2.6431456424093174 6.5
    endloop
  endfacet
  facet normal 0.7604059656000316 -0.649448048330183 0
    outer loop
      vertex -3.264013038119278 2.6431456424093174 6.5
      vertex -3.264013038119278 2.6431456424093174 0
      vertex -3.121208267005056 2.8103485467072047 6.5
    endloop
  endfacet
  facet normal 0.7253743710122883 -0.6883545756937535 0
    outer loop
      vertex -3.121208267005056 2.8103485467072047 6.5
      vertex -3.121208267005056 2.8103485467072047 0
      vertex -2.9698484809835 2.9698484809835 6.5
    endloop
  endfacet
  facet normal 0.6883545756937535 -0.7253743710122883 0
    outer loop
      vertex -2.9698484809835 2.9698484809835 6.5
      vertex -2.9698484809835 2.9698484809835 0
      vertex -2.8103485467072047 3.121208267005056 6.5
    endloop
  endfacet
  facet normal 0.649448048330183 -0.7604059656000316 0
    outer loop
      vertex -2.8103485467072047 3.121208267005056 6.5
      vertex -2.8103485467072047 3.121208267005056 0
      vertex -2.6431456424093174 3.264013038119278 6.5
    endloop
  endfacet
  facet normal 0.6087614290087222 -0.793353340291234 0
    outer loop
      vertex -2.6431456424093174 3.264013038119278 6.5
      vertex -2.6431456424093174 3.264013038119278 0
      vertex -2.4686980596283874 3.3978713763747797 6.5
    endloop
  endfacet
  facet normal 0.5664062369248317 -0.8241261886220165 0
    outer loop
      vertex -2.4686980596283874 3.3978713763747797 6.5
      vertex -2.4686980596283874 3.3978713763747797 0
      vertex -2.2874839470631136 3.5224163853707813 6.5
    endloop
  endfacet
  facet normal 0.5224985647159472 -0.8526401643540932 0
    outer loop
      vertex -2.2874839470631136 3.5224163853707813 6.5
      vertex -2.2874839470631136 3.5224163853707813 0
      vertex -2.1 3.637306695894642 6.5
    endloop
  endfacet
  facet normal 0.4771587602596108 -0.8788171126619642 0
    outer loop
      vertex -2.1 3.637306695894642 6.5
      vertex -2.1 3.637306695894642 0
      vertex -1.9067600989060967 3.7422274015911454 6.5
    endloop
  endfacet
  facet normal 0.4305110968082936 -0.9025852843498614 0
    outer loop
      vertex -1.9067600989060967 3.7422274015911454 6.5
      vertex -1.9067600989060967 3.7422274015911454 0
      vertex -1.7082939009183609 3.836890922098924 6.5
    endloop
  endfacet
  facet normal 0.3826834323650903 -0.9238795325112865 0
    outer loop
      vertex -1.7082939009183609 3.836890922098924 6.5
      vertex -1.7082939009183609 3.836890922098924 0
      vertex -1.5051453880902612 3.9210377912882475 6.5
    endloop
  endfacet
  facet normal 0.33380685923377035 -0.9426414910921787 0
    outer loop
      vertex -1.5051453880902612 3.9210377912882475 6.5
      vertex -1.5051453880902612 3.9210377912882475 0
      vertex -1.2978713763747791 3.994437368439645 6.5
    endloop
  endfacet
  facet normal 0.28401534470392353 -0.9588197348681927 0
    outer loop
      vertex -1.2978713763747791 3.994437368439645 6.5
      vertex -1.2978713763747791 3.994437368439645 0
      vertex -1.087039989430587 4.056888470414087 6.5
    endloop
  endfacet
  facet normal 0.23344536385590695 -0.9723699203976762 0
    outer loop
      vertex -1.087039989430587 4.056888470414087 6.5
      vertex -1.087039989430587 4.056888470414087 0
      vertex -0.8732291014345893 4.108219923081984 6.5
    endloop
  endfacet
  facet normal 0.18223552549214453 -0.9832549075639551 0
    outer loop
      vertex -0.8732291014345893 4.108219923081984 6.5
      vertex -0.8732291014345893 4.108219923081984 0
      vertex -0.6570247531689697 4.148291030499578 6.5
    endloop
  endfacet
  facet normal 0.13052619222005205 -0.9914448613738104 0
    outer loop
      vertex -0.6570247531689697 4.148291030499578 6.5
      vertex -0.6570247531689697 4.148291030499578 0
      vertex -0.4390195457241446 4.176991960546748 6.5
    endloop
  endfacet
  facet normal 0.07845909572784396 -0.996917333733128 0
    outer loop
      vertex -0.4390195457241446 4.176991960546748 6.5
      vertex -0.4390195457241446 4.176991960546748 0
      vertex -0.2198110162203641 4.19424404596921 6.5
    endloop
  endfacet
  facet normal 0.026176948307874835 -0.9996573249755573 0
    outer loop
      vertex -0.2198110162203641 4.19424404596921 6.5
      vertex -0.2198110162203641 4.19424404596921 0
      vertex 0 4.2 6.5
    endloop
  endfacet
  facet normal 0.9588197348681929 -0.2840153447039235 1.7778536346590663e-19
    outer loop
      vertex -4 1.2790922469463004 6.5
      vertex -4.056888470414087 1.087039989430587 10
      vertex -4.056888470414087 1.087039989430587 0
    endloop
  endfacet
  facet normal 0.9996573249755571 -0.026176948307874832 0
    outer loop
      vertex -4.2 0 10
      vertex -4.2 0 0
      vertex -4.19424404596921 0.2198110162203641 10
    endloop
  endfacet
  facet normal 0.9969173337331281 -0.07845909572784396 0
    outer loop
      vertex -4.19424404596921 0.2198110162203641 10
      vertex -4.19424404596921 0.2198110162203641 0
      vertex -4.176991960546748 0.4390195457241446 10
    endloop
  endfacet
  facet normal 0.9914448613738102 -0.13052619222005202 0
    outer loop
      vertex -4.176991960546748 0.4390195457241446 10
      vertex -4.176991960546748 0.4390195457241446 0
      vertex -4.148291030499578 0.6570247531689697 10
    endloop
  endfacet
  facet normal 0.9832549075639552 -0.18223552549214456 0
    outer loop
      vertex -4.148291030499578 0.6570247531689697 10
      vertex -4.148291030499578 0.6570247531689697 0
      vertex -4.108219923081984 0.8732291014345893 10
    endloop
  endfacet
  facet normal 0.9723699203976762 -0.23344536385590695 0
    outer loop
      vertex -4.108219923081984 0.8732291014345893 10
      vertex -4.108219923081984 0.8732291014345893 0
      vertex -4.056888470414087 1.087039989430587 10
    endloop
  endfacet
  facet normal 0.9588197348681927 -0.2840153447039235 0
    outer loop
      vertex -4 1.2790922469463004 6.5
      vertex -4 1.2790922469463004 10
      vertex -4.056888470414087 1.087039989430587 10
    endloop
  endfacet
  facet normal -0.026176948307874832 0.9996573249755571 0
    outer loop
      vertex 0 -4.2 10
      vertex 0.2198110162203641 -4.19424404596921 0
      vertex 0 -4.2 0
    endloop
  endfacet
  facet normal -0.07845909572784396 0.9969173337331281 0
    outer loop
      vertex 0.2198110162203641 -4.19424404596921 10
      vertex 0.4390195457241446 -4.176991960546748 0
      vertex 0.2198110162203641 -4.19424404596921 0
    endloop
  endfacet
  facet normal -0.13052619222005202 0.9914448613738102 0
    outer loop
      vertex 0.4390195457241446 -4.176991960546748 10
      vertex 0.6570247531689697 -4.148291030499578 0
      vertex 0.4390195457241446 -4.176991960546748 0
    endloop
  endfacet
  facet normal -0.18223552549214456 0.9832549075639552 0
    outer loop
      vertex 0.6570247531689697 -4.148291030499578 10
      vertex 0.8732291014345893 -4.108219923081984 0
      vertex 0.6570247531689697 -4.148291030499578 0
    endloop
  endfacet
  facet normal -0.23344536385590695 0.9723699203976762 0
    outer loop
      vertex 0.8732291014345893 -4.108219923081984 10
      vertex 1.087039989430587 -4.056888470414087 0
      vertex 0.8732291014345893 -4.108219923081984 0
    endloop
  endfacet
  facet normal -0.2840153447039236 0.9588197348681928 0
    outer loop
      vertex 1.087039989430587 -4.056888470414087 10
      vertex 1.2978713763747791 -3.994437368439645 0
      vertex 1.087039989430587 -4.056888470414087 0
    endloop
  endfacet
  facet normal -0.33380685923377035 0.9426414910921787 0
    outer loop
      vertex 1.2978713763747791 -3.994437368439645 10
      vertex 1.5051453880902612 -3.9210377912882475 0
      vertex 1.2978713763747791 -3.994437368439645 0
    endloop
  endfacet
  facet normal -0.3826834323650903 0.9238795325112866 0
    outer loop
      vertex 1.5051453880902612 -3.9210377912882475 10
      vertex 1.7082939009183609 -3.836890922098924 0
      vertex 1.5051453880902612 -3.9210377912882475 0
    endloop
  endfacet
  facet normal -0.4305110968082935 0.9025852843498613 0
    outer loop
      vertex 1.7082939009183609 -3.836890922098924 10
      vertex 1.9067600989060967 -3.7422274015911454 0
      vertex 1.7082939009183609 -3.836890922098924 0
    endloop
  endfacet
  facet normal -0.47715876025961074 0.8788171126619639 0
    outer loop
      vertex 1.9067600989060967 -3.7422274015911454 10
      vertex 2.1 -3.637306695894642 0
      vertex 1.9067600989060967 -3.7422274015911454 0
    endloop
  endfacet
  facet normal -0.5224985647159472 0.8526401643540933 0
    outer loop
      vertex 2.1 -3.637306695894642 10
      vertex 2.2874839470631136 -3.5224163853707813 0
      vertex 2.1 -3.637306695894642 0
    endloop
  endfacet
  facet normal -0.5664062369248317 0.8241261886220165 0
    outer loop
      vertex 2.2874839470631136 -3.5224163853707813 10
      vertex 2.4686980596283874 -3.3978713763747797 0
      vertex 2.2874839470631136 -3.5224163853707813 0
    endloop
  endfacet
  facet normal -0.6087614290087221 0.793353340291234 0
    outer loop
      vertex 2.4686980596283874 -3.3978713763747797 10
      vertex 2.6431456424093174 -3.264013038119278 0
      vertex 2.4686980596283874 -3.3978713763747797 0
    endloop
  endfacet
  facet normal -0.649448048330183 0.7604059656000316 0
    outer loop
      vertex 2.6431456424093174 -3.264013038119278 10
      vertex 2.8103485467072047 -3.121208267005056 0
      vertex 2.6431456424093174 -3.264013038119278 0
    endloop
  endfacet
  facet normal -0.6883545756937532 0.7253743710122882 0
    outer loop
      vertex 2.8103485467072047 -3.121208267005056 10
      vertex 2.9698484809835 -2.9698484809835 0
      vertex 2.8103485467072047 -3.121208267005056 0
    endloop
  endfacet
  facet normal -0.7253743710122882 0.6883545756937532 0
    outer loop
      vertex 2.9698484809835 -2.9698484809835 10
      vertex 3.121208267005056 -2.8103485467072047 0
      vertex 2.9698484809835 -2.9698484809835 0
    endloop
  endfacet
  facet normal -0.7604059656000316 0.649448048330183 0
    outer loop
      vertex 3.121208267005056 -2.8103485467072047 10
      vertex 3.264013038119278 -2.6431456424093174 0
      vertex 3.121208267005056 -2.8103485467072047 0
    endloop
  endfacet
  facet normal -0.793353340291234 0.6087614290087221 0
    outer loop
      vertex 3.264013038119278 -2.6431456424093174 10
      vertex 3.3978713763747797 -2.4686980596283874 0
      vertex 3.264013038119278 -2.6431456424093174 0
    endloop
  endfacet
  facet normal -0.8241261886220165 0.5664062369248317 0
    outer loop
      vertex 3.3978713763747797 -2.4686980596283874 10
      vertex 3.5224163853707813 -2.2874839470631136 0
      vertex 3.3978713763747797 -2.4686980596283874 0
    endloop
  endfacet
  facet normal -0.8526401643540933 0.5224985647159472 0
    outer loop
      vertex 3.5224163853707813 -2.2874839470631136 10
      vertex 3.637306695894642 -2.1 0
      vertex 3.5224163853707813 -2.2874839470631136 0
    endloop
  endfacet
  facet normal -0.8788171126619639 0.47715876025961074 0
    outer loop
      vertex 3.637306695894642 -2.1 10
      vertex 3.7422274015911454 -1.9067600989060967 0
      vertex 3.637306695894642 -2.1 0
    endloop
  endfacet
  facet normal -0.9025852843498613 0.4305110968082935 0
    outer loop
      vertex 3.7422274015911454 -1.9067600989060967 10
      vertex 3.836890922098924 -1.7082939009183609 0
      vertex 3.7422274015911454 -1.9067600989060967 0
    endloop
  endfacet
  facet normal -0.9238795325112866 0.3826834323650903 0
    outer loop
      vertex 3.836890922098924 -1.7082939009183609 10
      vertex 3.9210377912882475 -1.5051453880902612 0
      vertex 3.836890922098924 -1.7082939009183609 0
    endloop
  endfacet
  facet normal -0.9426414910921787 0.33380685923377035 0
    outer loop
      vertex 3.9210377912882475 -1.5051453880902612 10
      vertex 3.994437368439645 -1.2978713763747791 0
      vertex 3.9210377912882475 -1.5051453880902612 0
    endloop
  endfacet
  facet normal -0.9588197348681928 0.2840153447039236 0
    outer loop
      vertex 3.994437368439645 -1.2978713763747791 10
      vertex 4.056888470414087 -1.087039989430587 0
      vertex 3.994437368439645 -1.2978713763747791 0
    endloop
  endfacet
  facet normal -0.9723699203976762 0.23344536385590695 0
    outer loop
      vertex 4.056888470414087 -1.087039989430587 10
      vertex 4.108219923081984 -0.8732291014345893 0
      vertex 4.056888470414087 -1.087039989430587 0
    endloop
  endfacet
  facet normal -0.9832549075639552 0.18223552549214456 0
    outer loop
      vertex 4.108219923081984 -0.8732291014345893 10
      vertex 4.148291030499578 -0.6570247531689697 0
      vertex 4.108219923081984 -0.8732291014345893 0
    endloop
  endfacet
  facet normal -0.9914448613738102 0.13052619222005202 0
    outer loop
      vertex 4.148291030499578 -0.6570247531689697 10
      vertex 4.176991960546748 -0.4390195457241446 0
      vertex 4.148291030499578 -0.6570247531689697 0
    endloop
  endfacet
  facet normal -0.9969173337331281 0.07845909572784396 0
    outer loop
      vertex 4.176991960546748 -0.4390195457241446 10
      vertex 4.19424404596921 -0.2198110162203641 0
      vertex 4.176991960546748 -0.4390195457241446 0
    endloop
  endfacet
  facet normal -0.9996573249755571 0.026176948307874832 0
    outer loop
      vertex 4.19424404596921 -0.2198110162203641 10
      vertex 4.2 0 0
      vertex 4.19424404596921 -0.2198110162203641 0
    endloop
  endfacet
  facet normal -0.026176948307874832 0.9996573249755571 -1.9308196714136625e-20
    outer loop
      vertex 0 -4.2 10
      vertex 0.2198110162203641 -4.19424404596921 10
      vertex 0.2198110162203641 -4.19424404596921 0
    endloop
  endfacet
  facet normal -0.07845909572784396 0.9969173337331281 -4.7628216293916934e-20
    outer loop
      vertex 0.2198110162203641 -4.19424404596921 10
      vertex 0.4390195457241446 -4.176991960546748 10
      vertex 0.4390195457241446 -4.176991960546748 0
    endloop
  endfacet
  facet normal -0.13052619222005202 0.9914448613738102 -1.6852876936835658e-19
    outer loop
      vertex 0.4390195457241446 -4.176991960546748 10
      vertex 0.6570247531689697 -4.148291030499578 10
      vertex 0.6570247531689697 -4.148291030499578 0
    endloop
  endfacet
  facet normal -0.18223552549214456 0.9832549075639552 1.3341144322941647e-19
    outer loop
      vertex 0.6570247531689697 -4.148291030499578 10
      vertex 0.8732291014345893 -4.108219923081984 10
      vertex 0.8732291014345893 -4.108219923081984 0
    endloop
  endfacet
  facet normal -0.23344536385590695 0.9723699203976762 -5.285285392255789e-20
    outer loop
      vertex 0.8732291014345893 -4.108219923081984 10
      vertex 1.087039989430587 -4.056888470414087 10
      vertex 1.087039989430587 -4.056888470414087 0
    endloop
  endfacet
  facet normal -0.2840153447039236 0.9588197348681928 1.5233324275770316e-19
    outer loop
      vertex 1.087039989430587 -4.056888470414087 10
      vertex 1.2978713763747791 -3.994437368439645 10
      vertex 1.2978713763747791 -3.994437368439645 0
    endloop
  endfacet
  facet normal -0.33380685923377035 0.9426414910921787 3.0415288727564373e-20
    outer loop
      vertex 1.2978713763747791 -3.994437368439645 10
      vertex 1.5051453880902612 -3.9210377912882475 10
      vertex 1.5051453880902612 -3.9210377912882475 0
    endloop
  endfacet
  facet normal -0.3826834323650903 0.9238795325112866 2.005892584360127e-19
    outer loop
      vertex 1.5051453880902612 -3.9210377912882475 10
      vertex 1.7082939009183609 -3.836890922098924 10
      vertex 1.7082939009183609 -3.836890922098924 0
    endloop
  endfacet
  facet normal -0.4305110968082935 0.9025852843498613 2.943041717482688e-19
    outer loop
      vertex 1.7082939009183609 -3.836890922098924 10
      vertex 1.9067600989060967 -3.7422274015911454 10
      vertex 1.9067600989060967 -3.7422274015911454 0
    endloop
  endfacet
  facet normal -0.47715876025961074 0.8788171126619639 4.824505075527239e-19
    outer loop
      vertex 1.9067600989060967 -3.7422274015911454 10
      vertex 2.1 -3.637306695894642 10
      vertex 2.1 -3.637306695894642 0
    endloop
  endfacet
  facet normal -0.5224985647159472 0.8526401643540933 -3.831555363493682e-19
    outer loop
      vertex 2.1 -3.637306695894642 10
      vertex 2.2874839470631136 -3.5224163853707813 10
      vertex 2.2874839470631136 -3.5224163853707813 0
    endloop
  endfacet
  facet normal -0.5664062369248317 0.8241261886220165 -1.558860654320966e-20
    outer loop
      vertex 2.2874839470631136 -3.5224163853707813 10
      vertex 2.4686980596283874 -3.3978713763747797 10
      vertex 2.4686980596283874 -3.3978713763747797 0
    endloop
  endfacet
  facet normal -0.6087614290087221 0.793353340291234 1.6367126139026888e-19
    outer loop
      vertex 2.4686980596283874 -3.3978713763747797 10
      vertex 2.6431456424093174 -3.264013038119278 10
      vertex 2.6431456424093174 -3.264013038119278 0
    endloop
  endfacet
  facet normal -0.649448048330183 0.7604059656000316 -2.566249411014392e-19
    outer loop
      vertex 2.6431456424093174 -3.264013038119278 10
      vertex 2.8103485467072047 -3.121208267005056 10
      vertex 2.8103485467072047 -3.121208267005056 0
    endloop
  endfacet
  facet normal -0.6883545756937532 0.7253743710122882 -5.677003747857384e-19
    outer loop
      vertex 2.8103485467072047 -3.121208267005056 10
      vertex 2.9698484809835 -2.9698484809835 10
      vertex 2.9698484809835 -2.9698484809835 0
    endloop
  endfacet
  facet normal -0.7253743710122882 0.6883545756937532 -5.677003747857384e-19
    outer loop
      vertex 2.9698484809835 -2.9698484809835 10
      vertex 3.121208267005056 -2.8103485467072047 10
      vertex 3.121208267005056 -2.8103485467072047 0
    endloop
  endfacet
  facet normal -0.7604059656000316 0.649448048330183 -2.566249411014392e-19
    outer loop
      vertex 3.121208267005056 -2.8103485467072047 10
      vertex 3.264013038119278 -2.6431456424093174 10
      vertex 3.264013038119278 -2.6431456424093174 0
    endloop
  endfacet
  facet normal -0.793353340291234 0.6087614290087221 1.6367126139026888e-19
    outer loop
      vertex 3.264013038119278 -2.6431456424093174 10
      vertex 3.3978713763747797 -2.4686980596283874 10
      vertex 3.3978713763747797 -2.4686980596283874 0
    endloop
  endfacet
  facet normal -0.8241261886220165 0.5664062369248317 -1.558860654320966e-20
    outer loop
      vertex 3.3978713763747797 -2.4686980596283874 10
      vertex 3.5224163853707813 -2.2874839470631136 10
      vertex 3.5224163853707813 -2.2874839470631136 0
    endloop
  endfacet
  facet normal -0.8526401643540933 0.5224985647159472 -3.831555363493682e-19
    outer loop
      vertex 3.5224163853707813 -2.2874839470631136 10
      vertex 3.637306695894642 -2.1 10
      vertex 3.637306695894642 -2.1 0
    endloop
  endfacet
  facet normal -0.8788171126619639 0.47715876025961074 4.824505075527239e-19
    outer loop
      vertex 3.637306695894642 -2.1 10
      vertex 3.7422274015911454 -1.9067600989060967 10
      vertex 3.7422274015911454 -1.9067600989060967 0
    endloop
  endfacet
  facet normal -0.9025852843498613 0.4305110968082935 2.943041717482688e-19
    outer loop
      vertex 3.7422274015911454 -1.9067600989060967 10
      vertex 3.836890922098924 -1.7082939009183609 10
      vertex 3.836890922098924 -1.7082939009183609 0
    endloop
  endfacet
  facet normal -0.9238795325112866 0.3826834323650903 2.005892584360127e-19
    outer loop
      vertex 3.836890922098924 -1.7082939009183609 10
      vertex 3.9210377912882475 -1.5051453880902612 10
      vertex 3.9210377912882475 -1.5051453880902612 0
    endloop
  endfacet
  facet normal -0.9426414910921787 0.33380685923377035 3.0415288727564373e-20
    outer loop
      vertex 3.9210377912882475 -1.5051453880902612 10
      vertex 3.994437368439645 -1.2978713763747791 10
      vertex 3.994437368439645 -1.2978713763747791 0
    endloop
  endfacet
  facet normal -0.9588197348681928 0.2840153447039236 1.5233324275770316e-19
    outer loop
      vertex 3.994437368439645 -1.2978713763747791 10
      vertex 4.056888470414087 -1.087039989430587 10
      vertex 4.056888470414087 -1.087039989430587 0
    endloop
  endfacet
  facet normal -0.9723699203976762 0.23344536385590695 -5.285285392255789e-20
    outer loop
      vertex 4.056888470414087 -1.087039989430587 10
      vertex 4.108219923081984 -0.8732291014345893 10
      vertex 4.108219923081984 -0.8732291014345893 0
    endloop
  endfacet
  facet normal -0.9832549075639552 0.18223552549214456 1.3341144322941647e-19
    outer loop
      vertex 4.108219923081984 -0.8732291014345893 10
      vertex 4.148291030499578 -0.6570247531689697 10
      vertex 4.148291030499578 -0.6570247531689697 0
    endloop
  endfacet
  facet normal -0.9914448613738102 0.13052619222005202 -1.6852876936835658e-19
    outer loop
      vertex 4.148291030499578 -0.6570247531689697 10
      vertex 4.176991960546748 -0.4390195457241446 10
      vertex 4.176991960546748 -0.4390195457241446 0
    endloop
  endfacet
  facet normal -0.9969173337331281 0.07845909572784396 -4.7628216293916934e-20
    outer loop
      vertex 4.176991960546748 -0.4390195457241446 10
      vertex 4.19424404596921 -0.2198110162203641 10
      vertex 4.19424404596921 -0.2198110162203641 0
    endloop
  endfacet
  facet normal -0.9996573249755571 0.026176948307874832 -1.9308196714136625e-20
    outer loop
      vertex 4.19424404596921 -0.2198110162203641 10
      vertex 4.2 0 10
      vertex 4.2 0 0
    endloop
  endfacet
  facet normal -0.026176948307874835 -0.9996573249755573 0
    outer loop
      vertex 0.2198110162203641 4.19424404596921 6.5
      vertex 0 4.2 0
      vertex 0.2198110162203641 4.19424404596921 0
    endloop
  endfacet
  facet normal -0.07845909572784396 -0.996917333733128 0
    outer loop
      vertex 0.4390195457241446 4.176991960546748 6.5
      vertex 0.2198110162203641 4.19424404596921 0
      vertex 0.4390195457241446 4.176991960546748 0
    endloop
  endfacet
  facet normal -0.13052619222005205 -0.9914448613738104 0
    outer loop
      vertex 0.6570247531689697 4.148291030499578 6.5
      vertex 0.4390195457241446 4.176991960546748 0
      vertex 0.6570247531689697 4.148291030499578 0
    endloop
  endfacet
  facet normal -0.18223552549214453 -0.9832549075639551 0
    outer loop
      vertex 0.8732291014345893 4.108219923081984 6.5
      vertex 0.6570247531689697 4.148291030499578 0
      vertex 0.8732291014345893 4.108219923081984 0
    endloop
  endfacet
  facet normal -0.23344536385590695 -0.9723699203976762 0
    outer loop
      vertex 1.087039989430587 4.056888470414087 6.5
      vertex 0.8732291014345893 4.108219923081984 0
      vertex 1.087039989430587 4.056888470414087 0
    endloop
  endfacet
  facet normal -0.28401534470392353 -0.9588197348681927 0
    outer loop
      vertex 1.2978713763747791 3.994437368439645 6.5
      vertex 1.087039989430587 4.056888470414087 0
      vertex 1.2978713763747791 3.994437368439645 0
    endloop
  endfacet
  facet normal -0.33380685923377035 -0.9426414910921787 0
    outer loop
      vertex 1.5051453880902612 3.9210377912882475 6.5
      vertex 1.2978713763747791 3.994437368439645 0
      vertex 1.5051453880902612 3.9210377912882475 0
    endloop
  endfacet
  facet normal -0.3826834323650903 -0.9238795325112865 0
    outer loop
      vertex 1.7082939009183609 3.836890922098924 6.5
      vertex 1.5051453880902612 3.9210377912882475 0
      vertex 1.7082939009183609 3.836890922098924 0
    endloop
  endfacet
  facet normal -0.4305110968082936 -0.9025852843498614 0
    outer loop
      vertex 1.9067600989060967 3.7422274015911454 6.5
      vertex 1.7082939009183609 3.836890922098924 0
      vertex 1.9067600989060967 3.7422274015911454 0
    endloop
  endfacet
  facet normal -0.4771587602596108 -0.8788171126619642 0
    outer loop
      vertex 2.1 3.637306695894642 6.5
      vertex 1.9067600989060967 3.7422274015911454 0
      vertex 2.1 3.637306695894642 0
    endloop
  endfacet
  facet normal -0.9025852843498614 -0.4305110968082936 0
    outer loop
      vertex 3.836890922098924 1.7082939009183609 6.5
      vertex 3.7422274015911454 1.9067600989060967 0
      vertex 3.836890922098924 1.7082939009183609 0
    endloop
  endfacet
  facet normal -0.8526401643540932 -0.5224985647159472 0
    outer loop
      vertex 3.637306695894642 2.1 6.5
      vertex 3.5224163853707813 2.2874839470631136 0
      vertex 3.637306695894642 2.1 0
    endloop
  endfacet
  facet normal -0.8788171126619642 -0.4771587602596108 0
    outer loop
      vertex 3.7422274015911454 1.9067600989060967 6.5
      vertex 3.637306695894642 2.1 0
      vertex 3.7422274015911454 1.9067600989060967 0
    endloop
  endfacet
  facet normal -0.9426414910921787 -0.33380685923377035 0
    outer loop
      vertex 3.994437368439645 1.2978713763747791 6.5
      vertex 3.9210377912882475 1.5051453880902612 0
      vertex 3.994437368439645 1.2978713763747791 0
    endloop
  endfacet
  facet normal -0.9238795325112865 -0.3826834323650903 0
    outer loop
      vertex 3.9210377912882475 1.5051453880902612 6.5
      vertex 3.836890922098924 1.7082939009183609 0
      vertex 3.9210377912882475 1.5051453880902612 0
    endloop
  endfacet
  facet normal -0.7604059656000316 -0.649448048330183 0
    outer loop
      vertex 3.264013038119278 2.6431456424093174 6.5
      vertex 3.121208267005056 2.8103485467072047 0
      vertex 3.264013038119278 2.6431456424093174 0
    endloop
  endfacet
  facet normal -0.649448048330183 -0.7604059656000316 0
    outer loop
      vertex 2.8103485467072047 3.121208267005056 6.5
      vertex 2.6431456424093174 3.264013038119278 0
      vertex 2.8103485467072047 3.121208267005056 0
    endloop
  endfacet
  facet normal -0.6883545756937534 -0.7253743710122883 -2.5292448695106527e-18
    outer loop
      vertex 2.9698484809835 2.9698484809835 6.5
      vertex 2.8103485467072047 3.121208267005056 0
      vertex 2.9698484809834995 2.9698484809835004 0
    endloop
  endfacet
  facet normal -0.7253743710122882 -0.6883545756937534 0
    outer loop
      vertex 3.121208267005056 2.8103485467072047 6.5
      vertex 2.9698484809834995 2.9698484809835004 0
      vertex 3.121208267005056 2.8103485467072047 0
    endloop
  endfacet
  facet normal -0.5664062369248317 -0.8241261886220165 0
    outer loop
      vertex 2.4686980596283874 3.3978713763747797 6.5
      vertex 2.2874839470631136 3.5224163853707813 0
      vertex 2.4686980596283874 3.3978713763747797 0
    endloop
  endfacet
  facet normal -0.5224985647159472 -0.8526401643540932 0
    outer loop
      vertex 2.2874839470631136 3.5224163853707813 6.5
      vertex 2.1 3.637306695894642 0
      vertex 2.2874839470631136 3.5224163853707813 0
    endloop
  endfacet
  facet normal -0.6087614290087222 -0.793353340291234 0
    outer loop
      vertex 2.6431456424093174 3.264013038119278 6.5
      vertex 2.4686980596283874 3.3978713763747797 0
      vertex 2.6431456424093174 3.264013038119278 0
    endloop
  endfacet
  facet normal -0.8241261886220165 -0.5664062369248317 0
    outer loop
      vertex 3.5224163853707813 2.2874839470631136 6.5
      vertex 3.3978713763747797 2.4686980596283874 0
      vertex 3.5224163853707813 2.2874839470631136 0
    endloop
  endfacet
  facet normal -0.793353340291234 -0.6087614290087222 0
    outer loop
      vertex 3.3978713763747797 2.4686980596283874 6.5
      vertex 3.264013038119278 2.6431456424093174 0
      vertex 3.3978713763747797 2.4686980596283874 0
    endloop
  endfacet
  facet normal -0.9996573249755571 -0.026176948307874832 0
    outer loop
      vertex 4.2 0 10
      vertex 4.19424404596921 0.2198110162203641 0
      vertex 4.2 0 0
    endloop
  endfacet
  facet normal -0.9969173337331281 -0.07845909572784396 0
    outer loop
      vertex 4.19424404596921 0.2198110162203641 10
      vertex 4.176991960546748 0.4390195457241446 0
      vertex 4.19424404596921 0.2198110162203641 0
    endloop
  endfacet
  facet normal -0.9914448613738102 -0.13052619222005202 0
    outer loop
      vertex 4.176991960546748 0.4390195457241446 10
      vertex 4.148291030499578 0.6570247531689697 0
      vertex 4.176991960546748 0.4390195457241446 0
    endloop
  endfacet
  facet normal -0.9723699203976762 -0.23344536385590695 0
    outer loop
      vertex 4.108219923081984 0.8732291014345893 10
      vertex 4.056888470414087 1.087039989430587 0
      vertex 4.108219923081984 0.8732291014345893 0
    endloop
  endfacet
  facet normal -0.9832549075639552 -0.18223552549214456 0
    outer loop
      vertex 4.148291030499578 0.6570247531689697 10
      vertex 4.108219923081984 0.8732291014345893 0
      vertex 4.148291030499578 0.6570247531689697 0
    endloop
  endfacet
  facet normal -0.9588197348681928 -0.2840153447039236 0
    outer loop
      vertex 4.056888470414087 1.087039989430587 10
      vertex 3.994437368439645 1.2978713763747791 0
      vertex 4.056888470414087 1.087039989430587 0
    endloop
  endfacet
  facet normal -0.026176948307874835 -0.9996573249755573 0
    outer loop
      vertex 0 4.2 6.5
      vertex 0 4.2 0
      vertex 0.2198110162203641 4.19424404596921 6.5
    endloop
  endfacet
  facet normal -0.07845909572784396 -0.996917333733128 0
    outer loop
      vertex 0.2198110162203641 4.19424404596921 6.5
      vertex 0.2198110162203641 4.19424404596921 0
      vertex 0.4390195457241446 4.176991960546748 6.5
    endloop
  endfacet
  facet normal -0.13052619222005205 -0.9914448613738104 0
    outer loop
      vertex 0.4390195457241446 4.176991960546748 6.5
      vertex 0.4390195457241446 4.176991960546748 0
      vertex 0.6570247531689697 4.148291030499578 6.5
    endloop
  endfacet
  facet normal -0.18223552549214453 -0.9832549075639551 0
    outer loop
      vertex 0.6570247531689697 4.148291030499578 6.5
      vertex 0.6570247531689697 4.148291030499578 0
      vertex 0.8732291014345893 4.108219923081984 6.5
    endloop
  endfacet
  facet normal -0.23344536385590695 -0.9723699203976762 0
    outer loop
      vertex 0.8732291014345893 4.108219923081984 6.5
      vertex 0.8732291014345893 4.108219923081984 0
      vertex 1.087039989430587 4.056888470414087 6.5
    endloop
  endfacet
  facet normal -0.28401534470392353 -0.9588197348681927 0
    outer loop
      vertex 1.087039989430587 4.056888470414087 6.5
      vertex 1.087039989430587 4.056888470414087 0
      vertex 1.2978713763747791 3.994437368439645 6.5
    endloop
  endfacet
  facet normal -0.33380685923377035 -0.9426414910921787 0
    outer loop
      vertex 1.2978713763747791 3.994437368439645 6.5
      vertex 1.2978713763747791 3.994437368439645 0
      vertex 1.5051453880902612 3.9210377912882475 6.5
    endloop
  endfacet
  facet normal -0.3826834323650903 -0.9238795325112865 0
    outer loop
      vertex 1.5051453880902612 3.9210377912882475 6.5
      vertex 1.5051453880902612 3.9210377912882475 0
      vertex 1.7082939009183609 3.836890922098924 6.5
    endloop
  endfacet
  facet normal -0.4305110968082936 -0.9025852843498614 0
    outer loop
      vertex 1.7082939009183609 3.836890922098924 6.5
      vertex 1.7082939009183609 3.836890922098924 0
      vertex 1.9067600989060967 3.7422274015911454 6.5
    endloop
  endfacet
  facet normal -0.4771587602596108 -0.8788171126619642 0
    outer loop
      vertex 1.9067600989060967 3.7422274015911454 6.5
      vertex 1.9067600989060967 3.7422274015911454 0
      vertex 2.1 3.637306695894642 6.5
    endloop
  endfacet
  facet normal -0.5224985647159472 -0.8526401643540932 0
    outer loop
      vertex 2.1 3.637306695894642 6.5
      vertex 2.1 3.637306695894642 0
      vertex 2.2874839470631136 3.5224163853707813 6.5
    endloop
  endfacet
  facet normal -0.9025852843498614 -0.4305110968082936 -4.527756488434905e-19
    outer loop
      vertex 3.836890922098924 1.7082939009183609 6.5
      vertex 3.7422274015911454 1.9067600989060967 6.5
      vertex 3.7422274015911454 1.9067600989060967 0
    endloop
  endfacet
  facet normal -0.8788171126619642 -0.4771587602596108 0
    outer loop
      vertex 3.637306695894642 2.1 6.5
      vertex 3.637306695894642 2.1 0
      vertex 3.7422274015911454 1.9067600989060967 6.5
    endloop
  endfacet
  facet normal -0.9588197348681925 -0.28401534470392453 -2.5902210923054704e-20
    outer loop
      vertex 4 1.2790922469463004 6.5
      vertex 3.994437368439645 1.2978713763747791 6.5
      vertex 3.994437368439645 1.2978713763747791 0
    endloop
  endfacet
  facet normal -0.9426414910921787 -0.33380685923377035 -4.6792751888560573e-20
    outer loop
      vertex 3.994437368439645 1.2978713763747791 6.5
      vertex 3.9210377912882475 1.5051453880902612 6.5
      vertex 3.9210377912882475 1.5051453880902612 0
    endloop
  endfacet
  facet normal -0.9238795325112865 -0.3826834323650903 0
    outer loop
      vertex 3.836890922098924 1.7082939009183609 6.5
      vertex 3.836890922098924 1.7082939009183609 0
      vertex 3.9210377912882475 1.5051453880902612 6.5
    endloop
  endfacet
  facet normal -0.649448048330183 -0.7604059656000316 3.948076016945218e-19
    outer loop
      vertex 2.8103485467072047 3.121208267005056 6.5
      vertex 2.6431456424093174 3.264013038119278 6.5
      vertex 2.6431456424093174 3.264013038119278 0
    endloop
  endfacet
  facet normal -0.6883545756937535 -0.7253743710122883 0
    outer loop
      vertex 2.8103485467072047 3.121208267005056 6.5
      vertex 2.8103485467072047 3.121208267005056 0
      vertex 2.9698484809835 2.9698484809835 6.5
    endloop
  endfacet
  facet normal -0.7253743710122883 -0.6883545756937535 2.5292448695106454e-18
    outer loop
      vertex 2.9698484809835 2.9698484809835 6.5
      vertex 2.9698484809834995 2.9698484809835004 0
      vertex 3.121208267005056 2.8103485467072047 6.5
    endloop
  endfacet
  facet normal -0.7604059656000316 -0.649448048330183 3.948076016945218e-19
    outer loop
      vertex 3.264013038119278 2.6431456424093174 6.5
      vertex 3.121208267005056 2.8103485467072047 6.5
      vertex 3.121208267005056 2.8103485467072047 0
    endloop
  endfacet
  facet normal -0.5664062369248317 -0.8241261886220165 0
    outer loop
      vertex 2.2874839470631136 3.5224163853707813 6.5
      vertex 2.2874839470631136 3.5224163853707813 0
      vertex 2.4686980596283874 3.3978713763747797 6.5
    endloop
  endfacet
  facet normal -0.6087614290087222 -0.793353340291234 0
    outer loop
      vertex 2.4686980596283874 3.3978713763747797 6.5
      vertex 2.4686980596283874 3.3978713763747797 0
      vertex 2.6431456424093174 3.264013038119278 6.5
    endloop
  endfacet
  facet normal -0.8241261886220165 -0.5664062369248317 2.3982471604937936e-20
    outer loop
      vertex 3.5224163853707813 2.2874839470631136 6.5
      vertex 3.3978713763747797 2.4686980596283874 6.5
      vertex 3.3978713763747797 2.4686980596283874 0
    endloop
  endfacet
  facet normal -0.793353340291234 -0.6087614290087222 0
    outer loop
      vertex 3.264013038119278 2.6431456424093174 6.5
      vertex 3.264013038119278 2.6431456424093174 0
      vertex 3.3978713763747797 2.4686980596283874 6.5
    endloop
  endfacet
  facet normal -0.8526401643540932 -0.5224985647159472 5.894700559221049e-19
    outer loop
      vertex 3.637306695894642 2.1 6.5
      vertex 3.5224163853707813 2.2874839470631136 6.5
      vertex 3.5224163853707813 2.2874839470631136 0
    endloop
  endfacet
  facet normal -0.9588197348681928 -0.2840153447039234 3.3846283192467123e-18
    outer loop
      vertex 4 1.2790922469463004 6.5
      vertex 3.994437368439645 1.2978713763747791 0
      vertex 4.056888470414087 1.087039989430587 10
    endloop
  endfacet
  facet normal -0.9996573249755571 -0.026176948307874832 1.9308196714136625e-20
    outer loop
      vertex 4.2 0 10
      vertex 4.19424404596921 0.2198110162203641 10
      vertex 4.19424404596921 0.2198110162203641 0
    endloop
  endfacet
  facet normal -0.9969173337331281 -0.07845909572784396 4.7628216293916934e-20
    outer loop
      vertex 4.19424404596921 0.2198110162203641 10
      vertex 4.176991960546748 0.4390195457241446 10
      vertex 4.176991960546748 0.4390195457241446 0
    endloop
  endfacet
  facet normal -0.9723699203976762 -0.23344536385590695 5.285285392255789e-20
    outer loop
      vertex 4.108219923081984 0.8732291014345893 10
      vertex 4.056888470414087 1.087039989430587 10
      vertex 4.056888470414087 1.087039989430587 0
    endloop
  endfacet
  facet normal -0.9914448613738102 -0.13052619222005202 1.6852876936835658e-19
    outer loop
      vertex 4.176991960546748 0.4390195457241446 10
      vertex 4.148291030499578 0.6570247531689697 10
      vertex 4.148291030499578 0.6570247531689697 0
    endloop
  endfacet
  facet normal -0.9832549075639552 -0.18223552549214456 -1.3341144322941647e-19
    outer loop
      vertex 4.148291030499578 0.6570247531689697 10
      vertex 4.108219923081984 0.8732291014345893 10
      vertex 4.108219923081984 0.8732291014345893 0
    endloop
  endfacet
  facet normal -0.9588197348681927 -0.2840153447039235 0
    outer loop
      vertex 4 1.2790922469463004 6.5
      vertex 4.056888470414087 1.087039989430587 10
      vertex 4 1.2790922469463004 10
    endloop
  endfacet
  facet normal 1 0 0
    outer loop
      vertex -4 1.2790922469463004 6.5
      vertex -4 10.16422836034944 10
      vertex -4 1.2790922469463004 10
    endloop
  endfacet
  facet normal 0 0 1
    outer loop
      vertex -4 1.2790922469463004 6.5
      vertex -3.994437368439645 1.2978713763747791 6.5
      vertex -4 35 6.5
    endloop
  endfacet
  facet normal 0 0 1
    outer loop
      vertex -3.994437368439645 1.2978713763747791 6.5
      vertex -3.9210377912882475 1.5051453880902612 6.5
      vertex 4 35 6.5
    endloop
  endfacet
  facet normal 0 0 1
    outer loop
      vertex -3.9210377912882475 1.5051453880902612 6.5
      vertex -3.836890922098924 1.7082939009183609 6.5
      vertex 4 35 6.5
    endloop
  endfacet
  facet normal 0 0 1
    outer loop
      vertex -3.836890922098924 1.7082939009183609 6.5
      vertex -3.7422274015911454 1.9067600989060967 6.5
      vertex 4 35 6.5
    endloop
  endfacet
  facet normal 0 0 1
    outer loop
      vertex -3.7422274015911454 1.9067600989060967 6.5
      vertex -3.637306695894642 2.1 6.5
      vertex 4 35 6.5
    endloop
  endfacet
  facet normal 0 0 1
    outer loop
      vertex -3.637306695894642 2.1 6.5
      vertex -3.5224163853707813 2.2874839470631136 6.5
      vertex 4 35 6.5
    endloop
  endfacet
  facet normal 0 0 1
    outer loop
      vertex -3.5224163853707813 2.2874839470631136 6.5
      vertex -3.3978713763747797 2.4686980596283874 6.5
      vertex 4 35 6.5
    endloop
  endfacet
  facet normal 0 0 1
    outer loop
      vertex -3.3978713763747797 2.4686980596283874 6.5
      vertex -3.264013038119278 2.6431456424093174 6.5
      vertex 4 35 6.5
    endloop
  endfacet
  facet normal 0 0 1
    outer loop
      vertex -3.264013038119278 2.6431456424093174 6.5
      vertex -3.121208267005056 2.8103485467072047 6.5
      vertex 4 35 6.5
    endloop
  endfacet
  facet normal 0 0 1
    outer loop
      vertex -3.121208267005056 2.8103485467072047 6.5
      vertex -2.9698484809835 2.9698484809835 6.5
      vertex 4 35 6.5
    endloop
  endfacet
  facet normal 0 0 1
    outer loop
      vertex -2.9698484809835 2.9698484809835 6.5
      vertex -2.8103485467072047 3.121208267005056 6.5
      vertex 4 35 6.5
    endloop
  endfacet
  facet normal 0 0 1
    outer loop
      vertex -2.8103485467072047 3.121208267005056 6.5
      vertex -2.6431456424093174 3.264013038119278 6.5
      vertex 4 35 6.5
    endloop
  endfacet
  facet normal 0 0 1
    outer loop
      vertex -2.6431456424093174 3.264013038119278 6.5
      vertex -2.4686980596283874 3.3978713763747797 6.5
      vertex 4 35 6.5
    endloop
  endfacet
  facet normal 0 0 1
    outer loop
      vertex -2.4686980596283874 3.3978713763747797 6.5
      vertex -2.2874839470631136 3.5224163853707813 6.5
      vertex 4 35 6.5
    endloop
  endfacet
  facet normal 0 0 1
    outer loop
      vertex -2.2874839470631136 3.5224163853707813 6.5
      vertex -2.1 3.637306695894642 6.5
      vertex 4 35 6.5
    endloop
  endfacet
  facet normal 0 0 1
    outer loop
      vertex -2.1 3.637306695894642 6.5
      vertex -1.9067600989060967 3.7422274015911454 6.5
      vertex 4 35 6.5
    endloop
  endfacet
  facet normal 1 0 0
    outer loop
      vertex -4 1.2790922469463004 6.5
      vertex -4 35 6.5
      vertex -4 10.16422836034944 10
    endloop
  endfacet
  facet normal 0 0 1
    outer loop
      vertex -3.994437368439645 1.2978713763747791 6.5
      vertex 4 35 6.5
      vertex -4 35 6.5
    endloop
  endfacet
  facet normal 1 0 0
    outer loop
      vertex -4 10.16422836034944 10
      vertex -4 35 6.5
      vertex -4 10.16422836034944 11.5
    endloop
  endfacet
  facet normal 0 0 -1
    outer loop
      vertex -4 10.16422836034944 11.5
      vertex -4 35 11.5
      vertex -3.915169848782406 10.19936615948193 11.5
    endloop
  endfacet
  facet normal 0 0 -1
    outer loop
      vertex -3.915169848782406 10.19936615948193 11.5
      vertex -4 35 11.5
      vertex -3.3760106635463005 10.390292440524552 11.5
    endloop
  endfacet
  facet normal 0 0 -1
    outer loop
      vertex -3.3760106635463005 10.390292440524552 11.5
      vertex -4 35 11.5
      vertex -2.8275980677450394 10.552739652208071 11.5
    endloop
  endfacet
  facet normal 0 0 -1
    outer loop
      vertex -2.8275980677450394 10.552739652208071 11.5
      vertex -4 35 11.5
      vertex -2.271435222184021 10.686262538016829 11.5
    endloop
  endfacet
  facet normal 0 0 -1
    outer loop
      vertex -2.271435222184021 10.686262538016829 11.5
      vertex -4 35 11.5
      vertex -1.7090465305645224 10.79049512100188 11.5
    endloop
  endfacet
  facet normal 0 0 -1
    outer loop
      vertex -1.7090465305645224 10.79049512100188 11.5
      vertex -4 35 11.5
      vertex -1.1419734611991141 10.865151706898386 11.5
    endloop
  endfacet
  facet normal 0 0 -1
    outer loop
      vertex -1.1419734611991141 10.865151706898386 11.5
      vertex -4 35 11.5
      vertex -0.5717703219541614 10.91002766719372 11.5
    endloop
  endfacet
  facet normal 0 0 -1
    outer loop
      vertex -0.5717703219541614 10.91002766719372 11.5
      vertex -4 35 11.5
      vertex 0 10.925 11.5
    endloop
  endfacet
  facet normal 0 0 -1
    outer loop
      vertex 0 10.925 11.5
      vertex -4 35 11.5
      vertex 0.5717703219541614 10.91002766719372 11.5
    endloop
  endfacet
  facet normal 0 0 -1
    outer loop
      vertex 0.5717703219541614 10.91002766719372 11.5
      vertex -4 35 11.5
      vertex 1.1419734611991141 10.865151706898386 11.5
    endloop
  endfacet
  facet normal 0 0 -1
    outer loop
      vertex 1.1419734611991141 10.865151706898386 11.5
      vertex -4 35 11.5
      vertex 1.7090465305645224 10.79049512100188 11.5
    endloop
  endfacet
  facet normal 0 0 -1
    outer loop
      vertex 1.7090465305645224 10.79049512100188 11.5
      vertex -4 35 11.5
      vertex 2.271435222184021 10.686262538016829 11.5
    endloop
  endfacet
  facet normal 1 0 0
    outer loop
      vertex -4 10.16422836034944 11.5
      vertex -4 35 6.5
      vertex -4 35 11.5
    endloop
  endfacet
  facet normal 0 0 1
    outer loop
      vertex 3.637306695894642 2.1 6.5
      vertex 3.7422274015911454 1.9067600989060967 6.5
      vertex 4 35 6.5
    endloop
  endfacet
  facet normal 0 0 1
    outer loop
      vertex 4 1.2790922469463004 6.5
      vertex 4 35 6.5
      vertex 3.994437368439645 1.2978713763747791 6.5
    endloop
  endfacet
  facet normal 0 0 1
    outer loop
      vertex 3.836890922098924 1.7082939009183609 6.5
      vertex 3.9210377912882475 1.5051453880902612 6.5
      vertex 4 35 6.5
    endloop
  endfacet
  facet normal 0 0 1
    outer loop
      vertex 3.994437368439645 1.2978713763747791 6.5
      vertex 4 35 6.5
      vertex 3.9210377912882475 1.5051453880902612 6.5
    endloop
  endfacet
  facet normal 0 0 1
    outer loop
      vertex 3.836890922098924 1.7082939009183609 6.5
      vertex 4 35 6.5
      vertex 3.7422274015911454 1.9067600989060967 6.5
    endloop
  endfacet
  facet normal 0 0 1
    outer loop
      vertex -1.9067600989060967 3.7422274015911454 6.5
      vertex -1.7082939009183609 3.836890922098924 6.5
      vertex 4 35 6.5
    endloop
  endfacet
  facet normal 0 0 1
    outer loop
      vertex -1.7082939009183609 3.836890922098924 6.5
      vertex -1.5051453880902612 3.9210377912882475 6.5
      vertex 4 35 6.5
    endloop
  endfacet
  facet normal 0 0 1
    outer loop
      vertex -1.5051453880902612 3.9210377912882475 6.5
      vertex -1.2978713763747791 3.994437368439645 6.5
      vertex 4 35 6.5
    endloop
  endfacet
  facet normal 0 0 1
    outer loop
      vertex -1.2978713763747791 3.994437368439645 6.5
      vertex -1.087039989430587 4.056888470414087 6.5
      vertex 4 35 6.5
    endloop
  endfacet
  facet normal 0 0 1
    outer loop
      vertex -1.087039989430587 4.056888470414087 6.5
      vertex -0.8732291014345893 4.108219923081984 6.5
      vertex 4 35 6.5
    endloop
  endfacet
  facet normal 0 0 1
    outer loop
      vertex -0.8732291014345893 4.108219923081984 6.5
      vertex -0.6570247531689697 4.148291030499578 6.5
      vertex 4 35 6.5
    endloop
  endfacet
  facet normal 0 0 1
    outer loop
      vertex -0.6570247531689697 4.148291030499578 6.5
      vertex -0.4390195457241446 4.176991960546748 6.5
      vertex 4 35 6.5
    endloop
  endfacet
  facet normal 0 0 1
    outer loop
      vertex -0.4390195457241446 4.176991960546748 6.5
      vertex -0.2198110162203641 4.19424404596921 6.5
      vertex 4 35 6.5
    endloop
  endfacet
  facet normal 0 0 1
    outer loop
      vertex -0.2198110162203641 4.19424404596921 6.5
      vertex 0 4.2 6.5
      vertex 4 35 6.5
    endloop
  endfacet
  facet normal 0 0 1
    outer loop
      vertex 0 4.2 6.5
      vertex 0.2198110162203641 4.19424404596921 6.5
      vertex 4 35 6.5
    endloop
  endfacet
  facet normal 0 0 1
    outer loop
      vertex 0.2198110162203641 4.19424404596921 6.5
      vertex 0.4390195457241446 4.176991960546748 6.5
      vertex 4 35 6.5
    endloop
  endfacet
  facet normal 0 0 1
    outer loop
      vertex 0.4390195457241446 4.176991960546748 6.5
      vertex 0.6570247531689697 4.148291030499578 6.5
      vertex 4 35 6.5
    endloop
  endfacet
  facet normal 0 0 1
    outer loop
      vertex 0.6570247531689697 4.148291030499578 6.5
      vertex 0.8732291014345893 4.108219923081984 6.5
      vertex 4 35 6.5
    endloop
  endfacet
  facet normal 0 0 1
    outer loop
      vertex 0.8732291014345893 4.108219923081984 6.5
      vertex 1.087039989430587 4.056888470414087 6.5
      vertex 4 35 6.5
    endloop
  endfacet
  facet normal 0 0 1
    outer loop
      vertex 1.087039989430587 4.056888470414087 6.5
      vertex 1.2978713763747791 3.994437368439645 6.5
      vertex 4 35 6.5
    endloop
  endfacet
  facet normal 0 0 1
    outer loop
      vertex 1.7082939009183609 3.836890922098924 6.5
      vertex 1.9067600989060967 3.7422274015911454 6.5
      vertex 4 35 6.5
    endloop
  endfacet
  facet normal 0 0 1
    outer loop
      vertex 1.9067600989060967 3.7422274015911454 6.5
      vertex 2.1 3.637306695894642 6.5
      vertex 4 35 6.5
    endloop
  endfacet
  facet normal 0 0 1
    outer loop
      vertex 2.1 3.637306695894642 6.5
      vertex 2.2874839470631136 3.5224163853707813 6.5
      vertex 4 35 6.5
    endloop
  endfacet
  facet normal 0 0 1
    outer loop
      vertex 2.2874839470631136 3.5224163853707813 6.5
      vertex 2.4686980596283874 3.3978713763747797 6.5
      vertex 4 35 6.5
    endloop
  endfacet
  facet normal 0 0 1
    outer loop
      vertex 2.4686980596283874 3.3978713763747797 6.5
      vertex 2.6431456424093174 3.264013038119278 6.5
      vertex 4 35 6.5
    endloop
  endfacet
  facet normal 0 0 1
    outer loop
      vertex 2.8103485467072047 3.121208267005056 6.5
      vertex 4 35 6.5
      vertex 2.6431456424093174 3.264013038119278 6.5
    endloop
  endfacet
  facet normal 0 0 1
    outer loop
      vertex 2.8103485467072047 3.121208267005056 6.5
      vertex 2.9698484809835 2.9698484809835 6.5
      vertex 4 35 6.5
    endloop
  endfacet
  facet normal 0 0 1
    outer loop
      vertex 1.2978713763747791 3.994437368439645 6.5
      vertex 1.5051453880902612 3.9210377912882475 6.5
      vertex 4 35 6.5
    endloop
  endfacet
  facet normal 0 0 1
    outer loop
      vertex 1.5051453880902612 3.9210377912882475 6.5
      vertex 1.7082939009183609 3.836890922098924 6.5
      vertex 4 35 6.5
    endloop
  endfacet
  facet normal 0 0 1
    outer loop
      vertex 3.264013038119278 2.6431456424093174 6.5
      vertex 3.3978713763747797 2.4686980596283874 6.5
      vertex 4 35 6.5
    endloop
  endfacet
  facet normal 0 0 1
    outer loop
      vertex 2.9698484809835 2.9698484809835 6.5
      vertex 3.121208267005056 2.8103485467072047 6.5
      vertex 4 35 6.5
    endloop
  endfacet
  facet normal 0 0 1
    outer loop
      vertex 3.264013038119278 2.6431456424093174 6.5
      vertex 4 35 6.5
      vertex 3.121208267005056 2.8103485467072047 6.5
    endloop
  endfacet
  facet normal 0 0 1
    outer loop
      vertex 3.5224163853707813 2.2874839470631136 6.5
      vertex 4 35 6.5
      vertex 3.3978713763747797 2.4686980596283874 6.5
    endloop
  endfacet
  facet normal 0 0 1
    outer loop
      vertex 3.637306695894642 2.1 6.5
      vertex 4 35 6.5
      vertex 3.5224163853707813 2.2874839470631136 6.5
    endloop
  endfacet
  facet normal -1 0 0
    outer loop
      vertex 4 1.2790922469463004 6.5
      vertex 4 1.2790922469463004 10
      vertex 4 35 6.5
    endloop
  endfacet
  facet normal -1 0 0
    outer loop
      vertex 4 1.2790922469463004 10
      vertex 4 10.16422836034944 10
      vertex 4 35 6.5
    endloop
  endfacet
  facet normal -1 0 0
    outer loop
      vertex 4 10.16422836034944 10
      vertex 4 10.16422836034944 11.5
      vertex 4 35 6.5
    endloop
  endfacet
  facet normal 0 0 -1
    outer loop
      vertex 2.271435222184021 10.686262538016829 11.5
      vertex -4 35 11.5
      vertex 2.8275980677450394 10.552739652208071 11.5
    endloop
  endfacet
  facet normal 0 0 -1
    outer loop
      vertex 2.8275980677450394 10.552739652208071 11.5
      vertex -4 35 11.5
      vertex 3.3760106635463005 10.390292440524552 11.5
    endloop
  endfacet
  facet normal 0 0 -1
    outer loop
      vertex 3.3760106635463005 10.390292440524552 11.5
      vertex -4 35 11.5
      vertex 3.915169848782406 10.19936615948193 11.5
    endloop
  endfacet
  facet normal 0 0 -1
    outer loop
      vertex 3.915169848782406 10.19936615948193 11.5
      vertex 4 35 11.5
      vertex 4 10.16422836034944 11.5
    endloop
  endfacet
  facet normal -1 0 0
    outer loop
      vertex 4 10.16422836034944 11.5
      vertex 4 35 11.5
      vertex 4 35 6.5
    endloop
  endfacet
  facet normal 0 0 -1
    outer loop
      vertex 3.915169848782406 10.19936615948193 11.5
      vertex -4 35 11.5
      vertex 4 35 11.5
    endloop
  endfacet
endsolid OpenSCAD_Model
